date,region,chemical_substance,items,net_cost ,actual_cost
2021-01,EAST OF ENGLAND,Flupentixol hydrochloride,215.0,1397.66,1322.50303
2021-01,EAST OF ENGLAND,Flupentixol decanoate,358.0,4468.41,4172.63479
2021-01,EAST OF ENGLAND,Amitriptyline hydrochloride,159088.0,332587.2,312997.23096
2021-01,EAST OF ENGLAND,Clomipramine hydrochloride,2866.0,22525.39,21065.98602
2021-01,EAST OF ENGLAND,Dosulepin hydrochloride,5124.0,64246.51,59931.57947
2021-01,EAST OF ENGLAND,Doxepin,207.0,39800.42,37050.30565
2021-01,EAST OF ENGLAND,Imipramine hydrochloride,1319.0,23513.34,21916.70396
2021-01,EAST OF ENGLAND,Lofepramine hydrochloride,1358.0,27759.6,25927.75267
2021-01,EAST OF ENGLAND,Nortriptyline,7724.0,35603.14,33814.59861
2021-01,EAST OF ENGLAND,Trazodone hydrochloride,7402.0,34867.46,33043.51773
2021-01,EAST OF ENGLAND,Trimipramine maleate,226.0,86841.69,80834.91348
2021-01,EAST OF ENGLAND,Isocarboxazid,18.0,7394.75,6883.36569
2021-01,EAST OF ENGLAND,Moclobemide,77.0,2917.26,2720.6588
2021-01,EAST OF ENGLAND,Phenelzine sulfate,59.0,21822.81,20313.661
2021-01,EAST OF ENGLAND,Tranylcypromine sulfate,38.0,28676.72,26692.28082
2021-01,EAST OF ENGLAND,Citalopram hydrobromide,171838.0,231148.93,218598.71528
2021-01,EAST OF ENGLAND,Fluoxetine hydrochloride,69808.0,270269.18,254939.26475
2021-01,EAST OF ENGLAND,Fluvoxamine maleate,251.0,5083.16,4748.26865
2021-01,EAST OF ENGLAND,Paroxetine hydrochloride,13866.0,49708.66,46905.97672
2021-01,EAST OF ENGLAND,Sertraline hydrochloride,187596.0,1415809.7,1322271.6919
2021-01,EAST OF ENGLAND,Escitalopram,13687.0,30807.8,28978.79464
2021-01,EAST OF ENGLAND,Citalopram hydrochloride,745.0,12255.6,11415.68434
2021-01,EAST OF ENGLAND,Vortioxetine,2246.0,54725.22,51020.82404
2021-01,EAST OF ENGLAND,Flupentixol hydrochloride,1848.0,5069.1,4863.62532
2021-01,EAST OF ENGLAND,Tryptophan,6.0,1048.78,976.32692
2021-01,EAST OF ENGLAND,Reboxetine,192.0,3302.85,3088.84965
2021-01,EAST OF ENGLAND,Venlafaxine,60447.0,372496.58,349306.29638
2021-01,EAST OF ENGLAND,Mirtazapine,92589.0,244969.94,231710.66088
2021-01,EAST OF ENGLAND,Duloxetine hydrochloride,25600.0,102223.64,95981.04043
2021-01,EAST OF ENGLAND,Agomelatine,184.0,7691.79,7165.85891
2021-01,EAST OF ENGLAND,Bupropion hydrochloride,178.0,6744.98,6288.33938
2021-01,LONDON,Flupentixol hydrochloride,441.0,2486.55,2363.22587
2021-01,LONDON,Flupentixol decanoate,600.0,14931.62,13927.096
2021-01,LONDON,Amitriptyline hydrochloride,104398.0,200778.71,191573.09097
2021-01,LONDON,Clomipramine hydrochloride,1774.0,16640.63,15569.47203
2021-01,LONDON,Dosulepin hydrochloride,3411.0,46329.42,43298.9269
2021-01,LONDON,Doxepin,201.0,36839.24,34299.33383
2021-01,LONDON,Imipramine hydrochloride,914.0,15807.75,14759.50492
2021-01,LONDON,Lofepramine hydrochloride,1283.0,23185.68,21684.89337
2021-01,LONDON,Mianserin hydrochloride,2.0,131.52,122.4371
2021-01,LONDON,Nortriptyline,6241.0,24096.85,23053.04193
2021-01,LONDON,Trazodone hydrochloride,4982.0,21514.04,20445.75691
2021-01,LONDON,Trimipramine maleate,308.0,133915.69,124655.21514
2021-01,LONDON,Isocarboxazid,21.0,2934.56,2733.2036
2021-01,LONDON,Moclobemide,85.0,3105.68,2896.46721
2021-01,LONDON,Phenelzine sulfate,38.0,18562.1,17278.45511
2021-01,LONDON,Tranylcypromine sulfate,70.0,74790.51,69614.47302
2021-01,LONDON,Citalopram hydrobromide,109289.0,157798.96,151295.57053
2021-01,LONDON,Fluoxetine hydrochloride,47034.0,187623.81,177936.32636
2021-01,LONDON,Fluvoxamine maleate,283.0,7003.5,6539.82054
2021-01,LONDON,Paroxetine hydrochloride,11508.0,38682.82,36853.35448
2021-01,LONDON,Sertraline hydrochloride,150110.0,1184870.6,1109251.36113
2021-01,LONDON,Escitalopram,13046.0,36069.74,33993.46059
2021-01,LONDON,Citalopram hydrochloride,380.0,6831.18,6362.83579
2021-01,LONDON,Vortioxetine,1701.0,42534.36,39681.3681
2021-01,LONDON,Flupentixol hydrochloride,801.0,2179.52,2103.62159
2021-01,LONDON,Oxitriptan,4.0,108.76,101.47802
2021-01,LONDON,Tryptophan,26.0,1288.88,1202.14809
2021-01,LONDON,Nefazodone hydrochloride,1.0,620.0,577.07771
2021-01,LONDON,Reboxetine,157.0,2785.7,2606.93852
2021-01,LONDON,Venlafaxine,37789.0,252625.24,237823.81443
2021-01,LONDON,Mirtazapine,95291.0,231867.56,221689.11818
2021-01,LONDON,Duloxetine hydrochloride,19757.0,71692.7,67919.57505
2021-01,LONDON,Agomelatine,387.0,17010.84,15853.24716
2021-01,LONDON,Bupropion hydrochloride,646.0,29078.79,27122.20833
2021-01,MIDLANDS,Flupentixol hydrochloride,420.0,2810.35,2660.95575
2021-01,MIDLANDS,Flupentixol decanoate,517.0,12526.15,11690.5842
2021-01,MIDLANDS,Amitriptyline hydrochloride,238653.0,513981.17,483571.19213
2021-01,MIDLANDS,Clomipramine hydrochloride,3251.0,30728.35,28696.98626
2021-01,MIDLANDS,Dosulepin hydrochloride,7510.0,107499.3,100237.59804
2021-01,MIDLANDS,Doxepin,306.0,56637.53,52721.13403
2021-01,MIDLANDS,Imipramine hydrochloride,2186.0,41179.05,38375.31248
2021-01,MIDLANDS,Lofepramine hydrochloride,2822.0,62522.23,58380.34832
2021-01,MIDLANDS,Mianserin hydrochloride,2.0,117.42,109.31352
2021-01,MIDLANDS,Nortriptyline,10117.0,48860.23,46430.80921
2021-01,MIDLANDS,Trazodone hydrochloride,11263.0,58137.45,54959.74621
2021-01,MIDLANDS,Trimipramine maleate,244.0,91587.98,85253.19973
2021-01,MIDLANDS,Isocarboxazid,26.0,7815.78,7276.46358
2021-01,MIDLANDS,Moclobemide,118.0,4137.35,3858.36738
2021-01,MIDLANDS,Phenelzine sulfate,29.0,14302.3,13312.73256
2021-01,MIDLANDS,Tranylcypromine sulfate,58.0,54412.22,50646.2957
2021-01,MIDLANDS,Citalopram hydrobromide,230144.0,332046.66,313561.6519
2021-01,MIDLANDS,Fluoxetine hydrochloride,113765.0,388388.98,367887.53621
2021-01,MIDLANDS,Fluvoxamine maleate,335.0,6832.85,6385.70953
2021-01,MIDLANDS,Paroxetine hydrochloride,19934.0,72270.02,68400.60422
2021-01,MIDLANDS,Sertraline hydrochloride,306804.0,2441284.53,2279347.87871
2021-01,MIDLANDS,Escitalopram,21813.0,48548.34,45693.36536
2021-01,MIDLANDS,Citalopram hydrochloride,1180.0,18288.9,17036.67427
2021-01,MIDLANDS,Vortioxetine,3688.0,87455.61,81602.79746
2021-01,MIDLANDS,Flupentixol hydrochloride,2508.0,7688.92,7374.11992
2021-01,MIDLANDS,Oxitriptan,5.0,124.43,191.27529
2021-01,MIDLANDS,Tryptophan,16.0,1144.32,1105.388
2021-01,MIDLANDS,Nefazodone hydrochloride,1.0,1226.43,1141.51274
2021-01,MIDLANDS,Reboxetine,299.0,5391.9,5042.85011
2021-01,MIDLANDS,Venlafaxine,77406.0,546841.12,512680.5389
2021-01,MIDLANDS,Mirtazapine,153167.0,429586.41,405482.91676
2021-01,MIDLANDS,Duloxetine hydrochloride,47450.0,202936.59,190334.77155
2021-01,MIDLANDS,Agomelatine,232.0,11038.11,10281.13002
2021-01,MIDLANDS,Bupropion hydrochloride,160.0,6265.43,5861.56472
2021-01,NORTH EAST AND YORKSHIRE,Flupentixol hydrochloride,634.0,3216.75,3064.4911
2021-01,NORTH EAST AND YORKSHIRE,Flupentixol decanoate,567.0,9784.03,9136.72082
2021-01,NORTH EAST AND YORKSHIRE,Amitriptyline hydrochloride,255754.0,501037.42,474843.67129
2021-01,NORTH EAST AND YORKSHIRE,Clomipramine hydrochloride,3382.0,27016.71,25299.5291
2021-01,NORTH EAST AND YORKSHIRE,Dosulepin hydrochloride,6535.0,78643.56,73455.91527
2021-01,NORTH EAST AND YORKSHIRE,Doxepin,396.0,74873.29,69704.0517
2021-01,NORTH EAST AND YORKSHIRE,Imipramine hydrochloride,1933.0,31063.08,28985.39171
2021-01,NORTH EAST AND YORKSHIRE,Lofepramine hydrochloride,3219.0,58931.28,55101.64578
2021-01,NORTH EAST AND YORKSHIRE,Mianserin hydrochloride,2.0,175.8,163.75073
2021-01,NORTH EAST AND YORKSHIRE,Nortriptyline,10048.0,39404.69,37669.321
2021-01,NORTH EAST AND YORKSHIRE,Trazodone hydrochloride,37616.0,121893.57,116670.49147
2021-01,NORTH EAST AND YORKSHIRE,Trimipramine maleate,303.0,96803.27,90115.01224
2021-01,NORTH EAST AND YORKSHIRE,Isocarboxazid,7.0,2217.61,2064.62843
2021-01,NORTH EAST AND YORKSHIRE,Moclobemide,100.0,3765.22,3511.87077
2021-01,NORTH EAST AND YORKSHIRE,Phenelzine sulfate,54.0,16410.59,15277.53454
2021-01,NORTH EAST AND YORKSHIRE,Tranylcypromine sulfate,44.0,43934.23,40893.61518
2021-01,NORTH EAST AND YORKSHIRE,Citalopram hydrobromide,203618.0,267290.38,254867.93596
2021-01,NORTH EAST AND YORKSHIRE,Fluoxetine hydrochloride,138853.0,379751.63,363493.22024
2021-01,NORTH EAST AND YORKSHIRE,Fluvoxamine maleate,329.0,6398.91,5983.08253
2021-01,NORTH EAST AND YORKSHIRE,Paroxetine hydrochloride,19517.0,58426.03,55725.22759
2021-01,NORTH EAST AND YORKSHIRE,Sertraline hydrochloride,318036.0,2253397.71,2108349.22307
2021-01,NORTH EAST AND YORKSHIRE,Escitalopram,16676.0,34472.25,32661.24399
2021-01,NORTH EAST AND YORKSHIRE,Citalopram hydrochloride,807.0,12611.86,11748.25294
2021-01,NORTH EAST AND YORKSHIRE,Vortioxetine,2632.0,45399.42,42438.48773
2021-01,NORTH EAST AND YORKSHIRE,Flupentixol hydrochloride,2332.0,5737.0,5561.36249
2021-01,NORTH EAST AND YORKSHIRE,Tryptophan,29.0,993.3,927.37408
2021-01,NORTH EAST AND YORKSHIRE,Reboxetine,462.0,6675.06,6257.67081
2021-01,NORTH EAST AND YORKSHIRE,Venlafaxine,67737.0,407059.05,383456.24189
2021-01,NORTH EAST AND YORKSHIRE,Mirtazapine,187963.0,434880.44,415050.01349
2021-01,NORTH EAST AND YORKSHIRE,Duloxetine hydrochloride,56114.0,197245.46,186357.09869
2021-01,NORTH EAST AND YORKSHIRE,Agomelatine,310.0,7781.3,7267.66837
2021-01,NORTH EAST AND YORKSHIRE,Bupropion hydrochloride,166.0,6053.1,5645.74692
2021-01,NORTH WEST,Flupentixol hydrochloride,410.0,2556.11,2424.58446
2021-01,NORTH WEST,Flupentixol decanoate,522.0,11635.2,10872.79928
2021-01,NORTH WEST,Amitriptyline hydrochloride,164474.0,350187.78,330058.97895
2021-01,NORTH WEST,Clomipramine hydrochloride,2931.0,27324.35,25532.2252
2021-01,NORTH WEST,Dosulepin hydrochloride,5731.0,83412.19,77794.4723
2021-01,NORTH WEST,Doxepin,201.0,41095.87,38256.85721
2021-01,NORTH WEST,Imipramine hydrochloride,1130.0,21523.68,20062.38956
2021-01,NORTH WEST,Lofepramine hydrochloride,1407.0,29303.76,27377.07714
2021-01,NORTH WEST,Nortriptyline,10764.0,49177.95,46911.45979
2021-01,NORTH WEST,Trazodone hydrochloride,15078.0,82542.28,78102.98857
2021-01,NORTH WEST,Trimipramine maleate,172.0,66516.4,61915.06838
2021-01,NORTH WEST,Isocarboxazid,2.0,700.3,652.02938
2021-01,NORTH WEST,Moclobemide,85.0,3212.06,2996.78044
2021-01,NORTH WEST,Phenelzine sulfate,28.0,5717.76,5323.65523
2021-01,NORTH WEST,Tranylcypromine sulfate,18.0,23148.82,21546.18673
2021-01,NORTH WEST,Citalopram hydrobromide,159512.0,221322.78,209457.7711
2021-01,NORTH WEST,Fluoxetine hydrochloride,86767.0,280226.76,267524.09737
2021-01,NORTH WEST,Fluvoxamine maleate,226.0,4663.22,4360.89692
2021-01,NORTH WEST,Paroxetine hydrochloride,16858.0,56046.39,53452.5437
2021-01,NORTH WEST,Sertraline hydrochloride,262880.0,1986257.45,1855973.98593
2021-01,NORTH WEST,Escitalopram,15976.0,36409.9,34310.88396
2021-01,NORTH WEST,Citalopram hydrochloride,772.0,11956.14,11137.69334
2021-01,NORTH WEST,Vortioxetine,2516.0,53911.44,50310.33611
2021-01,NORTH WEST,Flupentixol hydrochloride,1446.0,4443.4,4269.96587
2021-01,NORTH WEST,Tryptophan,7.0,864.83,805.52775
2021-01,NORTH WEST,Nefazodone hydrochloride,1.0,1001.0,931.69366
2021-01,NORTH WEST,Reboxetine,288.0,4795.97,4491.99809
2021-01,NORTH WEST,Venlafaxine,68392.0,464800.51,436675.81041
2021-01,NORTH WEST,Mirtazapine,159890.0,408297.95,387163.52578
2021-01,NORTH WEST,Duloxetine hydrochloride,41482.0,169743.89,159449.68868
2021-01,NORTH WEST,Agomelatine,109.0,4241.02,3952.57089
2021-01,NORTH WEST,Bupropion hydrochloride,133.0,5163.57,4813.81967
2021-01,SOUTH EAST,Flupentixol hydrochloride,257.0,1687.97,1598.84081
2021-01,SOUTH EAST,Flupentixol decanoate,483.0,8547.01,7973.27419
2021-01,SOUTH EAST,Amitriptyline hydrochloride,154464.0,376652.43,354330.65479
2021-01,SOUTH EAST,Clomipramine hydrochloride,2546.0,26292.35,24547.32731
2021-01,SOUTH EAST,Dosulepin hydrochloride,5573.0,78017.91,72784.81964
2021-01,SOUTH EAST,Doxepin,191.0,49962.89,46518.80496
2021-01,SOUTH EAST,Imipramine hydrochloride,1868.0,33456.54,31189.62188
2021-01,SOUTH EAST,Lofepramine hydrochloride,1357.0,29767.99,27793.16778
2021-01,SOUTH EAST,Nortriptyline,9085.0,47122.29,44676.35936
2021-01,SOUTH EAST,Trazodone hydrochloride,13812.0,79683.98,75252.17969
2021-01,SOUTH EAST,Trimipramine maleate,402.0,163293.35,151999.76663
2021-01,SOUTH EAST,Isocarboxazid,13.0,5281.38,4916.5083
2021-01,SOUTH EAST,Moclobemide,107.0,5181.09,4828.42971
2021-01,SOUTH EAST,Phenelzine sulfate,85.0,51208.03,47683.20418
2021-01,SOUTH EAST,Tranylcypromine sulfate,137.0,106329.61,98973.77504
2021-01,SOUTH EAST,Citalopram hydrobromide,171170.0,271657.29,256642.97296
2021-01,SOUTH EAST,Fluoxetine hydrochloride,78432.0,312020.0,295038.5235
2021-01,SOUTH EAST,Fluvoxamine maleate,269.0,6240.63,5827.10686
2021-01,SOUTH EAST,Paroxetine hydrochloride,14150.0,57550.37,54399.92621
2021-01,SOUTH EAST,Sertraline hydrochloride,224365.0,1967551.54,1836867.94774
2021-01,SOUTH EAST,Escitalopram,25463.0,63680.97,59883.60489
2021-01,SOUTH EAST,Citalopram hydrochloride,1017.0,16789.5,15639.01143
2021-01,SOUTH EAST,Vortioxetine,4243.0,106790.31,99578.44305
2021-01,SOUTH EAST,Flupentixol hydrochloride,1292.0,4033.64,3861.9246
2021-01,SOUTH EAST,Oxitriptan,3.0,1046.44,974.01176
2021-01,SOUTH EAST,Tryptophan,8.0,1036.01,1004.34122
2021-01,SOUTH EAST,Nefazodone hydrochloride,1.0,966.48,899.56415
2021-01,SOUTH EAST,Reboxetine,234.0,4885.72,4565.63919
2021-01,SOUTH EAST,Venlafaxine,60497.0,490163.84,459272.70485
2021-01,SOUTH EAST,Mirtazapine,118277.0,347878.05,328636.72344
2021-01,SOUTH EAST,Duloxetine hydrochloride,33803.0,156973.76,147269.25079
2021-01,SOUTH EAST,Agomelatine,553.0,23458.21,21855.67547
2021-01,SOUTH EAST,Bupropion hydrochloride,426.0,17536.86,16363.55049
2021-01,SOUTH WEST,Flupentixol hydrochloride,303.0,2129.33,2013.00879
2021-01,SOUTH WEST,Flupentixol decanoate,448.0,6518.23,6078.69417
2021-01,SOUTH WEST,Amitriptyline hydrochloride,141832.0,324262.44,305355.38834
2021-01,SOUTH WEST,Clomipramine hydrochloride,1795.0,17049.45,15927.93313
2021-01,SOUTH WEST,Dosulepin hydrochloride,4018.0,55794.09,52051.45759
2021-01,SOUTH WEST,Doxepin,221.0,40108.05,37339.25561
2021-01,SOUTH WEST,Imipramine hydrochloride,1218.0,19087.58,17801.76495
2021-01,SOUTH WEST,Lofepramine hydrochloride,1355.0,28771.9,26870.6721
2021-01,SOUTH WEST,Mianserin hydrochloride,5.0,416.31,387.94273
2021-01,SOUTH WEST,Nortriptyline,5235.0,23846.88,22667.1454
2021-01,SOUTH WEST,Trazodone hydrochloride,9022.0,40229.36,38131.16477
2021-01,SOUTH WEST,Trimipramine maleate,155.0,61913.08,57629.66724
2021-01,SOUTH WEST,Isocarboxazid,41.0,9966.69,9279.68535
2021-01,SOUTH WEST,Moclobemide,103.0,3079.27,2873.39769
2021-01,SOUTH WEST,Phenelzine sulfate,46.0,16075.4,15059.27027
2021-01,SOUTH WEST,Tranylcypromine sulfate,73.0,78992.28,73524.73532
2021-01,SOUTH WEST,Citalopram hydrobromide,131146.0,197335.25,186648.09678
2021-01,SOUTH WEST,Fluoxetine hydrochloride,57230.0,189936.49,180082.91962
2021-01,SOUTH WEST,Fluvoxamine maleate,180.0,3954.31,3693.95932
2021-01,SOUTH WEST,Paroxetine hydrochloride,10622.0,40102.21,37928.80571
2021-01,SOUTH WEST,Sertraline hydrochloride,162372.0,1322296.63,1235017.20071
2021-01,SOUTH WEST,Escitalopram,12503.0,30148.31,28393.83414
2021-01,SOUTH WEST,Citalopram hydrochloride,537.0,8649.0,8056.34736
2021-01,SOUTH WEST,Vortioxetine,1019.0,24009.48,22394.94353
2021-01,SOUTH WEST,Flupentixol hydrochloride,1086.0,3352.35,3209.56258
2021-01,SOUTH WEST,Tryptophan,5.0,280.0,261.07214
2021-01,SOUTH WEST,Nefazodone hydrochloride,1.0,174.51,162.43767
2021-01,SOUTH WEST,Reboxetine,234.0,4117.04,3851.69063
2021-01,SOUTH WEST,Venlafaxine,49441.0,346475.87,324897.37245
2021-01,SOUTH WEST,Mirtazapine,98728.0,270832.0,256363.14525
2021-01,SOUTH WEST,Duloxetine hydrochloride,25672.0,106067.86,99697.16099
2021-01,SOUTH WEST,Agomelatine,181.0,7761.87,7231.73471
2021-01,SOUTH WEST,Bupropion hydrochloride,156.0,6559.86,6219.32803
2021-01,UNIDENTIFIED,Amitriptyline hydrochloride,44.0,67.49,63.96194
2021-01,UNIDENTIFIED,Clomipramine hydrochloride,2.0,15.86,14.76171
2021-01,UNIDENTIFIED,Nortriptyline,1.0,1.48,1.37751
2021-01,UNIDENTIFIED,Trazodone hydrochloride,3.0,12.61,11.87397
2021-01,UNIDENTIFIED,Citalopram hydrobromide,26.0,29.33,27.79653
2021-01,UNIDENTIFIED,Fluoxetine hydrochloride,69.0,2578.47,2404.15545
2021-01,UNIDENTIFIED,Paroxetine hydrochloride,3.0,9.62,9.29103
2021-01,UNIDENTIFIED,Sertraline hydrochloride,64.0,446.67,418.58231
2021-01,UNIDENTIFIED,Escitalopram,3.0,5.02,4.68477
2021-01,UNIDENTIFIED,Vortioxetine,3.0,65.34,60.95244
2021-01,UNIDENTIFIED,Tryptophan,1.0,28.0,26.17341
2021-01,UNIDENTIFIED,Venlafaxine,16.0,113.47,106.81065
2021-01,UNIDENTIFIED,Mirtazapine,50.0,124.24,118.15645
2021-01,UNIDENTIFIED,Duloxetine hydrochloride,22.0,75.58,71.01892
2021-02,EAST OF ENGLAND,Flupentixol hydrochloride,236.0,1623.07,1535.08691
2021-02,EAST OF ENGLAND,Flupentixol decanoate,318.0,4156.8,3882.32794
2021-02,EAST OF ENGLAND,Amitriptyline hydrochloride,149640.0,313149.17,294924.20998
2021-02,EAST OF ENGLAND,Clomipramine hydrochloride,2743.0,20999.5,19659.22589
2021-02,EAST OF ENGLAND,Dosulepin hydrochloride,4741.0,58605.56,54713.50578
2021-02,EAST OF ENGLAND,Doxepin,186.0,33515.64,31222.14046
2021-02,EAST OF ENGLAND,Imipramine hydrochloride,1155.0,19380.78,18078.48104
2021-02,EAST OF ENGLAND,Lofepramine hydrochloride,1270.0,24711.05,23103.01098
2021-02,EAST OF ENGLAND,Mianserin hydrochloride,1.0,68.88,64.16801
2021-02,EAST OF ENGLAND,Nortriptyline,7180.0,33025.32,31390.77823
2021-02,EAST OF ENGLAND,Trazodone hydrochloride,7019.0,33645.39,31889.91974
2021-02,EAST OF ENGLAND,Trimipramine maleate,212.0,82285.59,76648.5942
2021-02,EAST OF ENGLAND,Isocarboxazid,22.0,9145.48,8519.15117
2021-02,EAST OF ENGLAND,Moclobemide,76.0,2801.49,2614.74456
2021-02,EAST OF ENGLAND,Phenelzine sulfate,54.0,31793.51,29613.87836
2021-02,EAST OF ENGLAND,Tranylcypromine sulfate,34.0,25305.7,23571.26144
2021-02,EAST OF ENGLAND,Citalopram hydrobromide,159919.0,214626.88,203161.74704
2021-02,EAST OF ENGLAND,Fluoxetine hydrochloride,65100.0,253327.88,239070.05043
2021-02,EAST OF ENGLAND,Fluvoxamine maleate,240.0,4666.63,4363.155
2021-02,EAST OF ENGLAND,Paroxetine hydrochloride,12828.0,45308.43,42793.25281
2021-02,EAST OF ENGLAND,Sertraline hydrochloride,176342.0,1326818.9,1240051.29622
2021-02,EAST OF ENGLAND,Escitalopram,12899.0,29028.53,27326.64871
2021-02,EAST OF ENGLAND,Citalopram hydrochloride,696.0,11098.52,10345.51997
2021-02,EAST OF ENGLAND,Vortioxetine,2198.0,53654.04,50060.25519
2021-02,EAST OF ENGLAND,Flupentixol hydrochloride,1710.0,4764.63,4571.72591
2021-02,EAST OF ENGLAND,Tryptophan,5.0,1228.02,1143.84127
2021-02,EAST OF ENGLAND,Reboxetine,174.0,3116.26,2914.31699
2021-02,EAST OF ENGLAND,Venlafaxine,56820.0,348248.62,326803.63558
2021-02,EAST OF ENGLAND,Mirtazapine,87072.0,229393.0,217202.5953
2021-02,EAST OF ENGLAND,Duloxetine hydrochloride,24182.0,93807.66,88160.12863
2021-02,EAST OF ENGLAND,Agomelatine,163.0,6597.38,6150.97222
2021-02,EAST OF ENGLAND,Bupropion hydrochloride,194.0,7445.87,6945.27421
2021-02,LONDON,Flupentixol hydrochloride,445.0,2511.41,2388.67361
2021-02,LONDON,Flupentixol decanoate,554.0,14254.27,13305.57187
2021-02,LONDON,Amitriptyline hydrochloride,98556.0,187755.0,179310.05255
2021-02,LONDON,Clomipramine hydrochloride,1646.0,15809.98,14797.00385
2021-02,LONDON,Dosulepin hydrochloride,3114.0,42469.91,39721.6546
2021-02,LONDON,Doxepin,186.0,38815.75,36163.53346
2021-02,LONDON,Imipramine hydrochloride,839.0,14927.44,13942.68945
2021-02,LONDON,Lofepramine hydrochloride,1113.0,21036.49,19681.92474
2021-02,LONDON,Mianserin hydrochloride,2.0,68.88,64.1804
2021-02,LONDON,Nortriptyline,6039.0,23566.77,22632.72782
2021-02,LONDON,Trazodone hydrochloride,4775.0,22508.88,21369.00929
2021-02,LONDON,Trimipramine maleate,311.0,126398.05,117740.92473
2021-02,LONDON,Isocarboxazid,15.0,5385.59,5017.38525
2021-02,LONDON,Moclobemide,90.0,2917.38,2724.49658
2021-02,LONDON,Phenelzine sulfate,43.0,24183.7,22547.20394
2021-02,LONDON,Tranylcypromine sulfate,55.0,57927.33,53956.75005
2021-02,LONDON,Citalopram hydrobromide,102447.0,146928.98,141024.02496
2021-02,LONDON,Fluoxetine hydrochloride,44534.0,183271.24,173839.66792
2021-02,LONDON,Fluvoxamine maleate,273.0,6525.91,6098.79141
2021-02,LONDON,Paroxetine hydrochloride,10970.0,38505.67,36657.34462
2021-02,LONDON,Sertraline hydrochloride,142008.0,1112144.47,1041966.68353
2021-02,LONDON,Escitalopram,12495.0,34582.74,32613.24402
2021-02,LONDON,Citalopram hydrochloride,332.0,5747.94,5357.81263
2021-02,LONDON,Vortioxetine,1627.0,41512.68,38751.5522
2021-02,LONDON,Flupentixol hydrochloride,719.0,2059.86,1985.19239
2021-02,LONDON,Oxitriptan,2.0,68.63,64.04756
2021-02,LONDON,Tryptophan,13.0,1927.78,1797.01722
2021-02,LONDON,Nefazodone hydrochloride,2.0,1855.84,1728.5751
2021-02,LONDON,Reboxetine,170.0,2799.16,2621.97729
2021-02,LONDON,Venlafaxine,36108.0,241237.06,227300.52216
2021-02,LONDON,Mirtazapine,90261.0,220143.94,210590.46713
2021-02,LONDON,Duloxetine hydrochloride,19087.0,66016.5,62644.9993
2021-02,LONDON,Agomelatine,351.0,15363.6,14328.38274
2021-02,LONDON,Bupropion hydrochloride,579.0,26585.81,24792.90207
2021-02,MIDLANDS,Flupentixol hydrochloride,378.0,2374.21,2252.61591
2021-02,MIDLANDS,Flupentixol decanoate,486.0,10568.34,9875.02511
2021-02,MIDLANDS,Amitriptyline hydrochloride,225482.0,487775.69,459242.28043
2021-02,MIDLANDS,Clomipramine hydrochloride,3057.0,29804.85,27851.47647
2021-02,MIDLANDS,Dosulepin hydrochloride,7060.0,101418.83,94641.67423
2021-02,MIDLANDS,Doxepin,279.0,55220.0,51438.16835
2021-02,MIDLANDS,Imipramine hydrochloride,2036.0,38187.06,35612.04776
2021-02,MIDLANDS,Lofepramine hydrochloride,2596.0,56179.84,52501.89386
2021-02,MIDLANDS,Mianserin hydrochloride,3.0,159.72,148.80221
2021-02,MIDLANDS,Nortriptyline,9617.0,47661.45,45335.41218
2021-02,MIDLANDS,Trazodone hydrochloride,10890.0,57573.94,54440.2271
2021-02,MIDLANDS,Trimipramine maleate,234.0,96321.75,89721.6302
2021-02,MIDLANDS,Isocarboxazid,33.0,8516.09,7934.67902
2021-02,MIDLANDS,Moclobemide,96.0,3756.16,3505.00853
2021-02,MIDLANDS,Phenelzine sulfate,33.0,17698.64,16485.92196
2021-02,MIDLANDS,Tranylcypromine sulfate,49.0,42674.51,39749.49003
2021-02,MIDLANDS,Citalopram hydrobromide,215579.0,309956.27,292956.44791
2021-02,MIDLANDS,Fluoxetine hydrochloride,107015.0,366144.84,347002.42383
2021-02,MIDLANDS,Fluvoxamine maleate,366.0,7270.48,6800.56026
2021-02,MIDLANDS,Paroxetine hydrochloride,18752.0,68811.37,65158.95323
2021-02,MIDLANDS,Sertraline hydrochloride,290087.0,2295775.64,2145128.10043
2021-02,MIDLANDS,Escitalopram,20539.0,45483.81,42843.2756
2021-02,MIDLANDS,Citalopram hydrochloride,1097.0,16941.6,15792.79013
2021-02,MIDLANDS,Vortioxetine,3384.0,80152.38,74801.29813
2021-02,MIDLANDS,Flupentixol hydrochloride,2247.0,6577.46,6325.42132
2021-02,MIDLANDS,Oxitriptan,2.0,43.95,78.14033
2021-02,MIDLANDS,Tryptophan,13.0,737.18,706.96737
2021-02,MIDLANDS,Nefazodone hydrochloride,2.0,688.39,641.199
2021-02,MIDLANDS,Reboxetine,277.0,4886.35,4573.40251
2021-02,MIDLANDS,Venlafaxine,73818.0,522722.67,490479.47277
2021-02,MIDLANDS,Mirtazapine,146601.0,407950.78,385449.70921
2021-02,MIDLANDS,Duloxetine hydrochloride,45410.0,185819.59,174493.10782
2021-02,MIDLANDS,Agomelatine,220.0,10028.89,9349.21296
2021-02,MIDLANDS,Bupropion hydrochloride,155.0,5562.44,5210.74431
2021-02,NORTH EAST AND YORKSHIRE,Flupentixol hydrochloride,674.0,3295.48,3143.83052
2021-02,NORTH EAST AND YORKSHIRE,Flupentixol decanoate,499.0,8283.82,7741.33932
2021-02,NORTH EAST AND YORKSHIRE,Amitriptyline hydrochloride,242873.0,471060.96,446838.35264
2021-02,NORTH EAST AND YORKSHIRE,Clomipramine hydrochloride,3288.0,26101.49,24464.1429
2021-02,NORTH EAST AND YORKSHIRE,Dosulepin hydrochloride,6227.0,75665.1,70721.47238
2021-02,NORTH EAST AND YORKSHIRE,Doxepin,387.0,68639.27,63948.85207
2021-02,NORTH EAST AND YORKSHIRE,Imipramine hydrochloride,1850.0,29417.67,27467.77191
2021-02,NORTH EAST AND YORKSHIRE,Lofepramine hydrochloride,3133.0,57450.26,53755.21406
2021-02,NORTH EAST AND YORKSHIRE,Mianserin hydrochloride,1.0,28.2,26.2782
2021-02,NORTH EAST AND YORKSHIRE,Nortriptyline,9582.0,35153.78,33693.57524
2021-02,NORTH EAST AND YORKSHIRE,Trazodone hydrochloride,35740.0,119314.5,114170.9679
2021-02,NORTH EAST AND YORKSHIRE,Trimipramine maleate,295.0,91769.24,85490.72518
2021-02,NORTH EAST AND YORKSHIRE,Isocarboxazid,7.0,2801.18,2609.53743
2021-02,NORTH EAST AND YORKSHIRE,Moclobemide,84.0,3658.64,3414.09054
2021-02,NORTH EAST AND YORKSHIRE,Phenelzine sulfate,50.0,14311.41,13333.11617
2021-02,NORTH EAST AND YORKSHIRE,Tranylcypromine sulfate,42.0,41580.83,38730.84974
2021-02,NORTH EAST AND YORKSHIRE,Citalopram hydrobromide,190878.0,249546.45,238179.16299
2021-02,NORTH EAST AND YORKSHIRE,Fluoxetine hydrochloride,130730.0,359937.46,344729.61922
2021-02,NORTH EAST AND YORKSHIRE,Fluvoxamine maleate,314.0,6063.26,5674.94591
2021-02,NORTH EAST AND YORKSHIRE,Paroxetine hydrochloride,18319.0,55143.66,52631.89648
2021-02,NORTH EAST AND YORKSHIRE,Sertraline hydrochloride,301572.0,2131122.6,1995425.82521
2021-02,NORTH EAST AND YORKSHIRE,Escitalopram,15676.0,33050.92,31319.65203
2021-02,NORTH EAST AND YORKSHIRE,Citalopram hydrochloride,748.0,12114.86,11292.96865
2021-02,NORTH EAST AND YORKSHIRE,Vortioxetine,2519.0,43169.94,40386.41
2021-02,NORTH EAST AND YORKSHIRE,Flupentixol hydrochloride,2152.0,5329.11,5168.67092
2021-02,NORTH EAST AND YORKSHIRE,Oxitriptan,1.0,1.1,1.13695
2021-02,NORTH EAST AND YORKSHIRE,Tryptophan,23.0,1235.73,1213.05805
2021-02,NORTH EAST AND YORKSHIRE,Reboxetine,451.0,6276.08,5889.06798
2021-02,NORTH EAST AND YORKSHIRE,Venlafaxine,64294.0,384285.58,362302.98917
2021-02,NORTH EAST AND YORKSHIRE,Mirtazapine,178326.0,412517.55,393979.69807
2021-02,NORTH EAST AND YORKSHIRE,Duloxetine hydrochloride,53831.0,180809.35,171072.24607
2021-02,NORTH EAST AND YORKSHIRE,Agomelatine,294.0,8189.99,7650.85756
2021-02,NORTH EAST AND YORKSHIRE,Bupropion hydrochloride,135.0,4734.88,4419.82001
2021-02,NORTH WEST,Flupentixol hydrochloride,394.0,2342.95,2225.62327
2021-02,NORTH WEST,Flupentixol decanoate,528.0,11383.28,10646.74583
2021-02,NORTH WEST,Amitriptyline hydrochloride,157266.0,335613.62,316550.21844
2021-02,NORTH WEST,Clomipramine hydrochloride,2839.0,26055.99,24368.06263
2021-02,NORTH WEST,Dosulepin hydrochloride,5335.0,76109.75,71038.1009
2021-02,NORTH WEST,Doxepin,200.0,45520.55,42404.27127
2021-02,NORTH WEST,Imipramine hydrochloride,1074.0,18746.68,17490.62543
2021-02,NORTH WEST,Lofepramine hydrochloride,1396.0,29154.45,27255.79565
2021-02,NORTH WEST,Mianserin hydrochloride,3.0,85.44,79.71698
2021-02,NORTH WEST,Nortriptyline,10317.0,46875.95,44754.944
2021-02,NORTH WEST,Trazodone hydrochloride,14352.0,78411.23,74251.7911
2021-02,NORTH WEST,Trimipramine maleate,164.0,67259.11,62650.36464
2021-02,NORTH WEST,Isocarboxazid,4.0,2334.31,2174.45225
2021-02,NORTH WEST,Moclobemide,75.0,2986.04,2787.76125
2021-02,NORTH WEST,Phenelzine sulfate,35.0,9859.87,9225.52801
2021-02,NORTH WEST,Tranylcypromine sulfate,15.0,23533.87,21919.99777
2021-02,NORTH WEST,Citalopram hydrobromide,150804.0,208250.21,197262.79213
2021-02,NORTH WEST,Fluoxetine hydrochloride,82035.0,274862.28,262346.77062
2021-02,NORTH WEST,Fluvoxamine maleate,214.0,4252.94,3980.48981
2021-02,NORTH WEST,Paroxetine hydrochloride,15773.0,51713.09,49378.67405
2021-02,NORTH WEST,Sertraline hydrochloride,249246.0,1874717.0,1753067.48011
2021-02,NORTH WEST,Escitalopram,15452.0,35215.61,33208.57133
2021-02,NORTH WEST,Citalopram hydrochloride,718.0,11311.38,10544.42477
2021-02,NORTH WEST,Vortioxetine,2464.0,51196.86,47818.66206
2021-02,NORTH WEST,Flupentixol hydrochloride,1321.0,3959.47,3811.92579
2021-02,NORTH WEST,Tryptophan,6.0,630.97,608.36698
2021-02,NORTH WEST,Nefazodone hydrochloride,1.0,496.88,462.81203
2021-02,NORTH WEST,Reboxetine,270.0,4243.18,3978.15675
2021-02,NORTH WEST,Venlafaxine,64909.0,443538.28,416991.09369
2021-02,NORTH WEST,Mirtazapine,152829.0,386346.41,366759.10172
2021-02,NORTH WEST,Duloxetine hydrochloride,39994.0,154459.75,145257.90957
2021-02,NORTH WEST,Agomelatine,117.0,4150.79,3871.99389
2021-02,NORTH WEST,Bupropion hydrochloride,122.0,4432.84,4136.16016
2021-02,SOUTH EAST,Flupentixol hydrochloride,257.0,1880.22,1778.92015
2021-02,SOUTH EAST,Flupentixol decanoate,472.0,7986.78,7458.49093
2021-02,SOUTH EAST,Amitriptyline hydrochloride,146011.0,354343.28,333629.29633
2021-02,SOUTH EAST,Clomipramine hydrochloride,2397.0,23317.87,21796.83766
2021-02,SOUTH EAST,Dosulepin hydrochloride,5162.0,73252.02,68368.19001
2021-02,SOUTH EAST,Doxepin,187.0,45391.11,42281.31185
2021-02,SOUTH EAST,Imipramine hydrochloride,1709.0,31190.02,29097.31663
2021-02,SOUTH EAST,Lofepramine hydrochloride,1267.0,28968.05,27058.69727
2021-02,SOUTH EAST,Mianserin hydrochloride,3.0,765.06,712.82271
2021-02,SOUTH EAST,Nortriptyline,8731.0,42835.53,40679.2221
2021-02,SOUTH EAST,Trazodone hydrochloride,12956.0,72095.57,68175.63346
2021-02,SOUTH EAST,Trimipramine maleate,369.0,154281.37,143713.08403
2021-02,SOUTH EAST,Isocarboxazid,14.0,7732.39,7202.80882
2021-02,SOUTH EAST,Moclobemide,97.0,4036.9,3765.85493
2021-02,SOUTH EAST,Phenelzine sulfate,55.0,44335.33,41296.79565
2021-02,SOUTH EAST,Tranylcypromine sulfate,106.0,128114.54,119331.69132
2021-02,SOUTH EAST,Citalopram hydrobromide,158852.0,249658.04,236105.51578
2021-02,SOUTH EAST,Fluoxetine hydrochloride,73405.0,290603.78,275005.94756
2021-02,SOUTH EAST,Fluvoxamine maleate,265.0,6310.97,5896.17134
2021-02,SOUTH EAST,Paroxetine hydrochloride,13265.0,53492.7,50622.02495
2021-02,SOUTH EAST,Sertraline hydrochloride,211744.0,1844479.66,1723298.53326
2021-02,SOUTH EAST,Escitalopram,24177.0,59414.01,55933.19523
2021-02,SOUTH EAST,Citalopram hydrochloride,933.0,15133.86,14107.0447
2021-02,SOUTH EAST,Vortioxetine,4129.0,103714.38,96783.07455
2021-02,SOUTH EAST,Flupentixol hydrochloride,1216.0,3802.53,3640.25185
2021-02,SOUTH EAST,Tryptophan,1.0,126.0,117.37022
2021-02,SOUTH EAST,Reboxetine,221.0,4475.98,4186.44518
2021-02,SOUTH EAST,Venlafaxine,56790.0,455963.51,427582.82582
2021-02,SOUTH EAST,Mirtazapine,111773.0,325391.15,307712.42368
2021-02,SOUTH EAST,Duloxetine hydrochloride,32219.0,143591.39,134836.46931
2021-02,SOUTH EAST,Agomelatine,542.0,22629.1,21099.09676
2021-02,SOUTH EAST,Bupropion hydrochloride,411.0,15284.42,14258.37943
2021-02,SOUTH WEST,Flupentixol hydrochloride,299.0,2099.15,1985.96878
2021-02,SOUTH WEST,Flupentixol decanoate,394.0,5708.88,5326.52802
2021-02,SOUTH WEST,Amitriptyline hydrochloride,133384.0,302348.97,284981.80614
2021-02,SOUTH WEST,Clomipramine hydrochloride,1702.0,16913.53,15810.64626
2021-02,SOUTH WEST,Dosulepin hydrochloride,3801.0,50664.7,47310.49714
2021-02,SOUTH WEST,Doxepin,207.0,40944.5,38143.73725
2021-02,SOUTH WEST,Imipramine hydrochloride,1091.0,16553.85,15452.33173
2021-02,SOUTH WEST,Lofepramine hydrochloride,1354.0,27858.35,26038.90473
2021-02,SOUTH WEST,Mianserin hydrochloride,1.0,137.76,128.32362
2021-02,SOUTH WEST,Nortriptyline,4959.0,22141.0,21070.51764
2021-02,SOUTH WEST,Trazodone hydrochloride,8529.0,37276.67,35369.68488
2021-02,SOUTH WEST,Trimipramine maleate,136.0,57921.75,53952.03468
2021-02,SOUTH WEST,Isocarboxazid,44.0,9156.53,8532.17886
2021-02,SOUTH WEST,Moclobemide,71.0,1774.0,1657.81716
2021-02,SOUTH WEST,Phenelzine sulfate,37.0,14256.16,13299.60765
2021-02,SOUTH WEST,Tranylcypromine sulfate,60.0,69615.71,64843.65137
2021-02,SOUTH WEST,Citalopram hydrobromide,122377.0,183178.68,173440.39123
2021-02,SOUTH WEST,Fluoxetine hydrochloride,53327.0,182762.62,173215.38043
2021-02,SOUTH WEST,Fluvoxamine maleate,156.0,3560.47,3326.94751
2021-02,SOUTH WEST,Paroxetine hydrochloride,9856.0,36654.94,34705.54408
2021-02,SOUTH WEST,Sertraline hydrochloride,152079.0,1232879.54,1152421.73072
2021-02,SOUTH WEST,Escitalopram,11613.0,27579.88,26001.67831
2021-02,SOUTH WEST,Citalopram hydrochloride,488.0,7889.18,7353.86169
2021-02,SOUTH WEST,Vortioxetine,979.0,23440.23,21880.36804
2021-02,SOUTH WEST,Flupentixol hydrochloride,969.0,3069.86,2938.98766
2021-02,SOUTH WEST,Tryptophan,11.0,952.39,888.20317
2021-02,SOUTH WEST,Reboxetine,221.0,3749.52,3511.62527
2021-02,SOUTH WEST,Venlafaxine,46529.0,324152.99,304206.07813
2021-02,SOUTH WEST,Mirtazapine,94156.0,255853.61,242449.5876
2021-02,SOUTH WEST,Duloxetine hydrochloride,24335.0,95577.89,89938.14466
2021-02,SOUTH WEST,Agomelatine,180.0,7467.04,6962.55531
2021-02,SOUTH WEST,Bupropion hydrochloride,140.0,5332.09,4974.10615
2021-02,UNIDENTIFIED,Flupentixol decanoate,2.0,8.79,8.4119
2021-02,UNIDENTIFIED,Amitriptyline hydrochloride,37.0,57.07,53.90204
2021-02,UNIDENTIFIED,Clomipramine hydrochloride,1.0,5.3,4.94888
2021-02,UNIDENTIFIED,Lofepramine hydrochloride,1.0,30.36,28.39005
2021-02,UNIDENTIFIED,Nortriptyline,1.0,3.69,3.44931
2021-02,UNIDENTIFIED,Trazodone hydrochloride,1.0,8.7,8.11568
2021-02,UNIDENTIFIED,Citalopram hydrobromide,28.0,30.95,29.87438
2021-02,UNIDENTIFIED,Fluoxetine hydrochloride,96.0,3863.68,3604.05309
2021-02,UNIDENTIFIED,Fluvoxamine maleate,1.0,8.18,7.73134
2021-02,UNIDENTIFIED,Paroxetine hydrochloride,4.0,3.36,3.57914
2021-02,UNIDENTIFIED,Sertraline hydrochloride,71.0,454.95,427.37638
2021-02,UNIDENTIFIED,Escitalopram,2.0,5.42,5.07305
2021-02,UNIDENTIFIED,Vortioxetine,1.0,27.72,25.83112
2021-02,UNIDENTIFIED,Flupentixol hydrochloride,1.0,2.27,2.2267
2021-02,UNIDENTIFIED,Tryptophan,5.0,145.32,135.91469
2021-02,UNIDENTIFIED,Venlafaxine,25.0,178.78,168.11529
2021-02,UNIDENTIFIED,Mirtazapine,63.0,155.51,148.48777
2021-02,UNIDENTIFIED,Duloxetine hydrochloride,31.0,109.37,103.35285
2021-03,EAST OF ENGLAND,Flupentixol hydrochloride,240.0,1654.67,1562.5603
2021-03,EAST OF ENGLAND,Flupentixol decanoate,352.0,4715.68,4399.5545
2021-03,EAST OF ENGLAND,Amitriptyline hydrochloride,167262.0,345255.35,324916.90109
2021-03,EAST OF ENGLAND,Clomipramine hydrochloride,2948.0,23180.72,21676.71335
2021-03,EAST OF ENGLAND,Dosulepin hydrochloride,5259.0,65372.1,60969.98682
2021-03,EAST OF ENGLAND,Doxepin,207.0,39154.43,36440.56027
2021-03,EAST OF ENGLAND,Imipramine hydrochloride,1305.0,22294.02,20776.38872
2021-03,EAST OF ENGLAND,Lofepramine hydrochloride,1465.0,28234.35,26371.79727
2021-03,EAST OF ENGLAND,Mianserin hydrochloride,1.0,14.1,13.13276
2021-03,EAST OF ENGLAND,Nortriptyline,8145.0,35738.97,33972.19643
2021-03,EAST OF ENGLAND,Trazodone hydrochloride,7939.0,37868.13,35866.42524
2021-03,EAST OF ENGLAND,Trimipramine maleate,220.0,86629.17,80617.11685
2021-03,EAST OF ENGLAND,Isocarboxazid,17.0,6069.2,5648.10931
2021-03,EAST OF ENGLAND,Moclobemide,88.0,3058.08,2852.07672
2021-03,EAST OF ENGLAND,Phenelzine sulfate,67.0,30656.01,28528.13155
2021-03,EAST OF ENGLAND,Tranylcypromine sulfate,50.0,37317.21,34726.3378
2021-03,EAST OF ENGLAND,Citalopram hydrobromide,177298.0,238290.25,225315.27782
2021-03,EAST OF ENGLAND,Fluoxetine hydrochloride,73292.0,292132.58,275337.84078
2021-03,EAST OF ENGLAND,Fluvoxamine maleate,264.0,5076.85,4742.39592
2021-03,EAST OF ENGLAND,Paroxetine hydrochloride,14498.0,52066.54,49117.39763
2021-03,EAST OF ENGLAND,Sertraline hydrochloride,198588.0,1493176.84,1394199.96858
2021-03,EAST OF ENGLAND,Escitalopram,14393.0,32314.33,30392.8396
2021-03,EAST OF ENGLAND,Citalopram hydrochloride,741.0,11927.13,11107.20927
2021-03,EAST OF ENGLAND,Vortioxetine,2465.0,57888.27,53969.75473
2021-03,EAST OF ENGLAND,Flupentixol hydrochloride,1858.0,5169.0,4956.52496
2021-03,EAST OF ENGLAND,Tryptophan,7.0,1210.41,1126.39976
2021-03,EAST OF ENGLAND,Reboxetine,211.0,3893.49,3638.8089
2021-03,EAST OF ENGLAND,Venlafaxine,63045.0,391344.89,366888.79041
2021-03,EAST OF ENGLAND,Mirtazapine,97009.0,253353.48,239712.99555
2021-03,EAST OF ENGLAND,Duloxetine hydrochloride,26936.0,85667.28,80600.20618
2021-03,EAST OF ENGLAND,Agomelatine,177.0,7545.34,7027.28764
2021-03,EAST OF ENGLAND,Bupropion hydrochloride,204.0,7491.08,6981.40768
2021-03,LONDON,Flupentixol hydrochloride,447.0,2363.53,2249.35929
2021-03,LONDON,Flupentixol decanoate,517.0,12678.96,11825.68466
2021-03,LONDON,Amitriptyline hydrochloride,110774.0,212386.01,202553.51736
2021-03,LONDON,Clomipramine hydrochloride,1805.0,16780.47,15696.37557
2021-03,LONDON,Dosulepin hydrochloride,3473.0,47424.58,44311.47178
2021-03,LONDON,Doxepin,206.0,42053.25,39142.32278
2021-03,LONDON,Imipramine hydrochloride,948.0,17056.2,15919.72183
2021-03,LONDON,Lofepramine hydrochloride,1308.0,24063.1,22497.65962
2021-03,LONDON,Mianserin hydrochloride,6.0,297.48,276.88606
2021-03,LONDON,Nortriptyline,6799.0,24962.21,23906.89365
2021-03,LONDON,Trazodone hydrochloride,5313.0,25795.64,24450.36491
2021-03,LONDON,Trimipramine maleate,355.0,152990.05,142376.08853
2021-03,LONDON,Isocarboxazid,22.0,3693.21,3438.58546
2021-03,LONDON,Moclobemide,92.0,3275.64,3054.59546
2021-03,LONDON,Phenelzine sulfate,44.0,26013.28,24228.27143
2021-03,LONDON,Tranylcypromine sulfate,71.0,90045.13,83791.64261
2021-03,LONDON,Citalopram hydrobromide,114733.0,164687.68,157874.74339
2021-03,LONDON,Fluoxetine hydrochloride,49676.0,211006.09,199827.50412
2021-03,LONDON,Fluvoxamine maleate,299.0,7382.51,6890.3945
2021-03,LONDON,Paroxetine hydrochloride,12174.0,41384.12,39399.98852
2021-03,LONDON,Sertraline hydrochloride,161546.0,1269479.9,1188129.41184
2021-03,LONDON,Escitalopram,14200.0,38402.97,36200.46111
2021-03,LONDON,Citalopram hydrochloride,392.0,6777.72,6311.6773
2021-03,LONDON,Vortioxetine,1918.0,48004.11,44770.95816
2021-03,LONDON,Flupentixol hydrochloride,827.0,2292.3,2209.99007
2021-03,LONDON,Oxitriptan,1.0,21.75,20.25125
2021-03,LONDON,Tryptophan,13.0,776.71,723.90683
2021-03,LONDON,Reboxetine,157.0,2673.77,2501.94828
2021-03,LONDON,Venlafaxine,39970.0,277090.1,260712.21642
2021-03,LONDON,Mirtazapine,101677.0,249780.05,238617.66231
2021-03,LONDON,Duloxetine hydrochloride,21013.0,60199.26,57263.89355
2021-03,LONDON,Agomelatine,354.0,15948.37,14858.79616
2021-03,LONDON,Bupropion hydrochloride,663.0,28510.99,26566.90838
2021-03,MIDLANDS,Flupentixol hydrochloride,436.0,2820.7,2671.20567
2021-03,MIDLANDS,Flupentixol decanoate,526.0,11595.89,10822.30619
2021-03,MIDLANDS,Amitriptyline hydrochloride,253726.0,542932.55,510764.33556
2021-03,MIDLANDS,Clomipramine hydrochloride,3361.0,31822.18,29711.78252
2021-03,MIDLANDS,Dosulepin hydrochloride,7824.0,111075.98,103557.86566
2021-03,MIDLANDS,Doxepin,288.0,52569.39,48922.01695
2021-03,MIDLANDS,Imipramine hydrochloride,2250.0,42823.63,39900.35724
2021-03,MIDLANDS,Lofepramine hydrochloride,2875.0,63139.55,58946.28818
2021-03,MIDLANDS,Mianserin hydrochloride,3.0,159.72,148.66015
2021-03,MIDLANDS,Nortriptyline,10909.0,51596.29,49075.58272
2021-03,MIDLANDS,Trazodone hydrochloride,12092.0,62294.34,58880.12862
2021-03,MIDLANDS,Trimipramine maleate,253.0,99872.89,92939.78703
2021-03,MIDLANDS,Isocarboxazid,22.0,6527.75,6075.87451
2021-03,MIDLANDS,Moclobemide,114.0,4612.55,4299.86824
2021-03,MIDLANDS,Phenelzine sulfate,31.0,11143.54,10370.07963
2021-03,MIDLANDS,Tranylcypromine sulfate,66.0,74349.67,69187.07471
2021-03,MIDLANDS,Citalopram hydrobromide,240614.0,345495.17,326234.54731
2021-03,MIDLANDS,Fluoxetine hydrochloride,119680.0,413327.22,391327.82177
2021-03,MIDLANDS,Fluvoxamine maleate,368.0,6991.98,6535.87991
2021-03,MIDLANDS,Paroxetine hydrochloride,20986.0,76246.11,72150.27456
2021-03,MIDLANDS,Sertraline hydrochloride,328347.0,2597176.39,2424447.30844
2021-03,MIDLANDS,Escitalopram,23199.0,52442.76,49342.14971
2021-03,MIDLANDS,Citalopram hydrochloride,1213.0,19185.84,17867.51233
2021-03,MIDLANDS,Vortioxetine,3981.0,95855.76,89358.03453
2021-03,MIDLANDS,Flupentixol hydrochloride,2603.0,7883.71,7563.9838
2021-03,MIDLANDS,Oxitriptan,3.0,54.1,132.65843
2021-03,MIDLANDS,Tryptophan,14.0,751.29,720.05296
2021-03,MIDLANDS,Reboxetine,318.0,5322.21,4977.8429
2021-03,MIDLANDS,Venlafaxine,81761.0,583158.6,546589.50538
2021-03,MIDLANDS,Mirtazapine,164693.0,457426.25,431774.80754
2021-03,MIDLANDS,Duloxetine hydrochloride,50760.0,170522.47,160286.34299
2021-03,MIDLANDS,Agomelatine,247.0,10578.45,9852.7307
2021-03,MIDLANDS,Bupropion hydrochloride,189.0,6410.87,5978.66178
2021-03,NORTH EAST AND YORKSHIRE,Flupentixol hydrochloride,699.0,3445.78,3283.86702
2021-03,NORTH EAST AND YORKSHIRE,Flupentixol decanoate,589.0,10406.44,9715.30946
2021-03,NORTH EAST AND YORKSHIRE,Amitriptyline hydrochloride,274223.0,536989.77,508780.58198
2021-03,NORTH EAST AND YORKSHIRE,Clomipramine hydrochloride,3639.0,29068.83,27217.10627
2021-03,NORTH EAST AND YORKSHIRE,Dosulepin hydrochloride,6767.0,82326.46,76873.73808
2021-03,NORTH EAST AND YORKSHIRE,Doxepin,422.0,78700.51,73249.55378
2021-03,NORTH EAST AND YORKSHIRE,Imipramine hydrochloride,2038.0,31782.6,29650.8953
2021-03,NORTH EAST AND YORKSHIRE,Lofepramine hydrochloride,3358.0,61586.82,57571.30527
2021-03,NORTH EAST AND YORKSHIRE,Mianserin hydrochloride,2.0,175.8,163.71055
2021-03,NORTH EAST AND YORKSHIRE,Nortriptyline,10860.0,40774.52,39022.00652
2021-03,NORTH EAST AND YORKSHIRE,Trazodone hydrochloride,40036.0,132206.8,126426.14902
2021-03,NORTH EAST AND YORKSHIRE,Trimipramine maleate,320.0,104293.86,97064.94789
2021-03,NORTH EAST AND YORKSHIRE,Isocarboxazid,7.0,2100.89,1955.41088
2021-03,NORTH EAST AND YORKSHIRE,Moclobemide,116.0,4055.58,3783.3823
2021-03,NORTH EAST AND YORKSHIRE,Phenelzine sulfate,61.0,25502.95,23734.18419
2021-03,NORTH EAST AND YORKSHIRE,Tranylcypromine sulfate,53.0,52354.6,48719.41999
2021-03,NORTH EAST AND YORKSHIRE,Citalopram hydrobromide,214786.0,280658.18,267635.7532
2021-03,NORTH EAST AND YORKSHIRE,Fluoxetine hydrochloride,146806.0,401567.04,384338.80724
2021-03,NORTH EAST AND YORKSHIRE,Fluvoxamine maleate,372.0,7013.31,6557.36505
2021-03,NORTH EAST AND YORKSHIRE,Paroxetine hydrochloride,20407.0,61443.63,58587.14713
2021-03,NORTH EAST AND YORKSHIRE,Sertraline hydrochloride,341999.0,2411029.23,2255445.53762
2021-03,NORTH EAST AND YORKSHIRE,Escitalopram,17840.0,37367.46,35386.44729
2021-03,NORTH EAST AND YORKSHIRE,Citalopram hydrochloride,868.0,13680.01,12740.06334
2021-03,NORTH EAST AND YORKSHIRE,Vortioxetine,2860.0,49842.54,46581.41931
2021-03,NORTH EAST AND YORKSHIRE,Flupentixol hydrochloride,2372.0,6178.41,5976.53894
2021-03,NORTH EAST AND YORKSHIRE,Tryptophan,28.0,1398.2,1368.40286
2021-03,NORTH EAST AND YORKSHIRE,Reboxetine,478.0,6814.37,6387.17393
2021-03,NORTH EAST AND YORKSHIRE,Venlafaxine,71898.0,441214.94,415494.58167
2021-03,NORTH EAST AND YORKSHIRE,Mirtazapine,201991.0,467185.62,445829.21231
2021-03,NORTH EAST AND YORKSHIRE,Duloxetine hydrochloride,60974.0,169072.37,160344.37843
2021-03,NORTH EAST AND YORKSHIRE,Agomelatine,327.0,7851.31,7332.55788
2021-03,NORTH EAST AND YORKSHIRE,Bupropion hydrochloride,178.0,6263.27,5841.06716
2021-03,NORTH WEST,Flupentixol hydrochloride,434.0,2626.71,2492.49291
2021-03,NORTH WEST,Flupentixol decanoate,533.0,11671.43,10902.77667
2021-03,NORTH WEST,Amitriptyline hydrochloride,177208.0,377811.89,356022.88821
2021-03,NORTH WEST,Clomipramine hydrochloride,3194.0,28840.92,26956.33961
2021-03,NORTH WEST,Dosulepin hydrochloride,6062.0,87855.59,81922.9968
2021-03,NORTH WEST,Doxepin,217.0,47131.77,43863.78351
2021-03,NORTH WEST,Imipramine hydrochloride,1193.0,21393.79,19941.19621
2021-03,NORTH WEST,Lofepramine hydrochloride,1500.0,31150.15,29095.03467
2021-03,NORTH WEST,Nortriptyline,11535.0,51808.59,49402.22338
2021-03,NORTH WEST,Trazodone hydrochloride,16164.0,85471.46,80904.16096
2021-03,NORTH WEST,Trimipramine maleate,177.0,67173.55,62511.72709
2021-03,NORTH WEST,Isocarboxazid,3.0,1634.02,1520.72853
2021-03,NORTH WEST,Moclobemide,80.0,2972.78,2773.1288
2021-03,NORTH WEST,Phenelzine sulfate,24.0,5830.23,5446.0541
2021-03,NORTH WEST,Tranylcypromine sulfate,23.0,32105.65,29875.58206
2021-03,NORTH WEST,Citalopram hydrobromide,169469.0,234139.02,221591.76307
2021-03,NORTH WEST,Fluoxetine hydrochloride,92954.0,308176.99,293991.82799
2021-03,NORTH WEST,Fluvoxamine maleate,236.0,4941.66,4619.4491
2021-03,NORTH WEST,Paroxetine hydrochloride,17889.0,59214.06,56475.30063
2021-03,NORTH WEST,Sertraline hydrochloride,283647.0,2126748.57,1986898.79409
2021-03,NORTH WEST,Escitalopram,17177.0,38913.74,36667.09545
2021-03,NORTH WEST,Citalopram hydrochloride,799.0,12569.76,11706.29423
2021-03,NORTH WEST,Vortioxetine,2935.0,59893.02,55892.96129
2021-03,NORTH WEST,Flupentixol hydrochloride,1539.0,4617.87,4440.40085
2021-03,NORTH WEST,Tryptophan,1.0,84.0,78.17624
2021-03,NORTH WEST,Nefazodone hydrochloride,2.0,625.87,582.41052
2021-03,NORTH WEST,Reboxetine,299.0,4976.22,4659.33937
2021-03,NORTH WEST,Venlafaxine,72886.0,495325.45,465343.16072
2021-03,NORTH WEST,Mirtazapine,172213.0,433686.54,411332.70598
2021-03,NORTH WEST,Duloxetine hydrochloride,44895.0,146627.94,137994.64592
2021-03,NORTH WEST,Agomelatine,149.0,5336.33,4973.6572
2021-03,NORTH WEST,Bupropion hydrochloride,144.0,5296.63,4937.97825
2021-03,SOUTH EAST,Flupentixol hydrochloride,265.0,1698.88,1609.40631
2021-03,SOUTH EAST,Flupentixol decanoate,507.0,10272.0,9577.90964
2021-03,SOUTH EAST,Amitriptyline hydrochloride,164205.0,397894.09,374269.70621
2021-03,SOUTH EAST,Clomipramine hydrochloride,2736.0,27439.34,25617.25794
2021-03,SOUTH EAST,Dosulepin hydrochloride,5748.0,81394.46,75895.2028
2021-03,SOUTH EAST,Doxepin,217.0,53938.64,50195.5008
2021-03,SOUTH EAST,Imipramine hydrochloride,1905.0,34507.98,32162.94071
2021-03,SOUTH EAST,Lofepramine hydrochloride,1384.0,31049.97,28979.11977
2021-03,SOUTH EAST,Mianserin hydrochloride,1.0,36.9,34.44866
2021-03,SOUTH EAST,Nortriptyline,9734.0,48869.33,46346.36516
2021-03,SOUTH EAST,Trazodone hydrochloride,14408.0,80622.98,76157.30253
2021-03,SOUTH EAST,Trimipramine maleate,407.0,164914.2,153469.6049
2021-03,SOUTH EAST,Isocarboxazid,13.0,4647.78,4325.72212
2021-03,SOUTH EAST,Moclobemide,93.0,4069.26,3792.10177
2021-03,SOUTH EAST,Phenelzine sulfate,92.0,45841.68,42660.97673
2021-03,SOUTH EAST,Tranylcypromine sulfate,145.0,127685.32,118821.73039
2021-03,SOUTH EAST,Citalopram hydrobromide,177790.0,280882.03,265350.68614
2021-03,SOUTH EAST,Fluoxetine hydrochloride,82679.0,330481.23,312398.30285
2021-03,SOUTH EAST,Fluvoxamine maleate,284.0,6613.08,6174.23867
2021-03,SOUTH EAST,Paroxetine hydrochloride,14734.0,58252.28,55088.37568
2021-03,SOUTH EAST,Sertraline hydrochloride,239963.0,2086390.61,1947417.23075
2021-03,SOUTH EAST,Escitalopram,27109.0,66153.35,62218.27993
2021-03,SOUTH EAST,Citalopram hydrochloride,1009.0,16168.86,15057.6046
2021-03,SOUTH EAST,Vortioxetine,4637.0,114970.68,107190.79079
2021-03,SOUTH EAST,Flupentixol hydrochloride,1358.0,4114.23,3938.11317
2021-03,SOUTH EAST,Tryptophan,7.0,880.33,819.65311
2021-03,SOUTH EAST,Reboxetine,248.0,5218.22,4875.28188
2021-03,SOUTH EAST,Venlafaxine,63250.0,520500.42,487596.59321
2021-03,SOUTH EAST,Mirtazapine,125226.0,363755.97,343679.7986
2021-03,SOUTH EAST,Duloxetine hydrochloride,36191.0,133278.84,125289.51106
2021-03,SOUTH EAST,Agomelatine,604.0,25345.68,23609.37592
2021-03,SOUTH EAST,Bupropion hydrochloride,451.0,17591.42,16394.35839
2021-03,SOUTH WEST,Flupentixol hydrochloride,355.0,2320.25,2196.13473
2021-03,SOUTH WEST,Flupentixol decanoate,427.0,5674.01,5290.21546
2021-03,SOUTH WEST,Amitriptyline hydrochloride,150253.0,340477.5,320597.2909
2021-03,SOUTH WEST,Clomipramine hydrochloride,1873.0,17893.7,16711.54351
2021-03,SOUTH WEST,Dosulepin hydrochloride,4091.0,56785.78,52963.3321
2021-03,SOUTH WEST,Doxepin,243.0,47983.75,44658.7687
2021-03,SOUTH WEST,Imipramine hydrochloride,1340.0,20397.07,19022.74715
2021-03,SOUTH WEST,Lofepramine hydrochloride,1441.0,29527.03,27573.38788
2021-03,SOUTH WEST,Mianserin hydrochloride,6.0,547.92,510.42595
2021-03,SOUTH WEST,Nortriptyline,5634.0,24171.45,23000.2445
2021-03,SOUTH WEST,Trazodone hydrochloride,9436.0,41288.85,39136.90966
2021-03,SOUTH WEST,Trimipramine maleate,152.0,63465.3,59059.87372
2021-03,SOUTH WEST,Isocarboxazid,41.0,11609.02,10805.40573
2021-03,SOUTH WEST,Moclobemide,84.0,2225.27,2076.59238
2021-03,SOUTH WEST,Phenelzine sulfate,47.0,17827.17,16794.82945
2021-03,SOUTH WEST,Tranylcypromine sulfate,70.0,83385.09,77594.36781
2021-03,SOUTH WEST,Citalopram hydrobromide,136379.0,203972.87,192915.22916
2021-03,SOUTH WEST,Fluoxetine hydrochloride,59688.0,205715.58,194770.54819
2021-03,SOUTH WEST,Fluvoxamine maleate,161.0,3499.45,3269.16235
2021-03,SOUTH WEST,Paroxetine hydrochloride,10851.0,40824.56,38599.6555
2021-03,SOUTH WEST,Sertraline hydrochloride,171821.0,1392450.27,1300252.68222
2021-03,SOUTH WEST,Escitalopram,13302.0,31257.66,29441.93069
2021-03,SOUTH WEST,Citalopram hydrochloride,551.0,8842.75,8234.85734
2021-03,SOUTH WEST,Vortioxetine,1151.0,27180.45,25347.72446
2021-03,SOUTH WEST,Flupentixol hydrochloride,1112.0,3444.09,3295.59857
2021-03,SOUTH WEST,Reboxetine,271.0,4270.13,3996.88742
2021-03,SOUTH WEST,Venlafaxine,51822.0,367359.01,344381.52349
2021-03,SOUTH WEST,Mirtazapine,105077.0,284132.17,269007.12173
2021-03,SOUTH WEST,Duloxetine hydrochloride,27456.0,89631.97,84441.98965
2021-03,SOUTH WEST,Agomelatine,207.0,8342.98,7772.11748
2021-03,SOUTH WEST,Bupropion hydrochloride,167.0,6550.1,6103.23395
2021-03,UNIDENTIFIED,Amitriptyline hydrochloride,59.0,131.31,123.70604
2021-03,UNIDENTIFIED,Dosulepin hydrochloride,1.0,138.0,128.42442
2021-03,UNIDENTIFIED,Trazodone hydrochloride,3.0,22.04,20.5459
2021-03,UNIDENTIFIED,Citalopram hydrobromide,37.0,46.26,44.10475
2021-03,UNIDENTIFIED,Fluoxetine hydrochloride,122.0,2851.85,2661.72157
2021-03,UNIDENTIFIED,Fluvoxamine maleate,2.0,41.22,38.58091
2021-03,UNIDENTIFIED,Paroxetine hydrochloride,3.0,3.59,3.57777
2021-03,UNIDENTIFIED,Sertraline hydrochloride,81.0,601.61,562.77845
2021-03,UNIDENTIFIED,Escitalopram,5.0,23.69,22.10606
2021-03,UNIDENTIFIED,Vortioxetine,7.0,97.02,90.86603
2021-03,UNIDENTIFIED,Flupentixol hydrochloride,1.0,2.88,2.6923
2021-03,UNIDENTIFIED,Tryptophan,2.0,153.93,143.46003
2021-03,UNIDENTIFIED,Venlafaxine,32.0,323.23,302.93219
2021-03,UNIDENTIFIED,Mirtazapine,62.0,140.41,134.22336
2021-03,UNIDENTIFIED,Duloxetine hydrochloride,42.0,131.22,123.52389
2021-04,EAST OF ENGLAND,Flupentixol hydrochloride,247.0,1670.58,1581.03467
2021-04,EAST OF ENGLAND,Flupentixol decanoate,333.0,3819.88,3569.05277
2021-04,EAST OF ENGLAND,Amitriptyline hydrochloride,162577.0,339761.92,319975.39718
2021-04,EAST OF ENGLAND,Clomipramine hydrochloride,2925.0,22805.04,21346.52226
2021-04,EAST OF ENGLAND,Dosulepin hydrochloride,4997.0,64229.68,59954.31078
2021-04,EAST OF ENGLAND,Doxepin,196.0,39097.89,36421.61407
2021-04,EAST OF ENGLAND,Imipramine hydrochloride,1287.0,23917.28,22306.97507
2021-04,EAST OF ENGLAND,Lofepramine hydrochloride,1344.0,26939.68,25182.61494
2021-04,EAST OF ENGLAND,Mianserin hydrochloride,3.0,131.52,122.53722
2021-04,EAST OF ENGLAND,Nortriptyline,7902.0,32228.1,30709.74867
2021-04,EAST OF ENGLAND,Trazodone hydrochloride,7581.0,34531.84,32765.23069
2021-04,EAST OF ENGLAND,Trimipramine maleate,242.0,91941.99,85643.47349
2021-04,EAST OF ENGLAND,Isocarboxazid,23.0,9737.41,9070.76603
2021-04,EAST OF ENGLAND,Moclobemide,88.0,2938.19,2742.82294
2021-04,EAST OF ENGLAND,Phenelzine sulfate,81.0,33665.58,31378.76228
2021-04,EAST OF ENGLAND,Tranylcypromine sulfate,36.0,27410.41,25531.94241
2021-04,EAST OF ENGLAND,Citalopram hydrobromide,172514.0,221719.96,210000.30125
2021-04,EAST OF ENGLAND,Fluoxetine hydrochloride,70977.0,283815.03,267728.75999
2021-04,EAST OF ENGLAND,Fluvoxamine maleate,248.0,4808.01,4495.92953
2021-04,EAST OF ENGLAND,Paroxetine hydrochloride,13960.0,50030.67,47243.05848
2021-04,EAST OF ENGLAND,Sertraline hydrochloride,193690.0,797533.66,747443.22827
2021-04,EAST OF ENGLAND,Escitalopram,14374.0,30592.45,28818.03604
2021-04,EAST OF ENGLAND,Citalopram hydrochloride,753.0,13084.51,12196.03178
2021-04,EAST OF ENGLAND,Vortioxetine,2375.0,57208.14,53380.86712
2021-04,EAST OF ENGLAND,Flupentixol hydrochloride,1818.0,5116.57,4909.65965
2021-04,EAST OF ENGLAND,Tryptophan,10.0,1281.2,1193.55599
2021-04,EAST OF ENGLAND,Reboxetine,187.0,3347.65,3132.75504
2021-04,EAST OF ENGLAND,Venlafaxine,62010.0,373954.32,351017.09113
2021-04,EAST OF ENGLAND,Mirtazapine,94378.0,207221.04,196837.72004
2021-04,EAST OF ENGLAND,Duloxetine hydrochloride,26621.0,115179.51,108158.0306
2021-04,EAST OF ENGLAND,Agomelatine,176.0,6238.38,5817.27032
2021-04,EAST OF ENGLAND,Bupropion hydrochloride,197.0,7375.56,6879.49501
2021-04,LONDON,Flupentixol hydrochloride,500.0,2802.86,2666.23305
2021-04,LONDON,Flupentixol decanoate,572.0,15077.9,14071.98866
2021-04,LONDON,Amitriptyline hydrochloride,106031.0,204035.05,194739.23567
2021-04,LONDON,Clomipramine hydrochloride,1844.0,16971.29,15897.62052
2021-04,LONDON,Dosulepin hydrochloride,3234.0,47071.62,44007.82551
2021-04,LONDON,Doxepin,207.0,41954.32,39087.95106
2021-04,LONDON,Imipramine hydrochloride,877.0,15673.56,14641.60136
2021-04,LONDON,Lofepramine hydrochloride,1191.0,21897.63,20493.20209
2021-04,LONDON,Mianserin hydrochloride,1.0,21.15,19.81188
2021-04,LONDON,Nortriptyline,6552.0,22562.9,21751.42355
2021-04,LONDON,Trazodone hydrochloride,5075.0,23170.88,22007.29201
2021-04,LONDON,Trimipramine maleate,301.0,127621.3,118880.63325
2021-04,LONDON,Isocarboxazid,15.0,5227.18,4869.77247
2021-04,LONDON,Moclobemide,89.0,2835.03,2647.29989
2021-04,LONDON,Phenelzine sulfate,32.0,17181.43,16024.07991
2021-04,LONDON,Tranylcypromine sulfate,73.0,71828.07,66905.02039
2021-04,LONDON,Citalopram hydrobromide,109992.0,150253.95,144420.9747
2021-04,LONDON,Fluoxetine hydrochloride,47917.0,195811.54,185777.91903
2021-04,LONDON,Fluvoxamine maleate,278.0,6574.05,6143.43199
2021-04,LONDON,Paroxetine hydrochloride,11552.0,40791.85,38830.28623
2021-04,LONDON,Sertraline hydrochloride,155342.0,668239.03,628995.31992
2021-04,LONDON,Escitalopram,13741.0,35015.29,33057.61142
2021-04,LONDON,Citalopram hydrochloride,370.0,6545.88,6101.53487
2021-04,LONDON,Vortioxetine,1850.0,47266.56,44121.73612
2021-04,LONDON,Flupentixol hydrochloride,760.0,2174.35,2096.05168
2021-04,LONDON,Tryptophan,12.0,240.0,224.68899
2021-04,LONDON,Reboxetine,169.0,2748.74,2575.31987
2021-04,LONDON,Venlafaxine,38675.0,250604.84,236193.06044
2021-04,LONDON,Mirtazapine,97870.0,200065.23,192337.20107
2021-04,LONDON,Duloxetine hydrochloride,20250.0,80924.6,76578.08096
2021-04,LONDON,Agomelatine,358.0,13058.16,12183.23703
2021-04,LONDON,Bupropion hydrochloride,713.0,32025.01,29866.06815
2021-04,MIDLANDS,Flupentixol hydrochloride,428.0,2754.19,2610.78412
2021-04,MIDLANDS,Flupentixol decanoate,502.0,11099.94,10371.36801
2021-04,MIDLANDS,Amitriptyline hydrochloride,247021.0,537471.46,505997.64163
2021-04,MIDLANDS,Clomipramine hydrochloride,3302.0,32691.59,30550.88153
2021-04,MIDLANDS,Dosulepin hydrochloride,7525.0,111004.05,103579.86553
2021-04,MIDLANDS,Doxepin,277.0,50887.43,47402.06501
2021-04,MIDLANDS,Imipramine hydrochloride,2193.0,43850.15,40893.6801
2021-04,MIDLANDS,Lofepramine hydrochloride,2782.0,61375.73,57353.57655
2021-04,MIDLANDS,Mianserin hydrochloride,3.0,220.74,205.63829
2021-04,MIDLANDS,Nortriptyline,10720.0,47112.83,44920.0607
2021-04,MIDLANDS,Trazodone hydrochloride,11827.0,57299.98,54263.88152
2021-04,MIDLANDS,Trimipramine maleate,232.0,93993.04,87553.24639
2021-04,MIDLANDS,Isocarboxazid,31.0,8486.92,7907.23706
2021-04,MIDLANDS,Moclobemide,111.0,4196.49,3915.77346
2021-04,MIDLANDS,Phenelzine sulfate,57.0,19192.12,17877.45681
2021-04,MIDLANDS,Tranylcypromine sulfate,63.0,52106.09,48535.88839
2021-04,MIDLANDS,Citalopram hydrobromide,234624.0,322920.99,305382.92903
2021-04,MIDLANDS,Fluoxetine hydrochloride,116807.0,408844.73,387316.44013
2021-04,MIDLANDS,Fluvoxamine maleate,414.0,8213.09,7682.08832
2021-04,MIDLANDS,Paroxetine hydrochloride,20573.0,76038.05,72004.9481
2021-04,MIDLANDS,Sertraline hydrochloride,319405.0,1378056.98,1290981.48603
2021-04,MIDLANDS,Escitalopram,22806.0,47990.25,45234.47492
2021-04,MIDLANDS,Citalopram hydrochloride,1161.0,18948.33,17662.87927
2021-04,MIDLANDS,Vortioxetine,3940.0,92477.88,86418.92068
2021-04,MIDLANDS,Flupentixol hydrochloride,2535.0,7380.87,7097.28442
2021-04,MIDLANDS,Oxitriptan,1.0,20.3,39.02017
2021-04,MIDLANDS,Tryptophan,17.0,1119.4,1043.32785
2021-04,MIDLANDS,Reboxetine,325.0,5588.89,5231.86052
2021-04,MIDLANDS,Venlafaxine,80584.0,552888.48,518880.49625
2021-04,MIDLANDS,Mirtazapine,159573.0,370722.82,351244.78161
2021-04,MIDLANDS,Duloxetine hydrochloride,50139.0,229943.17,215739.19752
2021-04,MIDLANDS,Agomelatine,232.0,10076.35,9393.47885
2021-04,MIDLANDS,Bupropion hydrochloride,178.0,6535.5,6118.82692
2021-04,NORTH EAST AND YORKSHIRE,Flupentixol hydrochloride,662.0,3404.83,3244.66517
2021-04,NORTH EAST AND YORKSHIRE,Flupentixol decanoate,622.0,10390.58,9709.53214
2021-04,NORTH EAST AND YORKSHIRE,Amitriptyline hydrochloride,262668.0,520350.25,493346.0498
2021-04,NORTH EAST AND YORKSHIRE,Clomipramine hydrochloride,3496.0,28044.71,26285.85634
2021-04,NORTH EAST AND YORKSHIRE,Dosulepin hydrochloride,6484.0,81539.0,76201.61135
2021-04,NORTH EAST AND YORKSHIRE,Doxepin,369.0,75798.77,70614.87088
2021-04,NORTH EAST AND YORKSHIRE,Imipramine hydrochloride,1908.0,33846.35,31594.05887
2021-04,NORTH EAST AND YORKSHIRE,Lofepramine hydrochloride,3264.0,60511.31,56615.7824
2021-04,NORTH EAST AND YORKSHIRE,Mianserin hydrochloride,5.0,73.62,68.83296
2021-04,NORTH EAST AND YORKSHIRE,Nortriptyline,10460.0,32972.88,31750.2232
2021-04,NORTH EAST AND YORKSHIRE,Trazodone hydrochloride,38450.0,125633.61,120295.55818
2021-04,NORTH EAST AND YORKSHIRE,Trimipramine maleate,303.0,98164.72,91448.43702
2021-04,NORTH EAST AND YORKSHIRE,Isocarboxazid,7.0,2217.6,2065.89805
2021-04,NORTH EAST AND YORKSHIRE,Moclobemide,103.0,4133.01,3857.5851
2021-04,NORTH EAST AND YORKSHIRE,Phenelzine sulfate,51.0,21261.53,19805.29168
2021-04,NORTH EAST AND YORKSHIRE,Tranylcypromine sulfate,43.0,48684.1,45346.53928
2021-04,NORTH EAST AND YORKSHIRE,Citalopram hydrobromide,206715.0,258995.34,247397.47963
2021-04,NORTH EAST AND YORKSHIRE,Fluoxetine hydrochloride,141623.0,401263.98,384027.42476
2021-04,NORTH EAST AND YORKSHIRE,Fluvoxamine maleate,353.0,7087.27,6630.27322
2021-04,NORTH EAST AND YORKSHIRE,Paroxetine hydrochloride,19787.0,60251.77,57490.16073
2021-04,NORTH EAST AND YORKSHIRE,Sertraline hydrochloride,329812.0,1267216.05,1191713.46333
2021-04,NORTH EAST AND YORKSHIRE,Escitalopram,17283.0,34144.69,32405.01152
2021-04,NORTH EAST AND YORKSHIRE,Citalopram hydrochloride,840.0,14017.3,13066.1011
2021-04,NORTH EAST AND YORKSHIRE,Vortioxetine,2869.0,49731.66,46519.72834
2021-04,NORTH EAST AND YORKSHIRE,Flupentixol hydrochloride,2296.0,5849.73,5665.92943
2021-04,NORTH EAST AND YORKSHIRE,Tryptophan,18.0,472.82,442.41598
2021-04,NORTH EAST AND YORKSHIRE,Reboxetine,447.0,6412.55,6015.95464
2021-04,NORTH EAST AND YORKSHIRE,Venlafaxine,69733.0,401915.65,379152.42299
2021-04,NORTH EAST AND YORKSHIRE,Mirtazapine,193770.0,374477.22,359402.8892
2021-04,NORTH EAST AND YORKSHIRE,Duloxetine hydrochloride,59084.0,225061.17,212520.03888
2021-04,NORTH EAST AND YORKSHIRE,Agomelatine,333.0,6984.22,6533.32877
2021-04,NORTH EAST AND YORKSHIRE,Bupropion hydrochloride,177.0,5959.13,5563.65784
2021-04,NORTH WEST,Flupentixol hydrochloride,411.0,2504.04,2377.79087
2021-04,NORTH WEST,Flupentixol decanoate,499.0,11260.89,10531.15933
2021-04,NORTH WEST,Amitriptyline hydrochloride,171504.0,368203.57,347262.88983
2021-04,NORTH WEST,Clomipramine hydrochloride,3120.0,28911.41,27041.69549
2021-04,NORTH WEST,Dosulepin hydrochloride,5775.0,87196.76,81376.71823
2021-04,NORTH WEST,Doxepin,223.0,47026.48,43807.88565
2021-04,NORTH WEST,Imipramine hydrochloride,1153.0,22015.22,20538.54535
2021-04,NORTH WEST,Lofepramine hydrochloride,1437.0,30752.81,28748.21127
2021-04,NORTH WEST,Mianserin hydrochloride,2.0,68.88,64.18083
2021-04,NORTH WEST,Nortriptyline,11229.0,44239.48,42427.70152
2021-04,NORTH WEST,Trazodone hydrochloride,15795.0,87682.5,83003.0406
2021-04,NORTH WEST,Trimipramine maleate,174.0,64410.7,59998.94306
2021-04,NORTH WEST,Isocarboxazid,2.0,700.3,652.49642
2021-04,NORTH WEST,Moclobemide,84.0,3157.64,2948.72249
2021-04,NORTH WEST,Phenelzine sulfate,34.0,10402.07,9710.09074
2021-04,NORTH WEST,Tranylcypromine sulfate,23.0,33123.29,30852.08192
2021-04,NORTH WEST,Citalopram hydrobromide,163305.0,215299.78,204111.32037
2021-04,NORTH WEST,Fluoxetine hydrochloride,89609.0,300256.35,286635.0398
2021-04,NORTH WEST,Fluvoxamine maleate,242.0,4824.79,4516.18188
2021-04,NORTH WEST,Paroxetine hydrochloride,17193.0,57216.57,54612.23878
2021-04,NORTH WEST,Sertraline hydrochloride,274319.0,1113840.38,1045057.59305
2021-04,NORTH WEST,Escitalopram,16795.0,36020.59,33993.1375
2021-04,NORTH WEST,Citalopram hydrochloride,768.0,12390.56,11550.26985
2021-04,NORTH WEST,Vortioxetine,2815.0,59848.47,55893.47656
2021-04,NORTH WEST,Flupentixol hydrochloride,1475.0,4432.37,4266.07797
2021-04,NORTH WEST,Tryptophan,6.0,513.24,478.61508
2021-04,NORTH WEST,Nefazodone hydrochloride,2.0,516.41,481.01807
2021-04,NORTH WEST,Reboxetine,292.0,4685.01,4391.27103
2021-04,NORTH WEST,Venlafaxine,70262.0,463209.03,435688.90075
2021-04,NORTH WEST,Mirtazapine,166039.0,354119.79,337321.10306
2021-04,NORTH WEST,Duloxetine hydrochloride,44019.0,192746.86,181065.73832
2021-04,NORTH WEST,Agomelatine,120.0,4071.91,3798.91114
2021-04,NORTH WEST,Bupropion hydrochloride,143.0,5314.68,4959.09669
2021-04,SOUTH EAST,Flupentixol hydrochloride,300.0,1955.19,1853.50577
2021-04,SOUTH EAST,Flupentixol decanoate,521.0,8975.38,8379.326
2021-04,SOUTH EAST,Amitriptyline hydrochloride,156785.0,385658.92,363020.52892
2021-04,SOUTH EAST,Clomipramine hydrochloride,2549.0,26042.49,24331.61264
2021-04,SOUTH EAST,Dosulepin hydrochloride,5588.0,83001.52,77468.84693
2021-04,SOUTH EAST,Doxepin,198.0,53759.23,50076.57704
2021-04,SOUTH EAST,Imipramine hydrochloride,1774.0,34043.37,31754.51049
2021-04,SOUTH EAST,Lofepramine hydrochloride,1322.0,29636.2,27688.10895
2021-04,SOUTH EAST,Mianserin hydrochloride,6.0,622.38,579.86997
2021-04,SOUTH EAST,Nortriptyline,9425.0,41926.36,39898.62477
2021-04,SOUTH EAST,Trazodone hydrochloride,13781.0,77849.92,73599.63857
2021-04,SOUTH EAST,Trimipramine maleate,413.0,173866.39,161956.88085
2021-04,SOUTH EAST,Isocarboxazid,15.0,5339.75,4974.72213
2021-04,SOUTH EAST,Moclobemide,108.0,4891.27,4562.07885
2021-04,SOUTH EAST,Phenelzine sulfate,62.0,55664.14,51849.06852
2021-04,SOUTH EAST,Tranylcypromine sulfate,117.0,113206.71,105448.62708
2021-04,SOUTH EAST,Citalopram hydrobromide,169689.0,256348.31,242514.28524
2021-04,SOUTH EAST,Fluoxetine hydrochloride,78772.0,316522.33,299538.90883
2021-04,SOUTH EAST,Fluvoxamine maleate,295.0,7257.93,6779.47245
2021-04,SOUTH EAST,Paroxetine hydrochloride,14345.0,58608.3,55438.81359
2021-04,SOUTH EAST,Sertraline hydrochloride,230524.0,1105145.71,1035071.65871
2021-04,SOUTH EAST,Escitalopram,26405.0,61349.44,57788.33815
2021-04,SOUTH EAST,Citalopram hydrochloride,1022.0,16826.23,15684.52029
2021-04,SOUTH EAST,Vortioxetine,4596.0,112359.06,104862.4703
2021-04,SOUTH EAST,Flupentixol hydrochloride,1187.0,3714.56,3557.05429
2021-04,SOUTH EAST,Tryptophan,5.0,602.25,581.19573
2021-04,SOUTH EAST,Reboxetine,277.0,5550.11,5191.87978
2021-04,SOUTH EAST,Venlafaxine,60965.0,483362.41,453352.65047
2021-04,SOUTH EAST,Mirtazapine,120274.0,292096.59,277059.01559
2021-04,SOUTH EAST,Duloxetine hydrochloride,34821.0,172578.99,161944.34941
2021-04,SOUTH EAST,Agomelatine,583.0,23513.45,21923.49354
2021-04,SOUTH EAST,Bupropion hydrochloride,431.0,16731.16,15607.75294
2021-04,SOUTH WEST,Flupentixol hydrochloride,332.0,2133.48,2021.75425
2021-04,SOUTH WEST,Flupentixol decanoate,460.0,6500.68,6065.09666
2021-04,SOUTH WEST,Amitriptyline hydrochloride,145653.0,332035.77,312939.63433
2021-04,SOUTH WEST,Clomipramine hydrochloride,1928.0,18442.95,17245.80698
2021-04,SOUTH WEST,Dosulepin hydrochloride,4036.0,56959.57,53175.14967
2021-04,SOUTH WEST,Doxepin,238.0,45962.75,42819.19659
2021-04,SOUTH WEST,Imipramine hydrochloride,1266.0,20427.28,19065.04746
2021-04,SOUTH WEST,Lofepramine hydrochloride,1400.0,29057.77,27158.59558
2021-04,SOUTH WEST,Mianserin hydrochloride,4.0,426.72,397.60404
2021-04,SOUTH WEST,Nortriptyline,5496.0,21278.78,20318.75299
2021-04,SOUTH WEST,Trazodone hydrochloride,9267.0,39552.46,37544.64375
2021-04,SOUTH WEST,Trimipramine maleate,153.0,56024.79,52187.21479
2021-04,SOUTH WEST,Isocarboxazid,48.0,9453.99,8809.96889
2021-04,SOUTH WEST,Moclobemide,84.0,2078.58,1941.6308
2021-04,SOUTH WEST,Phenelzine sulfate,46.0,21610.69,20169.58139
2021-04,SOUTH WEST,Tranylcypromine sulfate,66.0,74954.8,69816.9872
2021-04,SOUTH WEST,Citalopram hydrobromide,133041.0,190910.09,180868.00222
2021-04,SOUTH WEST,Fluoxetine hydrochloride,57991.0,200372.07,189830.70629
2021-04,SOUTH WEST,Fluvoxamine maleate,179.0,4132.22,3861.70487
2021-04,SOUTH WEST,Paroxetine hydrochloride,10763.0,41002.99,38803.68942
2021-04,SOUTH WEST,Sertraline hydrochloride,166622.0,741686.23,695227.99844
2021-04,SOUTH WEST,Escitalopram,13124.0,29321.23,27668.16738
2021-04,SOUTH WEST,Citalopram hydrochloride,511.0,8447.83,7874.33397
2021-04,SOUTH WEST,Vortioxetine,1116.0,27534.87,25698.518
2021-04,SOUTH WEST,Flupentixol hydrochloride,1028.0,3188.96,3054.98272
2021-04,SOUTH WEST,Tryptophan,6.0,587.58,547.95664
2021-04,SOUTH WEST,Reboxetine,256.0,4420.52,4139.20125
2021-04,SOUTH WEST,Venlafaxine,50792.0,338740.0,317993.71002
2021-04,SOUTH WEST,Mirtazapine,101598.0,229128.7,217869.75993
2021-04,SOUTH WEST,Duloxetine hydrochloride,26951.0,119471.75,112294.57312
2021-04,SOUTH WEST,Agomelatine,222.0,8005.2,7465.7612
2021-04,SOUTH WEST,Bupropion hydrochloride,161.0,6497.9,6060.29316
2021-04,UNIDENTIFIED,Flupentixol decanoate,2.0,128.85,120.13794
2021-04,UNIDENTIFIED,Amitriptyline hydrochloride,63.0,91.91,87.76296
2021-04,UNIDENTIFIED,Nortriptyline,1.0,2.96,2.7694
2021-04,UNIDENTIFIED,Trazodone hydrochloride,5.0,30.55,28.81681
2021-04,UNIDENTIFIED,Citalopram hydrobromide,32.0,39.77,38.08967
2021-04,UNIDENTIFIED,Fluoxetine hydrochloride,133.0,2867.93,2678.46433
2021-04,UNIDENTIFIED,Fluvoxamine maleate,3.0,51.45,48.25862
2021-04,UNIDENTIFIED,Paroxetine hydrochloride,2.0,2.14,2.11804
2021-04,UNIDENTIFIED,Sertraline hydrochloride,97.0,381.9,360.07388
2021-04,UNIDENTIFIED,Escitalopram,4.0,7.12,6.68129
2021-04,UNIDENTIFIED,Vortioxetine,6.0,124.74,116.55941
2021-04,UNIDENTIFIED,Flupentixol hydrochloride,1.0,2.27,2.22672
2021-04,UNIDENTIFIED,Tryptophan,5.0,185.19,173.05119
2021-04,UNIDENTIFIED,Reboxetine,1.0,4.41,4.21995
2021-04,UNIDENTIFIED,Venlafaxine,38.0,578.85,541.58498
2021-04,UNIDENTIFIED,Mirtazapine,90.0,178.87,171.60622
2021-04,UNIDENTIFIED,Duloxetine hydrochloride,41.0,138.54,131.24698
2021-04,UNIDENTIFIED,Bupropion hydrochloride,2.0,194.88,181.73942
2021-05,EAST OF ENGLAND,Flupentixol hydrochloride,232.0,1458.66,1382.98753
2021-05,EAST OF ENGLAND,Flupentixol decanoate,314.0,4247.81,3967.42818
2021-05,EAST OF ENGLAND,Amitriptyline hydrochloride,154834.0,323488.0,304770.83324
2021-05,EAST OF ENGLAND,Clomipramine hydrochloride,2774.0,21790.68,20405.74993
2021-05,EAST OF ENGLAND,Dosulepin hydrochloride,4711.0,60175.19,56198.39268
2021-05,EAST OF ENGLAND,Doxepin,178.0,37619.89,35057.35902
2021-05,EAST OF ENGLAND,Imipramine hydrochloride,1181.0,22265.89,20774.59767
2021-05,EAST OF ENGLAND,Lofepramine hydrochloride,1297.0,25337.62,23694.92361
2021-05,EAST OF ENGLAND,Mianserin hydrochloride,2.0,103.32,96.29515
2021-05,EAST OF ENGLAND,Nortriptyline,7888.0,31590.16,30188.61412
2021-05,EAST OF ENGLAND,Trazodone hydrochloride,7368.0,32459.48,30828.41843
2021-05,EAST OF ENGLAND,Trimipramine maleate,226.0,89500.26,83399.92458
2021-05,EAST OF ENGLAND,Isocarboxazid,17.0,5988.15,5580.25698
2021-05,EAST OF ENGLAND,Moclobemide,81.0,2585.55,2414.50188
2021-05,EAST OF ENGLAND,Phenelzine sulfate,59.0,32964.13,30716.35275
2021-05,EAST OF ENGLAND,Tranylcypromine sulfate,30.0,24617.99,22939.50835
2021-05,EAST OF ENGLAND,Citalopram hydrobromide,165779.0,213513.38,202262.32509
2021-05,EAST OF ENGLAND,Fluoxetine hydrochloride,68099.0,278377.59,262609.12202
2021-05,EAST OF ENGLAND,Fluvoxamine maleate,235.0,4407.73,4122.80145
2021-05,EAST OF ENGLAND,Paroxetine hydrochloride,13369.0,48451.83,45767.09175
2021-05,EAST OF ENGLAND,Sertraline hydrochloride,186699.0,766401.86,718528.14926
2021-05,EAST OF ENGLAND,Escitalopram,13815.0,29464.3,27774.63151
2021-05,EAST OF ENGLAND,Citalopram hydrochloride,745.0,12691.62,11834.39664
2021-05,EAST OF ENGLAND,Vortioxetine,2310.0,56042.91,52308.45085
2021-05,EAST OF ENGLAND,Flupentixol hydrochloride,1748.0,4879.52,4685.31478
2021-05,EAST OF ENGLAND,Tryptophan,2.0,399.88,372.72048
2021-05,EAST OF ENGLAND,Reboxetine,198.0,3427.34,3208.83274
2021-05,EAST OF ENGLAND,Venlafaxine,59378.0,356998.43,335232.28665
2021-05,EAST OF ENGLAND,Mirtazapine,89742.0,197702.23,187856.94186
2021-05,EAST OF ENGLAND,Duloxetine hydrochloride,25620.0,111130.76,104377.79016
2021-05,EAST OF ENGLAND,Agomelatine,163.0,6126.35,5713.77639
2021-05,EAST OF ENGLAND,Bupropion hydrochloride,208.0,7505.71,7004.16751
2021-05,LONDON,Flupentixol hydrochloride,421.0,2290.91,2181.41892
2021-05,LONDON,Flupentixol decanoate,540.0,12843.49,11994.78745
2021-05,LONDON,Amitriptyline hydrochloride,102114.0,197793.76,188836.84244
2021-05,LONDON,Clomipramine hydrochloride,1660.0,16211.5,15176.65292
2021-05,LONDON,Dosulepin hydrochloride,3128.0,45563.1,42614.26128
2021-05,LONDON,Doxepin,197.0,38498.36,35882.41136
2021-05,LONDON,Imipramine hydrochloride,898.0,17665.62,16505.80725
2021-05,LONDON,Lofepramine hydrochloride,1136.0,20795.76,19469.02626
2021-05,LONDON,Mianserin hydrochloride,5.0,214.5,199.9264
2021-05,LONDON,Nortriptyline,6443.0,20351.49,19607.17775
2021-05,LONDON,Trazodone hydrochloride,4938.0,23048.8,21888.3812
2021-05,LONDON,Trimipramine maleate,311.0,131937.04,122947.96617
2021-05,LONDON,Isocarboxazid,24.0,4650.55,4335.53472
2021-05,LONDON,Moclobemide,97.0,3323.0,3103.67037
2021-05,LONDON,Phenelzine sulfate,38.0,24972.67,23269.82452
2021-05,LONDON,Tranylcypromine sulfate,64.0,90205.82,84053.65705
2021-05,LONDON,Citalopram hydrobromide,106133.0,145462.69,139854.13521
2021-05,LONDON,Fluoxetine hydrochloride,45987.0,193805.99,183803.6914
2021-05,LONDON,Fluvoxamine maleate,252.0,6261.25,5852.46194
2021-05,LONDON,Paroxetine hydrochloride,11323.0,39274.28,37418.75007
2021-05,LONDON,Sertraline hydrochloride,151210.0,651236.01,613200.86015
2021-05,LONDON,Escitalopram,13636.0,35690.11,33688.11344
2021-05,LONDON,Citalopram hydrochloride,383.0,6877.69,6413.16568
2021-05,LONDON,Vortioxetine,1797.0,45153.9,42168.17601
2021-05,LONDON,Flupentixol hydrochloride,766.0,2189.51,2111.31552
2021-05,LONDON,Oxitriptan,1.0,21.75,20.27837
2021-05,LONDON,Tryptophan,13.0,266.0,249.21167
2021-05,LONDON,Reboxetine,164.0,3000.9,2810.57849
2021-05,LONDON,Venlafaxine,37090.0,238548.23,224938.31024
2021-05,LONDON,Mirtazapine,93482.0,191082.61,183752.37782
2021-05,LONDON,Duloxetine hydrochloride,19698.0,77673.81,73550.98212
2021-05,LONDON,Agomelatine,339.0,12373.26,11547.9201
2021-05,LONDON,Bupropion hydrochloride,701.0,29932.82,27929.35846
2021-05,MIDLANDS,Flupentixol hydrochloride,394.0,2580.04,2445.66253
2021-05,MIDLANDS,Flupentixol decanoate,496.0,10170.27,9507.46884
2021-05,MIDLANDS,Amitriptyline hydrochloride,233691.0,506758.26,477258.62953
2021-05,MIDLANDS,Amoxapine,1.0,183.68,171.25968
2021-05,MIDLANDS,Clomipramine hydrochloride,3055.0,30240.58,28267.69201
2021-05,MIDLANDS,Dosulepin hydrochloride,7063.0,106256.64,99180.05618
2021-05,MIDLANDS,Doxepin,261.0,50405.64,46970.95292
2021-05,MIDLANDS,Imipramine hydrochloride,2074.0,42954.37,40069.42614
2021-05,MIDLANDS,Lofepramine hydrochloride,2652.0,57698.17,53936.99414
2021-05,MIDLANDS,Mianserin hydrochloride,5.0,244.52,227.9981
2021-05,MIDLANDS,Nortriptyline,10117.0,45266.16,43127.02135
2021-05,MIDLANDS,Trazodone hydrochloride,11234.0,55921.13,52944.5656
2021-05,MIDLANDS,Trimipramine maleate,235.0,93567.99,87190.85696
2021-05,MIDLANDS,Isocarboxazid,24.0,7450.2,6943.54866
2021-05,MIDLANDS,Moclobemide,95.0,4030.94,3762.23311
2021-05,MIDLANDS,Phenelzine sulfate,27.0,10017.07,9344.31512
2021-05,MIDLANDS,Tranylcypromine sulfate,51.0,49656.85,46271.42066
2021-05,MIDLANDS,Citalopram hydrobromide,221666.0,304977.18,288520.71716
2021-05,MIDLANDS,Fluoxetine hydrochloride,110238.0,386093.79,365937.01876
2021-05,MIDLANDS,Fluvoxamine maleate,380.0,6921.88,6480.19347
2021-05,MIDLANDS,Paroxetine hydrochloride,19292.0,70832.23,67102.03807
2021-05,MIDLANDS,Sertraline hydrochloride,305802.0,1319296.12,1236390.08945
2021-05,MIDLANDS,Escitalopram,21754.0,46498.48,43834.28081
2021-05,MIDLANDS,Citalopram hydrochloride,1076.0,17402.85,16228.43902
2021-05,MIDLANDS,Vortioxetine,3652.0,87847.65,82002.54131
2021-05,MIDLANDS,Flupentixol hydrochloride,2397.0,7234.23,6950.78082
2021-05,MIDLANDS,Oxitriptan,2.0,43.95,98.15604
2021-05,MIDLANDS,Tryptophan,22.0,2016.48,1879.86659
2021-05,MIDLANDS,Reboxetine,287.0,5370.4,5025.69585
2021-05,MIDLANDS,Venlafaxine,76096.0,522315.44,490372.10891
2021-05,MIDLANDS,Mirtazapine,151550.0,349216.63,331029.87724
2021-05,MIDLANDS,Duloxetine hydrochloride,47727.0,219287.65,205788.02272
2021-05,MIDLANDS,Agomelatine,238.0,8952.49,8350.53999
2021-05,MIDLANDS,Bupropion hydrochloride,197.0,6651.72,6211.87114
2021-05,NORTH EAST AND YORKSHIRE,Flupentixol hydrochloride,641.0,3187.31,3040.59775
2021-05,NORTH EAST AND YORKSHIRE,Flupentixol decanoate,561.0,10065.25,9407.32856
2021-05,NORTH EAST AND YORKSHIRE,Amitriptyline hydrochloride,249855.0,493746.42,468356.58864
2021-05,NORTH EAST AND YORKSHIRE,Clomipramine hydrochloride,3410.0,27592.16,25872.72192
2021-05,NORTH EAST AND YORKSHIRE,Dosulepin hydrochloride,6079.0,77892.81,72809.92498
2021-05,NORTH EAST AND YORKSHIRE,Doxepin,362.0,69082.84,64383.49609
2021-05,NORTH EAST AND YORKSHIRE,Imipramine hydrochloride,1833.0,32291.27,30154.44475
2021-05,NORTH EAST AND YORKSHIRE,Lofepramine hydrochloride,3127.0,56883.98,53245.82434
2021-05,NORTH EAST AND YORKSHIRE,Mianserin hydrochloride,8.0,296.34,276.70716
2021-05,NORTH EAST AND YORKSHIRE,Nortriptyline,10142.0,34568.11,33215.14011
2021-05,NORTH EAST AND YORKSHIRE,Trazodone hydrochloride,36686.0,113627.03,108996.78387
2021-05,NORTH EAST AND YORKSHIRE,Trimipramine maleate,263.0,84071.73,78348.63402
2021-05,NORTH EAST AND YORKSHIRE,Isocarboxazid,7.0,2504.14,2333.66617
2021-05,NORTH EAST AND YORKSHIRE,Moclobemide,103.0,3623.07,3384.20341
2021-05,NORTH EAST AND YORKSHIRE,Phenelzine sulfate,60.0,24673.46,22992.37806
2021-05,NORTH EAST AND YORKSHIRE,Tranylcypromine sulfate,53.0,56991.08,53104.90212
2021-05,NORTH EAST AND YORKSHIRE,Citalopram hydrobromide,197110.0,246898.04,235952.85381
2021-05,NORTH EAST AND YORKSHIRE,Fluoxetine hydrochloride,135425.0,381998.78,365721.8991
2021-05,NORTH EAST AND YORKSHIRE,Fluvoxamine maleate,320.0,6102.11,5712.44978
2021-05,NORTH EAST AND YORKSHIRE,Paroxetine hydrochloride,18862.0,58374.97,55687.66673
2021-05,NORTH EAST AND YORKSHIRE,Sertraline hydrochloride,316520.0,1212092.91,1140388.17993
2021-05,NORTH EAST AND YORKSHIRE,Escitalopram,16594.0,32574.59,30922.33831
2021-05,NORTH EAST AND YORKSHIRE,Citalopram hydrochloride,804.0,13093.2,12209.56833
2021-05,NORTH EAST AND YORKSHIRE,Vortioxetine,2783.0,48698.1,45570.9215
2021-05,NORTH EAST AND YORKSHIRE,Flupentixol hydrochloride,2185.0,5351.67,5195.40676
2021-05,NORTH EAST AND YORKSHIRE,Tryptophan,24.0,1371.32,1320.2507
2021-05,NORTH EAST AND YORKSHIRE,Nefazodone hydrochloride,1.0,144.56,134.70889
2021-05,NORTH EAST AND YORKSHIRE,Reboxetine,455.0,6211.75,5832.19551
2021-05,NORTH EAST AND YORKSHIRE,Venlafaxine,66455.0,378394.53,357169.67627
2021-05,NORTH EAST AND YORKSHIRE,Mirtazapine,184883.0,355667.05,341580.63461
2021-05,NORTH EAST AND YORKSHIRE,Duloxetine hydrochloride,57360.0,218547.69,206441.4524
2021-05,NORTH EAST AND YORKSHIRE,Agomelatine,348.0,7318.9,6848.32486
2021-05,NORTH EAST AND YORKSHIRE,Bupropion hydrochloride,187.0,6597.36,6160.44581
2021-05,NORTH WEST,Flupentixol hydrochloride,387.0,2433.68,2310.52615
2021-05,NORTH WEST,Flupentixol decanoate,478.0,10707.22,10017.07497
2021-05,NORTH WEST,Amitriptyline hydrochloride,161645.0,348296.51,328599.05098
2021-05,NORTH WEST,Clomipramine hydrochloride,2946.0,27996.97,26190.77255
2021-05,NORTH WEST,Dosulepin hydrochloride,5362.0,80592.73,75241.04705
2021-05,NORTH WEST,Doxepin,206.0,43695.02,40720.45875
2021-05,NORTH WEST,Imipramine hydrochloride,1031.0,20884.02,19486.67463
2021-05,NORTH WEST,Lofepramine hydrochloride,1368.0,28645.28,26791.4548
2021-05,NORTH WEST,Mianserin hydrochloride,3.0,103.32,96.30755
2021-05,NORTH WEST,Nortriptyline,10628.0,43100.54,41289.3989
2021-05,NORTH WEST,Trazodone hydrochloride,14910.0,81492.62,77195.66969
2021-05,NORTH WEST,Trimipramine maleate,173.0,65226.05,60781.02729
2021-05,NORTH WEST,Isocarboxazid,3.0,1524.26,1420.49501
2021-05,NORTH WEST,Moclobemide,76.0,2713.45,2534.75032
2021-05,NORTH WEST,Phenelzine sulfate,17.0,5011.78,4690.43075
2021-05,NORTH WEST,Tranylcypromine sulfate,17.0,26917.45,25081.24932
2021-05,NORTH WEST,Citalopram hydrobromide,154819.0,204868.78,194270.24179
2021-05,NORTH WEST,Fluoxetine hydrochloride,85179.0,294097.61,280627.98041
2021-05,NORTH WEST,Fluvoxamine maleate,240.0,4857.13,4547.68548
2021-05,NORTH WEST,Paroxetine hydrochloride,16224.0,54811.69,52316.55402
2021-05,NORTH WEST,Sertraline hydrochloride,261179.0,1062834.58,997525.74628
2021-05,NORTH WEST,Escitalopram,16076.0,34445.68,32521.39845
2021-05,NORTH WEST,Citalopram hydrochloride,741.0,12220.08,11395.45199
2021-05,NORTH WEST,Vortioxetine,2718.0,56866.59,53132.24191
2021-05,NORTH WEST,Flupentixol hydrochloride,1431.0,4346.53,4185.61906
2021-05,NORTH WEST,Tryptophan,8.0,1594.96,1486.73307
2021-05,NORTH WEST,Nefazodone hydrochloride,1.0,1.55,1.45664
2021-05,NORTH WEST,Reboxetine,278.0,4461.02,4183.13684
2021-05,NORTH WEST,Venlafaxine,67029.0,441227.86,415146.21129
2021-05,NORTH WEST,Mirtazapine,156477.0,330473.97,314987.37114
2021-05,NORTH WEST,Duloxetine hydrochloride,41582.0,181664.73,170705.2964
2021-05,NORTH WEST,Agomelatine,118.0,3906.25,3645.2227
2021-05,NORTH WEST,Bupropion hydrochloride,157.0,5753.91,5371.21057
2021-05,SOUTH EAST,Flupentixol hydrochloride,267.0,1512.46,1438.54901
2021-05,SOUTH EAST,Flupentixol decanoate,427.0,6032.67,5639.68218
2021-05,SOUTH EAST,Amitriptyline hydrochloride,151371.0,372369.92,350633.41455
2021-05,SOUTH EAST,Clomipramine hydrochloride,2520.0,25918.89,24223.78668
2021-05,SOUTH EAST,Dosulepin hydrochloride,5292.0,77996.47,72822.51978
2021-05,SOUTH EAST,Doxepin,201.0,44954.93,41892.12999
2021-05,SOUTH EAST,Imipramine hydrochloride,1717.0,34250.89,31960.25037
2021-05,SOUTH EAST,Lofepramine hydrochloride,1261.0,29469.12,27536.56038
2021-05,SOUTH EAST,Mianserin hydrochloride,7.0,302.4,281.95367
2021-05,SOUTH EAST,Nortriptyline,9048.0,39927.0,38013.90147
2021-05,SOUTH EAST,Trazodone hydrochloride,13364.0,71317.69,67508.00823
2021-05,SOUTH EAST,Trimipramine maleate,357.0,142564.51,132849.35769
2021-05,SOUTH EAST,Isocarboxazid,13.0,5906.49,5504.24393
2021-05,SOUTH EAST,Moclobemide,106.0,4192.2,3912.68856
2021-05,SOUTH EAST,Phenelzine sulfate,63.0,36308.7,33854.04334
2021-05,SOUTH EAST,Tranylcypromine sulfate,121.0,120194.97,111999.96679
2021-05,SOUTH EAST,Citalopram hydrobromide,163967.0,248402.13,235102.01274
2021-05,SOUTH EAST,Fluoxetine hydrochloride,76283.0,312810.6,295936.86981
2021-05,SOUTH EAST,Fluvoxamine maleate,268.0,6476.2,6052.87029
2021-05,SOUTH EAST,Paroxetine hydrochloride,13658.0,55709.34,52731.26667
2021-05,SOUTH EAST,Sertraline hydrochloride,224807.0,1076181.77,1008302.06919
2021-05,SOUTH EAST,Escitalopram,25663.0,59359.52,55941.62514
2021-05,SOUTH EAST,Citalopram hydrochloride,930.0,16356.04,15251.25621
2021-05,SOUTH EAST,Vortioxetine,4454.0,111778.92,104350.22902
2021-05,SOUTH EAST,Flupentixol hydrochloride,1188.0,3779.76,3616.86068
2021-05,SOUTH EAST,Tryptophan,11.0,1635.13,1553.79942
2021-05,SOUTH EAST,Nefazodone hydrochloride,3.0,2899.44,2701.64476
2021-05,SOUTH EAST,Reboxetine,246.0,4978.44,4658.8069
2021-05,SOUTH EAST,Venlafaxine,59047.0,471933.21,442771.07222
2021-05,SOUTH EAST,Mirtazapine,115702.0,282166.84,267671.48065
2021-05,SOUTH EAST,Duloxetine hydrochloride,33764.0,169025.74,158649.73654
2021-05,SOUTH EAST,Agomelatine,570.0,20405.17,19037.50647
2021-05,SOUTH EAST,Bupropion hydrochloride,431.0,16336.51,15245.24548
2021-05,SOUTH WEST,Flupentixol hydrochloride,331.0,2150.47,2037.59726
2021-05,SOUTH WEST,Flupentixol decanoate,449.0,6440.36,6011.0265
2021-05,SOUTH WEST,Amitriptyline hydrochloride,139188.0,320692.82,302299.39444
2021-05,SOUTH WEST,Clomipramine hydrochloride,1790.0,17518.3,16384.61284
2021-05,SOUTH WEST,Dosulepin hydrochloride,3715.0,54006.99,50433.01196
2021-05,SOUTH WEST,Doxepin,202.0,40562.5,37802.00184
2021-05,SOUTH WEST,Imipramine hydrochloride,1169.0,19613.16,18312.79855
2021-05,SOUTH WEST,Lofepramine hydrochloride,1321.0,27011.13,25256.7415
2021-05,SOUTH WEST,Mianserin hydrochloride,4.0,506.76,472.53274
2021-05,SOUTH WEST,Nortriptyline,5396.0,20154.5,19270.4707
2021-05,SOUTH WEST,Trazodone hydrochloride,8775.0,35757.13,33981.31329
2021-05,SOUTH WEST,Trimipramine maleate,140.0,54403.04,50694.32773
2021-05,SOUTH WEST,Isocarboxazid,36.0,8737.66,8144.37524
2021-05,SOUTH WEST,Moclobemide,81.0,2657.54,2481.71793
2021-05,SOUTH WEST,Phenelzine sulfate,43.0,18002.16,16775.15838
2021-05,SOUTH WEST,Tranylcypromine sulfate,63.0,95436.01,88926.2226
2021-05,SOUTH WEST,Citalopram hydrobromide,127072.0,181944.86,172433.96369
2021-05,SOUTH WEST,Fluoxetine hydrochloride,55395.0,186392.52,176739.8489
2021-05,SOUTH WEST,Fluvoxamine maleate,159.0,3392.79,3173.31852
2021-05,SOUTH WEST,Paroxetine hydrochloride,10333.0,39219.34,37137.17755
2021-05,SOUTH WEST,Sertraline hydrochloride,160804.0,715036.4,670493.03819
2021-05,SOUTH WEST,Escitalopram,12672.0,27686.83,26142.58016
2021-05,SOUTH WEST,Citalopram hydrochloride,510.0,8118.76,7570.85791
2021-05,SOUTH WEST,Vortioxetine,1133.0,27668.52,25833.87243
2021-05,SOUTH WEST,Flupentixol hydrochloride,1010.0,3067.3,2939.92186
2021-05,SOUTH WEST,Tryptophan,10.0,357.04,333.80271
2021-05,SOUTH WEST,Reboxetine,244.0,4258.49,3988.64358
2021-05,SOUTH WEST,Venlafaxine,48347.0,320030.65,300558.7199
2021-05,SOUTH WEST,Mirtazapine,97428.0,218609.08,207983.54736
2021-05,SOUTH WEST,Duloxetine hydrochloride,26077.0,115615.92,108703.40065
2021-05,SOUTH WEST,Agomelatine,204.0,7870.35,7341.61345
2021-05,SOUTH WEST,Bupropion hydrochloride,174.0,7237.06,6751.96345
2021-05,UNIDENTIFIED,Flupentixol decanoate,3.0,39.5,37.04207
2021-05,UNIDENTIFIED,Amitriptyline hydrochloride,37.0,67.77,64.20476
2021-05,UNIDENTIFIED,Clomipramine hydrochloride,2.0,17.56,16.48666
2021-05,UNIDENTIFIED,Nortriptyline,4.0,3.85,4.03691
2021-05,UNIDENTIFIED,Trazodone hydrochloride,8.0,39.11,36.84068
2021-05,UNIDENTIFIED,Citalopram hydrobromide,36.0,37.34,36.33865
2021-05,UNIDENTIFIED,Fluoxetine hydrochloride,139.0,3852.25,3598.12972
2021-05,UNIDENTIFIED,Fluvoxamine maleate,2.0,49.0,45.88147
2021-05,UNIDENTIFIED,Paroxetine hydrochloride,4.0,10.16,9.71636
2021-05,UNIDENTIFIED,Sertraline hydrochloride,87.0,401.84,378.20075
2021-05,UNIDENTIFIED,Escitalopram,1.0,1.63,1.53118
2021-05,UNIDENTIFIED,Vortioxetine,2.0,41.58,38.86774
2021-05,UNIDENTIFIED,Flupentixol hydrochloride,1.0,2.27,2.22752
2021-05,UNIDENTIFIED,Tryptophan,4.0,223.55,208.7465
2021-05,UNIDENTIFIED,Venlafaxine,42.0,495.52,465.03089
2021-05,UNIDENTIFIED,Mirtazapine,63.0,139.71,133.9586
2021-05,UNIDENTIFIED,Duloxetine hydrochloride,52.0,208.92,196.90992
2021-05,UNIDENTIFIED,Bupropion hydrochloride,3.0,176.78,164.85528
2021-06,EAST OF ENGLAND,Flupentixol hydrochloride,218.0,1556.2,1470.94705
2021-06,EAST OF ENGLAND,Flupentixol decanoate,334.0,4720.94,4405.95438
2021-06,EAST OF ENGLAND,Amitriptyline hydrochloride,163423.0,340642.1,320765.13614
2021-06,EAST OF ENGLAND,Clomipramine hydrochloride,2968.0,23329.81,21834.66824
2021-06,EAST OF ENGLAND,Dosulepin hydrochloride,4917.0,64933.59,60595.57002
2021-06,EAST OF ENGLAND,Doxepin,173.0,31304.89,29155.67484
2021-06,EAST OF ENGLAND,Imipramine hydrochloride,1221.0,23206.99,21639.99943
2021-06,EAST OF ENGLAND,Lofepramine hydrochloride,1338.0,26463.15,24734.14932
2021-06,EAST OF ENGLAND,Mianserin hydrochloride,2.0,103.32,96.23779
2021-06,EAST OF ENGLAND,Nortriptyline,8066.0,36291.54,34502.28212
2021-06,EAST OF ENGLAND,Trazodone hydrochloride,7469.0,34868.34,33062.35826
2021-06,EAST OF ENGLAND,Trimipramine maleate,218.0,78726.82,73318.4662
2021-06,EAST OF ENGLAND,Isocarboxazid,27.0,10210.96,9509.88251
2021-06,EAST OF ENGLAND,Moclobemide,72.0,2833.25,2642.80415
2021-06,EAST OF ENGLAND,Phenelzine sulfate,58.0,25829.56,24054.40736
2021-06,EAST OF ENGLAND,Tranylcypromine sulfate,38.0,32214.34,29999.74091
2021-06,EAST OF ENGLAND,Citalopram hydrobromide,174222.0,224112.87,212191.90307
2021-06,EAST OF ENGLAND,Fluoxetine hydrochloride,71968.0,295972.43,279020.77889
2021-06,EAST OF ENGLAND,Fluvoxamine maleate,250.0,4896.04,4576.52342
2021-06,EAST OF ENGLAND,Paroxetine hydrochloride,14190.0,51091.0,48223.73324
2021-06,EAST OF ENGLAND,Sertraline hydrochloride,198138.0,814822.35,763504.05291
2021-06,EAST OF ENGLAND,Escitalopram,14606.0,30958.86,29158.8007
2021-06,EAST OF ENGLAND,Citalopram hydrochloride,785.0,13229.98,12329.15031
2021-06,EAST OF ENGLAND,Vortioxetine,2453.0,60413.76,56352.48099
2021-06,EAST OF ENGLAND,Flupentixol hydrochloride,1818.0,5001.44,4802.2208
2021-06,EAST OF ENGLAND,Tryptophan,5.0,209.3,195.0402
2021-06,EAST OF ENGLAND,Reboxetine,203.0,3802.11,3555.83332
2021-06,EAST OF ENGLAND,Venlafaxine,63284.0,377756.43,354531.14384
2021-06,EAST OF ENGLAND,Mirtazapine,95033.0,206688.19,196331.30118
2021-06,EAST OF ENGLAND,Duloxetine hydrochloride,27356.0,118269.84,111028.74838
2021-06,EAST OF ENGLAND,Agomelatine,180.0,6367.36,5935.51826
2021-06,EAST OF ENGLAND,Bupropion hydrochloride,259.0,9262.4,8639.93726
2021-06,LONDON,Flupentixol hydrochloride,467.0,2399.81,2286.92662
2021-06,LONDON,Flupentixol decanoate,554.0,14279.52,13326.01856
2021-06,LONDON,Amitriptyline hydrochloride,107979.0,209275.95,199701.90895
2021-06,LONDON,Clomipramine hydrochloride,1798.0,17428.02,16307.60369
2021-06,LONDON,Dosulepin hydrochloride,3260.0,46660.52,43618.23595
2021-06,LONDON,Doxepin,213.0,46672.5,43472.90834
2021-06,LONDON,Imipramine hydrochloride,911.0,15874.5,14828.64728
2021-06,LONDON,Lofepramine hydrochloride,1260.0,23011.35,21531.10625
2021-06,LONDON,Mianserin hydrochloride,6.0,429.66,400.27963
2021-06,LONDON,Nortriptyline,6825.0,25387.03,24324.9758
2021-06,LONDON,Trazodone hydrochloride,5233.0,24402.79,23164.10197
2021-06,LONDON,Trimipramine maleate,322.0,134445.65,125211.91177
2021-06,LONDON,Isocarboxazid,19.0,3414.02,3180.81749
2021-06,LONDON,Moclobemide,95.0,2777.85,2594.14968
2021-06,LONDON,Phenelzine sulfate,37.0,16313.84,15193.22862
2021-06,LONDON,Tranylcypromine sulfate,62.0,70127.91,65306.33285
2021-06,LONDON,Citalopram hydrobromide,111544.0,153634.28,147561.15404
2021-06,LONDON,Fluoxetine hydrochloride,48546.0,209055.27,198078.76979
2021-06,LONDON,Fluvoxamine maleate,292.0,6493.46,6069.41905
2021-06,LONDON,Paroxetine hydrochloride,11995.0,41301.55,39338.10171
2021-06,LONDON,Sertraline hydrochloride,160875.0,697984.11,656764.05264
2021-06,LONDON,Escitalopram,14149.0,36479.31,34421.67507
2021-06,LONDON,Citalopram hydrochloride,409.0,7490.03,6979.88936
2021-06,LONDON,Vortioxetine,1989.0,52241.31,48748.78035
2021-06,LONDON,Flupentixol hydrochloride,790.0,2177.8,2100.89343
2021-06,LONDON,Oxitriptan,2.0,68.63,64.03399
2021-06,LONDON,Tryptophan,23.0,2321.0,2163.73199
2021-06,LONDON,Reboxetine,159.0,2553.68,2392.29316
2021-06,LONDON,Venlafaxine,39744.0,254908.74,240237.30026
2021-06,LONDON,Mirtazapine,99579.0,202748.72,194920.01162
2021-06,LONDON,Duloxetine hydrochloride,21223.0,83942.1,79434.18771
2021-06,LONDON,Agomelatine,391.0,13434.71,12531.93316
2021-06,LONDON,Bupropion hydrochloride,737.0,31915.74,29761.31002
2021-06,MIDLANDS,Flupentixol hydrochloride,403.0,2738.63,2593.13518
2021-06,MIDLANDS,Flupentixol decanoate,535.0,13515.5,12619.29257
2021-06,MIDLANDS,Amitriptyline hydrochloride,248611.0,539763.9,508053.91538
2021-06,MIDLANDS,Clomipramine hydrochloride,3279.0,32067.12,29955.11972
2021-06,MIDLANDS,Dosulepin hydrochloride,7396.0,108728.49,101430.60554
2021-06,MIDLANDS,Doxepin,291.0,52757.5,49133.8144
2021-06,MIDLANDS,Imipramine hydrochloride,2124.0,43508.19,40563.52701
2021-06,MIDLANDS,Lofepramine hydrochloride,2773.0,60190.04,56236.11501
2021-06,MIDLANDS,Mianserin hydrochloride,11.0,687.42,640.27126
2021-06,MIDLANDS,Nortriptyline,10672.0,48314.01,45996.32055
2021-06,MIDLANDS,Trazodone hydrochloride,11984.0,60984.02,57689.32493
2021-06,MIDLANDS,Trimipramine maleate,237.0,98199.45,91451.46907
2021-06,MIDLANDS,Isocarboxazid,22.0,6229.24,5802.21345
2021-06,MIDLANDS,Moclobemide,112.0,4313.31,4024.56535
2021-06,MIDLANDS,Phenelzine sulfate,63.0,22560.07,21020.28821
2021-06,MIDLANDS,Tranylcypromine sulfate,66.0,65187.09,60706.31125
2021-06,MIDLANDS,Citalopram hydrobromide,236580.0,325616.42,307865.0262
2021-06,MIDLANDS,Fluoxetine hydrochloride,118145.0,419811.77,397530.85254
2021-06,MIDLANDS,Fluvoxamine maleate,407.0,7961.41,7445.81006
2021-06,MIDLANDS,Paroxetine hydrochloride,20515.0,76085.33,72031.8578
2021-06,MIDLANDS,Sertraline hydrochloride,328587.0,1417300.31,1327532.2596
2021-06,MIDLANDS,Escitalopram,23209.0,48720.72,45918.19901
2021-06,MIDLANDS,Citalopram hydrochloride,1227.0,20121.49,18752.223
2021-06,MIDLANDS,Vortioxetine,4037.0,96243.84,89794.75425
2021-06,MIDLANDS,Flupentixol hydrochloride,2521.0,7531.3,7235.2756
2021-06,MIDLANDS,Oxitriptan,1.0,20.3,39.01604
2021-06,MIDLANDS,Tryptophan,14.0,1117.32,1040.93798
2021-06,MIDLANDS,Reboxetine,284.0,5170.32,4836.89707
2021-06,MIDLANDS,Venlafaxine,82033.0,561521.42,526841.13595
2021-06,MIDLANDS,Mirtazapine,161561.0,374468.28,354735.27276
2021-06,MIDLANDS,Duloxetine hydrochloride,51606.0,236320.59,221680.77741
2021-06,MIDLANDS,Agomelatine,263.0,9187.02,8565.49047
2021-06,MIDLANDS,Bupropion hydrochloride,214.0,7592.77,7103.59875
2021-06,NORTH EAST AND YORKSHIRE,Flupentixol hydrochloride,703.0,3633.24,3460.91591
2021-06,NORTH EAST AND YORKSHIRE,Flupentixol decanoate,560.0,9641.4,9007.24615
2021-06,NORTH EAST AND YORKSHIRE,Amitriptyline hydrochloride,267143.0,533125.38,505277.78189
2021-06,NORTH EAST AND YORKSHIRE,Clomipramine hydrochloride,3502.0,28534.81,26739.26434
2021-06,NORTH EAST AND YORKSHIRE,Dosulepin hydrochloride,6366.0,81786.42,76404.94866
2021-06,NORTH EAST AND YORKSHIRE,Doxepin,394.0,74849.76,69717.40157
2021-06,NORTH EAST AND YORKSHIRE,Imipramine hydrochloride,1900.0,33387.96,31159.7163
2021-06,NORTH EAST AND YORKSHIRE,Lofepramine hydrochloride,3242.0,61087.27,57135.54379
2021-06,NORTH EAST AND YORKSHIRE,Mianserin hydrochloride,7.0,122.91,115.02986
2021-06,NORTH EAST AND YORKSHIRE,Nortriptyline,10773.0,38137.47,36584.79478
2021-06,NORTH EAST AND YORKSHIRE,Trazodone hydrochloride,39066.0,129251.79,123685.47211
2021-06,NORTH EAST AND YORKSHIRE,Trimipramine maleate,290.0,88891.95,82793.5524
2021-06,NORTH EAST AND YORKSHIRE,Isocarboxazid,6.0,1360.95,1267.70956
2021-06,NORTH EAST AND YORKSHIRE,Moclobemide,104.0,4160.54,3882.42865
2021-06,NORTH EAST AND YORKSHIRE,Phenelzine sulfate,42.0,14623.94,13620.13271
2021-06,NORTH EAST AND YORKSHIRE,Tranylcypromine sulfate,42.0,45532.85,42402.49313
2021-06,NORTH EAST AND YORKSHIRE,Citalopram hydrobromide,210530.0,263957.33,252086.78564
2021-06,NORTH EAST AND YORKSHIRE,Fluoxetine hydrochloride,144693.0,416724.45,398525.82738
2021-06,NORTH EAST AND YORKSHIRE,Fluvoxamine maleate,378.0,6953.11,6507.04429
2021-06,NORTH EAST AND YORKSHIRE,Paroxetine hydrochloride,20020.0,61323.94,58494.61312
2021-06,NORTH EAST AND YORKSHIRE,Sertraline hydrochloride,339483.0,1304169.27,1226178.89481
2021-06,NORTH EAST AND YORKSHIRE,Escitalopram,17922.0,35392.28,33568.90685
2021-06,NORTH EAST AND YORKSHIRE,Citalopram hydrochloride,868.0,14174.33,13209.80693
2021-06,NORTH EAST AND YORKSHIRE,Vortioxetine,3101.0,54468.81,50937.86868
2021-06,NORTH EAST AND YORKSHIRE,Flupentixol hydrochloride,2357.0,5924.23,5742.94471
2021-06,NORTH EAST AND YORKSHIRE,Tryptophan,35.0,1467.22,1369.42923
2021-06,NORTH EAST AND YORKSHIRE,Reboxetine,499.0,6698.7,6285.02283
2021-06,NORTH EAST AND YORKSHIRE,Venlafaxine,71074.0,409358.67,386096.51992
2021-06,NORTH EAST AND YORKSHIRE,Mirtazapine,197399.0,380891.56,365543.27193
2021-06,NORTH EAST AND YORKSHIRE,Duloxetine hydrochloride,61881.0,236213.07,222986.07245
2021-06,NORTH EAST AND YORKSHIRE,Agomelatine,345.0,7088.1,6627.88832
2021-06,NORTH EAST AND YORKSHIRE,Bupropion hydrochloride,257.0,8167.56,7624.51817
2021-06,NORTH WEST,Flupentixol hydrochloride,409.0,2417.78,2296.82902
2021-06,NORTH WEST,Flupentixol decanoate,515.0,11264.06,10531.11543
2021-06,NORTH WEST,Amitriptyline hydrochloride,173086.0,372391.71,351146.68909
2021-06,NORTH WEST,Clomipramine hydrochloride,2997.0,27643.46,25848.83148
2021-06,NORTH WEST,Dosulepin hydrochloride,5696.0,87277.04,81432.95604
2021-06,NORTH WEST,Doxepin,215.0,43743.91,40741.14068
2021-06,NORTH WEST,Imipramine hydrochloride,1143.0,22347.75,20842.6292
2021-06,NORTH WEST,Lofepramine hydrochloride,1425.0,30979.74,28951.34018
2021-06,NORTH WEST,Nortriptyline,11389.0,50619.31,48350.23573
2021-06,NORTH WEST,Trazodone hydrochloride,15739.0,85451.68,80903.50964
2021-06,NORTH WEST,Trimipramine maleate,180.0,67205.43,62588.00589
2021-06,NORTH WEST,Isocarboxazid,4.0,1633.14,1521.15179
2021-06,NORTH WEST,Moclobemide,81.0,2808.74,2623.14127
2021-06,NORTH WEST,Phenelzine sulfate,32.0,12339.32,11511.43948
2021-06,NORTH WEST,Tranylcypromine sulfate,21.0,33692.48,31375.34383
2021-06,NORTH WEST,Citalopram hydrobromide,164902.0,218283.41,206859.71922
2021-06,NORTH WEST,Fluoxetine hydrochloride,90771.0,308850.25,294615.97182
2021-06,NORTH WEST,Fluvoxamine maleate,244.0,5005.84,4683.11945
2021-06,NORTH WEST,Paroxetine hydrochloride,17342.0,58038.95,55373.15998
2021-06,NORTH WEST,Sertraline hydrochloride,280803.0,1141877.63,1071090.40208
2021-06,NORTH WEST,Escitalopram,17434.0,37064.83,34969.8306
2021-06,NORTH WEST,Citalopram hydrochloride,767.0,12400.64,11557.10592
2021-06,NORTH WEST,Vortioxetine,3003.0,61973.01,57873.44783
2021-06,NORTH WEST,Flupentixol hydrochloride,1487.0,4421.11,4258.04991
2021-06,NORTH WEST,Oxitriptan,1.0,15.77,14.69764
2021-06,NORTH WEST,Tryptophan,3.0,574.0,534.65381
2021-06,NORTH WEST,Nefazodone hydrochloride,1.0,289.33,269.44043
2021-06,NORTH WEST,Reboxetine,285.0,4702.07,4405.51578
2021-06,NORTH WEST,Venlafaxine,71574.0,465478.11,437782.12203
2021-06,NORTH WEST,Mirtazapine,168231.0,356295.17,339382.12774
2021-06,NORTH WEST,Duloxetine hydrochloride,44857.0,196188.69,184252.08073
2021-06,NORTH WEST,Agomelatine,138.0,4175.02,3894.50945
2021-06,NORTH WEST,Bupropion hydrochloride,191.0,6962.84,6494.98529
2021-06,SOUTH EAST,Flupentixol hydrochloride,306.0,1650.8,1570.52948
2021-06,SOUTH EAST,Flupentixol decanoate,481.0,8518.32,7953.07632
2021-06,SOUTH EAST,Amitriptyline hydrochloride,159334.0,389728.33,366830.79211
2021-06,SOUTH EAST,Clomipramine hydrochloride,2554.0,25993.86,24284.28163
2021-06,SOUTH EAST,Dosulepin hydrochloride,5404.0,81287.97,75842.62415
2021-06,SOUTH EAST,Doxepin,207.0,52364.93,48767.95344
2021-06,SOUTH EAST,Imipramine hydrochloride,1778.0,34327.59,32012.25675
2021-06,SOUTH EAST,Lofepramine hydrochloride,1294.0,29318.59,27383.07079
2021-06,SOUTH EAST,Mianserin hydrochloride,10.0,526.92,490.89907
2021-06,SOUTH EAST,Nortriptyline,9599.0,47807.39,45382.18368
2021-06,SOUTH EAST,Trazodone hydrochloride,14095.0,75980.44,71862.62113
2021-06,SOUTH EAST,Trimipramine maleate,379.0,162185.42,151042.0591
2021-06,SOUTH EAST,Isocarboxazid,15.0,6777.5,6312.28624
2021-06,SOUTH EAST,Moclobemide,108.0,5469.96,5101.06594
2021-06,SOUTH EAST,Phenelzine sulfate,67.0,48591.16,45266.44303
2021-06,SOUTH EAST,Tranylcypromine sulfate,123.0,135562.29,126243.13711
2021-06,SOUTH EAST,Citalopram hydrobromide,172740.0,261396.02,247271.69599
2021-06,SOUTH EAST,Fluoxetine hydrochloride,79963.0,333322.97,315021.84012
2021-06,SOUTH EAST,Fluvoxamine maleate,269.0,6102.79,5701.87544
2021-06,SOUTH EAST,Paroxetine hydrochloride,14457.0,58319.88,55170.04968
2021-06,SOUTH EAST,Sertraline hydrochloride,236860.0,1134510.02,1062377.41133
2021-06,SOUTH EAST,Escitalopram,27328.0,62956.11,59303.94128
2021-06,SOUTH EAST,Citalopram hydrochloride,1048.0,18327.77,17079.69172
2021-06,SOUTH EAST,Vortioxetine,4734.0,117400.14,109533.85313
2021-06,SOUTH EAST,Flupentixol hydrochloride,1278.0,3914.74,3751.04885
2021-06,SOUTH EAST,Tryptophan,3.0,440.59,410.42059
2021-06,SOUTH EAST,Nefazodone hydrochloride,4.0,3865.92,3600.04691
2021-06,SOUTH EAST,Reboxetine,258.0,5155.79,4821.96733
2021-06,SOUTH EAST,Venlafaxine,62883.0,495173.18,464357.69526
2021-06,SOUTH EAST,Mirtazapine,121767.0,294581.59,279365.73606
2021-06,SOUTH EAST,Duloxetine hydrochloride,35888.0,178790.62,167724.8043
2021-06,SOUTH EAST,Agomelatine,625.0,21253.63,19818.60941
2021-06,SOUTH EAST,Bupropion hydrochloride,507.0,19484.52,18171.72843
2021-06,SOUTH WEST,Flupentixol hydrochloride,368.0,2463.72,2332.4897
2021-06,SOUTH WEST,Flupentixol decanoate,404.0,5886.25,5491.23176
2021-06,SOUTH WEST,Amitriptyline hydrochloride,145708.0,333898.1,314571.65112
2021-06,SOUTH WEST,Clomipramine hydrochloride,1887.0,18361.42,17164.44202
2021-06,SOUTH WEST,Dosulepin hydrochloride,3992.0,56280.41,52531.18128
2021-06,SOUTH WEST,Doxepin,241.0,47806.5,44526.62944
2021-06,SOUTH WEST,Imipramine hydrochloride,1281.0,21525.99,20084.7415
2021-06,SOUTH WEST,Lofepramine hydrochloride,1435.0,29532.91,27597.85204
2021-06,SOUTH WEST,Mianserin hydrochloride,5.0,520.86,485.39392
2021-06,SOUTH WEST,Nortriptyline,5705.0,23581.61,22478.18479
2021-06,SOUTH WEST,Trazodone hydrochloride,9117.0,39572.01,37538.89366
2021-06,SOUTH WEST,Trimipramine maleate,160.0,63003.53,58674.25577
2021-06,SOUTH WEST,Isocarboxazid,37.0,8648.21,8056.26485
2021-06,SOUTH WEST,Moclobemide,72.0,2296.38,2142.72631
2021-06,SOUTH WEST,Phenelzine sulfate,45.0,16419.11,15291.20707
2021-06,SOUTH WEST,Tranylcypromine sulfate,66.0,91400.95,85115.97718
2021-06,SOUTH WEST,Citalopram hydrobromide,134026.0,193090.54,182842.67721
2021-06,SOUTH WEST,Fluoxetine hydrochloride,58942.0,209378.82,198245.73703
2021-06,SOUTH WEST,Fluvoxamine maleate,153.0,3431.64,3206.67544
2021-06,SOUTH WEST,Paroxetine hydrochloride,10896.0,40695.19,38517.24507
2021-06,SOUTH WEST,Sertraline hydrochloride,169577.0,758372.98,710629.34513
2021-06,SOUTH WEST,Escitalopram,13488.0,29672.91,28004.47793
2021-06,SOUTH WEST,Citalopram hydrochloride,537.0,8853.58,8250.87325
2021-06,SOUTH WEST,Vortioxetine,1232.0,29576.25,27599.3934
2021-06,SOUTH WEST,Flupentixol hydrochloride,1059.0,3317.67,3175.93744
2021-06,SOUTH WEST,Tryptophan,13.0,494.33,461.78803
2021-06,SOUTH WEST,Reboxetine,255.0,4279.6,4006.48612
2021-06,SOUTH WEST,Venlafaxine,51336.0,343249.39,322135.28905
2021-06,SOUTH WEST,Mirtazapine,102895.0,230853.24,219507.5002
2021-06,SOUTH WEST,Duloxetine hydrochloride,27704.0,123494.72,116023.76428
2021-06,SOUTH WEST,Agomelatine,206.0,7110.96,6630.69035
2021-06,SOUTH WEST,Bupropion hydrochloride,197.0,7053.97,6579.99802
2021-06,UNIDENTIFIED,Flupentixol decanoate,1.0,6.25,5.82009
2021-06,UNIDENTIFIED,Amitriptyline hydrochloride,41.0,58.17,55.46468
2021-06,UNIDENTIFIED,Clomipramine hydrochloride,2.0,4.27,4.10109
2021-06,UNIDENTIFIED,Dosulepin hydrochloride,1.0,17.97,16.74631
2021-06,UNIDENTIFIED,Nortriptyline,1.0,0.83,0.88531
2021-06,UNIDENTIFIED,Trazodone hydrochloride,4.0,13.76,12.96311
2021-06,UNIDENTIFIED,Citalopram hydrobromide,23.0,35.82,34.04127
2021-06,UNIDENTIFIED,Fluoxetine hydrochloride,81.0,2794.98,2608.01541
2021-06,UNIDENTIFIED,Fluvoxamine maleate,1.0,33.04,30.8797
2021-06,UNIDENTIFIED,Paroxetine hydrochloride,6.0,21.41,20.21169
2021-06,UNIDENTIFIED,Sertraline hydrochloride,80.0,303.59,286.98675
2021-06,UNIDENTIFIED,Escitalopram,3.0,5.79,5.52893
2021-06,UNIDENTIFIED,Vortioxetine,6.0,145.53,135.69391
2021-06,UNIDENTIFIED,Flupentixol hydrochloride,1.0,2.27,2.22625
2021-06,UNIDENTIFIED,Tryptophan,1.0,56.0,52.26036
2021-06,UNIDENTIFIED,Venlafaxine,36.0,256.45,241.40652
2021-06,UNIDENTIFIED,Mirtazapine,45.0,113.64,107.68111
2021-06,UNIDENTIFIED,Duloxetine hydrochloride,37.0,151.43,142.07248
2021-07,EAST OF ENGLAND,Flupentixol hydrochloride,207.0,1447.08,1370.24761
2021-07,EAST OF ENGLAND,Flupentixol decanoate,340.0,4628.39,4326.45634
2021-07,EAST OF ENGLAND,Amitriptyline hydrochloride,165029.0,311103.77,293722.98667
2021-07,EAST OF ENGLAND,Clomipramine hydrochloride,2912.0,20455.87,19179.60939
2021-07,EAST OF ENGLAND,Dosulepin hydrochloride,4948.0,55289.61,51685.11635
2021-07,EAST OF ENGLAND,Doxepin,198.0,39161.1,36523.01694
2021-07,EAST OF ENGLAND,Imipramine hydrochloride,1273.0,19423.23,18143.97169
2021-07,EAST OF ENGLAND,Lofepramine hydrochloride,1405.0,23328.21,21848.71835
2021-07,EAST OF ENGLAND,Mianserin hydrochloride,5.0,191.22,178.37652
2021-07,EAST OF ENGLAND,Nortriptyline,8319.0,33115.02,31615.47564
2021-07,EAST OF ENGLAND,Trazodone hydrochloride,7809.0,33365.98,31733.40198
2021-07,EAST OF ENGLAND,Trimipramine maleate,220.0,86338.88,80518.04574
2021-07,EAST OF ENGLAND,Isocarboxazid,24.0,8972.05,8367.69745
2021-07,EAST OF ENGLAND,Moclobemide,78.0,2820.15,2634.7599
2021-07,EAST OF ENGLAND,Phenelzine sulfate,81.0,35710.56,33302.43954
2021-07,EAST OF ENGLAND,Tranylcypromine sulfate,45.0,36918.48,34428.86561
2021-07,EAST OF ENGLAND,Citalopram hydrobromide,175401.0,193468.43,183938.39702
2021-07,EAST OF ENGLAND,Fluoxetine hydrochloride,72283.0,251686.91,238137.58179
2021-07,EAST OF ENGLAND,Fluvoxamine maleate,260.0,5166.46,4834.55145
2021-07,EAST OF ENGLAND,Paroxetine hydrochloride,14253.0,43168.84,40919.76882
2021-07,EAST OF ENGLAND,Sertraline hydrochloride,199161.0,646726.13,607790.65349
2021-07,EAST OF ENGLAND,Escitalopram,15120.0,27788.4,26260.05397
2021-07,EAST OF ENGLAND,Citalopram hydrochloride,757.0,10228.62,9547.15369
2021-07,EAST OF ENGLAND,Vortioxetine,2521.0,61640.37,57581.47055
2021-07,EAST OF ENGLAND,Flupentixol hydrochloride,1769.0,4873.64,4687.85623
2021-07,EAST OF ENGLAND,Tryptophan,6.0,1712.78,1597.25855
2021-07,EAST OF ENGLAND,Reboxetine,215.0,3803.58,3563.79359
2021-07,EAST OF ENGLAND,Venlafaxine,63387.0,369652.87,347447.01097
2021-07,EAST OF ENGLAND,Mirtazapine,96060.0,164314.96,157132.29633
2021-07,EAST OF ENGLAND,Duloxetine hydrochloride,27798.0,102089.57,96107.88836
2021-07,EAST OF ENGLAND,Agomelatine,169.0,5660.81,5284.65806
2021-07,EAST OF ENGLAND,Bupropion hydrochloride,456.0,15883.49,14834.56943
2021-07,LONDON,Flupentixol hydrochloride,500.0,2518.18,2404.32781
2021-07,LONDON,Flupentixol decanoate,542.0,14241.49,13308.43908
2021-07,LONDON,Amitriptyline hydrochloride,107569.0,187118.25,179260.9772
2021-07,LONDON,Clomipramine hydrochloride,1804.0,14577.7,13675.61689
2021-07,LONDON,Dosulepin hydrochloride,3338.0,40693.98,38122.92848
2021-07,LONDON,Doxepin,215.0,42810.24,39931.73451
2021-07,LONDON,Imipramine hydrochloride,922.0,14346.67,13423.93125
2021-07,LONDON,Lofepramine hydrochloride,1218.0,19120.92,17927.94766
2021-07,LONDON,Mianserin hydrochloride,2.0,77.55,72.34093
2021-07,LONDON,Nortriptyline,7024.0,20944.39,20313.14842
2021-07,LONDON,Trazodone hydrochloride,5242.0,21340.31,20338.62328
2021-07,LONDON,Trimipramine maleate,334.0,142579.36,132971.1934
2021-07,LONDON,Isocarboxazid,24.0,4804.14,4482.10526
2021-07,LONDON,Moclobemide,89.0,2674.66,2500.65028
2021-07,LONDON,Phenelzine sulfate,38.0,25873.83,24128.7715
2021-07,LONDON,Tranylcypromine sulfate,73.0,84142.2,78467.03223
2021-07,LONDON,Citalopram hydrobromide,112146.0,131765.95,127448.58828
2021-07,LONDON,Fluoxetine hydrochloride,48947.0,177682.02,169101.7345
2021-07,LONDON,Fluvoxamine maleate,313.0,7806.42,7302.44442
2021-07,LONDON,Paroxetine hydrochloride,11988.0,35335.19,33823.46092
2021-07,LONDON,Sertraline hydrochloride,162304.0,555485.08,524859.28546
2021-07,LONDON,Escitalopram,14602.0,33236.77,31454.97709
2021-07,LONDON,Citalopram hydrochloride,370.0,5238.21,4889.26972
2021-07,LONDON,Vortioxetine,1956.0,52038.36,48625.93359
2021-07,LONDON,Flupentixol hydrochloride,823.0,2298.74,2220.50278
2021-07,LONDON,Oxitriptan,2.0,87.0,81.15316
2021-07,LONDON,Tryptophan,15.0,1812.8,1691.93978
2021-07,LONDON,Reboxetine,163.0,2902.91,2721.21318
2021-07,LONDON,Venlafaxine,39458.0,240579.33,227162.29167
2021-07,LONDON,Mirtazapine,100547.0,159558.87,154993.71792
2021-07,LONDON,Duloxetine hydrochloride,21477.0,71105.35,67592.02748
2021-07,LONDON,Agomelatine,407.0,13055.77,12196.9804
2021-07,LONDON,Bupropion hydrochloride,855.0,35846.77,33474.86656
2021-07,MIDLANDS,Flupentixol hydrochloride,438.0,2956.38,2803.67327
2021-07,MIDLANDS,Flupentixol decanoate,491.0,10441.07,9767.51594
2021-07,MIDLANDS,Amitriptyline hydrochloride,247603.0,483482.23,456238.44474
2021-07,MIDLANDS,Clomipramine hydrochloride,3306.0,28164.13,26363.67717
2021-07,MIDLANDS,Dosulepin hydrochloride,7415.0,94157.08,87986.25632
2021-07,MIDLANDS,Doxepin,289.0,55999.82,52225.64397
2021-07,MIDLANDS,Imipramine hydrochloride,2212.0,36837.15,34400.72786
2021-07,MIDLANDS,Lofepramine hydrochloride,2829.0,51470.26,48187.6064
2021-07,MIDLANDS,Mianserin hydrochloride,16.0,1349.38,1258.7085
2021-07,MIDLANDS,Nortriptyline,10838.0,49366.27,47054.82799
2021-07,MIDLANDS,Trazodone hydrochloride,11996.0,50821.43,48299.897
2021-07,MIDLANDS,Trimipramine maleate,262.0,106729.53,99533.94767
2021-07,MIDLANDS,Isocarboxazid,28.0,8651.79,8070.01383
2021-07,MIDLANDS,Moclobemide,109.0,4013.14,3749.63236
2021-07,MIDLANDS,Phenelzine sulfate,41.0,12161.23,11351.87467
2021-07,MIDLANDS,Tranylcypromine sulfate,59.0,54136.78,50486.28529
2021-07,MIDLANDS,Citalopram hydrobromide,234454.0,276965.74,262865.74753
2021-07,MIDLANDS,Fluoxetine hydrochloride,117234.0,352266.56,335050.40855
2021-07,MIDLANDS,Fluvoxamine maleate,409.0,7431.11,6963.66856
2021-07,MIDLANDS,Paroxetine hydrochloride,20592.0,65148.04,61931.54431
2021-07,MIDLANDS,Sertraline hydrochloride,327859.0,1116927.61,1049228.15888
2021-07,MIDLANDS,Escitalopram,23086.0,42601.7,40259.52924
2021-07,MIDLANDS,Citalopram hydrochloride,1220.0,16371.14,15280.92899
2021-07,MIDLANDS,Vortioxetine,4119.0,97115.04,90738.28951
2021-07,MIDLANDS,Flupentixol hydrochloride,2465.0,7600.44,7303.09133
2021-07,MIDLANDS,Oxitriptan,1.0,20.3,19.04235
2021-07,MIDLANDS,Tryptophan,17.0,1890.92,1763.70065
2021-07,MIDLANDS,Reboxetine,291.0,5506.94,5158.54982
2021-07,MIDLANDS,Venlafaxine,81644.0,531837.76,499887.45144
2021-07,MIDLANDS,Mirtazapine,161536.0,292380.01,278651.5721
2021-07,MIDLANDS,Duloxetine hydrochloride,51703.0,199336.23,187484.24742
2021-07,MIDLANDS,Agomelatine,283.0,9909.42,9251.06697
2021-07,MIDLANDS,Bupropion hydrochloride,306.0,10900.83,10202.00606
2021-07,NORTH EAST AND YORKSHIRE,Flupentixol hydrochloride,673.0,3313.28,3164.11245
2021-07,NORTH EAST AND YORKSHIRE,Flupentixol decanoate,601.0,10888.22,10183.138
2021-07,NORTH EAST AND YORKSHIRE,Amitriptyline hydrochloride,263844.0,472367.2,449243.05972
2021-07,NORTH EAST AND YORKSHIRE,Clomipramine hydrochloride,3543.0,24492.9,23006.00059
2021-07,NORTH EAST AND YORKSHIRE,Dosulepin hydrochloride,6212.0,67922.01,63572.40238
2021-07,NORTH EAST AND YORKSHIRE,Doxepin,371.0,71901.74,67062.70432
2021-07,NORTH EAST AND YORKSHIRE,Imipramine hydrochloride,1910.0,27204.5,25439.50532
2021-07,NORTH EAST AND YORKSHIRE,Lofepramine hydrochloride,3279.0,50100.66,46977.13556
2021-07,NORTH EAST AND YORKSHIRE,Mianserin hydrochloride,9.0,392.33,366.35077
2021-07,NORTH EAST AND YORKSHIRE,Nortriptyline,10810.0,36234.19,34894.30336
2021-07,NORTH EAST AND YORKSHIRE,Trazodone hydrochloride,39036.0,112346.07,108091.73713
2021-07,NORTH EAST AND YORKSHIRE,Trimipramine maleate,287.0,96483.45,89987.06039
2021-07,NORTH EAST AND YORKSHIRE,Isocarboxazid,8.0,2802.38,2613.64605
2021-07,NORTH EAST AND YORKSHIRE,Moclobemide,116.0,3767.04,3522.90293
2021-07,NORTH EAST AND YORKSHIRE,Phenelzine sulfate,41.0,13389.48,12487.61746
2021-07,NORTH EAST AND YORKSHIRE,Tranylcypromine sulfate,48.0,47134.42,43955.46707
2021-07,NORTH EAST AND YORKSHIRE,Citalopram hydrobromide,207177.0,222728.04,213879.93464
2021-07,NORTH EAST AND YORKSHIRE,Fluoxetine hydrochloride,143072.0,346249.1,333263.67113
2021-07,NORTH EAST AND YORKSHIRE,Fluvoxamine maleate,371.0,6524.77,6116.77606
2021-07,NORTH EAST AND YORKSHIRE,Paroxetine hydrochloride,19878.0,51312.86,49222.89703
2021-07,NORTH EAST AND YORKSHIRE,Sertraline hydrochloride,337635.0,1018258.21,961241.56762
2021-07,NORTH EAST AND YORKSHIRE,Escitalopram,17782.0,30260.74,28829.35217
2021-07,NORTH EAST AND YORKSHIRE,Citalopram hydrochloride,885.0,11757.84,10975.0385
2021-07,NORTH EAST AND YORKSHIRE,Vortioxetine,3111.0,53695.62,50290.93692
2021-07,NORTH EAST AND YORKSHIRE,Flupentixol hydrochloride,2388.0,5889.93,5723.78416
2021-07,NORTH EAST AND YORKSHIRE,Tryptophan,27.0,1525.55,1425.22515
2021-07,NORTH EAST AND YORKSHIRE,Reboxetine,473.0,6581.48,6182.84889
2021-07,NORTH EAST AND YORKSHIRE,Venlafaxine,70586.0,370200.92,350101.16086
2021-07,NORTH EAST AND YORKSHIRE,Mirtazapine,196047.0,293750.03,284714.17967
2021-07,NORTH EAST AND YORKSHIRE,Duloxetine hydrochloride,61889.0,197734.11,187432.37459
2021-07,NORTH EAST AND YORKSHIRE,Agomelatine,338.0,6652.19,6229.88646
2021-07,NORTH EAST AND YORKSHIRE,Bupropion hydrochloride,397.0,13819.15,12911.42968
2021-07,NORTH WEST,Flupentixol hydrochloride,407.0,2563.47,2435.70802
2021-07,NORTH WEST,Flupentixol decanoate,503.0,11204.35,10490.33611
2021-07,NORTH WEST,Amitriptyline hydrochloride,171535.0,334616.92,316406.08017
2021-07,NORTH WEST,Clomipramine hydrochloride,3086.0,24736.38,23176.08554
2021-07,NORTH WEST,Dosulepin hydrochloride,5574.0,70897.88,66267.63262
2021-07,NORTH WEST,Doxepin,221.0,48185.94,44939.81504
2021-07,NORTH WEST,Imipramine hydrochloride,1127.0,18371.06,17162.45834
2021-07,NORTH WEST,Lofepramine hydrochloride,1368.0,24575.45,23016.99916
2021-07,NORTH WEST,Mianserin hydrochloride,4.0,137.82,128.56811
2021-07,NORTH WEST,Nortriptyline,11441.0,50340.48,48160.69539
2021-07,NORTH WEST,Trazodone hydrochloride,16063.0,76477.93,72674.0636
2021-07,NORTH WEST,Trimipramine maleate,173.0,64573.09,60220.56024
2021-07,NORTH WEST,Isocarboxazid,4.0,3238.3,3019.99611
2021-07,NORTH WEST,Moclobemide,103.0,3211.97,3004.77069
2021-07,NORTH WEST,Phenelzine sulfate,26.0,11416.38,10687.20875
2021-07,NORTH WEST,Tranylcypromine sulfate,13.0,20974.17,19558.86811
2021-07,NORTH WEST,Citalopram hydrobromide,162990.0,184732.37,175848.2101
2021-07,NORTH WEST,Fluoxetine hydrochloride,90387.0,260874.89,250264.13328
2021-07,NORTH WEST,Fluvoxamine maleate,261.0,5192.16,4865.45167
2021-07,NORTH WEST,Paroxetine hydrochloride,17311.0,49731.84,47709.0941
2021-07,NORTH WEST,Sertraline hydrochloride,279793.0,889409.55,837165.47929
2021-07,NORTH WEST,Escitalopram,17409.0,32438.22,30712.65691
2021-07,NORTH WEST,Citalopram hydrochloride,822.0,10789.47,10071.41642
2021-07,NORTH WEST,Vortioxetine,2986.0,63390.69,59270.99218
2021-07,NORTH WEST,Flupentixol hydrochloride,1481.0,4386.9,4233.3293
2021-07,NORTH WEST,Tryptophan,8.0,1730.76,1614.54988
2021-07,NORTH WEST,Reboxetine,304.0,4990.43,4682.45733
2021-07,NORTH WEST,Venlafaxine,72024.0,449907.3,423891.5115
2021-07,NORTH WEST,Mirtazapine,167379.0,277633.35,266486.50709
2021-07,NORTH WEST,Duloxetine hydrochloride,45237.0,167130.48,157426.23085
2021-07,NORTH WEST,Agomelatine,117.0,3788.87,3538.38448
2021-07,NORTH WEST,Bupropion hydrochloride,406.0,15053.92,14058.75085
2021-07,SOUTH EAST,Flupentixol hydrochloride,293.0,1841.35,1748.37308
2021-07,SOUTH EAST,Flupentixol decanoate,461.0,6863.05,6418.41382
2021-07,SOUTH EAST,Amitriptyline hydrochloride,159940.0,354401.08,334400.47414
2021-07,SOUTH EAST,Clomipramine hydrochloride,2632.0,23957.24,22422.61105
2021-07,SOUTH EAST,Dosulepin hydrochloride,5397.0,69471.99,64965.77439
2021-07,SOUTH EAST,Doxepin,198.0,49354.55,46048.0586
2021-07,SOUTH EAST,Imipramine hydrochloride,1818.0,29268.13,27338.85167
2021-07,SOUTH EAST,Lofepramine hydrochloride,1302.0,24799.93,23204.81547
2021-07,SOUTH EAST,Mianserin hydrochloride,10.0,608.12,567.60187
2021-07,SOUTH EAST,Nortriptyline,9581.0,41942.84,39976.09089
2021-07,SOUTH EAST,Trazodone hydrochloride,14390.0,67822.77,64392.12386
2021-07,SOUTH EAST,Trimipramine maleate,369.0,145183.8,135399.09483
2021-07,SOUTH EAST,Isocarboxazid,15.0,6952.56,6484.2164
2021-07,SOUTH EAST,Moclobemide,111.0,4063.1,3796.47016
2021-07,SOUTH EAST,Phenelzine sulfate,85.0,57260.86,53407.98047
2021-07,SOUTH EAST,Tranylcypromine sulfate,134.0,130242.29,121459.32523
2021-07,SOUTH EAST,Citalopram hydrobromide,173207.0,225065.48,213732.72358
2021-07,SOUTH EAST,Fluoxetine hydrochloride,80557.0,286443.37,271773.94741
2021-07,SOUTH EAST,Fluvoxamine maleate,322.0,7272.95,6803.91733
2021-07,SOUTH EAST,Paroxetine hydrochloride,14279.0,49468.95,46971.22055
2021-07,SOUTH EAST,Sertraline hydrochloride,240035.0,912248.2,856639.19628
2021-07,SOUTH EAST,Escitalopram,27533.0,55443.55,52378.13913
2021-07,SOUTH EAST,Citalopram hydrochloride,1068.0,14988.03,13989.30554
2021-07,SOUTH EAST,Vortioxetine,4894.0,122131.35,114104.73621
2021-07,SOUTH EAST,Flupentixol hydrochloride,1252.0,3908.55,3745.81555
2021-07,SOUTH EAST,Tryptophan,3.0,370.59,345.81601
2021-07,SOUTH EAST,Reboxetine,242.0,4782.66,4479.64168
2021-07,SOUTH EAST,Venlafaxine,63460.0,483262.45,453921.12069
2021-07,SOUTH EAST,Mirtazapine,123139.0,231890.79,221396.15227
2021-07,SOUTH EAST,Duloxetine hydrochloride,36421.0,154349.43,145186.32329
2021-07,SOUTH EAST,Agomelatine,576.0,18236.73,17030.71181
2021-07,SOUTH EAST,Bupropion hydrochloride,610.0,21534.24,20115.98203
2021-07,SOUTH WEST,Flupentixol hydrochloride,371.0,2281.42,2165.46198
2021-07,SOUTH WEST,Flupentixol decanoate,423.0,6002.9,5606.32688
2021-07,SOUTH WEST,Amitriptyline hydrochloride,146148.0,304107.01,287273.39609
2021-07,SOUTH WEST,Clomipramine hydrochloride,1903.0,15740.86,14745.64092
2021-07,SOUTH WEST,Dosulepin hydrochloride,3877.0,46573.8,43546.64448
2021-07,SOUTH WEST,Doxepin,228.0,42848.5,39965.15038
2021-07,SOUTH WEST,Imipramine hydrochloride,1253.0,16549.74,15472.90651
2021-07,SOUTH WEST,Lofepramine hydrochloride,1443.0,25332.51,23718.94215
2021-07,SOUTH WEST,Mianserin hydrochloride,11.0,806.37,752.38434
2021-07,SOUTH WEST,Nortriptyline,5628.0,22611.44,21614.82797
2021-07,SOUTH WEST,Trazodone hydrochloride,9338.0,34656.76,33030.37691
2021-07,SOUTH WEST,Trimipramine maleate,158.0,59701.62,55676.82034
2021-07,SOUTH WEST,Isocarboxazid,42.0,10417.78,9718.16563
2021-07,SOUTH WEST,Moclobemide,93.0,2882.86,2693.9624
2021-07,SOUTH WEST,Phenelzine sulfate,41.0,16734.31,15605.95464
2021-07,SOUTH WEST,Tranylcypromine sulfate,60.0,88284.88,82328.51115
2021-07,SOUTH WEST,Citalopram hydrobromide,134262.0,165203.73,157135.445
2021-07,SOUTH WEST,Fluoxetine hydrochloride,58471.0,171359.55,163040.4018
2021-07,SOUTH WEST,Fluvoxamine maleate,183.0,4230.8,3958.67054
2021-07,SOUTH WEST,Paroxetine hydrochloride,10824.0,35838.58,34033.65792
2021-07,SOUTH WEST,Sertraline hydrochloride,170303.0,600314.55,564314.59909
2021-07,SOUTH WEST,Escitalopram,13712.0,26071.5,24694.61542
2021-07,SOUTH WEST,Citalopram hydrochloride,570.0,8020.53,7485.89356
2021-07,SOUTH WEST,Vortioxetine,1196.0,30235.59,28244.77515
2021-07,SOUTH WEST,Flupentixol hydrochloride,1105.0,3333.77,3201.35822
2021-07,SOUTH WEST,Tryptophan,5.0,154.0,144.16851
2021-07,SOUTH WEST,Reboxetine,268.0,4386.41,4114.12054
2021-07,SOUTH WEST,Venlafaxine,51640.0,318916.79,299931.94545
2021-07,SOUTH WEST,Mirtazapine,103242.0,180061.33,172450.58651
2021-07,SOUTH WEST,Duloxetine hydrochloride,27853.0,104927.14,98879.16181
2021-07,SOUTH WEST,Agomelatine,235.0,7265.26,6785.86587
2021-07,SOUTH WEST,Bupropion hydrochloride,333.0,12208.61,11403.23064
2021-07,UNIDENTIFIED,Amitriptyline hydrochloride,62.0,68.92,67.33738
2021-07,UNIDENTIFIED,Doxepin,1.0,133.55,124.54909
2021-07,UNIDENTIFIED,Nortriptyline,4.0,28.72,27.23129
2021-07,UNIDENTIFIED,Trazodone hydrochloride,6.0,16.78,16.22191
2021-07,UNIDENTIFIED,Trimipramine maleate,1.0,1203.0,1121.8217
2021-07,UNIDENTIFIED,Tranylcypromine sulfate,1.0,1288.83,1201.85902
2021-07,UNIDENTIFIED,Citalopram hydrobromide,38.0,44.67,42.61402
2021-07,UNIDENTIFIED,Fluoxetine hydrochloride,95.0,2275.86,2127.54058
2021-07,UNIDENTIFIED,Fluvoxamine maleate,2.0,41.02,38.47635
2021-07,UNIDENTIFIED,Paroxetine hydrochloride,2.0,6.54,6.22341
2021-07,UNIDENTIFIED,Sertraline hydrochloride,105.0,356.4,337.09893
2021-07,UNIDENTIFIED,Escitalopram,6.0,8.19,7.71165
2021-07,UNIDENTIFIED,Vortioxetine,3.0,83.16,77.58471
2021-07,UNIDENTIFIED,Flupentixol hydrochloride,1.0,4.54,4.34599
2021-07,UNIDENTIFIED,Tryptophan,2.0,69.33,64.87571
2021-07,UNIDENTIFIED,Venlafaxine,34.0,199.99,188.71422
2021-07,UNIDENTIFIED,Mirtazapine,72.0,210.59,199.07005
2021-07,UNIDENTIFIED,Duloxetine hydrochloride,44.0,153.26,144.06204
2021-08,EAST OF ENGLAND,Flupentixol hydrochloride,202.0,1440.41,1363.9958
2021-08,EAST OF ENGLAND,Flupentixol decanoate,334.0,4411.26,4127.89842
2021-08,EAST OF ENGLAND,Amitriptyline hydrochloride,156555.0,293724.78,277551.78914
2021-08,EAST OF ENGLAND,Clomipramine hydrochloride,2823.0,19073.52,17902.09648
2021-08,EAST OF ENGLAND,Dosulepin hydrochloride,4608.0,51992.17,48644.89382
2021-08,EAST OF ENGLAND,Doxepin,188.0,38095.89,35557.48646
2021-08,EAST OF ENGLAND,Imipramine hydrochloride,1179.0,18449.76,17242.02886
2021-08,EAST OF ENGLAND,Lofepramine hydrochloride,1296.0,21406.8,20064.71899
2021-08,EAST OF ENGLAND,Mianserin hydrochloride,8.0,334.98,312.71952
2021-08,EAST OF ENGLAND,Nortriptyline,7898.0,31727.5,30302.51217
2021-08,EAST OF ENGLAND,Trazodone hydrochloride,7278.0,31716.79,30177.50404
2021-08,EAST OF ENGLAND,Trimipramine maleate,189.0,74845.06,69855.33644
2021-08,EAST OF ENGLAND,Isocarboxazid,19.0,7117.14,6643.07419
2021-08,EAST OF ENGLAND,Moclobemide,70.0,2502.2,2339.72303
2021-08,EAST OF ENGLAND,Phenelzine sulfate,77.0,45488.02,42453.55593
2021-08,EAST OF ENGLAND,Tranylcypromine sulfate,34.0,27366.44,25541.32096
2021-08,EAST OF ENGLAND,Citalopram hydrobromide,166642.0,183727.48,174829.71182
2021-08,EAST OF ENGLAND,Fluoxetine hydrochloride,68483.0,222961.71,211344.27077
2021-08,EAST OF ENGLAND,Fluvoxamine maleate,238.0,4711.01,4413.54401
2021-08,EAST OF ENGLAND,Paroxetine hydrochloride,13667.0,41753.75,39598.26881
2021-08,EAST OF ENGLAND,Sertraline hydrochloride,190483.0,616979.83,580385.59627
2021-08,EAST OF ENGLAND,Escitalopram,14334.0,26228.19,24802.23823
2021-08,EAST OF ENGLAND,Citalopram hydrochloride,739.0,9936.31,9281.79856
2021-08,EAST OF ENGLAND,Vortioxetine,2488.0,59305.95,55448.64724
2021-08,EAST OF ENGLAND,Flupentixol hydrochloride,1696.0,4753.02,4570.19319
2021-08,EAST OF ENGLAND,Tryptophan,5.0,927.93,866.25331
2021-08,EAST OF ENGLAND,Reboxetine,205.0,3973.21,3722.14525
2021-08,EAST OF ENGLAND,Venlafaxine,60870.0,352712.94,331806.45358
2021-08,EAST OF ENGLAND,Mirtazapine,92127.0,156798.74,150098.43021
2021-08,EAST OF ENGLAND,Duloxetine hydrochloride,26778.0,97447.98,91820.15291
2021-08,EAST OF ENGLAND,Agomelatine,160.0,4883.64,4563.9957
2021-08,EAST OF ENGLAND,Bupropion hydrochloride,454.0,16511.26,15430.61582
2021-08,LONDON,Flupentixol hydrochloride,446.0,2323.18,2217.74008
2021-08,LONDON,Flupentixol decanoate,507.0,13813.6,12918.37486
2021-08,LONDON,Amitriptyline hydrochloride,102116.0,176589.85,169435.12567
2021-08,LONDON,Clomipramine hydrochloride,1671.0,14096.91,13230.17062
2021-08,LONDON,Dosulepin hydrochloride,3070.0,38391.42,35987.68658
2021-08,LONDON,Doxepin,195.0,39977.88,37399.10202
2021-08,LONDON,Imipramine hydrochloride,840.0,12082.84,11319.23483
2021-08,LONDON,Lofepramine hydrochloride,1143.0,17473.86,16398.56523
2021-08,LONDON,Mianserin hydrochloride,4.0,120.71,112.70229
2021-08,LONDON,Nortriptyline,6508.0,22850.0,21977.18074
2021-08,LONDON,Trazodone hydrochloride,4843.0,19959.48,19035.25046
2021-08,LONDON,Trimipramine maleate,281.0,114193.59,106583.53074
2021-08,LONDON,Isocarboxazid,17.0,4946.45,4617.78868
2021-08,LONDON,Moclobemide,86.0,3518.39,3289.70627
2021-08,LONDON,Phenelzine sulfate,40.0,22402.08,20907.85257
2021-08,LONDON,Tranylcypromine sulfate,62.0,83022.12,77483.11934
2021-08,LONDON,Citalopram hydrobromide,105264.0,123093.55,119225.87536
2021-08,LONDON,Fluoxetine hydrochloride,45787.0,159280.26,151862.2218
2021-08,LONDON,Fluvoxamine maleate,248.0,5640.1,5282.70225
2021-08,LONDON,Paroxetine hydrochloride,11238.0,33501.4,32087.75469
2021-08,LONDON,Sertraline hydrochloride,154025.0,520699.26,492612.09269
2021-08,LONDON,Escitalopram,13664.0,30517.85,28918.43758
2021-08,LONDON,Citalopram hydrochloride,386.0,5652.24,5279.74388
2021-08,LONDON,Vortioxetine,1915.0,50189.04,46938.30348
2021-08,LONDON,Flupentixol hydrochloride,753.0,2064.01,1997.47594
2021-08,LONDON,Oxitriptan,3.0,46.88,43.88799
2021-08,LONDON,Tryptophan,7.0,1108.8,1035.37515
2021-08,LONDON,Nefazodone hydrochloride,1.0,630.0,587.96033
2021-08,LONDON,Reboxetine,149.0,2590.27,2430.51878
2021-08,LONDON,Venlafaxine,37471.0,228641.65,216102.38939
2021-08,LONDON,Mirtazapine,96307.0,150873.11,146798.11277
2021-08,LONDON,Duloxetine hydrochloride,20448.0,67332.38,64063.04439
2021-08,LONDON,Agomelatine,394.0,10955.04,10247.88447
2021-08,LONDON,Bupropion hydrochloride,892.0,35823.07,33484.46589
2021-08,MIDLANDS,Flupentixol hydrochloride,418.0,2744.71,2605.60013
2021-08,MIDLANDS,Flupentixol decanoate,534.0,12057.64,11285.90256
2021-08,MIDLANDS,Amitriptyline hydrochloride,237047.0,462258.1,436607.56056
2021-08,MIDLANDS,Clomipramine hydrochloride,3258.0,27669.85,25918.37714
2021-08,MIDLANDS,Dosulepin hydrochloride,7009.0,88923.9,83163.90672
2021-08,MIDLANDS,Doxepin,286.0,52129.43,48656.26373
2021-08,MIDLANDS,Imipramine hydrochloride,2119.0,34424.54,32177.4082
2021-08,MIDLANDS,Lofepramine hydrochloride,2724.0,49189.98,46085.66793
2021-08,MIDLANDS,Mianserin hydrochloride,7.0,632.23,590.11589
2021-08,MIDLANDS,Nortriptyline,10457.0,45724.5,43656.5436
2021-08,MIDLANDS,Trazodone hydrochloride,11468.0,50435.32,47936.45193
2021-08,MIDLANDS,Trimipramine maleate,244.0,97857.13,91332.06247
2021-08,MIDLANDS,Isocarboxazid,25.0,9430.22,8802.55691
2021-08,MIDLANDS,Moclobemide,117.0,4563.83,4267.42428
2021-08,MIDLANDS,Phenelzine sulfate,46.0,13052.72,12182.86832
2021-08,MIDLANDS,Tranylcypromine sulfate,55.0,66638.51,62192.89246
2021-08,MIDLANDS,Citalopram hydrobromide,224255.0,264184.2,250987.39561
2021-08,MIDLANDS,Fluoxetine hydrochloride,111405.0,322976.75,307705.3442
2021-08,MIDLANDS,Fluvoxamine maleate,425.0,7763.9,7279.51242
2021-08,MIDLANDS,Paroxetine hydrochloride,19644.0,61833.92,58831.80062
2021-08,MIDLANDS,Sertraline hydrochloride,314995.0,1065495.85,1001821.51793
2021-08,MIDLANDS,Escitalopram,22408.0,41627.99,39377.94325
2021-08,MIDLANDS,Citalopram hydrochloride,1184.0,16132.3,15069.70414
2021-08,MIDLANDS,Vortioxetine,3848.0,89921.7,84091.36651
2021-08,MIDLANDS,Flupentixol hydrochloride,2409.0,7288.62,7017.54527
2021-08,MIDLANDS,Tryptophan,14.0,1384.12,1292.10536
2021-08,MIDLANDS,Reboxetine,267.0,4857.98,4554.88984
2021-08,MIDLANDS,Venlafaxine,78523.0,505514.76,475555.671
2021-08,MIDLANDS,Mirtazapine,155861.0,279024.66,266269.8937
2021-08,MIDLANDS,Duloxetine hydrochloride,50361.0,193338.99,182031.01769
2021-08,MIDLANDS,Agomelatine,251.0,8353.02,7804.5254
2021-08,MIDLANDS,Bupropion hydrochloride,326.0,11681.05,10940.59533
2021-08,NORTH EAST AND YORKSHIRE,Flupentixol hydrochloride,685.0,3550.35,3388.94953
2021-08,NORTH EAST AND YORKSHIRE,Flupentixol decanoate,559.0,10384.91,9720.76563
2021-08,NORTH EAST AND YORKSHIRE,Amitriptyline hydrochloride,255139.0,454242.97,432499.91331
2021-08,NORTH EAST AND YORKSHIRE,Clomipramine hydrochloride,3439.0,24459.93,22990.23836
2021-08,NORTH EAST AND YORKSHIRE,Dosulepin hydrochloride,6044.0,65394.85,61264.48963
2021-08,NORTH EAST AND YORKSHIRE,Doxepin,361.0,73483.19,68591.66541
2021-08,NORTH EAST AND YORKSHIRE,Imipramine hydrochloride,1857.0,26747.55,25026.26787
2021-08,NORTH EAST AND YORKSHIRE,Lofepramine hydrochloride,3147.0,49131.57,46094.70235
2021-08,NORTH EAST AND YORKSHIRE,Mianserin hydrochloride,14.0,466.44,436.56665
2021-08,NORTH EAST AND YORKSHIRE,Nortriptyline,10508.0,33642.66,32474.77066
2021-08,NORTH EAST AND YORKSHIRE,Trazodone hydrochloride,38062.0,109066.96,105044.47814
2021-08,NORTH EAST AND YORKSHIRE,Trimipramine maleate,305.0,85270.48,79597.40364
2021-08,NORTH EAST AND YORKSHIRE,Isocarboxazid,6.0,1743.7,1627.78363
2021-08,NORTH EAST AND YORKSHIRE,Moclobemide,116.0,4327.83,4049.0391
2021-08,NORTH EAST AND YORKSHIRE,Phenelzine sulfate,56.0,20661.74,19284.86506
2021-08,NORTH EAST AND YORKSHIRE,Tranylcypromine sulfate,44.0,54363.78,50736.94346
2021-08,NORTH EAST AND YORKSHIRE,Citalopram hydrobromide,199944.0,214215.29,205960.70896
2021-08,NORTH EAST AND YORKSHIRE,Fluoxetine hydrochloride,137358.0,321323.57,309832.40465
2021-08,NORTH EAST AND YORKSHIRE,Fluvoxamine maleate,348.0,6612.8,6200.22912
2021-08,NORTH EAST AND YORKSHIRE,Paroxetine hydrochloride,19147.0,49458.78,47501.57439
2021-08,NORTH EAST AND YORKSHIRE,Sertraline hydrochloride,324968.0,975399.82,921640.37496
2021-08,NORTH EAST AND YORKSHIRE,Escitalopram,17233.0,29321.41,27960.11359
2021-08,NORTH EAST AND YORKSHIRE,Citalopram hydrochloride,846.0,11299.02,10555.02457
2021-08,NORTH EAST AND YORKSHIRE,Vortioxetine,3123.0,53408.52,50063.42215
2021-08,NORTH EAST AND YORKSHIRE,Flupentixol hydrochloride,2257.0,5475.04,5325.70203
2021-08,NORTH EAST AND YORKSHIRE,Tryptophan,12.0,788.66,737.3663
2021-08,NORTH EAST AND YORKSHIRE,Reboxetine,455.0,6312.91,5935.04629
2021-08,NORTH EAST AND YORKSHIRE,Venlafaxine,69024.0,361404.75,342096.34384
2021-08,NORTH EAST AND YORKSHIRE,Mirtazapine,191003.0,285688.32,277204.33194
2021-08,NORTH EAST AND YORKSHIRE,Duloxetine hydrochloride,60633.0,192319.17,182500.54686
2021-08,NORTH EAST AND YORKSHIRE,Agomelatine,340.0,5937.18,5570.38104
2021-08,NORTH EAST AND YORKSHIRE,Bupropion hydrochloride,422.0,14804.66,13841.70609
2021-08,NORTH WEST,Flupentixol hydrochloride,398.0,2399.63,2283.6671
2021-08,NORTH WEST,Flupentixol decanoate,487.0,11466.15,10740.96298
2021-08,NORTH WEST,Amitriptyline hydrochloride,164358.0,318351.83,301288.65664
2021-08,NORTH WEST,Clomipramine hydrochloride,2902.0,23243.63,21794.17175
2021-08,NORTH WEST,Dosulepin hydrochloride,5352.0,68919.77,64470.04331
2021-08,NORTH WEST,Doxepin,194.0,41675.98,38900.19305
2021-08,NORTH WEST,Imipramine hydrochloride,1063.0,16923.36,15822.24501
2021-08,NORTH WEST,Lofepramine hydrochloride,1413.0,25164.21,23585.60187
2021-08,NORTH WEST,Mianserin hydrochloride,5.0,136.93,127.85202
2021-08,NORTH WEST,Nortriptyline,11082.0,46874.45,44898.84221
2021-08,NORTH WEST,Trazodone hydrochloride,15379.0,73537.21,69941.76111
2021-08,NORTH WEST,Trimipramine maleate,164.0,63325.96,59103.90438
2021-08,NORTH WEST,Isocarboxazid,2.0,747.3,697.64304
2021-08,NORTH WEST,Moclobemide,77.0,2336.38,2187.08303
2021-08,NORTH WEST,Phenelzine sulfate,28.0,14688.99,13729.55722
2021-08,NORTH WEST,Tranylcypromine sulfate,23.0,38507.65,35937.76363
2021-08,NORTH WEST,Citalopram hydrobromide,155914.0,176622.95,168261.65855
2021-08,NORTH WEST,Fluoxetine hydrochloride,85983.0,236863.82,227765.21998
2021-08,NORTH WEST,Fluvoxamine maleate,241.0,4534.41,4253.72949
2021-08,NORTH WEST,Paroxetine hydrochloride,16608.0,48253.96,46296.80174
2021-08,NORTH WEST,Sertraline hydrochloride,269180.0,857655.1,807878.33294
2021-08,NORTH WEST,Escitalopram,16688.0,30697.52,29098.05085
2021-08,NORTH WEST,Citalopram hydrochloride,784.0,10346.31,9665.33678
2021-08,NORTH WEST,Vortioxetine,2990.0,60372.18,56509.82012
2021-08,NORTH WEST,Flupentixol hydrochloride,1465.0,4305.75,4157.53587
2021-08,NORTH WEST,Tryptophan,7.0,1194.38,1115.24276
2021-08,NORTH WEST,Reboxetine,281.0,4556.21,4279.03319
2021-08,NORTH WEST,Venlafaxine,69403.0,428644.2,404224.33954
2021-08,NORTH WEST,Mirtazapine,161327.0,265868.35,255414.90479
2021-08,NORTH WEST,Duloxetine hydrochloride,43443.0,160396.04,151201.73159
2021-08,NORTH WEST,Agomelatine,153.0,3700.32,3462.28626
2021-08,NORTH WEST,Bupropion hydrochloride,452.0,16196.04,15139.48378
2021-08,SOUTH EAST,Flupentixol hydrochloride,271.0,1592.44,1515.69393
2021-08,SOUTH EAST,Flupentixol decanoate,437.0,7554.84,7068.06345
2021-08,SOUTH EAST,Amitriptyline hydrochloride,151735.0,339930.02,320953.5659
2021-08,SOUTH EAST,Clomipramine hydrochloride,2512.0,21949.26,20563.79931
2021-08,SOUTH EAST,Dosulepin hydrochloride,5132.0,65614.45,61374.12682
2021-08,SOUTH EAST,Doxepin,183.0,45034.51,42032.8203
2021-08,SOUTH EAST,Imipramine hydrochloride,1638.0,26853.24,25101.65385
2021-08,SOUTH EAST,Lofepramine hydrochloride,1281.0,24917.5,23335.2766
2021-08,SOUTH EAST,Mianserin hydrochloride,9.0,407.99,381.36855
2021-08,SOUTH EAST,Nortriptyline,9140.0,41500.98,39556.81912
2021-08,SOUTH EAST,Trazodone hydrochloride,13646.0,63720.47,60545.02171
2021-08,SOUTH EAST,Trimipramine maleate,351.0,148153.34,138275.37284
2021-08,SOUTH EAST,Isocarboxazid,16.0,8998.74,8398.87869
2021-08,SOUTH EAST,Moclobemide,108.0,4978.33,4652.50709
2021-08,SOUTH EAST,Phenelzine sulfate,71.0,35760.62,33392.3036
2021-08,SOUTH EAST,Tranylcypromine sulfate,118.0,128073.54,119530.95762
2021-08,SOUTH EAST,Citalopram hydrobromide,163794.0,212953.07,202384.07156
2021-08,SOUTH EAST,Fluoxetine hydrochloride,76041.0,261057.7,248048.03382
2021-08,SOUTH EAST,Fluvoxamine maleate,282.0,6823.4,6387.74092
2021-08,SOUTH EAST,Paroxetine hydrochloride,13861.0,47926.42,45566.91527
2021-08,SOUTH EAST,Sertraline hydrochloride,227987.0,867570.33,815302.86762
2021-08,SOUTH EAST,Escitalopram,26112.0,53100.13,50199.57272
2021-08,SOUTH EAST,Citalopram hydrochloride,1024.0,14020.05,13096.59752
2021-08,SOUTH EAST,Vortioxetine,4491.0,112362.03,105059.50614
2021-08,SOUTH EAST,Flupentixol hydrochloride,1211.0,3869.18,3710.3849
2021-08,SOUTH EAST,Oxitriptan,2.0,752.4,702.20262
2021-08,SOUTH EAST,Tryptophan,5.0,752.51,732.44249
2021-08,SOUTH EAST,Reboxetine,262.0,5296.73,4964.72718
2021-08,SOUTH EAST,Venlafaxine,60033.0,455221.86,427940.72903
2021-08,SOUTH EAST,Mirtazapine,117306.0,221818.64,211895.97401
2021-08,SOUTH EAST,Duloxetine hydrochloride,34703.0,146526.17,137942.33961
2021-08,SOUTH EAST,Agomelatine,597.0,17995.89,16820.14525
2021-08,SOUTH EAST,Bupropion hydrochloride,623.0,22653.42,21178.17496
2021-08,SOUTH WEST,Flupentixol hydrochloride,365.0,2232.91,2122.16785
2021-08,SOUTH WEST,Flupentixol decanoate,384.0,5584.76,5222.33093
2021-08,SOUTH WEST,Amitriptyline hydrochloride,139201.0,288972.61,273208.41406
2021-08,SOUTH WEST,Clomipramine hydrochloride,1829.0,15459.65,14492.78506
2021-08,SOUTH WEST,Dosulepin hydrochloride,3772.0,45872.03,42928.15624
2021-08,SOUTH WEST,Doxepin,226.0,44352.25,41400.2099
2021-08,SOUTH WEST,Imipramine hydrochloride,1177.0,16422.05,15361.98254
2021-08,SOUTH WEST,Lofepramine hydrochloride,1342.0,22212.3,20820.00888
2021-08,SOUTH WEST,Mianserin hydrochloride,5.0,538.68,502.98548
2021-08,SOUTH WEST,Nortriptyline,5440.0,19103.31,18322.77425
2021-08,SOUTH WEST,Trazodone hydrochloride,8560.0,32301.4,30797.62463
2021-08,SOUTH WEST,Trimipramine maleate,130.0,53830.77,50241.36712
2021-08,SOUTH WEST,Isocarboxazid,41.0,10782.51,10066.28088
2021-08,SOUTH WEST,Moclobemide,79.0,2582.45,2414.82882
2021-08,SOUTH WEST,Phenelzine sulfate,46.0,16355.03,15284.56378
2021-08,SOUTH WEST,Tranylcypromine sulfate,54.0,77451.56,72283.54163
2021-08,SOUTH WEST,Citalopram hydrobromide,127961.0,157229.77,149688.50643
2021-08,SOUTH WEST,Fluoxetine hydrochloride,55652.0,160297.94,152711.10399
2021-08,SOUTH WEST,Fluvoxamine maleate,171.0,3902.24,3654.53965
2021-08,SOUTH WEST,Paroxetine hydrochloride,10378.0,33522.7,31876.87167
2021-08,SOUTH WEST,Sertraline hydrochloride,162516.0,572138.72,538216.0236
2021-08,SOUTH WEST,Escitalopram,13128.0,25176.47,23856.45033
2021-08,SOUTH WEST,Citalopram hydrochloride,511.0,6889.14,6435.32164
2021-08,SOUTH WEST,Vortioxetine,1143.0,27315.09,25546.58529
2021-08,SOUTH WEST,Flupentixol hydrochloride,984.0,3055.95,2933.38774
2021-08,SOUTH WEST,Tryptophan,5.0,52.5,49.55766
2021-08,SOUTH WEST,Reboxetine,226.0,3738.19,3506.72349
2021-08,SOUTH WEST,Venlafaxine,49164.0,304415.74,286512.4213
2021-08,SOUTH WEST,Mirtazapine,98338.0,171674.27,164551.12469
2021-08,SOUTH WEST,Duloxetine hydrochloride,26986.0,100550.82,94861.74499
2021-08,SOUTH WEST,Agomelatine,190.0,5293.08,4949.83986
2021-08,SOUTH WEST,Bupropion hydrochloride,354.0,13628.46,12737.47515
2021-08,UNIDENTIFIED,Amitriptyline hydrochloride,52.0,75.9,72.65375
2021-08,UNIDENTIFIED,Clomipramine hydrochloride,2.0,9.66,9.04
2021-08,UNIDENTIFIED,Dosulepin hydrochloride,1.0,30.44,28.42055
2021-08,UNIDENTIFIED,Imipramine hydrochloride,1.0,19.92,18.60275
2021-08,UNIDENTIFIED,Lofepramine hydrochloride,1.0,10.59,9.99552
2021-08,UNIDENTIFIED,Nortriptyline,3.0,6.3,6.21668
2021-08,UNIDENTIFIED,Trazodone hydrochloride,14.0,32.62,31.51623
2021-08,UNIDENTIFIED,Citalopram hydrobromide,40.0,42.65,41.18674
2021-08,UNIDENTIFIED,Fluoxetine hydrochloride,53.0,1086.75,1016.80539
2021-08,UNIDENTIFIED,Fluvoxamine maleate,1.0,33.04,30.947
2021-08,UNIDENTIFIED,Paroxetine hydrochloride,2.0,4.28,4.11911
2021-08,UNIDENTIFIED,Sertraline hydrochloride,124.0,468.37,440.35741
2021-08,UNIDENTIFIED,Escitalopram,5.0,6.93,6.52942
2021-08,UNIDENTIFIED,Vortioxetine,1.0,13.86,13.04725
2021-08,UNIDENTIFIED,Flupentixol hydrochloride,4.0,8.35,8.24224
2021-08,UNIDENTIFIED,Tryptophan,5.0,177.2,165.93403
2021-08,UNIDENTIFIED,Venlafaxine,43.0,284.23,267.57865
2021-08,UNIDENTIFIED,Mirtazapine,68.0,112.39,108.10646
2021-08,UNIDENTIFIED,Duloxetine hydrochloride,45.0,162.32,152.64326
2021-09,EAST OF ENGLAND,Flupentixol hydrochloride,215.0,1496.03,1416.21331
2021-09,EAST OF ENGLAND,Flupentixol decanoate,309.0,4522.82,4225.76714
2021-09,EAST OF ENGLAND,Amitriptyline hydrochloride,164343.0,309190.21,291864.49948
2021-09,EAST OF ENGLAND,Clomipramine hydrochloride,2896.0,28737.67,26893.1122
2021-09,EAST OF ENGLAND,Dosulepin hydrochloride,4786.0,54223.72,50679.74813
2021-09,EAST OF ENGLAND,Doxepin,193.0,36654.39,34177.08787
2021-09,EAST OF ENGLAND,Imipramine hydrochloride,1211.0,18871.05,17622.24672
2021-09,EAST OF ENGLAND,Lofepramine hydrochloride,1353.0,22512.36,21078.94119
2021-09,EAST OF ENGLAND,Mianserin hydrochloride,7.0,268.63,250.53221
2021-09,EAST OF ENGLAND,Nortriptyline,8245.0,33303.15,31812.07252
2021-09,EAST OF ENGLAND,Trazodone hydrochloride,7703.0,34020.62,32325.26191
2021-09,EAST OF ENGLAND,Trimipramine maleate,224.0,86339.36,80500.84234
2021-09,EAST OF ENGLAND,Isocarboxazid,21.0,9866.14,9199.18726
2021-09,EAST OF ENGLAND,Moclobemide,79.0,2850.07,2662.50527
2021-09,EAST OF ENGLAND,Phenelzine sulfate,77.0,32456.14,30281.06752
2021-09,EAST OF ENGLAND,Tranylcypromine sulfate,43.0,40468.27,37730.61717
2021-09,EAST OF ENGLAND,Citalopram hydrobromide,173774.0,191482.56,182039.24928
2021-09,EAST OF ENGLAND,Fluoxetine hydrochloride,72206.0,232882.4,220589.08636
2021-09,EAST OF ENGLAND,Fluvoxamine maleate,256.0,5602.87,5240.33042
2021-09,EAST OF ENGLAND,Paroxetine hydrochloride,14012.0,41791.19,39606.89861
2021-09,EAST OF ENGLAND,Sertraline hydrochloride,199904.0,647146.0,608175.88571
2021-09,EAST OF ENGLAND,Escitalopram,15133.0,27711.75,26178.84511
2021-09,EAST OF ENGLAND,Citalopram hydrochloride,771.0,10292.26,9604.59021
2021-09,EAST OF ENGLAND,Vortioxetine,2571.0,61775.01,57694.24905
2021-09,EAST OF ENGLAND,Flupentixol hydrochloride,1736.0,4838.49,4650.82293
2021-09,EAST OF ENGLAND,Tryptophan,5.0,438.0,408.39974
2021-09,EAST OF ENGLAND,Reboxetine,210.0,3685.18,3451.68477
2021-09,EAST OF ENGLAND,Venlafaxine,62653.0,362712.08,340855.2827
2021-09,EAST OF ENGLAND,Mirtazapine,95922.0,164643.22,157364.84573
2021-09,EAST OF ENGLAND,Duloxetine hydrochloride,27736.0,101067.42,95135.99655
2021-09,EAST OF ENGLAND,Agomelatine,177.0,5772.17,5387.13907
2021-09,EAST OF ENGLAND,Bupropion hydrochloride,427.0,15490.97,14514.03192
2021-09,LONDON,Flupentixol hydrochloride,514.0,2586.69,2468.76081
2021-09,LONDON,Flupentixol decanoate,517.0,13665.92,12771.23086
2021-09,LONDON,Amitriptyline hydrochloride,108882.0,188583.41,180654.1872
2021-09,LONDON,Clomipramine hydrochloride,1745.0,21561.72,20177.56413
2021-09,LONDON,Dosulepin hydrochloride,3188.0,38290.19,35865.01199
2021-09,LONDON,Doxepin,208.0,48302.0,45042.83594
2021-09,LONDON,Imipramine hydrochloride,949.0,14146.13,13235.79304
2021-09,LONDON,Lofepramine hydrochloride,1162.0,18286.74,17143.15054
2021-09,LONDON,Mianserin hydrochloride,2.0,49.71,46.36974
2021-09,LONDON,Nortriptyline,7070.0,23843.13,22942.06386
2021-09,LONDON,Trazodone hydrochloride,5103.0,23229.22,22087.91187
2021-09,LONDON,Trimipramine maleate,318.0,137417.34,128127.48848
2021-09,LONDON,Isocarboxazid,20.0,5071.01,4729.28236
2021-09,LONDON,Moclobemide,82.0,2166.39,2025.75574
2021-09,LONDON,Phenelzine sulfate,39.0,23088.52,21527.05516
2021-09,LONDON,Tranylcypromine sulfate,61.0,83401.82,77758.5947
2021-09,LONDON,Citalopram hydrobromide,109966.0,129472.37,125164.98018
2021-09,LONDON,Fluoxetine hydrochloride,47943.0,162181.11,154562.7398
2021-09,LONDON,Fluvoxamine maleate,293.0,8016.28,7494.46124
2021-09,LONDON,Paroxetine hydrochloride,11589.0,33853.24,32398.39423
2021-09,LONDON,Sertraline hydrochloride,162787.0,556796.8,525964.25091
2021-09,LONDON,Escitalopram,14429.0,32741.35,30980.67375
2021-09,LONDON,Citalopram hydrochloride,396.0,5737.32,5353.84976
2021-09,LONDON,Vortioxetine,1952.0,50331.6,47028.75873
2021-09,LONDON,Flupentixol hydrochloride,739.0,2081.36,2009.72857
2021-09,LONDON,Oxitriptan,2.0,71.28,66.57958
2021-09,LONDON,Tryptophan,11.0,526.86,492.23128
2021-09,LONDON,Reboxetine,181.0,3044.07,2853.54991
2021-09,LONDON,Venlafaxine,39312.0,241955.52,228380.19627
2021-09,LONDON,Mirtazapine,100673.0,159529.59,154905.57143
2021-09,LONDON,Duloxetine hydrochloride,21576.0,72102.3,68509.16608
2021-09,LONDON,Agomelatine,399.0,12464.75,11642.61209
2021-09,LONDON,Bupropion hydrochloride,901.0,35912.13,33534.37601
2021-09,MIDLANDS,Flupentixol hydrochloride,443.0,2946.95,2795.19094
2021-09,MIDLANDS,Flupentixol decanoate,506.0,11530.23,10782.8451
2021-09,MIDLANDS,Amitriptyline hydrochloride,251678.0,489566.13,461932.56859
2021-09,MIDLANDS,Clomipramine hydrochloride,3323.0,40909.92,38240.38828
2021-09,MIDLANDS,Dosulepin hydrochloride,7267.0,90944.8,84973.57617
2021-09,MIDLANDS,Doxepin,278.0,54250.94,50583.20467
2021-09,MIDLANDS,Imipramine hydrochloride,2135.0,35574.97,33214.0229
2021-09,MIDLANDS,Lofepramine hydrochloride,2814.0,50571.09,47336.1832
2021-09,MIDLANDS,Mianserin hydrochloride,15.0,1391.59,1297.77404
2021-09,MIDLANDS,Nortriptyline,10972.0,45884.96,43812.73635
2021-09,MIDLANDS,Trazodone hydrochloride,11966.0,54788.7,51975.84663
2021-09,MIDLANDS,Trimipramine maleate,241.0,97298.49,90719.38131
2021-09,MIDLANDS,Isocarboxazid,25.0,7593.11,7081.00156
2021-09,MIDLANDS,Moclobemide,121.0,4553.25,4253.69986
2021-09,MIDLANDS,Phenelzine sulfate,48.0,11971.27,11162.6727
2021-09,MIDLANDS,Tranylcypromine sulfate,69.0,68037.87,63436.16244
2021-09,MIDLANDS,Citalopram hydrobromide,236179.0,278733.45,264487.51351
2021-09,MIDLANDS,Fluoxetine hydrochloride,118303.0,338858.69,322596.08344
2021-09,MIDLANDS,Fluvoxamine maleate,408.0,8712.49,8156.63265
2021-09,MIDLANDS,Paroxetine hydrochloride,20798.0,64932.29,61719.06241
2021-09,MIDLANDS,Sertraline hydrochloride,335451.0,1138634.16,1069376.19128
2021-09,MIDLANDS,Escitalopram,23548.0,42716.97,40376.93113
2021-09,MIDLANDS,Citalopram hydrochloride,1226.0,16326.48,15236.12209
2021-09,MIDLANDS,Vortioxetine,4071.0,96885.36,90499.98381
2021-09,MIDLANDS,Flupentixol hydrochloride,2508.0,7583.15,7293.11994
2021-09,MIDLANDS,Oxitriptan,4.0,76.35,188.61118
2021-09,MIDLANDS,Tryptophan,9.0,1022.12,953.52809
2021-09,MIDLANDS,Reboxetine,274.0,5147.64,4820.37784
2021-09,MIDLANDS,Venlafaxine,82544.0,532242.23,500189.37826
2021-09,MIDLANDS,Mirtazapine,164874.0,297787.93,283780.2934
2021-09,MIDLANDS,Duloxetine hydrochloride,52657.0,202231.11,190180.22863
2021-09,MIDLANDS,Agomelatine,260.0,8568.76,7997.73422
2021-09,MIDLANDS,Bupropion hydrochloride,392.0,13126.65,12303.78958
2021-09,NORTH EAST AND YORKSHIRE,Flupentixol hydrochloride,740.0,3630.86,3466.73781
2021-09,NORTH EAST AND YORKSHIRE,Flupentixol decanoate,586.0,10043.18,9395.8094
2021-09,NORTH EAST AND YORKSHIRE,Amitriptyline hydrochloride,265807.0,473145.63,449911.5052
2021-09,NORTH EAST AND YORKSHIRE,Clomipramine hydrochloride,3536.0,36348.04,34052.97627
2021-09,NORTH EAST AND YORKSHIRE,Dosulepin hydrochloride,6136.0,66356.55,62096.7522
2021-09,NORTH EAST AND YORKSHIRE,Doxepin,369.0,70158.5,65423.84762
2021-09,NORTH EAST AND YORKSHIRE,Imipramine hydrochloride,1836.0,26152.22,24449.15163
2021-09,NORTH EAST AND YORKSHIRE,Lofepramine hydrochloride,3163.0,48993.17,45924.84275
2021-09,NORTH EAST AND YORKSHIRE,Mianserin hydrochloride,9.0,316.05,295.2422
2021-09,NORTH EAST AND YORKSHIRE,Nortriptyline,10987.0,35983.08,34641.64352
2021-09,NORTH EAST AND YORKSHIRE,Trazodone hydrochloride,39081.0,119147.95,114412.44059
2021-09,NORTH EAST AND YORKSHIRE,Trimipramine maleate,285.0,89161.31,83142.23124
2021-09,NORTH EAST AND YORKSHIRE,Isocarboxazid,6.0,2491.0,2322.64928
2021-09,NORTH EAST AND YORKSHIRE,Moclobemide,109.0,4156.98,3884.59286
2021-09,NORTH EAST AND YORKSHIRE,Phenelzine sulfate,56.0,28121.92,26220.22384
2021-09,NORTH EAST AND YORKSHIRE,Tranylcypromine sulfate,55.0,69791.51,65069.50596
2021-09,NORTH EAST AND YORKSHIRE,Citalopram hydrobromide,207643.0,223057.73,214132.55272
2021-09,NORTH EAST AND YORKSHIRE,Fluoxetine hydrochloride,143954.0,334292.7,322066.16555
2021-09,NORTH EAST AND YORKSHIRE,Fluvoxamine maleate,369.0,7625.16,7140.69894
2021-09,NORTH EAST AND YORKSHIRE,Paroxetine hydrochloride,19723.0,50727.77,48652.79013
2021-09,NORTH EAST AND YORKSHIRE,Sertraline hydrochloride,339977.0,1026646.9,968875.73577
2021-09,NORTH EAST AND YORKSHIRE,Escitalopram,17944.0,30690.29,29231.22327
2021-09,NORTH EAST AND YORKSHIRE,Citalopram hydrochloride,908.0,12330.68,11506.90666
2021-09,NORTH EAST AND YORKSHIRE,Vortioxetine,3234.0,56029.05,52462.65732
2021-09,NORTH EAST AND YORKSHIRE,Flupentixol hydrochloride,2336.0,5899.63,5722.35922
2021-09,NORTH EAST AND YORKSHIRE,Tryptophan,23.0,1456.88,1360.54353
2021-09,NORTH EAST AND YORKSHIRE,Reboxetine,471.0,6501.1,6107.57078
2021-09,NORTH EAST AND YORKSHIRE,Venlafaxine,71120.0,368589.54,348552.4059
2021-09,NORTH EAST AND YORKSHIRE,Mirtazapine,196582.0,296086.53,286766.09001
2021-09,NORTH EAST AND YORKSHIRE,Duloxetine hydrochloride,62992.0,201951.16,191374.502
2021-09,NORTH EAST AND YORKSHIRE,Agomelatine,347.0,5941.12,5567.54624
2021-09,NORTH EAST AND YORKSHIRE,Bupropion hydrochloride,451.0,16589.19,15490.67501
2021-09,NORTH WEST,Flupentixol hydrochloride,391.0,2431.36,2309.79557
2021-09,NORTH WEST,Flupentixol decanoate,513.0,12090.21,11313.99753
2021-09,NORTH WEST,Amitriptyline hydrochloride,173667.0,337377.77,318930.11528
2021-09,NORTH WEST,Clomipramine hydrochloride,3077.0,36456.29,34095.77404
2021-09,NORTH WEST,Dosulepin hydrochloride,5549.0,70580.77,65960.46723
2021-09,NORTH WEST,Doxepin,201.0,38758.55,36140.76905
2021-09,NORTH WEST,Imipramine hydrochloride,1120.0,17740.11,16569.79254
2021-09,NORTH WEST,Lofepramine hydrochloride,1385.0,24685.71,23115.65545
2021-09,NORTH WEST,Mianserin hydrochloride,9.0,318.34,296.90196
2021-09,NORTH WEST,Nortriptyline,11521.0,45734.56,43862.23509
2021-09,NORTH WEST,Trazodone hydrochloride,15879.0,78291.01,74337.58932
2021-09,NORTH WEST,Trimipramine maleate,158.0,59521.67,55497.45949
2021-09,NORTH WEST,Isocarboxazid,4.0,3238.3,3019.33694
2021-09,NORTH WEST,Moclobemide,86.0,3030.69,2832.79771
2021-09,NORTH WEST,Phenelzine sulfate,28.0,8576.07,8036.57089
2021-09,NORTH WEST,Tranylcypromine sulfate,25.0,51116.11,47656.37898
2021-09,NORTH WEST,Citalopram hydrobromide,164390.0,186513.6,177480.53501
2021-09,NORTH WEST,Fluoxetine hydrochloride,90387.0,247561.31,237860.68893
2021-09,NORTH WEST,Fluvoxamine maleate,243.0,5387.66,5045.9499
2021-09,NORTH WEST,Paroxetine hydrochloride,17336.0,49531.79,47513.81618
2021-09,NORTH WEST,Sertraline hydrochloride,285461.0,908668.2,855064.97335
2021-09,NORTH WEST,Escitalopram,17751.0,32972.12,31218.1056
2021-09,NORTH WEST,Citalopram hydrochloride,788.0,10468.29,9769.32426
2021-09,NORTH WEST,Vortioxetine,3246.0,68168.43,63729.30641
2021-09,NORTH WEST,Flupentixol hydrochloride,1481.0,4344.17,4190.77449
2021-09,NORTH WEST,Tryptophan,3.0,616.0,574.43786
2021-09,NORTH WEST,Reboxetine,293.0,4601.57,4318.03153
2021-09,NORTH WEST,Venlafaxine,72522.0,452213.58,425949.94356
2021-09,NORTH WEST,Mirtazapine,170083.0,280917.56,269524.38929
2021-09,NORTH WEST,Duloxetine hydrochloride,45783.0,170384.66,160417.44741
2021-09,NORTH WEST,Agomelatine,127.0,3330.16,3111.25424
2021-09,NORTH WEST,Bupropion hydrochloride,528.0,18307.07,17133.46903
2021-09,SOUTH EAST,Flupentixol hydrochloride,286.0,1805.25,1714.17983
2021-09,SOUTH EAST,Flupentixol decanoate,477.0,7548.98,7057.95157
2021-09,SOUTH EAST,Amitriptyline hydrochloride,159356.0,350875.4,331021.51825
2021-09,SOUTH EAST,Clomipramine hydrochloride,2587.0,33677.05,31474.04506
2021-09,SOUTH EAST,Dosulepin hydrochloride,5175.0,66135.31,61794.9918
2021-09,SOUTH EAST,Doxepin,183.0,46090.2,42973.9401
2021-09,SOUTH EAST,Imipramine hydrochloride,1779.0,27885.39,26042.772
2021-09,SOUTH EAST,Lofepramine hydrochloride,1291.0,24782.51,23185.24074
2021-09,SOUTH EAST,Mianserin hydrochloride,10.0,666.97,622.44429
2021-09,SOUTH EAST,Nortriptyline,9518.0,43508.14,41418.62087
2021-09,SOUTH EAST,Trazodone hydrochloride,13917.0,69319.12,65717.91676
2021-09,SOUTH EAST,Trimipramine maleate,344.0,147490.26,137518.25879
2021-09,SOUTH EAST,Isocarboxazid,10.0,4016.74,3745.55582
2021-09,SOUTH EAST,Moclobemide,117.0,4128.41,3856.88165
2021-09,SOUTH EAST,Phenelzine sulfate,101.0,55999.58,52212.19865
2021-09,SOUTH EAST,Tranylcypromine sulfate,119.0,151685.43,141422.71327
2021-09,SOUTH EAST,Citalopram hydrobromide,170574.0,221206.91,210027.99079
2021-09,SOUTH EAST,Fluoxetine hydrochloride,79463.0,263395.17,250172.39245
2021-09,SOUTH EAST,Fluvoxamine maleate,295.0,7477.58,6991.22943
2021-09,SOUTH EAST,Paroxetine hydrochloride,14222.0,48822.86,46366.95644
2021-09,SOUTH EAST,Sertraline hydrochloride,239638.0,908884.7,853327.13188
2021-09,SOUTH EAST,Escitalopram,27601.0,56155.03,53032.52685
2021-09,SOUTH EAST,Citalopram hydrochloride,1135.0,15516.18,14479.45892
2021-09,SOUTH EAST,Vortioxetine,4734.0,121244.31,113258.10463
2021-09,SOUTH EAST,Flupentixol hydrochloride,1250.0,3930.69,3768.64869
2021-09,SOUTH EAST,Tryptophan,5.0,583.29,544.06691
2021-09,SOUTH EAST,Reboxetine,263.0,5012.75,4695.21823
2021-09,SOUTH EAST,Venlafaxine,63219.0,476453.69,447481.41981
2021-09,SOUTH EAST,Mirtazapine,123404.0,233374.24,222691.11043
2021-09,SOUTH EAST,Duloxetine hydrochloride,36750.0,153959.11,144827.17613
2021-09,SOUTH EAST,Agomelatine,609.0,18367.76,17149.76974
2021-09,SOUTH EAST,Bupropion hydrochloride,591.0,21112.44,19717.86676
2021-09,SOUTH WEST,Flupentixol hydrochloride,363.0,2220.03,2107.40101
2021-09,SOUTH WEST,Flupentixol decanoate,425.0,6220.17,5807.29243
2021-09,SOUTH WEST,Amitriptyline hydrochloride,145912.0,303383.2,286467.01897
2021-09,SOUTH WEST,Clomipramine hydrochloride,1843.0,22618.96,21151.98997
2021-09,SOUTH WEST,Dosulepin hydrochloride,3766.0,46666.58,43618.49675
2021-09,SOUTH WEST,Doxepin,233.0,43029.5,40125.70075
2021-09,SOUTH WEST,Imipramine hydrochloride,1217.0,15938.18,14898.86707
2021-09,SOUTH WEST,Lofepramine hydrochloride,1438.0,25083.42,23479.70863
2021-09,SOUTH WEST,Mianserin hydrochloride,6.0,711.49,663.70098
2021-09,SOUTH WEST,Nortriptyline,5732.0,20619.39,19807.92001
2021-09,SOUTH WEST,Trazodone hydrochloride,8924.0,36358.43,34570.9555
2021-09,SOUTH WEST,Trimipramine maleate,133.0,49982.36,46602.54315
2021-09,SOUTH WEST,Isocarboxazid,32.0,10973.15,10232.38356
2021-09,SOUTH WEST,Moclobemide,77.0,2615.39,2443.10003
2021-09,SOUTH WEST,Phenelzine sulfate,46.0,17422.69,16264.36644
2021-09,SOUTH WEST,Tranylcypromine sulfate,63.0,97718.44,91105.93182
2021-09,SOUTH WEST,Citalopram hydrobromide,133860.0,165649.83,157437.88216
2021-09,SOUTH WEST,Fluoxetine hydrochloride,58475.0,163501.88,155673.5268
2021-09,SOUTH WEST,Fluvoxamine maleate,151.0,3551.23,3321.79481
2021-09,SOUTH WEST,Paroxetine hydrochloride,10790.0,35283.8,33502.71081
2021-09,SOUTH WEST,Sertraline hydrochloride,171379.0,603727.2,567318.00661
2021-09,SOUTH WEST,Escitalopram,13987.0,26723.22,25288.142
2021-09,SOUTH WEST,Citalopram hydrochloride,548.0,7449.75,6951.84687
2021-09,SOUTH WEST,Vortioxetine,1208.0,28605.06,26725.30288
2021-09,SOUTH WEST,Flupentixol hydrochloride,1064.0,3246.37,3115.39934
2021-09,SOUTH WEST,Tryptophan,4.0,175.0,163.50319
2021-09,SOUTH WEST,Reboxetine,268.0,4535.51,4251.8224
2021-09,SOUTH WEST,Venlafaxine,51071.0,316723.71,297750.39212
2021-09,SOUTH WEST,Mirtazapine,102582.0,180401.28,172628.56359
2021-09,SOUTH WEST,Duloxetine hydrochloride,28074.0,105101.22,99019.4463
2021-09,SOUTH WEST,Agomelatine,219.0,6472.82,6043.79184
2021-09,SOUTH WEST,Bupropion hydrochloride,366.0,13315.26,12434.51635
2021-09,UNIDENTIFIED,Flupentixol hydrochloride,1.0,7.8,7.38439
2021-09,UNIDENTIFIED,Amitriptyline hydrochloride,45.0,61.11,57.91882
2021-09,UNIDENTIFIED,Dosulepin hydrochloride,1.0,30.44,28.3918
2021-09,UNIDENTIFIED,Trazodone hydrochloride,16.0,41.3,39.49024
2021-09,UNIDENTIFIED,Citalopram hydrobromide,46.0,45.43,43.70027
2021-09,UNIDENTIFIED,Fluoxetine hydrochloride,56.0,390.19,368.17098
2021-09,UNIDENTIFIED,Fluvoxamine maleate,2.0,43.52,40.79877
2021-09,UNIDENTIFIED,Paroxetine hydrochloride,2.0,5.45,5.30587
2021-09,UNIDENTIFIED,Sertraline hydrochloride,142.0,494.72,466.42938
2021-09,UNIDENTIFIED,Escitalopram,10.0,19.28,18.27406
2021-09,UNIDENTIFIED,Citalopram hydrochloride,1.0,9.38,8.74503
2021-09,UNIDENTIFIED,Vortioxetine,3.0,138.6,129.23005
2021-09,UNIDENTIFIED,Flupentixol hydrochloride,2.0,10.41,9.93011
2021-09,UNIDENTIFIED,Tryptophan,1.0,64.0,59.78
2021-09,UNIDENTIFIED,Venlafaxine,72.0,441.43,416.02838
2021-09,UNIDENTIFIED,Mirtazapine,103.0,175.92,168.87611
2021-09,UNIDENTIFIED,Duloxetine hydrochloride,71.0,231.2,218.0924
2021-10,EAST OF ENGLAND,Flupentixol hydrochloride,211.0,1402.45,1327.76059
2021-10,EAST OF ENGLAND,Flupentixol decanoate,313.0,3896.65,3641.15014
2021-10,EAST OF ENGLAND,Amitriptyline hydrochloride,157930.0,268033.78,253208.56541
2021-10,EAST OF ENGLAND,Clomipramine hydrochloride,2802.0,30259.26,28296.40983
2021-10,EAST OF ENGLAND,Dosulepin hydrochloride,4545.0,42811.03,40012.38437
2021-10,EAST OF ENGLAND,Doxepin,178.0,36409.85,33933.12807
2021-10,EAST OF ENGLAND,Imipramine hydrochloride,1195.0,12683.75,11848.71463
2021-10,EAST OF ENGLAND,Lofepramine hydrochloride,1235.0,18521.11,17344.64751
2021-10,EAST OF ENGLAND,Mianserin hydrochloride,9.0,526.25,490.50017
2021-10,EAST OF ENGLAND,Nortriptyline,7814.0,32540.08,31002.87551
2021-10,EAST OF ENGLAND,Trazodone hydrochloride,7450.0,33258.27,31579.27779
2021-10,EAST OF ENGLAND,Trimipramine maleate,202.0,79422.85,74016.60839
2021-10,EAST OF ENGLAND,Isocarboxazid,18.0,7766.58,7238.23566
2021-10,EAST OF ENGLAND,Moclobemide,73.0,2728.65,2547.67361
2021-10,EAST OF ENGLAND,Phenelzine sulfate,79.0,37177.3,34645.58779
2021-10,EAST OF ENGLAND,Tranylcypromine sulfate,37.0,31303.62,29172.25012
2021-10,EAST OF ENGLAND,Citalopram hydrobromide,165901.0,175704.3,167044.60778
2021-10,EAST OF ENGLAND,Fluoxetine hydrochloride,68641.0,200697.29,190320.59399
2021-10,EAST OF ENGLAND,Fluvoxamine maleate,234.0,4632.08,4333.11761
2021-10,EAST OF ENGLAND,Paroxetine hydrochloride,13609.0,41133.63,38957.75916
2021-10,EAST OF ENGLAND,Sertraline hydrochloride,192602.0,525151.87,493959.13297
2021-10,EAST OF ENGLAND,Escitalopram,14644.0,24967.94,23592.60431
2021-10,EAST OF ENGLAND,Citalopram hydrochloride,787.0,8717.61,8132.76082
2021-10,EAST OF ENGLAND,Vortioxetine,2504.0,60171.21,56170.58734
2021-10,EAST OF ENGLAND,Flupentixol hydrochloride,1637.0,4604.33,4420.86898
2021-10,EAST OF ENGLAND,Tryptophan,2.0,523.88,488.20489
2021-10,EAST OF ENGLAND,Reboxetine,195.0,3603.52,3372.12735
2021-10,EAST OF ENGLAND,Venlafaxine,61204.0,349260.34,328111.09775
2021-10,EAST OF ENGLAND,Mirtazapine,92891.0,138681.66,132952.83307
2021-10,EAST OF ENGLAND,Duloxetine hydrochloride,26703.0,77802.81,73371.39423
2021-10,EAST OF ENGLAND,Agomelatine,159.0,4347.46,4057.31188
2021-10,EAST OF ENGLAND,Bupropion hydrochloride,547.0,19215.97,17934.36957
2021-10,LONDON,Flupentixol hydrochloride,469.0,2272.29,2169.76007
2021-10,LONDON,Flupentixol decanoate,493.0,13250.59,12375.12507
2021-10,LONDON,Amitriptyline hydrochloride,104247.0,164421.18,157901.20558
2021-10,LONDON,Clomipramine hydrochloride,1761.0,24180.22,22610.89038
2021-10,LONDON,Dosulepin hydrochloride,3108.0,31961.16,29945.49909
2021-10,LONDON,Doxepin,187.0,36677.75,34188.6563
2021-10,LONDON,Imipramine hydrochloride,900.0,9133.82,8557.15327
2021-10,LONDON,Lofepramine hydrochloride,1199.0,17422.12,16332.95367
2021-10,LONDON,Mianserin hydrochloride,5.0,452.63,421.94744
2021-10,LONDON,Nortriptyline,6828.0,22537.25,21689.2137
2021-10,LONDON,Trazodone hydrochloride,5127.0,21570.33,20531.38988
2021-10,LONDON,Trimipramine maleate,299.0,117752.35,109741.69997
2021-10,LONDON,Isocarboxazid,13.0,2206.34,2057.14972
2021-10,LONDON,Moclobemide,98.0,3481.31,3250.8906
2021-10,LONDON,Phenelzine sulfate,39.0,19965.54,18606.86786
2021-10,LONDON,Tranylcypromine sulfate,69.0,92975.6,86642.91465
2021-10,LONDON,Citalopram hydrobromide,106445.0,119938.09,116185.35222
2021-10,LONDON,Fluoxetine hydrochloride,46495.0,142352.72,135937.0525
2021-10,LONDON,Fluvoxamine maleate,268.0,6368.95,5956.1598
2021-10,LONDON,Paroxetine hydrochloride,11385.0,34053.88,32568.04827
2021-10,LONDON,Sertraline hydrochloride,157541.0,452916.33,428776.75519
2021-10,LONDON,Escitalopram,13943.0,28950.91,27427.34169
2021-10,LONDON,Citalopram hydrochloride,377.0,4716.32,4399.60088
2021-10,LONDON,Vortioxetine,2032.0,51082.02,47711.42507
2021-10,LONDON,Flupentixol hydrochloride,717.0,1915.76,1851.40055
2021-10,LONDON,Oxitriptan,2.0,45.18,42.126
2021-10,LONDON,Tryptophan,8.0,1016.8,948.10915
2021-10,LONDON,Reboxetine,144.0,2474.61,2319.16279
2021-10,LONDON,Venlafaxine,38003.0,224757.05,212177.9423
2021-10,LONDON,Mirtazapine,98236.0,133816.76,130796.68969
2021-10,LONDON,Duloxetine hydrochloride,21244.0,55239.36,52760.26497
2021-10,LONDON,Agomelatine,332.0,9178.8,8571.42566
2021-10,LONDON,Bupropion hydrochloride,1040.0,43634.28,40718.70977
2021-10,MIDLANDS,Flupentixol hydrochloride,405.0,2787.5,2641.3176
2021-10,MIDLANDS,Flupentixol decanoate,471.0,12199.31,11397.16465
2021-10,MIDLANDS,Amitriptyline hydrochloride,239475.0,421617.16,398106.09132
2021-10,MIDLANDS,Clomipramine hydrochloride,3173.0,43656.36,40775.97763
2021-10,MIDLANDS,Dosulepin hydrochloride,6854.0,73338.03,68509.90938
2021-10,MIDLANDS,Doxepin,269.0,48732.93,45417.56703
2021-10,MIDLANDS,Imipramine hydrochloride,2075.0,25173.15,23504.34233
2021-10,MIDLANDS,Lofepramine hydrochloride,2645.0,45413.66,42493.79137
2021-10,MIDLANDS,Mianserin hydrochloride,10.0,1352.44,1260.5017
2021-10,MIDLANDS,Nortriptyline,10650.0,44993.63,42933.44891
2021-10,MIDLANDS,Trazodone hydrochloride,11458.0,51439.82,48795.47858
2021-10,MIDLANDS,Trimipramine maleate,235.0,94756.8,88306.92089
2021-10,MIDLANDS,Isocarboxazid,25.0,7384.05,6882.76005
2021-10,MIDLANDS,Moclobemide,112.0,4326.07,4038.60909
2021-10,MIDLANDS,Phenelzine sulfate,42.0,16534.6,15409.55476
2021-10,MIDLANDS,Tranylcypromine sulfate,56.0,71208.95,66359.28375
2021-10,MIDLANDS,Citalopram hydrobromide,223683.0,253369.97,240480.08637
2021-10,MIDLANDS,Fluoxetine hydrochloride,112383.0,296297.83,282445.77934
2021-10,MIDLANDS,Fluvoxamine maleate,366.0,7845.92,7339.79892
2021-10,MIDLANDS,Paroxetine hydrochloride,19512.0,61046.5,58003.13346
2021-10,MIDLANDS,Sertraline hydrochloride,320834.0,913589.87,858792.77278
2021-10,MIDLANDS,Escitalopram,22686.0,38409.04,36314.90725
2021-10,MIDLANDS,Citalopram hydrochloride,1122.0,12636.35,11788.71135
2021-10,MIDLANDS,Vortioxetine,3883.0,92234.34,86113.35026
2021-10,MIDLANDS,Flupentixol hydrochloride,2370.0,7244.15,6960.79932
2021-10,MIDLANDS,Oxitriptan,1.0,18.92,17.64309
2021-10,MIDLANDS,Tryptophan,13.0,976.92,911.14679
2021-10,MIDLANDS,Reboxetine,285.0,5440.77,5092.60768
2021-10,MIDLANDS,Venlafaxine,79009.0,497682.35,467565.62689
2021-10,MIDLANDS,Mirtazapine,158185.0,247082.4,236138.74952
2021-10,MIDLANDS,Duloxetine hydrochloride,50872.0,155598.1,146587.19161
2021-10,MIDLANDS,Agomelatine,252.0,7829.43,7304.48034
2021-10,MIDLANDS,Bupropion hydrochloride,466.0,15799.27,14753.38189
2021-10,NORTH EAST AND YORKSHIRE,Flupentixol hydrochloride,662.0,3322.85,3169.51093
2021-10,NORTH EAST AND YORKSHIRE,Flupentixol decanoate,533.0,9329.99,8724.78751
2021-10,NORTH EAST AND YORKSHIRE,Amitriptyline hydrochloride,255712.0,413992.19,394293.05521
2021-10,NORTH EAST AND YORKSHIRE,Clomipramine hydrochloride,3317.0,36935.28,34571.32315
2021-10,NORTH EAST AND YORKSHIRE,Dosulepin hydrochloride,5870.0,53843.55,50401.41308
2021-10,NORTH EAST AND YORKSHIRE,Doxepin,344.0,67617.68,63021.67678
2021-10,NORTH EAST AND YORKSHIRE,Imipramine hydrochloride,1798.0,18076.08,16906.77061
2021-10,NORTH EAST AND YORKSHIRE,Lofepramine hydrochloride,3027.0,44307.28,41524.69428
2021-10,NORTH EAST AND YORKSHIRE,Mianserin hydrochloride,7.0,311.06,290.43716
2021-10,NORTH EAST AND YORKSHIRE,Nortriptyline,10596.0,35116.36,33791.03785
2021-10,NORTH EAST AND YORKSHIRE,Trazodone hydrochloride,38121.0,110366.31,106110.87016
2021-10,NORTH EAST AND YORKSHIRE,Trimipramine maleate,261.0,84261.06,78532.97238
2021-10,NORTH EAST AND YORKSHIRE,Isocarboxazid,9.0,2491.0,2321.96191
2021-10,NORTH EAST AND YORKSHIRE,Moclobemide,112.0,4042.64,3775.90503
2021-10,NORTH EAST AND YORKSHIRE,Phenelzine sulfate,44.0,16477.3,15356.39666
2021-10,NORTH EAST AND YORKSHIRE,Tranylcypromine sulfate,52.0,47661.06,44415.80747
2021-10,NORTH EAST AND YORKSHIRE,Citalopram hydrobromide,199363.0,205564.2,197564.8219
2021-10,NORTH EAST AND YORKSHIRE,Fluoxetine hydrochloride,137761.0,295257.38,285147.24767
2021-10,NORTH EAST AND YORKSHIRE,Fluvoxamine maleate,347.0,7303.17,6834.52312
2021-10,NORTH EAST AND YORKSHIRE,Paroxetine hydrochloride,18794.0,48644.89,46641.10837
2021-10,NORTH EAST AND YORKSHIRE,Sertraline hydrochloride,328335.0,828719.47,783605.08476
2021-10,NORTH EAST AND YORKSHIRE,Escitalopram,17471.0,27099.49,25869.96019
2021-10,NORTH EAST AND YORKSHIRE,Citalopram hydrochloride,817.0,9534.55,8894.74986
2021-10,NORTH EAST AND YORKSHIRE,Vortioxetine,3126.0,54571.77,51072.63955
2021-10,NORTH EAST AND YORKSHIRE,Flupentixol hydrochloride,2251.0,5624.73,5457.09935
2021-10,NORTH EAST AND YORKSHIRE,Tryptophan,26.0,1804.65,1703.78176
2021-10,NORTH EAST AND YORKSHIRE,Reboxetine,435.0,5909.56,5548.79807
2021-10,NORTH EAST AND YORKSHIRE,Venlafaxine,68648.0,344289.33,325602.48412
2021-10,NORTH EAST AND YORKSHIRE,Mirtazapine,192077.0,250372.78,243840.83074
2021-10,NORTH EAST AND YORKSHIRE,Duloxetine hydrochloride,61478.0,154878.55,147341.99352
2021-10,NORTH EAST AND YORKSHIRE,Agomelatine,353.0,6000.39,5620.45711
2021-10,NORTH EAST AND YORKSHIRE,Bupropion hydrochloride,554.0,19862.53,18538.39201
2021-10,NORTH WEST,Flupentixol hydrochloride,384.0,2363.93,2245.48863
2021-10,NORTH WEST,Flupentixol decanoate,490.0,10632.81,9949.06814
2021-10,NORTH WEST,Amitriptyline hydrochloride,165892.0,291257.1,275611.54176
2021-10,NORTH WEST,Clomipramine hydrochloride,2988.0,39377.14,36796.40715
2021-10,NORTH WEST,Dosulepin hydrochloride,5240.0,56803.42,53080.10964
2021-10,NORTH WEST,Doxepin,214.0,45123.01,42054.39773
2021-10,NORTH WEST,Imipramine hydrochloride,1062.0,12813.63,11968.31206
2021-10,NORTH WEST,Lofepramine hydrochloride,1313.0,22340.42,20912.59804
2021-10,NORTH WEST,Mianserin hydrochloride,4.0,124.65,116.2053
2021-10,NORTH WEST,Nortriptyline,11081.0,43254.28,41457.68541
2021-10,NORTH WEST,Trazodone hydrochloride,15358.0,70981.76,67479.51829
2021-10,NORTH WEST,Trimipramine maleate,163.0,61508.06,57321.57735
2021-10,NORTH WEST,Isocarboxazid,2.0,747.3,696.5999
2021-10,NORTH WEST,Moclobemide,80.0,2884.67,2695.38556
2021-10,NORTH WEST,Phenelzine sulfate,33.0,14337.07,13401.0767
2021-10,NORTH WEST,Tranylcypromine sulfate,19.0,33241.98,30977.02179
2021-10,NORTH WEST,Citalopram hydrobromide,156247.0,170708.47,162504.72115
2021-10,NORTH WEST,Fluoxetine hydrochloride,86973.0,222778.83,214370.91254
2021-10,NORTH WEST,Fluvoxamine maleate,225.0,4850.65,4540.29143
2021-10,NORTH WEST,Paroxetine hydrochloride,16592.0,46922.58,44996.49793
2021-10,NORTH WEST,Sertraline hydrochloride,273272.0,731451.03,689171.19527
2021-10,NORTH WEST,Escitalopram,17125.0,29141.77,27614.00233
2021-10,NORTH WEST,Citalopram hydrochloride,770.0,8609.84,8032.52107
2021-10,NORTH WEST,Vortioxetine,3027.0,65249.91,60959.12067
2021-10,NORTH WEST,Flupentixol hydrochloride,1463.0,4328.31,4173.64783
2021-10,NORTH WEST,Tryptophan,4.0,882.0,822.24554
2021-10,NORTH WEST,Reboxetine,276.0,4486.26,4206.79112
2021-10,NORTH WEST,Venlafaxine,69545.0,422910.54,398282.43585
2021-10,NORTH WEST,Mirtazapine,164071.0,236601.64,227843.20703
2021-10,NORTH WEST,Duloxetine hydrochloride,44067.0,130263.04,122923.33706
2021-10,NORTH WEST,Agomelatine,143.0,3661.81,3419.07403
2021-10,NORTH WEST,Bupropion hydrochloride,483.0,17993.08,16824.17806
2021-10,SOUTH EAST,Flupentixol hydrochloride,236.0,1462.92,1388.71826
2021-10,SOUTH EAST,Flupentixol decanoate,453.0,7255.95,6780.58152
2021-10,SOUTH EAST,Amitriptyline hydrochloride,153387.0,308505.41,291236.07683
2021-10,SOUTH EAST,Clomipramine hydrochloride,2538.0,35771.19,33415.2664
2021-10,SOUTH EAST,Dosulepin hydrochloride,5102.0,55669.62,52009.78844
2021-10,SOUTH EAST,Doxepin,199.0,49102.62,45761.10624
2021-10,SOUTH EAST,Imipramine hydrochloride,1665.0,19315.17,18042.96569
2021-10,SOUTH EAST,Lofepramine hydrochloride,1237.0,21817.94,20409.53435
2021-10,SOUTH EAST,Mianserin hydrochloride,9.0,456.45,425.95672
2021-10,SOUTH EAST,Nortriptyline,9105.0,43163.84,41075.3277
2021-10,SOUTH EAST,Trazodone hydrochloride,13450.0,62769.37,59553.38702
2021-10,SOUTH EAST,Trimipramine maleate,359.0,150106.72,139889.55774
2021-10,SOUTH EAST,Isocarboxazid,16.0,7317.32,6819.57817
2021-10,SOUTH EAST,Moclobemide,100.0,3942.95,3680.43483
2021-10,SOUTH EAST,Phenelzine sulfate,77.0,43468.05,40509.34095
2021-10,SOUTH EAST,Tranylcypromine sulfate,115.0,132558.42,123530.67619
2021-10,SOUTH EAST,Citalopram hydrobromide,163721.0,204538.58,194237.07515
2021-10,SOUTH EAST,Fluoxetine hydrochloride,76032.0,236076.27,224400.55464
2021-10,SOUTH EAST,Fluvoxamine maleate,262.0,6215.05,5809.60008
2021-10,SOUTH EAST,Paroxetine hydrochloride,13756.0,47795.08,45359.64573
2021-10,SOUTH EAST,Sertraline hydrochloride,231431.0,741642.03,696858.04806
2021-10,SOUTH EAST,Escitalopram,26573.0,49227.64,46524.11097
2021-10,SOUTH EAST,Citalopram hydrochloride,958.0,11419.76,10653.11604
2021-10,SOUTH EAST,Vortioxetine,4611.0,117391.23,109592.5206
2021-10,SOUTH EAST,Flupentixol hydrochloride,1164.0,3665.12,3511.38358
2021-10,SOUTH EAST,Oxitriptan,2.0,56.22,52.61368
2021-10,SOUTH EAST,Tryptophan,2.0,182.0,169.72237
2021-10,SOUTH EAST,Reboxetine,222.0,4607.13,4310.70579
2021-10,SOUTH EAST,Venlafaxine,60547.0,454357.84,426521.43905
2021-10,SOUTH EAST,Mirtazapine,118545.0,195339.58,186926.59931
2021-10,SOUTH EAST,Duloxetine hydrochloride,35501.0,118919.53,112048.73033
2021-10,SOUTH EAST,Agomelatine,603.0,17645.7,16466.8859
2021-10,SOUTH EAST,Bupropion hydrochloride,705.0,25736.74,24026.17515
2021-10,SOUTH WEST,Flupentixol hydrochloride,347.0,2251.85,2134.35215
2021-10,SOUTH WEST,Flupentixol decanoate,377.0,5388.67,5030.60934
2021-10,SOUTH WEST,Amitriptyline hydrochloride,138430.0,258669.41,244502.78073
2021-10,SOUTH WEST,Clomipramine hydrochloride,1749.0,23839.64,22275.25932
2021-10,SOUTH WEST,Dosulepin hydrochloride,3545.0,36301.44,33931.7198
2021-10,SOUTH WEST,Doxepin,210.0,37988.75,35408.55516
2021-10,SOUTH WEST,Imipramine hydrochloride,1178.0,11276.49,10547.11691
2021-10,SOUTH WEST,Lofepramine hydrochloride,1329.0,22012.08,20599.13992
2021-10,SOUTH WEST,Mianserin hydrochloride,6.0,639.99,596.65214
2021-10,SOUTH WEST,Nortriptyline,5473.0,20619.49,19712.80028
2021-10,SOUTH WEST,Trazodone hydrochloride,8576.0,33237.07,31614.76003
2021-10,SOUTH WEST,Trimipramine maleate,135.0,52030.1,48488.69957
2021-10,SOUTH WEST,Isocarboxazid,35.0,8491.67,7916.01265
2021-10,SOUTH WEST,Moclobemide,76.0,2982.21,2783.96704
2021-10,SOUTH WEST,Phenelzine sulfate,38.0,16629.95,15537.59551
2021-10,SOUTH WEST,Tranylcypromine sulfate,57.0,79066.65,73680.38204
2021-10,SOUTH WEST,Citalopram hydrobromide,126200.0,149183.01,141884.39333
2021-10,SOUTH WEST,Fluoxetine hydrochloride,55203.0,141899.71,135336.68789
2021-10,SOUTH WEST,Fluvoxamine maleate,176.0,4476.9,4183.12959
2021-10,SOUTH WEST,Paroxetine hydrochloride,10148.0,32900.08,31230.74857
2021-10,SOUTH WEST,Sertraline hydrochloride,162413.0,480424.63,451918.2807
2021-10,SOUTH WEST,Escitalopram,13308.0,23140.83,21920.64039
2021-10,SOUTH WEST,Citalopram hydrochloride,508.0,5978.88,5577.40077
2021-10,SOUTH WEST,Vortioxetine,1146.0,28325.88,26447.42814
2021-10,SOUTH WEST,Flupentixol hydrochloride,996.0,3104.91,2975.12127
2021-10,SOUTH WEST,Tryptophan,2.0,0.6,0.78392
2021-10,SOUTH WEST,Reboxetine,230.0,3812.84,3572.99248
2021-10,SOUTH WEST,Venlafaxine,48630.0,291240.98,273728.25136
2021-10,SOUTH WEST,Mirtazapine,97854.0,147039.62,141295.42257
2021-10,SOUTH WEST,Duloxetine hydrochloride,26842.0,79706.86,75267.98227
2021-10,SOUTH WEST,Agomelatine,219.0,6045.2,5642.95264
2021-10,SOUTH WEST,Bupropion hydrochloride,449.0,16353.33,15262.80019
2021-10,UNIDENTIFIED,Flupentixol hydrochloride,2.0,11.7,11.1275
2021-10,UNIDENTIFIED,Flupentixol decanoate,5.0,81.62,76.61998
2021-10,UNIDENTIFIED,Amitriptyline hydrochloride,69.0,90.17,86.48096
2021-10,UNIDENTIFIED,Clomipramine hydrochloride,2.0,27.61,25.75331
2021-10,UNIDENTIFIED,Lofepramine hydrochloride,1.0,15.95,14.87548
2021-10,UNIDENTIFIED,Nortriptyline,3.0,3.59,3.68257
2021-10,UNIDENTIFIED,Trazodone hydrochloride,15.0,46.45,44.57065
2021-10,UNIDENTIFIED,Tranylcypromine sulfate,1.0,1428.3,1330.98061
2021-10,UNIDENTIFIED,Citalopram hydrobromide,56.0,62.9,60.19565
2021-10,UNIDENTIFIED,Fluoxetine hydrochloride,60.0,333.49,316.39585
2021-10,UNIDENTIFIED,Fluvoxamine maleate,2.0,43.15,40.43433
2021-10,UNIDENTIFIED,Paroxetine hydrochloride,8.0,33.89,32.17976
2021-10,UNIDENTIFIED,Sertraline hydrochloride,182.0,557.28,527.31125
2021-10,UNIDENTIFIED,Escitalopram,6.0,12.21,11.63994
2021-10,UNIDENTIFIED,Citalopram hydrochloride,1.0,37.6,35.05014
2021-10,UNIDENTIFIED,Flupentixol hydrochloride,5.0,8.56,8.53868
2021-10,UNIDENTIFIED,Venlafaxine,60.0,353.5,333.74228
2021-10,UNIDENTIFIED,Mirtazapine,126.0,191.14,184.95233
2021-10,UNIDENTIFIED,Duloxetine hydrochloride,65.0,173.06,163.57279
2021-10,UNIDENTIFIED,Agomelatine,2.0,160.88,149.9416
2021-10,UNIDENTIFIED,Bupropion hydrochloride,2.0,208.8,194.59609
2021-11,EAST OF ENGLAND,Flupentixol hydrochloride,213.0,1490.74,1412.0079
2021-11,EAST OF ENGLAND,Flupentixol decanoate,323.0,4949.49,4626.86103
2021-11,EAST OF ENGLAND,Amitriptyline hydrochloride,162021.0,277289.03,262133.1916
2021-11,EAST OF ENGLAND,Clomipramine hydrochloride,2868.0,32975.45,30856.80334
2021-11,EAST OF ENGLAND,Dosulepin hydrochloride,4585.0,44261.05,41405.57472
2021-11,EAST OF ENGLAND,Doxepin,184.0,33880.78,31605.95314
2021-11,EAST OF ENGLAND,Imipramine hydrochloride,1206.0,13532.01,12648.88758
2021-11,EAST OF ENGLAND,Lofepramine hydrochloride,1287.0,20432.4,19145.31788
2021-11,EAST OF ENGLAND,Mianserin hydrochloride,5.0,238.14,222.18346
2021-11,EAST OF ENGLAND,Nortriptyline,8110.0,33995.82,32417.74867
2021-11,EAST OF ENGLAND,Trazodone hydrochloride,7644.0,34213.2,32516.60974
2021-11,EAST OF ENGLAND,Trimipramine maleate,211.0,79451.35,74113.64243
2021-11,EAST OF ENGLAND,Isocarboxazid,22.0,10737.99,10016.54464
2021-11,EAST OF ENGLAND,Moclobemide,74.0,2888.98,2699.23252
2021-11,EAST OF ENGLAND,Phenelzine sulfate,61.0,30779.49,28710.40737
2021-11,EAST OF ENGLAND,Tranylcypromine sulfate,47.0,40354.97,37642.79213
2021-11,EAST OF ENGLAND,Citalopram hydrobromide,171290.0,181458.99,172694.33059
2021-11,EAST OF ENGLAND,Fluoxetine hydrochloride,71248.0,210069.01,199350.84647
2021-11,EAST OF ENGLAND,Fluvoxamine maleate,238.0,5485.99,5195.86514
2021-11,EAST OF ENGLAND,Paroxetine hydrochloride,13973.0,40877.85,38777.47399
2021-11,EAST OF ENGLAND,Sertraline hydrochloride,200179.0,551065.73,518761.97949
2021-11,EAST OF ENGLAND,Escitalopram,15319.0,25686.87,24299.18956
2021-11,EAST OF ENGLAND,Citalopram hydrochloride,817.0,9236.18,8624.49137
2021-11,EAST OF ENGLAND,Vortioxetine,2648.0,64338.12,60111.40637
2021-11,EAST OF ENGLAND,Flupentixol hydrochloride,1679.0,4717.68,4537.5537
2021-11,EAST OF ENGLAND,Tryptophan,5.0,1640.7,1545.39994
2021-11,EAST OF ENGLAND,Reboxetine,196.0,3540.53,3316.07097
2021-11,EAST OF ENGLAND,Venlafaxine,62855.0,357471.92,336168.90865
2021-11,EAST OF ENGLAND,Mirtazapine,96499.0,147020.97,140967.57506
2021-11,EAST OF ENGLAND,Duloxetine hydrochloride,27689.0,81127.51,76553.42185
2021-11,EAST OF ENGLAND,Agomelatine,187.0,5503.64,5141.01974
2021-11,EAST OF ENGLAND,Bupropion hydrochloride,558.0,19824.97,18517.925
2021-11,LONDON,Flupentixol hydrochloride,481.0,2313.48,2211.52777
2021-11,LONDON,Flupentixol decanoate,580.0,15132.99,14144.89894
2021-11,LONDON,Amitriptyline hydrochloride,107941.0,172215.18,165419.33386
2021-11,LONDON,Clomipramine hydrochloride,1781.0,24212.61,22666.02745
2021-11,LONDON,Dosulepin hydrochloride,3174.0,31777.0,29806.16908
2021-11,LONDON,Doxepin,218.0,43679.51,40754.30093
2021-11,LONDON,Imipramine hydrochloride,894.0,9327.9,8744.74199
2021-11,LONDON,Lofepramine hydrochloride,1184.0,16826.65,15794.18314
2021-11,LONDON,Mianserin hydrochloride,6.0,215.52,201.0974
2021-11,LONDON,Nortriptyline,7053.0,22904.62,22069.09082
2021-11,LONDON,Trazodone hydrochloride,5066.0,21515.34,20492.9969
2021-11,LONDON,Trimipramine maleate,302.0,129768.01,121051.48
2021-11,LONDON,Isocarboxazid,17.0,4403.77,4109.06019
2021-11,LONDON,Moclobemide,107.0,3321.39,3105.80281
2021-11,LONDON,Phenelzine sulfate,42.0,34560.23,32256.54903
2021-11,LONDON,Tranylcypromine sulfate,56.0,81748.57,76251.92821
2021-11,LONDON,Citalopram hydrobromide,110752.0,125856.05,121895.43865
2021-11,LONDON,Fluoxetine hydrochloride,48658.0,151448.74,144704.65164
2021-11,LONDON,Fluvoxamine maleate,326.0,9312.86,8709.87057
2021-11,LONDON,Paroxetine hydrochloride,11618.0,35393.41,33855.5309
2021-11,LONDON,Sertraline hydrochloride,166072.0,482761.17,457274.24661
2021-11,LONDON,Escitalopram,15010.0,30877.69,29278.72236
2021-11,LONDON,Citalopram hydrochloride,407.0,4984.16,4653.94621
2021-11,LONDON,Vortioxetine,2243.0,56414.16,52739.96414
2021-11,LONDON,Flupentixol hydrochloride,811.0,2224.74,2151.44901
2021-11,LONDON,Tryptophan,17.0,3395.06,3168.50132
2021-11,LONDON,Reboxetine,177.0,3069.28,2878.21895
2021-11,LONDON,Venlafaxine,39612.0,240727.49,227372.67125
2021-11,LONDON,Mirtazapine,101714.0,141717.88,138450.83105
2021-11,LONDON,Duloxetine hydrochloride,22089.0,58533.88,55918.78728
2021-11,LONDON,Agomelatine,365.0,11385.52,10636.5967
2021-11,LONDON,Bupropion hydrochloride,986.0,38130.96,35626.09795
2021-11,MIDLANDS,Flupentixol hydrochloride,433.0,2818.54,2675.97009
2021-11,MIDLANDS,Flupentixol decanoate,519.0,11402.7,10671.36967
2021-11,MIDLANDS,Amitriptyline hydrochloride,249836.0,439856.02,415691.35144
2021-11,MIDLANDS,Clomipramine hydrochloride,3217.0,45996.72,42997.71498
2021-11,MIDLANDS,Dosulepin hydrochloride,7023.0,75084.23,70208.35616
2021-11,MIDLANDS,Doxepin,273.0,51241.46,47799.73102
2021-11,MIDLANDS,Imipramine hydrochloride,2125.0,25572.57,23898.656
2021-11,MIDLANDS,Lofepramine hydrochloride,2710.0,46804.78,43837.70693
2021-11,MIDLANDS,Mianserin hydrochloride,10.0,1126.4,1050.75646
2021-11,MIDLANDS,Nortriptyline,11030.0,45330.94,43322.51736
2021-11,MIDLANDS,Trazodone hydrochloride,11948.0,53027.79,50358.29431
2021-11,MIDLANDS,Trimipramine maleate,212.0,89668.1,83641.86116
2021-11,MIDLANDS,Isocarboxazid,23.0,7375.15,6880.93164
2021-11,MIDLANDS,Moclobemide,110.0,4205.21,3930.72281
2021-11,MIDLANDS,Phenelzine sulfate,30.0,9684.74,9034.95337
2021-11,MIDLANDS,Tranylcypromine sulfate,60.0,68576.7,63967.00425
2021-11,MIDLANDS,Citalopram hydrobromide,232280.0,263860.87,250679.36706
2021-11,MIDLANDS,Fluoxetine hydrochloride,116554.0,307802.99,293652.18397
2021-11,MIDLANDS,Fluvoxamine maleate,400.0,9129.22,8546.51557
2021-11,MIDLANDS,Paroxetine hydrochloride,20450.0,63738.52,60623.9701
2021-11,MIDLANDS,Sertraline hydrochloride,336633.0,963564.27,906605.50143
2021-11,MIDLANDS,Escitalopram,23570.0,40885.48,38670.86579
2021-11,MIDLANDS,Citalopram hydrochloride,1185.0,13426.16,12537.33125
2021-11,MIDLANDS,Vortioxetine,4020.0,96152.76,89858.00961
2021-11,MIDLANDS,Flupentixol hydrochloride,2470.0,7328.09,7056.49497
2021-11,MIDLANDS,Oxitriptan,2.0,42.16,79.5489
2021-11,MIDLANDS,Tryptophan,13.0,1181.44,1102.50656
2021-11,MIDLANDS,Reboxetine,278.0,5165.22,4839.6431
2021-11,MIDLANDS,Venlafaxine,82310.0,515516.13,484801.20109
2021-11,MIDLANDS,Mirtazapine,165399.0,260676.97,249299.15143
2021-11,MIDLANDS,Duloxetine hydrochloride,52758.0,160927.78,151755.08149
2021-11,MIDLANDS,Agomelatine,245.0,7498.18,7002.21503
2021-11,MIDLANDS,Bupropion hydrochloride,448.0,14790.77,13824.51007
2021-11,NORTH EAST AND YORKSHIRE,Flupentixol hydrochloride,677.0,3360.42,3208.85152
2021-11,NORTH EAST AND YORKSHIRE,Flupentixol decanoate,533.0,9037.3,8458.78437
2021-11,NORTH EAST AND YORKSHIRE,Amitriptyline hydrochloride,264597.0,429779.18,409685.59653
2021-11,NORTH EAST AND YORKSHIRE,Clomipramine hydrochloride,3531.0,40447.11,37899.49807
2021-11,NORTH EAST AND YORKSHIRE,Dosulepin hydrochloride,5942.0,54027.83,50619.44439
2021-11,NORTH EAST AND YORKSHIRE,Doxepin,369.0,75672.72,70596.71632
2021-11,NORTH EAST AND YORKSHIRE,Imipramine hydrochloride,1884.0,19403.41,18165.17797
2021-11,NORTH EAST AND YORKSHIRE,Lofepramine hydrochloride,3156.0,45599.64,42779.83799
2021-11,NORTH EAST AND YORKSHIRE,Mianserin hydrochloride,12.0,587.84,548.9228
2021-11,NORTH EAST AND YORKSHIRE,Nortriptyline,10901.0,35395.86,34098.9392
2021-11,NORTH EAST AND YORKSHIRE,Trazodone hydrochloride,39224.0,121985.89,117133.0416
2021-11,NORTH EAST AND YORKSHIRE,Trimipramine maleate,291.0,90994.51,84889.81465
2021-11,NORTH EAST AND YORKSHIRE,Isocarboxazid,5.0,1992.8,1859.01585
2021-11,NORTH EAST AND YORKSHIRE,Moclobemide,103.0,3629.32,3393.64536
2021-11,NORTH EAST AND YORKSHIRE,Phenelzine sulfate,93.0,25987.24,24241.54313
2021-11,NORTH EAST AND YORKSHIRE,Tranylcypromine sulfate,51.0,59420.45,55425.53986
2021-11,NORTH EAST AND YORKSHIRE,Citalopram hydrobromide,205805.0,211800.24,203735.79406
2021-11,NORTH EAST AND YORKSHIRE,Fluoxetine hydrochloride,143161.0,307656.86,297350.95875
2021-11,NORTH EAST AND YORKSHIRE,Fluvoxamine maleate,344.0,7466.79,6993.73894
2021-11,NORTH EAST AND YORKSHIRE,Paroxetine hydrochloride,19610.0,50480.62,48439.71348
2021-11,NORTH EAST AND YORKSHIRE,Sertraline hydrochloride,342996.0,869697.41,823005.71561
2021-11,NORTH EAST AND YORKSHIRE,Escitalopram,17954.0,28090.28,26818.44171
2021-11,NORTH EAST AND YORKSHIRE,Citalopram hydrochloride,856.0,9942.12,9283.62839
2021-11,NORTH EAST AND YORKSHIRE,Vortioxetine,3246.0,58210.02,54519.11901
2021-11,NORTH EAST AND YORKSHIRE,Flupentixol hydrochloride,2351.0,5862.99,5694.41131
2021-11,NORTH EAST AND YORKSHIRE,Tryptophan,25.0,1551.46,1449.49828
2021-11,NORTH EAST AND YORKSHIRE,Reboxetine,441.0,6274.8,5895.98172
2021-11,NORTH EAST AND YORKSHIRE,Venlafaxine,71161.0,359730.56,340473.09805
2021-11,NORTH EAST AND YORKSHIRE,Mirtazapine,197756.0,261682.94,254877.05112
2021-11,NORTH EAST AND YORKSHIRE,Duloxetine hydrochloride,63737.0,160971.32,153309.63636
2021-11,NORTH EAST AND YORKSHIRE,Agomelatine,374.0,6241.76,5851.6319
2021-11,NORTH EAST AND YORKSHIRE,Bupropion hydrochloride,583.0,19843.08,18542.12363
2021-11,NORTH WEST,Flupentixol hydrochloride,385.0,2394.97,2276.19639
2021-11,NORTH WEST,Flupentixol decanoate,477.0,10807.84,10121.65697
2021-11,NORTH WEST,Amitriptyline hydrochloride,171928.0,301734.72,285774.82751
2021-11,NORTH WEST,Clomipramine hydrochloride,2992.0,39539.54,36983.70798
2021-11,NORTH WEST,Dosulepin hydrochloride,5290.0,57497.69,53781.60777
2021-11,NORTH WEST,Doxepin,189.0,40663.36,37933.79892
2021-11,NORTH WEST,Imipramine hydrochloride,1057.0,13088.37,12237.36106
2021-11,NORTH WEST,Lofepramine hydrochloride,1385.0,23073.7,21623.46813
2021-11,NORTH WEST,Mianserin hydrochloride,7.0,230.6,215.17544
2021-11,NORTH WEST,Nortriptyline,11539.0,45297.27,43448.57921
2021-11,NORTH WEST,Trazodone hydrochloride,15894.0,78085.27,74171.2805
2021-11,NORTH WEST,Trimipramine maleate,156.0,60060.44,56025.27036
2021-11,NORTH WEST,Isocarboxazid,5.0,3611.95,3369.35336
2021-11,NORTH WEST,Moclobemide,82.0,3227.5,3017.2183
2021-11,NORTH WEST,Phenelzine sulfate,27.0,12031.89,11223.49697
2021-11,NORTH WEST,Tranylcypromine sulfate,19.0,37655.96,35123.44646
2021-11,NORTH WEST,Citalopram hydrobromide,161754.0,176878.66,168529.37177
2021-11,NORTH WEST,Fluoxetine hydrochloride,89896.0,232691.9,224061.97967
2021-11,NORTH WEST,Fluvoxamine maleate,243.0,5355.68,5017.84206
2021-11,NORTH WEST,Paroxetine hydrochloride,17077.0,48746.88,46783.82707
2021-11,NORTH WEST,Sertraline hydrochloride,285646.0,764529.06,720975.29323
2021-11,NORTH WEST,Escitalopram,17842.0,30353.61,28779.37557
2021-11,NORTH WEST,Citalopram hydrochloride,731.0,8311.64,7761.52086
2021-11,NORTH WEST,Vortioxetine,3214.0,69780.15,65253.21775
2021-11,NORTH WEST,Flupentixol hydrochloride,1486.0,4376.05,4224.1462
2021-11,NORTH WEST,Tryptophan,9.0,2033.52,1897.34642
2021-11,NORTH WEST,Reboxetine,285.0,4542.0,4263.31611
2021-11,NORTH WEST,Venlafaxine,72248.0,439846.25,414561.73107
2021-11,NORTH WEST,Mirtazapine,169253.0,245437.52,236476.98726
2021-11,NORTH WEST,Duloxetine hydrochloride,45781.0,136485.74,128895.94425
2021-11,NORTH WEST,Agomelatine,143.0,3391.49,3170.80916
2021-11,NORTH WEST,Bupropion hydrochloride,545.0,20026.11,18702.58246
2021-11,SOUTH EAST,Flupentixol hydrochloride,314.0,1886.03,1793.44708
2021-11,SOUTH EAST,Flupentixol decanoate,475.0,8373.27,7829.8542
2021-11,SOUTH EAST,Amitriptyline hydrochloride,159130.0,321832.59,304109.99726
2021-11,SOUTH EAST,Clomipramine hydrochloride,2664.0,38676.88,36158.7829
2021-11,SOUTH EAST,Dosulepin hydrochloride,5190.0,55283.74,51708.79422
2021-11,SOUTH EAST,Doxepin,179.0,42939.58,40055.33496
2021-11,SOUTH EAST,Imipramine hydrochloride,1745.0,19869.63,18577.13289
2021-11,SOUTH EAST,Lofepramine hydrochloride,1266.0,22751.54,21301.55665
2021-11,SOUTH EAST,Mianserin hydrochloride,12.0,1093.58,1020.26889
2021-11,SOUTH EAST,Nortriptyline,9724.0,43512.77,41463.65291
2021-11,SOUTH EAST,Trazodone hydrochloride,13867.0,67462.7,64019.8793
2021-11,SOUTH EAST,Trimipramine maleate,353.0,154436.84,144060.13907
2021-11,SOUTH EAST,Isocarboxazid,10.0,5324.52,4966.98893
2021-11,SOUTH EAST,Moclobemide,107.0,4373.72,4086.2483
2021-11,SOUTH EAST,Phenelzine sulfate,74.0,54553.36,50886.52095
2021-11,SOUTH EAST,Tranylcypromine sulfate,123.0,165546.69,154416.0298
2021-11,SOUTH EAST,Citalopram hydrobromide,169944.0,212603.14,202077.07945
2021-11,SOUTH EAST,Fluoxetine hydrochloride,79138.0,243118.61,231437.42254
2021-11,SOUTH EAST,Fluvoxamine maleate,289.0,7154.81,6693.84987
2021-11,SOUTH EAST,Paroxetine hydrochloride,14185.0,47726.7,45360.89161
2021-11,SOUTH EAST,Sertraline hydrochloride,242232.0,777304.24,731008.70446
2021-11,SOUTH EAST,Escitalopram,27889.0,52401.3,49562.62089
2021-11,SOUTH EAST,Citalopram hydrochloride,1032.0,11927.36,11137.5377
2021-11,SOUTH EAST,Vortioxetine,4770.0,122690.7,114644.85545
2021-11,SOUTH EAST,Flupentixol hydrochloride,1224.0,3915.67,3750.47662
2021-11,SOUTH EAST,Oxitriptan,4.0,2222.61,2093.25522
2021-11,SOUTH EAST,Tryptophan,2.0,253.12,236.21862
2021-11,SOUTH EAST,Reboxetine,240.0,4502.15,4218.92663
2021-11,SOUTH EAST,Venlafaxine,62911.0,472910.81,444425.26798
2021-11,SOUTH EAST,Mirtazapine,123676.0,206274.96,197511.34403
2021-11,SOUTH EAST,Duloxetine hydrochloride,36641.0,124213.48,117142.66263
2021-11,SOUTH EAST,Agomelatine,601.0,16612.65,15518.15233
2021-11,SOUTH EAST,Bupropion hydrochloride,697.0,25200.1,23547.20446
2021-11,SOUTH WEST,Flupentixol hydrochloride,348.0,2070.22,1967.25834
2021-11,SOUTH WEST,Flupentixol decanoate,377.0,5072.74,4740.42302
2021-11,SOUTH WEST,Amitriptyline hydrochloride,146069.0,276563.14,261610.70676
2021-11,SOUTH WEST,Clomipramine hydrochloride,1911.0,26907.9,25162.69542
2021-11,SOUTH WEST,Dosulepin hydrochloride,3767.0,39761.39,37202.39701
2021-11,SOUTH WEST,Doxepin,249.0,47179.0,44015.79615
2021-11,SOUTH WEST,Imipramine hydrochloride,1172.0,11466.65,10732.18703
2021-11,SOUTH WEST,Lofepramine hydrochloride,1354.0,22440.49,21021.4494
2021-11,SOUTH WEST,Mianserin hydrochloride,6.0,574.7,536.41707
2021-11,SOUTH WEST,Nortriptyline,5731.0,20700.03,19848.29918
2021-11,SOUTH WEST,Trazodone hydrochloride,9006.0,35471.43,33759.01398
2021-11,SOUTH WEST,Trimipramine maleate,126.0,49923.56,46569.45476
2021-11,SOUTH WEST,Isocarboxazid,36.0,8469.45,7902.5597
2021-11,SOUTH WEST,Moclobemide,67.0,2233.25,2086.86156
2021-11,SOUTH WEST,Phenelzine sulfate,37.0,15103.79,14088.95171
2021-11,SOUTH WEST,Tranylcypromine sulfate,59.0,94148.98,87818.00938
2021-11,SOUTH WEST,Citalopram hydrobromide,133575.0,158296.08,150689.09176
2021-11,SOUTH WEST,Fluoxetine hydrochloride,58634.0,155220.57,148043.6061
2021-11,SOUTH WEST,Fluvoxamine maleate,152.0,3802.89,3557.936
2021-11,SOUTH WEST,Paroxetine hydrochloride,10745.0,35128.36,33372.07309
2021-11,SOUTH WEST,Sertraline hydrochloride,173896.0,517334.88,487144.32262
2021-11,SOUTH WEST,Escitalopram,14444.0,25565.14,24229.38083
2021-11,SOUTH WEST,Citalopram hydrochloride,521.0,5976.16,5580.26061
2021-11,SOUTH WEST,Vortioxetine,1259.0,30733.56,28724.13211
2021-11,SOUTH WEST,Flupentixol hydrochloride,1103.0,3446.64,3306.27398
2021-11,SOUTH WEST,Tryptophan,2.0,333.33,311.13328
2021-11,SOUTH WEST,Reboxetine,252.0,4192.04,3932.63833
2021-11,SOUTH WEST,Venlafaxine,51714.0,308269.26,290020.98569
2021-11,SOUTH WEST,Mirtazapine,103897.0,158976.25,152811.40107
2021-11,SOUTH WEST,Duloxetine hydrochloride,28565.0,86367.8,81609.95455
2021-11,SOUTH WEST,Agomelatine,203.0,5603.02,5235.33731
2021-11,SOUTH WEST,Bupropion hydrochloride,415.0,15296.0,14290.03589
2021-11,UNIDENTIFIED,Amitriptyline hydrochloride,88.0,403.56,379.09324
2021-11,UNIDENTIFIED,Clomipramine hydrochloride,3.0,15.35,14.55468
2021-11,UNIDENTIFIED,Dosulepin hydrochloride,3.0,55.76,52.04649
2021-11,UNIDENTIFIED,Nortriptyline,6.0,121.87,114.24678
2021-11,UNIDENTIFIED,Trazodone hydrochloride,13.0,54.51,51.70457
2021-11,UNIDENTIFIED,Trimipramine maleate,1.0,179.18,167.13982
2021-11,UNIDENTIFIED,Tranylcypromine sulfate,1.0,1527.33,1424.6062
2021-11,UNIDENTIFIED,Citalopram hydrobromide,66.0,78.05,74.40594
2021-11,UNIDENTIFIED,Fluoxetine hydrochloride,81.0,387.49,368.22979
2021-11,UNIDENTIFIED,Fluvoxamine maleate,3.0,102.26,95.71866
2021-11,UNIDENTIFIED,Paroxetine hydrochloride,10.0,36.14,34.53303
2021-11,UNIDENTIFIED,Sertraline hydrochloride,192.0,611.63,577.04456
2021-11,UNIDENTIFIED,Escitalopram,11.0,14.22,13.48749
2021-11,UNIDENTIFIED,Vortioxetine,5.0,115.83,108.20067
2021-11,UNIDENTIFIED,Flupentixol hydrochloride,4.0,12.11,11.74501
2021-11,UNIDENTIFIED,Tryptophan,3.0,79.89,74.85338
2021-11,UNIDENTIFIED,Venlafaxine,67.0,372.19,351.47296
2021-11,UNIDENTIFIED,Mirtazapine,131.0,211.85,202.41185
2021-11,UNIDENTIFIED,Duloxetine hydrochloride,91.0,258.0,244.33678
2021-11,UNIDENTIFIED,Agomelatine,1.0,38.84,36.23982
2021-12,EAST OF ENGLAND,Flupentixol hydrochloride,226.0,1644.84,1557.55682
2021-12,EAST OF ENGLAND,Flupentixol decanoate,338.0,4778.89,4472.48178
2021-12,EAST OF ENGLAND,Amitriptyline hydrochloride,170523.0,292613.66,276804.38472
2021-12,EAST OF ENGLAND,Clomipramine hydrochloride,2977.0,33181.57,31074.46274
2021-12,EAST OF ENGLAND,Dosulepin hydrochloride,4807.0,44770.69,41910.01701
2021-12,EAST OF ENGLAND,Doxepin,192.0,40303.14,37625.79176
2021-12,EAST OF ENGLAND,Imipramine hydrochloride,1253.0,13551.73,12679.79863
2021-12,EAST OF ENGLAND,Lofepramine hydrochloride,1381.0,21121.69,19811.30781
2021-12,EAST OF ENGLAND,Mianserin hydrochloride,5.0,181.92,169.87678
2021-12,EAST OF ENGLAND,Nortriptyline,8754.0,35274.26,33716.36492
2021-12,EAST OF ENGLAND,Trazodone hydrochloride,7883.0,34276.58,32617.28634
2021-12,EAST OF ENGLAND,Trimipramine maleate,203.0,80229.29,74896.48187
2021-12,EAST OF ENGLAND,Isocarboxazid,24.0,9443.56,8816.33172
2021-12,EAST OF ENGLAND,Moclobemide,88.0,2975.4,2783.55403
2021-12,EAST OF ENGLAND,Phenelzine sulfate,72.0,32149.54,30011.91696
2021-12,EAST OF ENGLAND,Tranylcypromine sulfate,44.0,39577.02,36945.80167
2021-12,EAST OF ENGLAND,Citalopram hydrobromide,180224.0,192107.17,182905.79283
2021-12,EAST OF ENGLAND,Fluoxetine hydrochloride,74576.0,215844.44,205074.746
2021-12,EAST OF ENGLAND,Fluvoxamine maleate,243.0,5606.38,5249.52631
2021-12,EAST OF ENGLAND,Paroxetine hydrochloride,14562.0,44139.22,41878.23852
2021-12,EAST OF ENGLAND,Sertraline hydrochloride,210257.0,583333.89,549481.48133
2021-12,EAST OF ENGLAND,Escitalopram,16219.0,27819.52,26332.37172
2021-12,EAST OF ENGLAND,Citalopram hydrochloride,841.0,9328.32,8717.50727
2021-12,EAST OF ENGLAND,Vortioxetine,2780.0,66539.88,62222.41966
2021-12,EAST OF ENGLAND,Flupentixol hydrochloride,1778.0,5132.02,4935.15317
2021-12,EAST OF ENGLAND,Tryptophan,4.0,1054.78,984.63056
2021-12,EAST OF ENGLAND,Reboxetine,215.0,4053.91,3799.85
2021-12,EAST OF ENGLAND,Venlafaxine,66035.0,384557.5,361820.48602
2021-12,EAST OF ENGLAND,Mirtazapine,100691.0,152269.42,146154.05851
2021-12,EAST OF ENGLAND,Duloxetine hydrochloride,29314.0,86310.93,81512.87131
2021-12,EAST OF ENGLAND,Agomelatine,187.0,4859.99,4544.03181
2021-12,EAST OF ENGLAND,Bupropion hydrochloride,634.0,22716.16,21234.11036
2021-12,LONDON,Flupentixol hydrochloride,460.0,2452.84,2340.72862
2021-12,LONDON,Flupentixol decanoate,542.0,12208.41,11423.85508
2021-12,LONDON,Amitriptyline hydrochloride,110417.0,179321.86,172298.83423
2021-12,LONDON,Clomipramine hydrochloride,1838.0,24777.84,23212.07516
2021-12,LONDON,Dosulepin hydrochloride,3164.0,33234.42,31182.48482
2021-12,LONDON,Doxepin,210.0,48465.25,45250.4035
2021-12,LONDON,Imipramine hydrochloride,908.0,9304.73,8731.3382
2021-12,LONDON,Lofepramine hydrochloride,1209.0,17666.15,16587.90947
2021-12,LONDON,Mianserin hydrochloride,9.0,446.24,416.65811
2021-12,LONDON,Nortriptyline,7214.0,24698.04,23779.34926
2021-12,LONDON,Trazodone hydrochloride,5497.0,24836.16,23645.48672
2021-12,LONDON,Trimipramine maleate,273.0,120947.31,112909.67973
2021-12,LONDON,Isocarboxazid,20.0,3069.31,2867.02151
2021-12,LONDON,Moclobemide,91.0,2833.4,2651.0897
2021-12,LONDON,Phenelzine sulfate,32.0,31534.7,29457.33054
2021-12,LONDON,Tranylcypromine sulfate,55.0,100140.6,93478.97621
2021-12,LONDON,Citalopram hydrobromide,111931.0,128008.93,124029.20384
2021-12,LONDON,Fluoxetine hydrochloride,49051.0,153769.81,146959.26518
2021-12,LONDON,Fluvoxamine maleate,335.0,8879.13,8313.15342
2021-12,LONDON,Paroxetine hydrochloride,12032.0,36173.36,34639.82766
2021-12,LONDON,Sertraline hydrochloride,169797.0,499679.59,473559.70958
2021-12,LONDON,Escitalopram,15124.0,31404.26,29798.59948
2021-12,LONDON,Citalopram hydrochloride,411.0,5187.0,4846.94568
2021-12,LONDON,Vortioxetine,2393.0,62488.8,58456.27531
2021-12,LONDON,Flupentixol hydrochloride,788.0,2264.36,2186.85731
2021-12,LONDON,Oxitriptan,3.0,48.69,45.5873
2021-12,LONDON,Tryptophan,9.0,408.92,382.32146
2021-12,LONDON,Reboxetine,156.0,2918.68,2736.90112
2021-12,LONDON,Venlafaxine,41082.0,245964.49,232553.46437
2021-12,LONDON,Mirtazapine,103299.0,143333.54,140147.20722
2021-12,LONDON,Duloxetine hydrochloride,22547.0,60674.41,57986.73075
2021-12,LONDON,Agomelatine,368.0,10947.39,10237.8975
2021-12,LONDON,Bupropion hydrochloride,1145.0,47994.68,44865.03989
2021-12,MIDLANDS,Flupentixol hydrochloride,451.0,3105.9,2947.85948
2021-12,MIDLANDS,Flupentixol decanoate,547.0,12961.57,12133.7375
2021-12,MIDLANDS,Amitriptyline hydrochloride,261167.0,465915.71,440558.56721
2021-12,MIDLANDS,Clomipramine hydrochloride,3444.0,46985.71,43961.82273
2021-12,MIDLANDS,Dosulepin hydrochloride,7261.0,78844.31,73772.59114
2021-12,MIDLANDS,Doxepin,266.0,50987.25,47599.03369
2021-12,MIDLANDS,Imipramine hydrochloride,2235.0,26889.49,25146.18215
2021-12,MIDLANDS,Lofepramine hydrochloride,2812.0,48875.74,45810.28938
2021-12,MIDLANDS,Mianserin hydrochloride,10.0,765.6,714.77983
2021-12,MIDLANDS,Nortriptyline,11749.0,48844.62,46701.94768
2021-12,MIDLANDS,Trazodone hydrochloride,12549.0,58554.16,55598.40427
2021-12,MIDLANDS,Trimipramine maleate,253.0,103048.41,96199.4413
2021-12,MIDLANDS,Isocarboxazid,29.0,9203.36,8593.00181
2021-12,MIDLANDS,Moclobemide,114.0,4474.04,4184.39544
2021-12,MIDLANDS,Phenelzine sulfate,39.0,18390.91,17168.61005
2021-12,MIDLANDS,Tranylcypromine sulfate,66.0,67613.8,63118.66988
2021-12,MIDLANDS,Citalopram hydrobromide,242849.0,276835.3,263103.04851
2021-12,MIDLANDS,Fluoxetine hydrochloride,121967.0,323810.21,309144.75215
2021-12,MIDLANDS,Fluvoxamine maleate,402.0,8658.53,8113.94089
2021-12,MIDLANDS,Paroxetine hydrochloride,21426.0,66530.14,63328.27578
2021-12,MIDLANDS,Sertraline hydrochloride,351128.0,1010678.36,951458.36995
2021-12,MIDLANDS,Escitalopram,24461.0,41993.96,39756.25268
2021-12,MIDLANDS,Citalopram hydrochloride,1236.0,13711.05,12813.63827
2021-12,MIDLANDS,Vortioxetine,4291.0,102361.05,95733.52617
2021-12,MIDLANDS,Flupentixol hydrochloride,2568.0,7763.89,7478.789
2021-12,MIDLANDS,Oxitriptan,3.0,57.84,168.28844
2021-12,MIDLANDS,Tryptophan,8.0,616.78,576.11293
2021-12,MIDLANDS,Reboxetine,314.0,5588.78,5242.12906
2021-12,MIDLANDS,Venlafaxine,86785.0,547967.79,515681.28767
2021-12,MIDLANDS,Mirtazapine,172799.0,273495.09,261659.3993
2021-12,MIDLANDS,Duloxetine hydrochloride,55445.0,172741.61,162946.79879
2021-12,MIDLANDS,Agomelatine,281.0,8251.65,7712.80845
2021-12,MIDLANDS,Bupropion hydrochloride,506.0,17765.49,16613.59969
2021-12,NORTH EAST AND YORKSHIRE,Flupentixol hydrochloride,685.0,3438.05,3284.85973
2021-12,NORTH EAST AND YORKSHIRE,Flupentixol decanoate,620.0,11286.66,10569.96537
2021-12,NORTH EAST AND YORKSHIRE,Amitriptyline hydrochloride,277242.0,450492.23,429606.55931
2021-12,NORTH EAST AND YORKSHIRE,Clomipramine hydrochloride,3776.0,41899.8,39291.33258
2021-12,NORTH EAST AND YORKSHIRE,Dosulepin hydrochloride,6245.0,58082.87,54448.47957
2021-12,NORTH EAST AND YORKSHIRE,Doxepin,398.0,77951.26,72779.0277
2021-12,NORTH EAST AND YORKSHIRE,Imipramine hydrochloride,1890.0,19447.69,18220.45384
2021-12,NORTH EAST AND YORKSHIRE,Lofepramine hydrochloride,3294.0,48503.62,45530.63374
2021-12,NORTH EAST AND YORKSHIRE,Mianserin hydrochloride,12.0,474.75,443.99582
2021-12,NORTH EAST AND YORKSHIRE,Nortriptyline,11626.0,37834.48,36471.72666
2021-12,NORTH EAST AND YORKSHIRE,Trazodone hydrochloride,41197.0,127761.59,122763.69702
2021-12,NORTH EAST AND YORKSHIRE,Trimipramine maleate,288.0,89169.3,83253.56261
2021-12,NORTH EAST AND YORKSHIRE,Isocarboxazid,9.0,3238.3,3023.33026
2021-12,NORTH EAST AND YORKSHIRE,Moclobemide,151.0,5026.46,4704.81459
2021-12,NORTH EAST AND YORKSHIRE,Phenelzine sulfate,54.0,23508.09,21945.47124
2021-12,NORTH EAST AND YORKSHIRE,Tranylcypromine sulfate,53.0,62174.47,58039.41984
2021-12,NORTH EAST AND YORKSHIRE,Citalopram hydrobromide,215672.0,224423.29,215869.38984
2021-12,NORTH EAST AND YORKSHIRE,Fluoxetine hydrochloride,149401.0,324555.52,313746.72122
2021-12,NORTH EAST AND YORKSHIRE,Fluvoxamine maleate,403.0,8432.05,7905.20477
2021-12,NORTH EAST AND YORKSHIRE,Paroxetine hydrochloride,20636.0,54018.03,51849.75528
2021-12,NORTH EAST AND YORKSHIRE,Sertraline hydrochloride,358813.0,920299.37,871293.64511
2021-12,NORTH EAST AND YORKSHIRE,Escitalopram,19290.0,29741.1,28431.11797
2021-12,NORTH EAST AND YORKSHIRE,Citalopram hydrochloride,839.0,9531.88,8907.81967
2021-12,NORTH EAST AND YORKSHIRE,Vortioxetine,3419.0,62826.39,58878.08165
2021-12,NORTH EAST AND YORKSHIRE,Flupentixol hydrochloride,2398.0,6057.06,5881.33053
2021-12,NORTH EAST AND YORKSHIRE,Tryptophan,16.0,425.34,398.52325
2021-12,NORTH EAST AND YORKSHIRE,Reboxetine,492.0,6829.7,6422.29445
2021-12,NORTH EAST AND YORKSHIRE,Venlafaxine,75259.0,385908.06,365439.06569
2021-12,NORTH EAST AND YORKSHIRE,Mirtazapine,207654.0,275651.69,268574.98768
2021-12,NORTH EAST AND YORKSHIRE,Duloxetine hydrochloride,67517.0,173742.53,165479.98932
2021-12,NORTH EAST AND YORKSHIRE,Agomelatine,388.0,5904.08,5543.71243
2021-12,NORTH EAST AND YORKSHIRE,Bupropion hydrochloride,548.0,19955.77,18658.46775
2021-12,NORTH WEST,Flupentixol hydrochloride,397.0,2361.04,2248.03114
2021-12,NORTH WEST,Flupentixol decanoate,542.0,12533.9,11743.83068
2021-12,NORTH WEST,Amitriptyline hydrochloride,179954.0,318109.93,301491.13091
2021-12,NORTH WEST,Clomipramine hydrochloride,3184.0,40943.93,38323.881
2021-12,NORTH WEST,Dosulepin hydrochloride,5651.0,61872.53,57917.1296
2021-12,NORTH WEST,Doxepin,209.0,46052.75,42993.97285
2021-12,NORTH WEST,Imipramine hydrochloride,1110.0,13180.81,12333.52978
2021-12,NORTH WEST,Lofepramine hydrochloride,1431.0,24239.26,22729.82705
2021-12,NORTH WEST,Mianserin hydrochloride,4.0,147.04,137.30534
2021-12,NORTH WEST,Nortriptyline,12193.0,49071.07,47096.9635
2021-12,NORTH WEST,Trazodone hydrochloride,16316.0,81425.5,77384.30501
2021-12,NORTH WEST,Trimipramine maleate,183.0,70739.05,66037.61186
2021-12,NORTH WEST,Isocarboxazid,3.0,1743.7,1627.90879
2021-12,NORTH WEST,Moclobemide,56.0,2240.93,2096.40957
2021-12,NORTH WEST,Phenelzine sulfate,29.0,7840.79,7320.41167
2021-12,NORTH WEST,Tranylcypromine sulfate,22.0,38898.59,36310.66746
2021-12,NORTH WEST,Citalopram hydrobromide,168270.0,184708.44,176058.40191
2021-12,NORTH WEST,Fluoxetine hydrochloride,92826.0,237946.21,229353.92484
2021-12,NORTH WEST,Fluvoxamine maleate,240.0,5215.37,4891.00751
2021-12,NORTH WEST,Paroxetine hydrochloride,17797.0,50635.89,48630.99542
2021-12,NORTH WEST,Sertraline hydrochloride,297227.0,801236.75,756047.32997
2021-12,NORTH WEST,Escitalopram,18669.0,32347.57,30691.98965
2021-12,NORTH WEST,Citalopram hydrochloride,793.0,8866.24,8285.98878
2021-12,NORTH WEST,Vortioxetine,3306.0,71208.72,66644.34515
2021-12,NORTH WEST,Flupentixol hydrochloride,1490.0,4539.01,4379.31559
2021-12,NORTH WEST,Tryptophan,7.0,1456.0,1359.60238
2021-12,NORTH WEST,Reboxetine,313.0,5104.86,4794.91973
2021-12,NORTH WEST,Venlafaxine,75453.0,457872.9,431925.08143
2021-12,NORTH WEST,Mirtazapine,176800.0,257037.68,247842.84004
2021-12,NORTH WEST,Duloxetine hydrochloride,47965.0,143843.23,135944.08531
2021-12,NORTH WEST,Agomelatine,155.0,3517.33,3291.94156
2021-12,NORTH WEST,Bupropion hydrochloride,559.0,20228.01,18908.26537
2021-12,SOUTH EAST,Flupentixol hydrochloride,294.0,1857.24,1765.48978
2021-12,SOUTH EAST,Flupentixol decanoate,489.0,7302.69,6837.34719
2021-12,SOUTH EAST,Amitriptyline hydrochloride,168573.0,345429.77,326526.7356
2021-12,SOUTH EAST,Clomipramine hydrochloride,2827.0,39721.66,37170.21478
2021-12,SOUTH EAST,Dosulepin hydrochloride,5408.0,59331.36,55529.36917
2021-12,SOUTH EAST,Doxepin,198.0,51646.38,48234.372
2021-12,SOUTH EAST,Imipramine hydrochloride,1835.0,20931.24,19585.5239
2021-12,SOUTH EAST,Lofepramine hydrochloride,1322.0,23525.38,22044.26515
2021-12,SOUTH EAST,Mianserin hydrochloride,5.0,670.88,626.30064
2021-12,SOUTH EAST,Nortriptyline,10241.0,49548.32,47243.95763
2021-12,SOUTH EAST,Trazodone hydrochloride,14569.0,68984.29,65530.70577
2021-12,SOUTH EAST,Trimipramine maleate,376.0,160242.13,149591.51664
2021-12,SOUTH EAST,Isocarboxazid,12.0,4888.6,4564.054
2021-12,SOUTH EAST,Moclobemide,121.0,5547.79,5186.14535
2021-12,SOUTH EAST,Phenelzine sulfate,79.0,56899.93,53116.59047
2021-12,SOUTH EAST,Tranylcypromine sulfate,138.0,148606.08,138724.78248
2021-12,SOUTH EAST,Citalopram hydrobromide,178671.0,225367.39,214274.36335
2021-12,SOUTH EAST,Fluoxetine hydrochloride,83656.0,261670.33,249147.16784
2021-12,SOUTH EAST,Fluvoxamine maleate,337.0,8566.54,8018.69006
2021-12,SOUTH EAST,Paroxetine hydrochloride,15085.0,52027.26,49462.4544
2021-12,SOUTH EAST,Sertraline hydrochloride,256164.0,829401.92,780472.28141
2021-12,SOUTH EAST,Escitalopram,29384.0,55486.71,52499.55522
2021-12,SOUTH EAST,Citalopram hydrochloride,1116.0,13008.36,12156.11913
2021-12,SOUTH EAST,Vortioxetine,5224.0,133312.41,124672.63067
2021-12,SOUTH EAST,Flupentixol hydrochloride,1300.0,4110.27,3944.07767
2021-12,SOUTH EAST,Oxitriptan,1.0,28.11,26.35192
2021-12,SOUTH EAST,Tryptophan,4.0,566.58,529.02852
2021-12,SOUTH EAST,Reboxetine,284.0,5884.81,5514.71199
2021-12,SOUTH EAST,Venlafaxine,67068.0,513919.55,483160.81376
2021-12,SOUTH EAST,Mirtazapine,129976.0,219516.04,210215.53642
2021-12,SOUTH EAST,Duloxetine hydrochloride,39110.0,133642.41,126081.13845
2021-12,SOUTH EAST,Agomelatine,676.0,19197.74,17946.13042
2021-12,SOUTH EAST,Bupropion hydrochloride,923.0,34012.84,31803.46106
2021-12,SOUTH WEST,Flupentixol hydrochloride,363.0,2473.46,2345.96376
2021-12,SOUTH WEST,Flupentixol decanoate,487.0,6650.38,6219.32767
2021-12,SOUTH WEST,Amitriptyline hydrochloride,153389.0,292997.07,277309.53507
2021-12,SOUTH WEST,Clomipramine hydrochloride,1932.0,26448.96,24756.66407
2021-12,SOUTH WEST,Dosulepin hydrochloride,3962.0,41534.23,38887.46606
2021-12,SOUTH WEST,Doxepin,230.0,47236.25,44100.6459
2021-12,SOUTH WEST,Imipramine hydrochloride,1289.0,12979.08,12155.64006
2021-12,SOUTH WEST,Lofepramine hydrochloride,1410.0,23415.06,21951.38052
2021-12,SOUTH WEST,Mianserin hydrochloride,4.0,560.39,523.2504
2021-12,SOUTH WEST,Nortriptyline,5928.0,21075.68,20224.62463
2021-12,SOUTH WEST,Trazodone hydrochloride,9461.0,36137.88,34445.18429
2021-12,SOUTH WEST,Trimipramine maleate,157.0,59314.84,55373.40313
2021-12,SOUTH WEST,Isocarboxazid,43.0,11107.25,10371.95292
2021-12,SOUTH WEST,Moclobemide,85.0,2874.67,2688.52756
2021-12,SOUTH WEST,Phenelzine sulfate,40.0,18318.05,17120.06106
2021-12,SOUTH WEST,Tranylcypromine sulfate,58.0,82987.24,77467.51414
2021-12,SOUTH WEST,Citalopram hydrobromide,139352.0,166148.38,158186.25462
2021-12,SOUTH WEST,Fluoxetine hydrochloride,60990.0,158291.65,151139.97281
2021-12,SOUTH WEST,Fluvoxamine maleate,186.0,4603.7,4310.42053
2021-12,SOUTH WEST,Paroxetine hydrochloride,11313.0,36122.76,34360.24382
2021-12,SOUTH WEST,Sertraline hydrochloride,181526.0,545426.37,513806.68454
2021-12,SOUTH WEST,Escitalopram,15233.0,26706.71,25332.42089
2021-12,SOUTH WEST,Citalopram hydrochloride,547.0,6461.46,6037.97753
2021-12,SOUTH WEST,Vortioxetine,1352.0,32723.46,30608.41625
2021-12,SOUTH WEST,Flupentixol hydrochloride,1116.0,3501.67,3360.92298
2021-12,SOUTH WEST,Reboxetine,259.0,4482.94,4207.01537
2021-12,SOUTH WEST,Venlafaxine,54386.0,331359.57,311932.10859
2021-12,SOUTH WEST,Mirtazapine,108131.0,165910.76,159533.6836
2021-12,SOUTH WEST,Duloxetine hydrochloride,30026.0,91068.5,86108.72342
2021-12,SOUTH WEST,Agomelatine,219.0,5803.05,5426.41034
2021-12,SOUTH WEST,Bupropion hydrochloride,456.0,17245.63,16120.73925
2021-12,UNIDENTIFIED,Amitriptyline hydrochloride,82.0,126.79,120.9576
2021-12,UNIDENTIFIED,Clomipramine hydrochloride,3.0,19.62,18.35165
2021-12,UNIDENTIFIED,Dosulepin hydrochloride,1.0,2.4,2.2527
2021-12,UNIDENTIFIED,Lofepramine hydrochloride,1.0,15.95,14.90106
2021-12,UNIDENTIFIED,Nortriptyline,1.0,2.23,2.19401
2021-12,UNIDENTIFIED,Trazodone hydrochloride,10.0,29.0,27.79429
2021-12,UNIDENTIFIED,Citalopram hydrobromide,69.0,77.46,74.14891
2021-12,UNIDENTIFIED,Fluoxetine hydrochloride,61.0,429.66,406.22617
2021-12,UNIDENTIFIED,Fluvoxamine maleate,2.0,68.53,64.19471
2021-12,UNIDENTIFIED,Paroxetine hydrochloride,5.0,27.4,25.73877
2021-12,UNIDENTIFIED,Sertraline hydrochloride,172.0,496.44,469.61412
2021-12,UNIDENTIFIED,Escitalopram,10.0,14.8,14.03919
2021-12,UNIDENTIFIED,Vortioxetine,5.0,138.6,129.43935
2021-12,UNIDENTIFIED,Flupentixol hydrochloride,7.0,22.0,21.21048
2021-12,UNIDENTIFIED,Tryptophan,1.0,41.33,38.69224
2021-12,UNIDENTIFIED,Venlafaxine,56.0,445.24,419.58265
2021-12,UNIDENTIFIED,Mirtazapine,103.0,158.5,153.09318
2021-12,UNIDENTIFIED,Duloxetine hydrochloride,68.0,179.05,170.07894
2022-01,EAST OF ENGLAND,Flupentixol hydrochloride,204.0,1376.59,1307.8968
2022-01,EAST OF ENGLAND,Flupentixol decanoate,319.0,4246.41,3980.39128
2022-01,EAST OF ENGLAND,Amitriptyline hydrochloride,163299.0,244521.5,232302.617
2022-01,EAST OF ENGLAND,Clomipramine hydrochloride,2875.0,31621.56,29682.62201
2022-01,EAST OF ENGLAND,Dosulepin hydrochloride,4565.0,37845.19,35523.6243
2022-01,EAST OF ENGLAND,Doxepin,190.0,36609.14,34252.8386
2022-01,EAST OF ENGLAND,Imipramine hydrochloride,1171.0,10925.92,10247.58483
2022-01,EAST OF ENGLAND,Lofepramine hydrochloride,1289.0,17456.79,16421.24143
2022-01,EAST OF ENGLAND,Mianserin hydrochloride,5.0,253.38,237.1018
2022-01,EAST OF ENGLAND,Nortriptyline,8276.0,33781.6,32333.20022
2022-01,EAST OF ENGLAND,Trazodone hydrochloride,7611.0,28634.1,27386.81664
2022-01,EAST OF ENGLAND,Trimipramine maleate,201.0,77666.43,72663.87362
2022-01,EAST OF ENGLAND,Isocarboxazid,15.0,7997.89,7482.70057
2022-01,EAST OF ENGLAND,Moclobemide,91.0,3340.71,3131.66237
2022-01,EAST OF ENGLAND,Phenelzine sulfate,63.0,35386.01,33105.27249
2022-01,EAST OF ENGLAND,Tranylcypromine sulfate,34.0,30272.5,28321.54296
2022-01,EAST OF ENGLAND,Citalopram hydrobromide,171632.0,163955.81,156824.86282
2022-01,EAST OF ENGLAND,Fluoxetine hydrochloride,71925.0,185944.54,177354.51302
2022-01,EAST OF ENGLAND,Fluvoxamine maleate,242.0,5387.83,5055.92808
2022-01,EAST OF ENGLAND,Paroxetine hydrochloride,14010.0,36741.65,35024.72762
2022-01,EAST OF ENGLAND,Sertraline hydrochloride,203313.0,336938.12,320014.34663
2022-01,EAST OF ENGLAND,Escitalopram,15275.0,22991.42,21842.88742
2022-01,EAST OF ENGLAND,Citalopram hydrochloride,764.0,7411.06,6942.15654
2022-01,EAST OF ENGLAND,Vortioxetine,2675.0,64213.38,60178.05141
2022-01,EAST OF ENGLAND,Flupentixol hydrochloride,1676.0,4826.55,4650.50107
2022-01,EAST OF ENGLAND,Tryptophan,4.0,559.56,523.51177
2022-01,EAST OF ENGLAND,Reboxetine,199.0,3690.21,3466.41459
2022-01,EAST OF ENGLAND,Venlafaxine,63431.0,364495.31,343748.16367
2022-01,EAST OF ENGLAND,Mirtazapine,97594.0,122002.72,118006.71806
2022-01,EAST OF ENGLAND,Duloxetine hydrochloride,27763.0,67885.38,64389.849
2022-01,EAST OF ENGLAND,Agomelatine,157.0,4581.57,4291.34532
2022-01,EAST OF ENGLAND,Bupropion hydrochloride,682.0,24167.96,22641.21837
2022-01,LONDON,Flupentixol hydrochloride,492.0,2595.38,2482.50755
2022-01,LONDON,Flupentixol decanoate,543.0,15997.02,14993.4347
2022-01,LONDON,Amitriptyline hydrochloride,107934.0,149768.47,144945.32774
2022-01,LONDON,Clomipramine hydrochloride,1727.0,22871.3,21476.76888
2022-01,LONDON,Dosulepin hydrochloride,2982.0,27298.28,25688.21982
2022-01,LONDON,Doxepin,193.0,38571.64,36094.78906
2022-01,LONDON,Imipramine hydrochloride,954.0,7415.62,6985.12392
2022-01,LONDON,Lofepramine hydrochloride,1131.0,14784.26,13924.26316
2022-01,LONDON,Mianserin hydrochloride,5.0,211.51,197.93195
2022-01,LONDON,Nortriptyline,7148.0,24107.16,23268.8489
2022-01,LONDON,Trazodone hydrochloride,5160.0,19543.04,18718.71442
2022-01,LONDON,Trimipramine maleate,301.0,118287.45,110672.15031
2022-01,LONDON,Isocarboxazid,26.0,6316.54,5911.51545
2022-01,LONDON,Moclobemide,97.0,2468.47,2316.88376
2022-01,LONDON,Phenelzine sulfate,35.0,21836.33,20449.56222
2022-01,LONDON,Tranylcypromine sulfate,69.0,95488.11,89333.23855
2022-01,LONDON,Citalopram hydrobromide,109385.0,111830.39,109141.09276
2022-01,LONDON,Fluoxetine hydrochloride,48133.0,133456.95,128227.68447
2022-01,LONDON,Fluvoxamine maleate,333.0,8051.95,7559.11741
2022-01,LONDON,Paroxetine hydrochloride,11557.0,29930.27,28852.39076
2022-01,LONDON,Sertraline hydrochloride,167422.0,293353.24,281534.84271
2022-01,LONDON,Escitalopram,14864.0,27613.91,26316.22834
2022-01,LONDON,Citalopram hydrochloride,408.0,4529.25,4242.22327
2022-01,LONDON,Vortioxetine,2268.0,58356.54,54712.81246
2022-01,LONDON,Flupentixol hydrochloride,784.0,2199.75,2133.11195
2022-01,LONDON,Oxitriptan,3.0,92.87,87.11811
2022-01,LONDON,Tryptophan,5.0,89.6,84.38379
2022-01,LONDON,Reboxetine,145.0,2368.06,2228.24431
2022-01,LONDON,Venlafaxine,40259.0,235992.76,223679.65112
2022-01,LONDON,Mirtazapine,103533.0,115687.36,114627.98784
2022-01,LONDON,Duloxetine hydrochloride,22340.0,49093.59,47291.00852
2022-01,LONDON,Agomelatine,376.0,10675.86,10007.64735
2022-01,LONDON,Bupropion hydrochloride,1069.0,42688.34,39995.96894
2022-01,MIDLANDS,Flupentixol hydrochloride,447.0,3211.59,3052.67112
2022-01,MIDLANDS,Flupentixol decanoate,537.0,12505.23,11732.64372
2022-01,MIDLANDS,Amitriptyline hydrochloride,247607.0,383244.46,363907.22298
2022-01,MIDLANDS,Clomipramine hydrochloride,3124.0,43097.35,40412.61885
2022-01,MIDLANDS,Dosulepin hydrochloride,6849.0,64498.43,60511.38322
2022-01,MIDLANDS,Doxepin,280.0,52708.14,49314.31235
2022-01,MIDLANDS,Imipramine hydrochloride,2043.0,21894.23,20527.28361
2022-01,MIDLANDS,Lofepramine hydrochloride,2648.0,42550.53,39983.74585
2022-01,MIDLANDS,Mianserin hydrochloride,14.0,946.96,886.06515
2022-01,MIDLANDS,Nortriptyline,11078.0,45579.9,43689.83418
2022-01,MIDLANDS,Trazodone hydrochloride,11556.0,44725.42,42708.27408
2022-01,MIDLANDS,Trimipramine maleate,223.0,89331.61,83577.35216
2022-01,MIDLANDS,Isocarboxazid,20.0,5973.96,5590.04126
2022-01,MIDLANDS,Moclobemide,94.0,3740.02,3505.09646
2022-01,MIDLANDS,Phenelzine sulfate,30.0,9906.57,9268.76543
2022-01,MIDLANDS,Tranylcypromine sulfate,54.0,65890.41,61643.96447
2022-01,MIDLANDS,Citalopram hydrobromide,228312.0,233991.65,223349.20768
2022-01,MIDLANDS,Fluoxetine hydrochloride,115072.0,263921.24,253402.96304
2022-01,MIDLANDS,Fluvoxamine maleate,400.0,8964.11,8417.51117
2022-01,MIDLANDS,Paroxetine hydrochloride,19909.0,53800.14,51483.7058
2022-01,MIDLANDS,Sertraline hydrochloride,335593.0,571148.35,542148.89379
2022-01,MIDLANDS,Escitalopram,23431.0,34766.4,33044.25342
2022-01,MIDLANDS,Citalopram hydrochloride,1205.0,11872.72,11121.59524
2022-01,MIDLANDS,Vortioxetine,4074.0,97963.47,91815.91525
2022-01,MIDLANDS,Flupentixol hydrochloride,2407.0,7266.55,7009.79912
2022-01,MIDLANDS,Oxitriptan,2.0,92.03,123.29988
2022-01,MIDLANDS,Tryptophan,11.0,1465.4,1371.70952
2022-01,MIDLANDS,Reboxetine,284.0,5177.78,4866.22
2022-01,MIDLANDS,Venlafaxine,81762.0,511233.59,482201.85957
2022-01,MIDLANDS,Mirtazapine,165296.0,213443.34,205731.19125
2022-01,MIDLANDS,Duloxetine hydrochloride,52299.0,133618.01,126620.02897
2022-01,MIDLANDS,Agomelatine,240.0,6979.51,6537.74827
2022-01,MIDLANDS,Bupropion hydrochloride,496.0,16805.01,15753.18784
2022-01,NORTH EAST AND YORKSHIRE,Flupentixol hydrochloride,702.0,3394.69,3253.47584
2022-01,NORTH EAST AND YORKSHIRE,Flupentixol decanoate,540.0,10557.03,9905.28662
2022-01,NORTH EAST AND YORKSHIRE,Amitriptyline hydrochloride,261149.0,373348.36,357884.07883
2022-01,NORTH EAST AND YORKSHIRE,Clomipramine hydrochloride,3498.0,39291.47,36925.22913
2022-01,NORTH EAST AND YORKSHIRE,Dosulepin hydrochloride,5766.0,46330.57,43569.47424
2022-01,NORTH EAST AND YORKSHIRE,Doxepin,364.0,68156.7,63775.18662
2022-01,NORTH EAST AND YORKSHIRE,Imipramine hydrochloride,1761.0,15017.71,14112.11449
2022-01,NORTH EAST AND YORKSHIRE,Lofepramine hydrochloride,3113.0,42670.31,40160.76934
2022-01,NORTH EAST AND YORKSHIRE,Mianserin hydrochloride,15.0,361.83,339.46957
2022-01,NORTH EAST AND YORKSHIRE,Nortriptyline,11171.0,36798.78,35538.86649
2022-01,NORTH EAST AND YORKSHIRE,Trazodone hydrochloride,38595.0,108518.68,104808.0771
2022-01,NORTH EAST AND YORKSHIRE,Trimipramine maleate,276.0,85909.8,80385.17825
2022-01,NORTH EAST AND YORKSHIRE,Isocarboxazid,9.0,3861.05,3612.66659
2022-01,NORTH EAST AND YORKSHIRE,Moclobemide,124.0,4083.25,3830.8259
2022-01,NORTH EAST AND YORKSHIRE,Phenelzine sulfate,46.0,17267.02,16155.33379
2022-01,NORTH EAST AND YORKSHIRE,Tranylcypromine sulfate,44.0,51445.95,48129.66359
2022-01,NORTH EAST AND YORKSHIRE,Citalopram hydrobromide,203196.0,189605.42,183448.20936
2022-01,NORTH EAST AND YORKSHIRE,Fluoxetine hydrochloride,141066.0,264819.25,257959.84139
2022-01,NORTH EAST AND YORKSHIRE,Fluvoxamine maleate,373.0,8069.92,7581.43859
2022-01,NORTH EAST AND YORKSHIRE,Paroxetine hydrochloride,19229.0,41929.56,40556.15364
2022-01,NORTH EAST AND YORKSHIRE,Sertraline hydrochloride,341670.0,513538.76,492077.59336
2022-01,NORTH EAST AND YORKSHIRE,Escitalopram,17784.0,24376.89,23423.65691
2022-01,NORTH EAST AND YORKSHIRE,Citalopram hydrochloride,798.0,7917.6,7416.66311
2022-01,NORTH EAST AND YORKSHIRE,Vortioxetine,3286.0,57680.37,54189.84125
2022-01,NORTH EAST AND YORKSHIRE,Flupentixol hydrochloride,2194.0,5693.58,5536.58045
2022-01,NORTH EAST AND YORKSHIRE,Tryptophan,14.0,929.07,870.62887
2022-01,NORTH EAST AND YORKSHIRE,Reboxetine,458.0,6187.18,5832.74371
2022-01,NORTH EAST AND YORKSHIRE,Venlafaxine,70637.0,348726.74,331137.61206
2022-01,NORTH EAST AND YORKSHIRE,Mirtazapine,197694.0,215996.8,212739.25342
2022-01,NORTH EAST AND YORKSHIRE,Duloxetine hydrochloride,64025.0,134235.37,128741.02429
2022-01,NORTH EAST AND YORKSHIRE,Agomelatine,387.0,5860.43,5514.69581
2022-01,NORTH EAST AND YORKSHIRE,Bupropion hydrochloride,514.0,18446.86,17286.26652
2022-01,NORTH WEST,Flupentixol hydrochloride,401.0,2375.23,2266.28918
2022-01,NORTH WEST,Flupentixol decanoate,506.0,11438.3,10743.1008
2022-01,NORTH WEST,Amitriptyline hydrochloride,169460.0,262759.07,250070.78638
2022-01,NORTH WEST,Clomipramine hydrochloride,2993.0,39692.67,37233.22371
2022-01,NORTH WEST,Dosulepin hydrochloride,5083.0,48776.4,45774.49671
2022-01,NORTH WEST,Doxepin,193.0,40902.11,38269.7199
2022-01,NORTH WEST,Imipramine hydrochloride,1047.0,13190.23,12369.5776
2022-01,NORTH WEST,Lofepramine hydrochloride,1313.0,19643.35,18474.26665
2022-01,NORTH WEST,Mianserin hydrochloride,3.0,85.9,80.3976
2022-01,NORTH WEST,Nortriptyline,11518.0,46403.15,44604.84005
2022-01,NORTH WEST,Trazodone hydrochloride,15760.0,66952.94,63962.62905
2022-01,NORTH WEST,Trimipramine maleate,141.0,61366.09,57412.1797
2022-01,NORTH WEST,Isocarboxazid,3.0,871.85,815.76252
2022-01,NORTH WEST,Moclobemide,66.0,2502.52,2346.35353
2022-01,NORTH WEST,Phenelzine sulfate,27.0,5415.46,5066.95753
2022-01,NORTH WEST,Tranylcypromine sulfate,21.0,37762.78,35327.95873
2022-01,NORTH WEST,Citalopram hydrobromide,159266.0,157776.16,151040.8827
2022-01,NORTH WEST,Fluoxetine hydrochloride,88845.0,201057.09,195053.4587
2022-01,NORTH WEST,Fluvoxamine maleate,249.0,5402.22,5076.32424
2022-01,NORTH WEST,Paroxetine hydrochloride,16588.0,41438.51,40035.79509
2022-01,NORTH WEST,Sertraline hydrochloride,284468.0,448879.96,427648.75983
2022-01,NORTH WEST,Escitalopram,17861.0,26703.99,25462.66365
2022-01,NORTH WEST,Citalopram hydrochloride,798.0,7797.19,7304.15447
2022-01,NORTH WEST,Vortioxetine,3188.0,70455.33,66073.8113
2022-01,NORTH WEST,Flupentixol hydrochloride,1453.0,4351.38,4210.49413
2022-01,NORTH WEST,Tryptophan,6.0,1576.76,1475.45082
2022-01,NORTH WEST,Reboxetine,262.0,4400.48,4141.59688
2022-01,NORTH WEST,Venlafaxine,71115.0,429737.71,406255.90323
2022-01,NORTH WEST,Mirtazapine,169322.0,202683.71,197092.03593
2022-01,NORTH WEST,Duloxetine hydrochloride,45500.0,114130.76,108345.78677
2022-01,NORTH WEST,Agomelatine,146.0,3401.0,3189.23385
2022-01,NORTH WEST,Bupropion hydrochloride,736.0,25294.87,23702.98184
2022-01,SOUTH EAST,Flupentixol hydrochloride,284.0,1680.43,1602.95772
2022-01,SOUTH EAST,Flupentixol decanoate,462.0,7820.26,7336.12917
2022-01,SOUTH EAST,Amitriptyline hydrochloride,157843.0,283545.43,269129.71197
2022-01,SOUTH EAST,Clomipramine hydrochloride,2601.0,36099.68,33857.07883
2022-01,SOUTH EAST,Dosulepin hydrochloride,4931.0,46634.95,43757.35129
2022-01,SOUTH EAST,Doxepin,181.0,44576.76,41706.1477
2022-01,SOUTH EAST,Imipramine hydrochloride,1703.0,15831.82,14858.07281
2022-01,SOUTH EAST,Lofepramine hydrochloride,1211.0,19856.41,18652.18909
2022-01,SOUTH EAST,Mianserin hydrochloride,7.0,389.49,364.559
2022-01,SOUTH EAST,Nortriptyline,9582.0,42041.18,40197.59239
2022-01,SOUTH EAST,Trazodone hydrochloride,13886.0,58523.98,55848.21626
2022-01,SOUTH EAST,Trimipramine maleate,337.0,141344.93,132241.48784
2022-01,SOUTH EAST,Isocarboxazid,10.0,4639.49,4340.91822
2022-01,SOUTH EAST,Moclobemide,99.0,3704.42,3471.42949
2022-01,SOUTH EAST,Phenelzine sulfate,91.0,59269.31,55450.29944
2022-01,SOUTH EAST,Tranylcypromine sulfate,118.0,141144.87,132047.50051
2022-01,SOUTH EAST,Citalopram hydrobromide,166958.0,188818.43,180313.14132
2022-01,SOUTH EAST,Fluoxetine hydrochloride,78652.0,213732.22,204550.61322
2022-01,SOUTH EAST,Fluvoxamine maleate,306.0,7331.2,6878.78989
2022-01,SOUTH EAST,Paroxetine hydrochloride,14009.0,41668.62,39820.62877
2022-01,SOUTH EAST,Sertraline hydrochloride,243905.0,476949.45,452175.16425
2022-01,SOUTH EAST,Escitalopram,27715.0,46208.8,43897.62083
2022-01,SOUTH EAST,Citalopram hydrochloride,1101.0,11126.89,10422.56047
2022-01,SOUTH EAST,Vortioxetine,5043.0,126567.54,118628.28976
2022-01,SOUTH EAST,Flupentixol hydrochloride,1165.0,3670.69,3531.04537
2022-01,SOUTH EAST,Oxitriptan,1.0,28.11,26.40962
2022-01,SOUTH EAST,Tryptophan,6.0,860.67,805.4283
2022-01,SOUTH EAST,Reboxetine,258.0,4876.89,4583.29762
2022-01,SOUTH EAST,Venlafaxine,62836.0,471750.62,444557.49817
2022-01,SOUTH EAST,Mirtazapine,124221.0,171571.49,165579.04107
2022-01,SOUTH EAST,Duloxetine hydrochloride,36700.0,104863.56,99359.01464
2022-01,SOUTH EAST,Agomelatine,610.0,16573.24,15527.55424
2022-01,SOUTH EAST,Bupropion hydrochloride,875.0,29937.01,28060.3456
2022-01,SOUTH WEST,Flupentixol hydrochloride,317.0,2071.41,1970.52218
2022-01,SOUTH WEST,Flupentixol decanoate,396.0,6337.16,5938.27056
2022-01,SOUTH WEST,Amitriptyline hydrochloride,143166.0,237930.69,226125.38851
2022-01,SOUTH WEST,Clomipramine hydrochloride,1832.0,25521.7,23939.37624
2022-01,SOUTH WEST,Dosulepin hydrochloride,3557.0,33018.42,30993.6835
2022-01,SOUTH WEST,Doxepin,213.0,38200.0,35745.42815
2022-01,SOUTH WEST,Imipramine hydrochloride,1151.0,8261.5,7764.68293
2022-01,SOUTH WEST,Lofepramine hydrochloride,1317.0,20184.06,18969.86327
2022-01,SOUTH WEST,Mianserin hydrochloride,8.0,812.59,760.57372
2022-01,SOUTH WEST,Nortriptyline,5760.0,19369.0,18645.89955
2022-01,SOUTH WEST,Trazodone hydrochloride,8771.0,32272.51,30853.65314
2022-01,SOUTH WEST,Trimipramine maleate,135.0,50933.9,47653.51564
2022-01,SOUTH WEST,Isocarboxazid,39.0,12063.59,11288.36832
2022-01,SOUTH WEST,Moclobemide,92.0,3077.29,2883.79358
2022-01,SOUTH WEST,Phenelzine sulfate,57.0,26082.9,24402.32341
2022-01,SOUTH WEST,Tranylcypromine sulfate,48.0,71875.57,67241.83626
2022-01,SOUTH WEST,Citalopram hydrobromide,130954.0,140339.05,134230.96383
2022-01,SOUTH WEST,Fluoxetine hydrochloride,57490.0,129984.42,124840.08289
2022-01,SOUTH WEST,Fluvoxamine maleate,191.0,4836.31,4538.07832
2022-01,SOUTH WEST,Paroxetine hydrochloride,10400.0,29173.5,27879.11586
2022-01,SOUTH WEST,Sertraline hydrochloride,172016.0,306711.32,291320.7636
2022-01,SOUTH WEST,Escitalopram,14413.0,22438.41,21365.57279
2022-01,SOUTH WEST,Citalopram hydrochloride,512.0,5624.54,5267.69767
2022-01,SOUTH WEST,Vortioxetine,1247.0,31214.7,29258.11968
2022-01,SOUTH WEST,Flupentixol hydrochloride,1027.0,3088.93,2976.89545
2022-01,SOUTH WEST,Tryptophan,3.0,341.16,319.49616
2022-01,SOUTH WEST,Reboxetine,250.0,4328.21,4070.90313
2022-01,SOUTH WEST,Venlafaxine,51046.0,297749.88,280992.15215
2022-01,SOUTH WEST,Mirtazapine,102576.0,127256.47,123430.67078
2022-01,SOUTH WEST,Duloxetine hydrochloride,28196.0,70960.9,67413.32652
2022-01,SOUTH WEST,Agomelatine,215.0,5351.85,5016.79399
2022-01,SOUTH WEST,Bupropion hydrochloride,463.0,17327.02,16231.62639
2022-01,UNIDENTIFIED,Amitriptyline hydrochloride,118.0,160.85,153.14015
2022-01,UNIDENTIFIED,Clomipramine hydrochloride,1.0,6.96,6.52356
2022-01,UNIDENTIFIED,Dosulepin hydrochloride,4.0,104.07,97.40823
2022-01,UNIDENTIFIED,Nortriptyline,9.0,10.7,11.02156
2022-01,UNIDENTIFIED,Trazodone hydrochloride,15.0,93.27,88.24112
2022-01,UNIDENTIFIED,Trimipramine maleate,1.0,268.77,251.54971
2022-01,UNIDENTIFIED,Citalopram hydrobromide,110.0,119.84,114.10125
2022-01,UNIDENTIFIED,Fluoxetine hydrochloride,76.0,433.03,411.33435
2022-01,UNIDENTIFIED,Paroxetine hydrochloride,4.0,7.96,7.59627
2022-01,UNIDENTIFIED,Sertraline hydrochloride,220.0,669.06,634.16662
2022-01,UNIDENTIFIED,Escitalopram,13.0,17.52,16.75136
2022-01,UNIDENTIFIED,Citalopram hydrochloride,2.0,24.45,22.89805
2022-01,UNIDENTIFIED,Vortioxetine,6.0,152.46,142.80242
2022-01,UNIDENTIFIED,Flupentixol hydrochloride,5.0,26.29,25.15658
2022-01,UNIDENTIFIED,Venlafaxine,61.0,423.06,400.13373
2022-01,UNIDENTIFIED,Mirtazapine,146.0,325.5,310.41927
2022-01,UNIDENTIFIED,Duloxetine hydrochloride,85.0,180.32,172.24534
2022-01,UNIDENTIFIED,Agomelatine,4.0,97.49,91.35257
2022-01,UNIDENTIFIED,Bupropion hydrochloride,3.0,167.04,156.30496
2022-02,EAST OF ENGLAND,Flupentixol hydrochloride,209.0,1426.71,1356.96558
2022-02,EAST OF ENGLAND,Flupentixol decanoate,273.0,3950.91,3707.05431
2022-02,EAST OF ENGLAND,Amitriptyline hydrochloride,151447.0,228979.44,217640.86593
2022-02,EAST OF ENGLAND,Clomipramine hydrochloride,2748.0,29503.04,27718.66231
2022-02,EAST OF ENGLAND,Dosulepin hydrochloride,4096.0,33793.09,31743.11105
2022-02,EAST OF ENGLAND,Doxepin,179.0,35936.64,33647.60418
2022-02,EAST OF ENGLAND,Imipramine hydrochloride,1054.0,8642.7,8114.74087
2022-02,EAST OF ENGLAND,Lofepramine hydrochloride,1234.0,17970.21,16906.9844
2022-02,EAST OF ENGLAND,Mianserin hydrochloride,3.0,136.21,127.55691
2022-02,EAST OF ENGLAND,Nortriptyline,7656.0,31904.85,30574.99955
2022-02,EAST OF ENGLAND,Trazodone hydrochloride,6971.0,30485.49,29089.01265
2022-02,EAST OF ENGLAND,Trimipramine maleate,199.0,75457.81,70649.85482
2022-02,EAST OF ENGLAND,Isocarboxazid,19.0,8015.68,7505.18464
2022-02,EAST OF ENGLAND,Moclobemide,69.0,2646.28,2482.27624
2022-02,EAST OF ENGLAND,Phenelzine sulfate,54.0,34671.79,32461.23736
2022-02,EAST OF ENGLAND,Tranylcypromine sulfate,35.0,36636.76,34300.4929
2022-02,EAST OF ENGLAND,Citalopram hydrobromide,158991.0,151846.2,145353.6653
2022-02,EAST OF ENGLAND,Fluoxetine hydrochloride,66419.0,167738.76,160179.72753
2022-02,EAST OF ENGLAND,Fluvoxamine maleate,207.0,5002.26,4696.81852
2022-02,EAST OF ENGLAND,Paroxetine hydrochloride,12776.0,32807.2,31311.89408
2022-02,EAST OF ENGLAND,Sertraline hydrochloride,189157.0,313591.37,298063.46086
2022-02,EAST OF ENGLAND,Escitalopram,14335.0,21175.68,20144.28527
2022-02,EAST OF ENGLAND,Citalopram hydrochloride,732.0,7195.16,6744.74612
2022-02,EAST OF ENGLAND,Vortioxetine,2615.0,62568.0,58680.26902
2022-02,EAST OF ENGLAND,Flupentixol hydrochloride,1494.0,4191.65,4046.40925
2022-02,EAST OF ENGLAND,Tryptophan,2.0,810.36,758.68325
2022-02,EAST OF ENGLAND,Reboxetine,184.0,3396.49,3193.23772
2022-02,EAST OF ENGLAND,Venlafaxine,59056.0,335867.93,316990.17635
2022-02,EAST OF ENGLAND,Mirtazapine,91055.0,111881.74,108372.17418
2022-02,EAST OF ENGLAND,Duloxetine hydrochloride,26301.0,66032.3,62664.23779
2022-02,EAST OF ENGLAND,Agomelatine,156.0,4075.31,3821.55055
2022-02,EAST OF ENGLAND,Bupropion hydrochloride,728.0,25606.74,24007.66922
2022-02,LONDON,Flupentixol hydrochloride,404.0,2103.55,2014.15142
2022-02,LONDON,Flupentixol decanoate,481.0,14260.57,13375.38722
2022-02,LONDON,Amitriptyline hydrochloride,100760.0,140192.2,135747.43192
2022-02,LONDON,Clomipramine hydrochloride,1703.0,22682.66,21312.50678
2022-02,LONDON,Dosulepin hydrochloride,2890.0,26213.44,24694.93843
2022-02,LONDON,Doxepin,212.0,37700.32,35306.84132
2022-02,LONDON,Imipramine hydrochloride,823.0,6329.77,5968.03169
2022-02,LONDON,Lofepramine hydrochloride,1088.0,14662.09,13814.32883
2022-02,LONDON,Mianserin hydrochloride,9.0,690.81,647.04744
2022-02,LONDON,Nortriptyline,6709.0,23267.7,22452.89613
2022-02,LONDON,Trazodone hydrochloride,4833.0,16927.0,16255.47629
2022-02,LONDON,Trimipramine maleate,251.0,105261.82,98556.45292
2022-02,LONDON,Isocarboxazid,17.0,2206.37,2067.31282
2022-02,LONDON,Moclobemide,82.0,2717.85,2549.86603
2022-02,LONDON,Phenelzine sulfate,37.0,26169.03,24500.68593
2022-02,LONDON,Tranylcypromine sulfate,36.0,67620.98,63307.45946
2022-02,LONDON,Citalopram hydrobromide,100951.0,103165.96,100732.36155
2022-02,LONDON,Fluoxetine hydrochloride,45023.0,124039.57,119297.51507
2022-02,LONDON,Fluvoxamine maleate,306.0,8127.43,7632.18836
2022-02,LONDON,Paroxetine hydrochloride,10642.0,26716.67,25788.8824
2022-02,LONDON,Sertraline hydrochloride,156821.0,277210.5,266154.71607
2022-02,LONDON,Escitalopram,13922.0,25580.93,24396.46838
2022-02,LONDON,Citalopram hydrochloride,347.0,3897.84,3653.45751
2022-02,LONDON,Vortioxetine,2130.0,55902.33,52447.03166
2022-02,LONDON,Flupentixol hydrochloride,745.0,1975.53,1918.02762
2022-02,LONDON,Oxitriptan,2.0,45.18,42.32228
2022-02,LONDON,Tryptophan,12.0,2283.12,2138.60411
2022-02,LONDON,Reboxetine,149.0,2669.04,2511.2011
2022-02,LONDON,Venlafaxine,36884.0,215601.95,204478.23269
2022-02,LONDON,Mirtazapine,95529.0,107278.44,106290.65784
2022-02,LONDON,Duloxetine hydrochloride,20886.0,46504.16,44799.54833
2022-02,LONDON,Agomelatine,326.0,8473.87,7950.07328
2022-02,LONDON,Bupropion hydrochloride,1116.0,43658.55,40939.5405
2022-02,MIDLANDS,Flupentixol hydrochloride,388.0,2648.17,2521.1886
2022-02,MIDLANDS,Flupentixol decanoate,504.0,12122.65,11381.21905
2022-02,MIDLANDS,Amitriptyline hydrochloride,232709.0,359169.89,341322.9773
2022-02,MIDLANDS,Clomipramine hydrochloride,3002.0,41860.12,39278.86814
2022-02,MIDLANDS,Dosulepin hydrochloride,6303.0,60333.83,56640.88322
2022-02,MIDLANDS,Doxepin,248.0,44638.01,41794.61408
2022-02,MIDLANDS,Imipramine hydrochloride,1951.0,23830.16,22354.98823
2022-02,MIDLANDS,Lofepramine hydrochloride,2479.0,41915.96,39408.61067
2022-02,MIDLANDS,Mianserin hydrochloride,13.0,922.36,863.87397
2022-02,MIDLANDS,Nortriptyline,10637.0,45080.97,43209.61204
2022-02,MIDLANDS,Trazodone hydrochloride,10969.0,42243.79,40367.18636
2022-02,MIDLANDS,Trimipramine maleate,216.0,88880.21,83216.56973
2022-02,MIDLANDS,Isocarboxazid,31.0,9181.11,8597.52056
2022-02,MIDLANDS,Moclobemide,103.0,3812.9,3577.11226
2022-02,MIDLANDS,Phenelzine sulfate,28.0,12974.3,12147.46517
2022-02,MIDLANDS,Tranylcypromine sulfate,50.0,55932.17,52366.56509
2022-02,MIDLANDS,Citalopram hydrobromide,213521.0,218730.03,208950.09235
2022-02,MIDLANDS,Fluoxetine hydrochloride,107511.0,251697.3,241813.95539
2022-02,MIDLANDS,Fluvoxamine maleate,332.0,7198.71,6763.99649
2022-02,MIDLANDS,Paroxetine hydrochloride,18661.0,50079.16,47958.83888
2022-02,MIDLANDS,Sertraline hydrochloride,316809.0,538419.54,511446.14061
2022-02,MIDLANDS,Escitalopram,21754.0,33071.0,31445.64033
2022-02,MIDLANDS,Citalopram hydrochloride,1126.0,11126.89,10430.61331
2022-02,MIDLANDS,Vortioxetine,3893.0,91987.83,86286.02179
2022-02,MIDLANDS,Flupentixol hydrochloride,2223.0,6799.57,6564.30626
2022-02,MIDLANDS,Oxitriptan,2.0,42.16,59.69496
2022-02,MIDLANDS,Tryptophan,9.0,1079.84,1011.43224
2022-02,MIDLANDS,Reboxetine,271.0,4690.65,4413.22231
2022-02,MIDLANDS,Venlafaxine,76922.0,477051.23,450314.72165
2022-02,MIDLANDS,Mirtazapine,156186.0,199272.4,192284.85795
2022-02,MIDLANDS,Duloxetine hydrochloride,49298.0,127522.84,120893.50832
2022-02,MIDLANDS,Agomelatine,252.0,6942.82,6509.03883
2022-02,MIDLANDS,Bupropion hydrochloride,499.0,16689.55,15656.88459
2022-02,NORTH EAST AND YORKSHIRE,Flupentixol hydrochloride,656.0,3303.98,3166.0558
2022-02,NORTH EAST AND YORKSHIRE,Flupentixol decanoate,520.0,10008.07,9397.82842
2022-02,NORTH EAST AND YORKSHIRE,Amitriptyline hydrochloride,246754.0,352740.96,338333.92498
2022-02,NORTH EAST AND YORKSHIRE,Clomipramine hydrochloride,3393.0,36802.51,34620.14354
2022-02,NORTH EAST AND YORKSHIRE,Dosulepin hydrochloride,5357.0,44427.43,41798.00595
2022-02,NORTH EAST AND YORKSHIRE,Doxepin,344.0,67951.38,63630.67478
2022-02,NORTH EAST AND YORKSHIRE,Imipramine hydrochloride,1658.0,13131.35,12353.38963
2022-02,NORTH EAST AND YORKSHIRE,Lofepramine hydrochloride,2919.0,40706.61,38340.90069
2022-02,NORTH EAST AND YORKSHIRE,Mianserin hydrochloride,12.0,506.47,474.95605
2022-02,NORTH EAST AND YORKSHIRE,Nortriptyline,10622.0,37032.47,35724.04524
2022-02,NORTH EAST AND YORKSHIRE,Trazodone hydrochloride,36547.0,96709.14,93650.73235
2022-02,NORTH EAST AND YORKSHIRE,Trimipramine maleate,240.0,73774.41,69080.90098
2022-02,NORTH EAST AND YORKSHIRE,Isocarboxazid,6.0,2615.55,2449.25043
2022-02,NORTH EAST AND YORKSHIRE,Moclobemide,107.0,3949.58,3705.99595
2022-02,NORTH EAST AND YORKSHIRE,Phenelzine sulfate,53.0,15389.12,14409.22792
2022-02,NORTH EAST AND YORKSHIRE,Tranylcypromine sulfate,39.0,49442.21,46289.12036
2022-02,NORTH EAST AND YORKSHIRE,Citalopram hydrobromide,190137.0,177470.08,171796.34103
2022-02,NORTH EAST AND YORKSHIRE,Fluoxetine hydrochloride,132167.0,250879.96,244437.60617
2022-02,NORTH EAST AND YORKSHIRE,Fluvoxamine maleate,339.0,6549.17,6160.69524
2022-02,NORTH EAST AND YORKSHIRE,Paroxetine hydrochloride,18049.0,40136.7,38826.5112
2022-02,NORTH EAST AND YORKSHIRE,Sertraline hydrochloride,323418.0,484481.84,464640.21501
2022-02,NORTH EAST AND YORKSHIRE,Escitalopram,17104.0,23236.99,22342.69311
2022-02,NORTH EAST AND YORKSHIRE,Citalopram hydrochloride,778.0,8096.84,7589.60489
2022-02,NORTH EAST AND YORKSHIRE,Vortioxetine,3044.0,56766.6,53348.13894
2022-02,NORTH EAST AND YORKSHIRE,Flupentixol hydrochloride,2079.0,5398.87,5250.39165
2022-02,NORTH EAST AND YORKSHIRE,Tryptophan,22.0,1433.99,1364.5732
2022-02,NORTH EAST AND YORKSHIRE,Reboxetine,441.0,6163.9,5813.52165
2022-02,NORTH EAST AND YORKSHIRE,Venlafaxine,66822.0,333416.92,316764.35594
2022-02,NORTH EAST AND YORKSHIRE,Mirtazapine,187432.0,202282.71,199525.13911
2022-02,NORTH EAST AND YORKSHIRE,Duloxetine hydrochloride,60726.0,128886.02,123640.21301
2022-02,NORTH EAST AND YORKSHIRE,Agomelatine,328.0,5295.99,4984.64438
2022-02,NORTH EAST AND YORKSHIRE,Bupropion hydrochloride,547.0,18922.2,17746.13475
2022-02,NORTH WEST,Flupentixol hydrochloride,356.0,2123.17,2027.09963
2022-02,NORTH WEST,Flupentixol decanoate,450.0,9619.81,9043.59689
2022-02,NORTH WEST,Amitriptyline hydrochloride,158986.0,243920.96,232399.30016
2022-02,NORTH WEST,Clomipramine hydrochloride,2772.0,35839.31,33649.54883
2022-02,NORTH WEST,Dosulepin hydrochloride,4667.0,45450.59,42682.15967
2022-02,NORTH WEST,Doxepin,182.0,40136.35,37579.71688
2022-02,NORTH WEST,Imipramine hydrochloride,956.0,12311.02,11549.83706
2022-02,NORTH WEST,Lofepramine hydrochloride,1235.0,21020.06,19768.53048
2022-02,NORTH WEST,Mianserin hydrochloride,6.0,212.97,199.45677
2022-02,NORTH WEST,Nortriptyline,10645.0,43080.52,41436.97207
2022-02,NORTH WEST,Trazodone hydrochloride,14554.0,61200.78,58526.59745
2022-02,NORTH WEST,Trimipramine maleate,160.0,52082.62,48765.97071
2022-02,NORTH WEST,Isocarboxazid,3.0,2864.65,2682.02048
2022-02,NORTH WEST,Moclobemide,65.0,2617.22,2455.64547
2022-02,NORTH WEST,Phenelzine sulfate,37.0,16133.2,15105.04908
2022-02,NORTH WEST,Tranylcypromine sulfate,16.0,26273.78,24597.98002
2022-02,NORTH WEST,Citalopram hydrobromide,147790.0,145989.0,139898.46894
2022-02,NORTH WEST,Fluoxetine hydrochloride,82233.0,186032.08,180659.97581
2022-02,NORTH WEST,Fluvoxamine maleate,209.0,4626.27,4350.40211
2022-02,NORTH WEST,Paroxetine hydrochloride,15646.0,37430.83,36247.70508
2022-02,NORTH WEST,Sertraline hydrochloride,266447.0,418731.06,399359.60337
2022-02,NORTH WEST,Escitalopram,16770.0,25096.64,23949.92852
2022-02,NORTH WEST,Citalopram hydrochloride,665.0,6484.61,6079.07069
2022-02,NORTH WEST,Vortioxetine,2955.0,64990.53,60996.56616
2022-02,NORTH WEST,Flupentixol hydrochloride,1333.0,3997.31,3869.02099
2022-02,NORTH WEST,Tryptophan,4.0,676.38,633.47607
2022-02,NORTH WEST,Reboxetine,265.0,4440.87,4183.58851
2022-02,NORTH WEST,Venlafaxine,66656.0,402620.76,380938.9334
2022-02,NORTH WEST,Mirtazapine,158708.0,186850.62,182005.72983
2022-02,NORTH WEST,Duloxetine hydrochloride,42407.0,107746.26,102342.87983
2022-02,NORTH WEST,Agomelatine,127.0,2886.34,2708.80215
2022-02,NORTH WEST,Bupropion hydrochloride,767.0,25460.68,23879.86878
2022-02,SOUTH EAST,Flupentixol hydrochloride,262.0,1602.36,1528.45216
2022-02,SOUTH EAST,Flupentixol decanoate,444.0,7583.36,7118.22707
2022-02,SOUTH EAST,Amitriptyline hydrochloride,148893.0,264971.9,251688.12829
2022-02,SOUTH EAST,Clomipramine hydrochloride,2373.0,34682.97,32540.0352
2022-02,SOUTH EAST,Dosulepin hydrochloride,4731.0,45688.15,42900.60546
2022-02,SOUTH EAST,Doxepin,151.0,37589.24,35214.55549
2022-02,SOUTH EAST,Imipramine hydrochloride,1581.0,16376.85,15374.6496
2022-02,SOUTH EAST,Lofepramine hydrochloride,1197.0,19748.74,18565.35456
2022-02,SOUTH EAST,Mianserin hydrochloride,6.0,574.92,538.31409
2022-02,SOUTH EAST,Nortriptyline,9041.0,42917.54,40999.32651
2022-02,SOUTH EAST,Trazodone hydrochloride,13112.0,51737.35,49460.5639
2022-02,SOUTH EAST,Trimipramine maleate,312.0,130273.48,121972.23398
2022-02,SOUTH EAST,Isocarboxazid,13.0,5635.89,5276.97736
2022-02,SOUTH EAST,Moclobemide,108.0,4538.42,4255.95518
2022-02,SOUTH EAST,Phenelzine sulfate,78.0,44927.66,42064.9979
2022-02,SOUTH EAST,Tranylcypromine sulfate,109.0,142918.34,133805.1619
2022-02,SOUTH EAST,Citalopram hydrobromide,156462.0,177095.96,169232.78842
2022-02,SOUTH EAST,Fluoxetine hydrochloride,73377.0,205617.95,196855.96216
2022-02,SOUTH EAST,Fluvoxamine maleate,296.0,7891.34,7407.51382
2022-02,SOUTH EAST,Paroxetine hydrochloride,13127.0,39436.1,37708.40118
2022-02,SOUTH EAST,Sertraline hydrochloride,229462.0,446889.56,424055.16868
2022-02,SOUTH EAST,Escitalopram,26545.0,43916.0,41753.90869
2022-02,SOUTH EAST,Citalopram hydrochloride,962.0,9787.93,9174.99704
2022-02,SOUTH EAST,Vortioxetine,4728.0,120854.25,113351.24804
2022-02,SOUTH EAST,Flupentixol hydrochloride,1155.0,3624.52,3489.24933
2022-02,SOUTH EAST,Oxitriptan,1.0,28.11,46.42896
2022-02,SOUTH EAST,Tryptophan,9.0,1036.0,970.21406
2022-02,SOUTH EAST,Reboxetine,235.0,4515.38,4247.26103
2022-02,SOUTH EAST,Venlafaxine,59315.0,443022.2,417783.88442
2022-02,SOUTH EAST,Mirtazapine,117144.0,159737.04,154315.27627
2022-02,SOUTH EAST,Duloxetine hydrochloride,34366.0,99227.53,94059.19722
2022-02,SOUTH EAST,Agomelatine,603.0,15784.18,14801.18103
2022-02,SOUTH EAST,Bupropion hydrochloride,928.0,33303.67,31231.98288
2022-02,SOUTH WEST,Flupentixol hydrochloride,312.0,1899.98,1811.44249
2022-02,SOUTH WEST,Flupentixol decanoate,412.0,5347.24,5016.15794
2022-02,SOUTH WEST,Amitriptyline hydrochloride,133776.0,224009.3,213010.22762
2022-02,SOUTH WEST,Clomipramine hydrochloride,1683.0,22629.74,21245.12537
2022-02,SOUTH WEST,Dosulepin hydrochloride,3365.0,30955.71,29077.32726
2022-02,SOUTH WEST,Doxepin,188.0,35597.25,33333.30313
2022-02,SOUTH WEST,Imipramine hydrochloride,1097.0,9859.96,9265.03826
2022-02,SOUTH WEST,Lofepramine hydrochloride,1257.0,18575.96,17473.72031
2022-02,SOUTH WEST,Mianserin hydrochloride,6.0,677.28,634.34345
2022-02,SOUTH WEST,Nortriptyline,5361.0,18927.8,18211.85451
2022-02,SOUTH WEST,Trazodone hydrochloride,8144.0,28683.77,27463.15084
2022-02,SOUTH WEST,Trimipramine maleate,141.0,52600.18,49249.1009
2022-02,SOUTH WEST,Isocarboxazid,35.0,7263.99,6803.65142
2022-02,SOUTH WEST,Moclobemide,79.0,2809.25,2635.08584
2022-02,SOUTH WEST,Phenelzine sulfate,32.0,17856.79,16738.14882
2022-02,SOUTH WEST,Tranylcypromine sulfate,50.0,71057.89,66526.61612
2022-02,SOUTH WEST,Citalopram hydrobromide,121258.0,129404.38,123883.21736
2022-02,SOUTH WEST,Fluoxetine hydrochloride,53134.0,122046.8,117231.16795
2022-02,SOUTH WEST,Fluvoxamine maleate,150.0,3407.73,3201.23791
2022-02,SOUTH WEST,Paroxetine hydrochloride,9804.0,28329.32,27071.62462
2022-02,SOUTH WEST,Sertraline hydrochloride,162123.0,287851.81,273623.72224
2022-02,SOUTH WEST,Escitalopram,13369.0,20342.75,19394.73257
2022-02,SOUTH WEST,Citalopram hydrochloride,474.0,4769.38,4470.58302
2022-02,SOUTH WEST,Vortioxetine,1209.0,28954.53,27165.84675
2022-02,SOUTH WEST,Flupentixol hydrochloride,920.0,2858.87,2754.40039
2022-02,SOUTH WEST,Reboxetine,232.0,3753.94,3534.96496
2022-02,SOUTH WEST,Venlafaxine,47491.0,282761.98,266995.34199
2022-02,SOUTH WEST,Mirtazapine,96028.0,120383.62,116853.34741
2022-02,SOUTH WEST,Duloxetine hydrochloride,26664.0,67097.22,63804.23546
2022-02,SOUTH WEST,Agomelatine,209.0,5008.75,4698.59371
2022-02,SOUTH WEST,Bupropion hydrochloride,436.0,16515.56,15482.21496
2022-02,UNIDENTIFIED,Flupentixol hydrochloride,2.0,7.8,7.52715
2022-02,UNIDENTIFIED,Amitriptyline hydrochloride,139.0,177.79,170.07046
2022-02,UNIDENTIFIED,Clomipramine hydrochloride,2.0,19.03,18.04067
2022-02,UNIDENTIFIED,Dosulepin hydrochloride,3.0,32.98,31.00064
2022-02,UNIDENTIFIED,Imipramine hydrochloride,3.0,4.98,4.99947
2022-02,UNIDENTIFIED,Nortriptyline,12.0,18.23,18.20332
2022-02,UNIDENTIFIED,Trazodone hydrochloride,10.0,56.3,53.13201
2022-02,UNIDENTIFIED,Phenelzine sulfate,1.0,113.05,105.84973
2022-02,UNIDENTIFIED,Tranylcypromine sulfate,1.0,4396.41,4115.92829
2022-02,UNIDENTIFIED,Citalopram hydrobromide,142.0,171.42,163.94407
2022-02,UNIDENTIFIED,Fluoxetine hydrochloride,78.0,329.58,315.10738
2022-02,UNIDENTIFIED,Fluvoxamine maleate,1.0,31.92,29.99588
2022-02,UNIDENTIFIED,Paroxetine hydrochloride,6.0,12.93,12.47945
2022-02,UNIDENTIFIED,Sertraline hydrochloride,239.0,556.96,529.96435
2022-02,UNIDENTIFIED,Escitalopram,12.0,18.5,17.56849
2022-02,UNIDENTIFIED,Citalopram hydrochloride,3.0,25.7,24.09752
2022-02,UNIDENTIFIED,Vortioxetine,4.0,83.16,78.10392
2022-02,UNIDENTIFIED,Flupentixol hydrochloride,5.0,9.85,9.78356
2022-02,UNIDENTIFIED,Reboxetine,1.0,17.65,16.63632
2022-02,UNIDENTIFIED,Venlafaxine,77.0,601.83,568.28761
2022-02,UNIDENTIFIED,Mirtazapine,192.0,289.04,279.06743
2022-02,UNIDENTIFIED,Duloxetine hydrochloride,92.0,388.51,365.95117
2022-02,UNIDENTIFIED,Agomelatine,3.0,89.75,84.06109
2022-02,UNIDENTIFIED,Bupropion hydrochloride,1.0,41.76,39.09568
2022-03,EAST OF ENGLAND,Flupentixol hydrochloride,207.0,1542.59,1463.32367
2022-03,EAST OF ENGLAND,Flupentixol decanoate,312.0,5095.69,4774.02384
2022-03,EAST OF ENGLAND,Amitriptyline hydrochloride,171128.0,257993.12,244960.55281
2022-03,EAST OF ENGLAND,Clomipramine hydrochloride,2891.0,32537.8,30529.40515
2022-03,EAST OF ENGLAND,Dosulepin hydrochloride,4587.0,37818.46,35486.75018
2022-03,EAST OF ENGLAND,Doxepin,172.0,33910.89,31716.59531
2022-03,EAST OF ENGLAND,Imipramine hydrochloride,1198.0,10801.55,10129.48308
2022-03,EAST OF ENGLAND,Lofepramine hydrochloride,1301.0,18514.42,17404.22776
2022-03,EAST OF ENGLAND,Mianserin hydrochloride,5.0,243.84,228.09324
2022-03,EAST OF ENGLAND,Nortriptyline,8855.0,35746.07,34218.08824
2022-03,EAST OF ENGLAND,Trazodone hydrochloride,7898.0,32217.83,30752.3729
2022-03,EAST OF ENGLAND,Trimipramine maleate,210.0,75383.5,70503.24003
2022-03,EAST OF ENGLAND,Isocarboxazid,20.0,9145.53,8553.53766
2022-03,EAST OF ENGLAND,Moclobemide,82.0,2797.47,2621.67013
2022-03,EAST OF ENGLAND,Phenelzine sulfate,118.0,65535.1,61296.76956
2022-03,EAST OF ENGLAND,Tranylcypromine sulfate,34.0,32952.0,30816.5978
2022-03,EAST OF ENGLAND,Citalopram hydrobromide,178781.0,170927.86,163420.47749
2022-03,EAST OF ENGLAND,Fluoxetine hydrochloride,74328.0,191988.63,183242.99218
2022-03,EAST OF ENGLAND,Fluvoxamine maleate,231.0,5431.91,5094.37509
2022-03,EAST OF ENGLAND,Paroxetine hydrochloride,14273.0,38363.74,36567.72308
2022-03,EAST OF ENGLAND,Sertraline hydrochloride,214822.0,361516.15,343126.2978
2022-03,EAST OF ENGLAND,Escitalopram,16454.0,24654.92,23423.01324
2022-03,EAST OF ENGLAND,Citalopram hydrochloride,873.0,8589.94,8043.41042
2022-03,EAST OF ENGLAND,Vortioxetine,2769.0,68104.08,63793.40829
2022-03,EAST OF ENGLAND,Flupentixol hydrochloride,1717.0,4903.99,4723.67107
2022-03,EAST OF ENGLAND,Tryptophan,8.0,2495.48,2348.87849
2022-03,EAST OF ENGLAND,Reboxetine,207.0,3889.4,3651.52193
2022-03,EAST OF ENGLAND,Venlafaxine,66188.0,375970.92,354493.16891
2022-03,EAST OF ENGLAND,Mirtazapine,101799.0,125098.08,121022.68348
2022-03,EAST OF ENGLAND,Duloxetine hydrochloride,29424.0,73397.92,69579.26791
2022-03,EAST OF ENGLAND,Agomelatine,174.0,4585.13,4294.18654
2022-03,EAST OF ENGLAND,Bupropion hydrochloride,802.0,28840.94,27006.4851
2022-03,LONDON,Flupentixol hydrochloride,502.0,2796.13,2670.37482
2022-03,LONDON,Flupentixol decanoate,519.0,14703.26,13775.70913
2022-03,LONDON,Amitriptyline hydrochloride,114632.0,159574.65,154339.85751
2022-03,LONDON,Clomipramine hydrochloride,1971.0,26010.38,24418.20154
2022-03,LONDON,Dosulepin hydrochloride,3058.0,26906.36,25319.67304
2022-03,LONDON,Doxepin,191.0,40738.64,38107.61894
2022-03,LONDON,Imipramine hydrochloride,929.0,7196.98,6777.40138
2022-03,LONDON,Lofepramine hydrochloride,1163.0,19187.04,18036.61692
2022-03,LONDON,Mianserin hydrochloride,8.0,330.3,308.98501
2022-03,LONDON,Nortriptyline,7613.0,24624.05,23790.81504
2022-03,LONDON,Trazodone hydrochloride,5493.0,21343.21,20423.78999
2022-03,LONDON,Trimipramine maleate,306.0,128708.56,120377.05185
2022-03,LONDON,Isocarboxazid,24.0,5071.02,4744.35048
2022-03,LONDON,Moclobemide,117.0,3127.24,2933.44385
2022-03,LONDON,Phenelzine sulfate,59.0,48503.64,45362.65755
2022-03,LONDON,Tranylcypromine sulfate,55.0,95236.07,89063.35585
2022-03,LONDON,Citalopram hydrobromide,114543.0,117235.4,114331.53886
2022-03,LONDON,Fluoxetine hydrochloride,50349.0,143121.33,137386.11921
2022-03,LONDON,Fluvoxamine maleate,358.0,9106.11,8543.0771
2022-03,LONDON,Paroxetine hydrochloride,12141.0,31583.43,30447.64735
2022-03,LONDON,Sertraline hydrochloride,177972.0,318340.06,305099.55933
2022-03,LONDON,Escitalopram,16011.0,28948.3,27575.84466
2022-03,LONDON,Citalopram hydrochloride,393.0,4478.42,4192.94532
2022-03,LONDON,Vortioxetine,2441.0,64428.21,60377.6314
2022-03,LONDON,Flupentixol hydrochloride,795.0,2265.09,2192.19606
2022-03,LONDON,Oxitriptan,2.0,78.81,73.82534
2022-03,LONDON,Tryptophan,10.0,831.6,778.50926
2022-03,LONDON,Reboxetine,161.0,2644.78,2487.90866
2022-03,LONDON,Venlafaxine,42615.0,248433.2,235395.47628
2022-03,LONDON,Mirtazapine,108559.0,122547.74,121274.87923
2022-03,LONDON,Duloxetine hydrochloride,23486.0,53105.02,51067.11504
2022-03,LONDON,Agomelatine,393.0,10101.68,9467.83606
2022-03,LONDON,Bupropion hydrochloride,1279.0,50384.71,47195.50065
2022-03,MIDLANDS,Flupentixol hydrochloride,422.0,2933.05,2788.77621
2022-03,MIDLANDS,Flupentixol decanoate,559.0,13654.04,12807.04839
2022-03,MIDLANDS,Amitriptyline hydrochloride,264218.0,408878.56,388092.50084
2022-03,MIDLANDS,Clomipramine hydrochloride,3281.0,45546.75,42695.25735
2022-03,MIDLANDS,Dosulepin hydrochloride,7055.0,67088.89,62910.12287
2022-03,MIDLANDS,Doxepin,247.0,48043.89,44933.81062
2022-03,MIDLANDS,Imipramine hydrochloride,2112.0,22933.85,21491.40039
2022-03,MIDLANDS,Lofepramine hydrochloride,2762.0,46126.96,43324.26339
2022-03,MIDLANDS,Mianserin hydrochloride,19.0,1405.51,1314.61042
2022-03,MIDLANDS,Nortriptyline,11864.0,49724.42,47617.15546
2022-03,MIDLANDS,Trazodone hydrochloride,12313.0,49756.33,47451.99972
2022-03,MIDLANDS,Trimipramine maleate,229.0,91714.94,85775.85735
2022-03,MIDLANDS,Isocarboxazid,20.0,7063.77,6607.04345
2022-03,MIDLANDS,Moclobemide,114.0,4472.21,4190.05486
2022-03,MIDLANDS,Phenelzine sulfate,43.0,23614.29,22087.42406
2022-03,MIDLANDS,Tranylcypromine sulfate,58.0,70424.54,65861.54515
2022-03,MIDLANDS,Citalopram hydrobromide,240431.0,246474.86,235161.2934
2022-03,MIDLANDS,Fluoxetine hydrochloride,121642.0,283208.4,271809.63949
2022-03,MIDLANDS,Fluvoxamine maleate,383.0,8705.72,8171.67025
2022-03,MIDLANDS,Paroxetine hydrochloride,21024.0,57351.14,54901.77952
2022-03,MIDLANDS,Sertraline hydrochloride,360977.0,615908.41,584242.90797
2022-03,MIDLANDS,Escitalopram,24936.0,37310.43,35446.23922
2022-03,MIDLANDS,Citalopram hydrochloride,1227.0,12117.97,11347.18504
2022-03,MIDLANDS,Vortioxetine,4380.0,104876.64,98258.81859
2022-03,MIDLANDS,Flupentixol hydrochloride,2550.0,7572.0,7310.33348
2022-03,MIDLANDS,Oxitriptan,2.0,42.16,79.65146
2022-03,MIDLANDS,Tryptophan,17.0,1463.16,1369.16083
2022-03,MIDLANDS,Reboxetine,300.0,5449.83,5121.20213
2022-03,MIDLANDS,Venlafaxine,86830.0,534654.04,504178.2803
2022-03,MIDLANDS,Mirtazapine,176039.0,227466.28,219154.14325
2022-03,MIDLANDS,Duloxetine hydrochloride,56520.0,146739.13,138966.37631
2022-03,MIDLANDS,Agomelatine,280.0,7813.47,7316.6884
2022-03,MIDLANDS,Bupropion hydrochloride,622.0,20558.54,19265.143
2022-03,NORTH EAST AND YORKSHIRE,Flupentixol hydrochloride,740.0,3442.14,3301.09154
2022-03,NORTH EAST AND YORKSHIRE,Flupentixol decanoate,549.0,10137.99,9510.91037
2022-03,NORTH EAST AND YORKSHIRE,Amitriptyline hydrochloride,278750.0,397063.49,380516.19133
2022-03,NORTH EAST AND YORKSHIRE,Clomipramine hydrochloride,3619.0,41519.79,39001.79654
2022-03,NORTH EAST AND YORKSHIRE,Dosulepin hydrochloride,5951.0,47459.03,44614.21457
2022-03,NORTH EAST AND YORKSHIRE,Doxepin,357.0,69412.69,64926.15472
2022-03,NORTH EAST AND YORKSHIRE,Imipramine hydrochloride,1836.0,14696.62,13807.54999
2022-03,NORTH EAST AND YORKSHIRE,Lofepramine hydrochloride,3250.0,43697.48,41121.2831
2022-03,NORTH EAST AND YORKSHIRE,Mianserin hydrochloride,12.0,318.62,298.68706
2022-03,NORTH EAST AND YORKSHIRE,Nortriptyline,11790.0,38307.02,36994.47888
2022-03,NORTH EAST AND YORKSHIRE,Trazodone hydrochloride,41031.0,118726.16,114521.70411
2022-03,NORTH EAST AND YORKSHIRE,Trimipramine maleate,290.0,102269.36,95653.62426
2022-03,NORTH EAST AND YORKSHIRE,Isocarboxazid,7.0,2989.2,2795.88937
2022-03,NORTH EAST AND YORKSHIRE,Moclobemide,134.0,4573.86,4288.07423
2022-03,NORTH EAST AND YORKSHIRE,Phenelzine sulfate,83.0,49988.97,46755.37503
2022-03,NORTH EAST AND YORKSHIRE,Tranylcypromine sulfate,47.0,56286.9,52639.42303
2022-03,NORTH EAST AND YORKSHIRE,Citalopram hydrobromide,213770.0,199541.87,192966.48624
2022-03,NORTH EAST AND YORKSHIRE,Fluoxetine hydrochloride,148574.0,282958.11,275402.12414
2022-03,NORTH EAST AND YORKSHIRE,Fluvoxamine maleate,386.0,7737.3,7269.73372
2022-03,NORTH EAST AND YORKSHIRE,Paroxetine hydrochloride,20107.0,44481.1,43031.13577
2022-03,NORTH EAST AND YORKSHIRE,Sertraline hydrochloride,365977.0,551435.61,528173.77494
2022-03,NORTH EAST AND YORKSHIRE,Escitalopram,19199.0,25915.0,24903.15372
2022-03,NORTH EAST AND YORKSHIRE,Citalopram hydrochloride,884.0,8709.67,8155.71246
2022-03,NORTH EAST AND YORKSHIRE,Vortioxetine,3601.0,64655.91,60712.79915
2022-03,NORTH EAST AND YORKSHIRE,Flupentixol hydrochloride,2349.0,5997.95,5834.69602
2022-03,NORTH EAST AND YORKSHIRE,Tryptophan,19.0,1054.48,1038.15097
2022-03,NORTH EAST AND YORKSHIRE,Reboxetine,516.0,7061.15,6653.43303
2022-03,NORTH EAST AND YORKSHIRE,Venlafaxine,74693.0,370616.12,351767.98935
2022-03,NORTH EAST AND YORKSHIRE,Mirtazapine,210893.0,230485.07,226932.14123
2022-03,NORTH EAST AND YORKSHIRE,Duloxetine hydrochloride,69466.0,148239.69,142039.04364
2022-03,NORTH EAST AND YORKSHIRE,Agomelatine,376.0,5419.83,5099.99882
2022-03,NORTH EAST AND YORKSHIRE,Bupropion hydrochloride,624.0,22060.57,20665.05363
2022-03,NORTH WEST,Flupentixol hydrochloride,434.0,2590.76,2470.62667
2022-03,NORTH WEST,Flupentixol decanoate,526.0,10351.51,9726.07536
2022-03,NORTH WEST,Amitriptyline hydrochloride,182853.0,281188.8,267557.56318
2022-03,NORTH WEST,Clomipramine hydrochloride,3116.0,41635.26,39043.13339
2022-03,NORTH WEST,Dosulepin hydrochloride,5387.0,51672.28,48473.49274
2022-03,NORTH WEST,Doxepin,204.0,44054.93,41203.87989
2022-03,NORTH WEST,Imipramine hydrochloride,1066.0,12891.45,12083.14744
2022-03,NORTH WEST,Lofepramine hydrochloride,1379.0,22114.21,20782.51675
2022-03,NORTH WEST,Mianserin hydrochloride,5.0,154.68,144.71371
2022-03,NORTH WEST,Nortriptyline,12463.0,50759.42,48760.48857
2022-03,NORTH WEST,Trazodone hydrochloride,16441.0,72523.56,69206.15638
2022-03,NORTH WEST,Trimipramine maleate,164.0,64545.84,60366.27818
2022-03,NORTH WEST,Isocarboxazid,3.0,871.85,815.46295
2022-03,NORTH WEST,Moclobemide,76.0,2793.55,2619.07941
2022-03,NORTH WEST,Phenelzine sulfate,36.0,28363.6,26528.06226
2022-03,NORTH WEST,Tranylcypromine sulfate,22.0,39869.89,37285.48425
2022-03,NORTH WEST,Citalopram hydrobromide,167947.0,166139.89,159004.60277
2022-03,NORTH WEST,Fluoxetine hydrochloride,93990.0,213829.06,207376.22092
2022-03,NORTH WEST,Fluvoxamine maleate,246.0,5240.91,4923.9791
2022-03,NORTH WEST,Paroxetine hydrochloride,17554.0,42706.48,41329.50637
2022-03,NORTH WEST,Sertraline hydrochloride,305940.0,484958.44,461830.2328
2022-03,NORTH WEST,Escitalopram,19114.0,28391.16,27071.10435
2022-03,NORTH WEST,Citalopram hydrochloride,763.0,7518.16,7040.16162
2022-03,NORTH WEST,Vortioxetine,3412.0,74473.74,69821.97766
2022-03,NORTH WEST,Flupentixol hydrochloride,1526.0,4532.62,4385.46891
2022-03,NORTH WEST,Tryptophan,10.0,1680.0,1571.80533
2022-03,NORTH WEST,Reboxetine,291.0,4722.87,4444.22092
2022-03,NORTH WEST,Venlafaxine,76740.0,458922.96,433775.16356
2022-03,NORTH WEST,Mirtazapine,182093.0,216999.6,210988.70895
2022-03,NORTH WEST,Duloxetine hydrochloride,48712.0,124651.67,118237.95967
2022-03,NORTH WEST,Agomelatine,158.0,3446.03,3231.31247
2022-03,NORTH WEST,Bupropion hydrochloride,898.0,30167.78,28261.96187
2022-03,SOUTH EAST,Flupentixol hydrochloride,292.0,1668.84,1592.35337
2022-03,SOUTH EAST,Flupentixol decanoate,484.0,8033.67,7531.96559
2022-03,SOUTH EAST,Amitriptyline hydrochloride,168210.0,300414.34,285014.94176
2022-03,SOUTH EAST,Clomipramine hydrochloride,2752.0,39907.46,37407.29831
2022-03,SOUTH EAST,Dosulepin hydrochloride,5075.0,48200.55,45214.48759
2022-03,SOUTH EAST,Doxepin,193.0,52362.94,48972.31256
2022-03,SOUTH EAST,Imipramine hydrochloride,1757.0,16902.14,15850.70688
2022-03,SOUTH EAST,Lofepramine hydrochloride,1331.0,23074.4,21665.06329
2022-03,SOUTH EAST,Mianserin hydrochloride,8.0,580.02,542.61503
2022-03,SOUTH EAST,Nortriptyline,10270.0,46968.9,44872.47856
2022-03,SOUTH EAST,Trazodone hydrochloride,14360.0,65471.55,62352.69829
2022-03,SOUTH EAST,Trimipramine maleate,342.0,144732.6,135360.33506
2022-03,SOUTH EAST,Isocarboxazid,11.0,4888.59,4572.2867
2022-03,SOUTH EAST,Moclobemide,116.0,5517.24,5166.49497
2022-03,SOUTH EAST,Phenelzine sulfate,105.0,90663.77,84793.26016
2022-03,SOUTH EAST,Tranylcypromine sulfate,131.0,155365.85,145298.68724
2022-03,SOUTH EAST,Citalopram hydrobromide,174937.0,198875.32,189824.65111
2022-03,SOUTH EAST,Fluoxetine hydrochloride,82957.0,229462.31,219444.63118
2022-03,SOUTH EAST,Fluvoxamine maleate,291.0,7454.1,6990.76671
2022-03,SOUTH EAST,Paroxetine hydrochloride,14547.0,42551.44,40700.03454
2022-03,SOUTH EAST,Sertraline hydrochloride,260272.0,510041.88,483294.55519
2022-03,SOUTH EAST,Escitalopram,30035.0,49445.49,46962.40921
2022-03,SOUTH EAST,Citalopram hydrochloride,1034.0,10716.6,10034.2518
2022-03,SOUTH EAST,Vortioxetine,5441.0,139141.53,130359.75859
2022-03,SOUTH EAST,Flupentixol hydrochloride,1288.0,4008.58,3856.45551
2022-03,SOUTH EAST,Oxitriptan,1.0,28.11,26.39996
2022-03,SOUTH EAST,Tryptophan,3.0,652.59,610.30574
2022-03,SOUTH EAST,Reboxetine,258.0,5038.87,4732.88819
2022-03,SOUTH EAST,Venlafaxine,66209.0,497428.81,468554.71781
2022-03,SOUTH EAST,Mirtazapine,130597.0,181705.92,175250.92589
2022-03,SOUTH EAST,Duloxetine hydrochloride,39257.0,113985.67,107938.92439
2022-03,SOUTH EAST,Agomelatine,661.0,16625.38,15574.50297
2022-03,SOUTH EAST,Bupropion hydrochloride,968.0,34586.39,32401.82293
2022-03,SOUTH WEST,Flupentixol hydrochloride,332.0,2204.71,2095.94195
2022-03,SOUTH WEST,Flupentixol decanoate,412.0,5971.19,5593.88866
2022-03,SOUTH WEST,Amitriptyline hydrochloride,152328.0,252876.17,240222.83042
2022-03,SOUTH WEST,Clomipramine hydrochloride,1866.0,26488.05,24835.95345
2022-03,SOUTH WEST,Dosulepin hydrochloride,3625.0,33314.82,31261.41634
2022-03,SOUTH WEST,Doxepin,222.0,44517.25,41640.28851
2022-03,SOUTH WEST,Imipramine hydrochloride,1247.0,8938.15,8396.37962
2022-03,SOUTH WEST,Lofepramine hydrochloride,1330.0,20679.06,19427.83461
2022-03,SOUTH WEST,Mianserin hydrochloride,6.0,576.08,538.90567
2022-03,SOUTH WEST,Nortriptyline,6055.0,20273.81,19514.45787
2022-03,SOUTH WEST,Trazodone hydrochloride,9289.0,34094.25,32578.66304
2022-03,SOUTH WEST,Trimipramine maleate,139.0,52338.94,48950.07493
2022-03,SOUTH WEST,Isocarboxazid,43.0,9621.54,9001.35953
2022-03,SOUTH WEST,Moclobemide,84.0,2864.67,2683.45139
2022-03,SOUTH WEST,Phenelzine sulfate,63.0,39399.27,36909.99738
2022-03,SOUTH WEST,Tranylcypromine sulfate,52.0,83283.77,77886.17943
2022-03,SOUTH WEST,Citalopram hydrobromide,136686.0,146767.42,140304.48948
2022-03,SOUTH WEST,Fluoxetine hydrochloride,60689.0,139534.16,133941.03083
2022-03,SOUTH WEST,Fluvoxamine maleate,178.0,4633.31,4345.46677
2022-03,SOUTH WEST,Paroxetine hydrochloride,10898.0,30742.91,29395.70112
2022-03,SOUTH WEST,Sertraline hydrochloride,183437.0,327081.2,310536.22483
2022-03,SOUTH WEST,Escitalopram,15667.0,24537.29,23352.33115
2022-03,SOUTH WEST,Citalopram hydrochloride,529.0,5366.04,5024.2958
2022-03,SOUTH WEST,Vortioxetine,1377.0,32850.18,30786.90337
2022-03,SOUTH WEST,Flupentixol hydrochloride,1087.0,3289.42,3168.59519
2022-03,SOUTH WEST,Tryptophan,1.0,134.4,125.79891
2022-03,SOUTH WEST,Reboxetine,253.0,4432.83,4167.09039
2022-03,SOUTH WEST,Venlafaxine,53797.0,315509.77,297620.31384
2022-03,SOUTH WEST,Mirtazapine,108811.0,137589.54,133320.19483
2022-03,SOUTH WEST,Duloxetine hydrochloride,29941.0,77398.97,73465.35738
2022-03,SOUTH WEST,Agomelatine,230.0,5644.78,5290.59237
2022-03,SOUTH WEST,Bupropion hydrochloride,562.0,21615.18,20240.7236
2022-03,UNIDENTIFIED,Amitriptyline hydrochloride,159.0,204.58,194.65097
2022-03,UNIDENTIFIED,Clomipramine hydrochloride,2.0,13.23,12.49707
2022-03,UNIDENTIFIED,Dosulepin hydrochloride,1.0,2.18,2.05107
2022-03,UNIDENTIFIED,Lofepramine hydrochloride,1.0,13.77,12.88966
2022-03,UNIDENTIFIED,Nortriptyline,18.0,27.47,27.71227
2022-03,UNIDENTIFIED,Trazodone hydrochloride,11.0,41.99,39.60409
2022-03,UNIDENTIFIED,Trimipramine maleate,1.0,268.77,251.45736
2022-03,UNIDENTIFIED,Tranylcypromine sulfate,1.0,4377.87,4094.05398
2022-03,UNIDENTIFIED,Citalopram hydrobromide,129.0,150.67,143.88888
2022-03,UNIDENTIFIED,Fluoxetine hydrochloride,66.0,459.67,434.97441
2022-03,UNIDENTIFIED,Fluvoxamine maleate,3.0,102.26,95.96743
2022-03,UNIDENTIFIED,Paroxetine hydrochloride,6.0,62.85,59.34967
2022-03,UNIDENTIFIED,Sertraline hydrochloride,234.0,591.92,560.68391
2022-03,UNIDENTIFIED,Escitalopram,17.0,24.58,23.29723
2022-03,UNIDENTIFIED,Vortioxetine,3.0,83.16,77.80572
2022-03,UNIDENTIFIED,Flupentixol hydrochloride,4.0,17.22,16.55318
2022-03,UNIDENTIFIED,Tryptophan,3.0,141.85,132.9907
2022-03,UNIDENTIFIED,Reboxetine,1.0,17.65,16.61811
2022-03,UNIDENTIFIED,Venlafaxine,79.0,583.62,550.86202
2022-03,UNIDENTIFIED,Mirtazapine,212.0,312.05,300.53541
2022-03,UNIDENTIFIED,Duloxetine hydrochloride,94.0,346.29,326.09235
2022-03,UNIDENTIFIED,Agomelatine,3.0,88.05,82.3787
2022-03,UNIDENTIFIED,Bupropion hydrochloride,3.0,239.42,224.035
2022-04,EAST OF ENGLAND,Flupentixol hydrochloride,216.0,1622.97,1539.73637
2022-04,EAST OF ENGLAND,Flupentixol decanoate,321.0,4954.71,4644.71398
2022-04,EAST OF ENGLAND,Amitriptyline hydrochloride,160256.0,240498.77,228495.60509
2022-04,EAST OF ENGLAND,Clomipramine hydrochloride,2859.0,33649.5,31582.16744
2022-04,EAST OF ENGLAND,Dosulepin hydrochloride,4279.0,33097.03,31121.68598
2022-04,EAST OF ENGLAND,Doxepin,178.0,35780.39,33483.65017
2022-04,EAST OF ENGLAND,Imipramine hydrochloride,1119.0,8133.2,7635.4818
2022-04,EAST OF ENGLAND,Lofepramine hydrochloride,1295.0,18292.57,17204.02369
2022-04,EAST OF ENGLAND,Mianserin hydrochloride,7.0,295.78,277.04684
2022-04,EAST OF ENGLAND,Nortriptyline,8171.0,34032.52,32562.90026
2022-04,EAST OF ENGLAND,Trazodone hydrochloride,7348.0,28565.98,27305.80918
2022-04,EAST OF ENGLAND,Trimipramine maleate,204.0,74801.81,69998.65666
2022-04,EAST OF ENGLAND,Isocarboxazid,19.0,7864.44,7359.5328
2022-04,EAST OF ENGLAND,Moclobemide,72.0,2641.73,2476.41069
2022-04,EAST OF ENGLAND,Phenelzine sulfate,99.0,63593.18,59511.23747
2022-04,EAST OF ENGLAND,Tranylcypromine sulfate,41.0,39484.3,36947.15747
2022-04,EAST OF ENGLAND,Citalopram hydrobromide,165994.0,153351.89,146808.30337
2022-04,EAST OF ENGLAND,Fluoxetine hydrochloride,69270.0,179669.59,171381.32962
2022-04,EAST OF ENGLAND,Fluvoxamine maleate,233.0,5287.84,4962.63812
2022-04,EAST OF ENGLAND,Paroxetine hydrochloride,13465.0,35557.13,33928.42439
2022-04,EAST OF ENGLAND,Sertraline hydrochloride,199870.0,291264.52,277247.30713
2022-04,EAST OF ENGLAND,Escitalopram,15225.0,22425.55,21322.63226
2022-04,EAST OF ENGLAND,Citalopram hydrochloride,774.0,7223.76,6768.31826
2022-04,EAST OF ENGLAND,Vortioxetine,2694.0,65246.94,61154.33434
2022-04,EAST OF ENGLAND,Flupentixol hydrochloride,1634.0,4730.18,4561.8951
2022-04,EAST OF ENGLAND,Tryptophan,8.0,1508.68,1411.85206
2022-04,EAST OF ENGLAND,Reboxetine,188.0,3650.81,3429.68042
2022-04,EAST OF ENGLAND,Venlafaxine,62727.0,360075.64,339636.15036
2022-04,EAST OF ENGLAND,Mirtazapine,95764.0,114517.75,110973.61868
2022-04,EAST OF ENGLAND,Duloxetine hydrochloride,27823.0,69959.21,66357.92527
2022-04,EAST OF ENGLAND,Agomelatine,167.0,3954.05,3706.8474
2022-04,EAST OF ENGLAND,Bupropion hydrochloride,704.0,24834.15,23271.58934
2022-04,LONDON,Flupentixol hydrochloride,495.0,2580.46,2469.16314
2022-04,LONDON,Flupentixol decanoate,524.0,14187.22,13303.21645
2022-04,LONDON,Amitriptyline hydrochloride,106715.0,147455.75,142782.05647
2022-04,LONDON,Clomipramine hydrochloride,1767.0,25166.98,23629.44279
2022-04,LONDON,Dosulepin hydrochloride,2906.0,25282.3,23803.571
2022-04,LONDON,Doxepin,187.0,33324.71,31192.60366
2022-04,LONDON,Imipramine hydrochloride,881.0,5124.34,4840.6473
2022-04,LONDON,Lofepramine hydrochloride,1179.0,15809.46,14887.46217
2022-04,LONDON,Mianserin hydrochloride,8.0,507.28,475.05888
2022-04,LONDON,Nortriptyline,7286.0,25580.39,24666.49261
2022-04,LONDON,Trazodone hydrochloride,5210.0,19489.09,18675.26204
2022-04,LONDON,Trimipramine maleate,258.0,108335.19,101379.0611
2022-04,LONDON,Isocarboxazid,15.0,3950.05,3697.33045
2022-04,LONDON,Moclobemide,98.0,3348.26,3139.86739
2022-04,LONDON,Phenelzine sulfate,50.0,41583.02,38912.86936
2022-04,LONDON,Tranylcypromine sulfate,51.0,78933.75,73859.79599
2022-04,LONDON,Citalopram hydrobromide,106159.0,104194.96,101875.3119
2022-04,LONDON,Fluoxetine hydrochloride,47982.0,134874.85,129577.69482
2022-04,LONDON,Fluvoxamine maleate,315.0,8120.4,7623.72854
2022-04,LONDON,Paroxetine hydrochloride,11406.0,29701.96,28656.12726
2022-04,LONDON,Sertraline hydrochloride,166962.0,259050.47,249440.57828
2022-04,LONDON,Escitalopram,15090.0,27468.54,26189.3927
2022-04,LONDON,Citalopram hydrochloride,400.0,4366.38,4090.56329
2022-04,LONDON,Vortioxetine,2305.0,62434.35,58534.52598
2022-04,LONDON,Flupentixol hydrochloride,785.0,2209.62,2140.06559
2022-04,LONDON,Oxitriptan,1.0,22.59,21.14976
2022-04,LONDON,Tryptophan,8.0,1188.8,1113.05414
2022-04,LONDON,Reboxetine,157.0,2667.49,2509.60543
2022-04,LONDON,Venlafaxine,40569.0,232645.78,220639.88821
2022-04,LONDON,Mirtazapine,102832.0,114113.92,113140.71118
2022-04,LONDON,Duloxetine hydrochloride,22355.0,49704.93,47875.68401
2022-04,LONDON,Agomelatine,358.0,8950.41,8393.69879
2022-04,LONDON,Bupropion hydrochloride,1210.0,45897.6,43017.58734
2022-04,MIDLANDS,Flupentixol hydrochloride,406.0,3037.67,2886.44412
2022-04,MIDLANDS,Flupentixol decanoate,498.0,11047.02,10370.78745
2022-04,MIDLANDS,Amitriptyline hydrochloride,244866.0,380267.22,361105.71353
2022-04,MIDLANDS,Clomipramine hydrochloride,3187.0,46466.41,43576.97937
2022-04,MIDLANDS,Dosulepin hydrochloride,6450.0,57267.32,53738.86543
2022-04,MIDLANDS,Doxepin,247.0,51497.07,48191.35981
2022-04,MIDLANDS,Imipramine hydrochloride,1988.0,19098.73,17913.58018
2022-04,MIDLANDS,Lofepramine hydrochloride,2546.0,42616.97,40048.67544
2022-04,MIDLANDS,Mianserin hydrochloride,13.0,846.02,791.77843
2022-04,MIDLANDS,Nortriptyline,11162.0,45536.9,43664.90231
2022-04,MIDLANDS,Trazodone hydrochloride,11493.0,43233.95,41318.27251
2022-04,MIDLANDS,Trimipramine maleate,231.0,93595.8,87584.2338
2022-04,MIDLANDS,Isocarboxazid,27.0,7553.08,7069.30622
2022-04,MIDLANDS,Moclobemide,113.0,4033.9,3782.792
2022-04,MIDLANDS,Phenelzine sulfate,46.0,26987.66,25256.48066
2022-04,MIDLANDS,Tranylcypromine sulfate,44.0,51561.01,48248.03163
2022-04,MIDLANDS,Citalopram hydrobromide,222279.0,219206.13,209464.72027
2022-04,MIDLANDS,Fluoxetine hydrochloride,112504.0,263702.72,253172.4242
2022-04,MIDLANDS,Fluvoxamine maleate,396.0,8256.59,7757.05522
2022-04,MIDLANDS,Paroxetine hydrochloride,19641.0,52906.82,50691.08941
2022-04,MIDLANDS,Sertraline hydrochloride,334108.0,492044.2,468046.43763
2022-04,MIDLANDS,Escitalopram,23236.0,35202.84,33456.89166
2022-04,MIDLANDS,Citalopram hydrochloride,1160.0,10996.75,10303.48805
2022-04,MIDLANDS,Vortioxetine,4137.0,99186.12,92978.82632
2022-04,MIDLANDS,Flupentixol hydrochloride,2380.0,6954.65,6724.24738
2022-04,MIDLANDS,Tryptophan,4.0,588.43,550.82857
2022-04,MIDLANDS,Reboxetine,279.0,5052.15,4748.90011
2022-04,MIDLANDS,Venlafaxine,81471.0,498299.0,470160.72095
2022-04,MIDLANDS,Mirtazapine,163690.0,206007.51,198773.00408
2022-04,MIDLANDS,Duloxetine hydrochloride,52813.0,135967.7,128833.08704
2022-04,MIDLANDS,Agomelatine,247.0,6289.04,5893.46623
2022-04,MIDLANDS,Bupropion hydrochloride,579.0,19313.48,18110.13284
2022-04,NORTH EAST AND YORKSHIRE,Flupentixol hydrochloride,692.0,3270.07,3136.80907
2022-04,NORTH EAST AND YORKSHIRE,Flupentixol decanoate,524.0,9831.51,9226.98206
2022-04,NORTH EAST AND YORKSHIRE,Amitriptyline hydrochloride,261353.0,369498.25,354338.8185
2022-04,NORTH EAST AND YORKSHIRE,Clomipramine hydrochloride,3462.0,41314.8,38822.04253
2022-04,NORTH EAST AND YORKSHIRE,Dosulepin hydrochloride,5585.0,43271.29,40699.04877
2022-04,NORTH EAST AND YORKSHIRE,Doxepin,362.0,62286.73,58297.45967
2022-04,NORTH EAST AND YORKSHIRE,Imipramine hydrochloride,1741.0,10675.47,10051.97445
2022-04,NORTH EAST AND YORKSHIRE,Lofepramine hydrochloride,3054.0,43229.6,40690.12431
2022-04,NORTH EAST AND YORKSHIRE,Mianserin hydrochloride,19.0,721.71,676.69929
2022-04,NORTH EAST AND YORKSHIRE,Nortriptyline,11286.0,40494.23,39014.5421
2022-04,NORTH EAST AND YORKSHIRE,Trazodone hydrochloride,38596.0,104972.67,101512.89255
2022-04,NORTH EAST AND YORKSHIRE,Trimipramine maleate,239.0,77526.28,72553.22649
2022-04,NORTH EAST AND YORKSHIRE,Isocarboxazid,8.0,3113.75,2914.10903
2022-04,NORTH EAST AND YORKSHIRE,Moclobemide,114.0,4044.85,3794.32471
2022-04,NORTH EAST AND YORKSHIRE,Phenelzine sulfate,117.0,40533.44,37939.00037
2022-04,NORTH EAST AND YORKSHIRE,Tranylcypromine sulfate,41.0,53237.62,49815.79106
2022-04,NORTH EAST AND YORKSHIRE,Citalopram hydrobromide,199046.0,178628.58,173101.60305
2022-04,NORTH EAST AND YORKSHIRE,Fluoxetine hydrochloride,139416.0,266861.76,259820.73522
2022-04,NORTH EAST AND YORKSHIRE,Fluvoxamine maleate,353.0,6778.43,6373.62499
2022-04,NORTH EAST AND YORKSHIRE,Paroxetine hydrochloride,19103.0,43165.67,41755.12266
2022-04,NORTH EAST AND YORKSHIRE,Sertraline hydrochloride,340821.0,441041.71,424357.73281
2022-04,NORTH EAST AND YORKSHIRE,Escitalopram,18169.0,25472.71,24468.2406
2022-04,NORTH EAST AND YORKSHIRE,Citalopram hydrochloride,806.0,7748.36,7259.84176
2022-04,NORTH EAST AND YORKSHIRE,Vortioxetine,3473.0,63162.99,59339.55231
2022-04,NORTH EAST AND YORKSHIRE,Flupentixol hydrochloride,2201.0,5552.18,5406.94806
2022-04,NORTH EAST AND YORKSHIRE,Tryptophan,11.0,886.22,830.15616
2022-04,NORTH EAST AND YORKSHIRE,Reboxetine,479.0,6327.12,5966.67475
2022-04,NORTH EAST AND YORKSHIRE,Venlafaxine,70852.0,349606.53,332051.78304
2022-04,NORTH EAST AND YORKSHIRE,Mirtazapine,197180.0,211139.44,208261.472
2022-04,NORTH EAST AND YORKSHIRE,Duloxetine hydrochloride,66249.0,139896.41,134163.41711
2022-04,NORTH EAST AND YORKSHIRE,Agomelatine,350.0,4860.99,4577.23484
2022-04,NORTH EAST AND YORKSHIRE,Bupropion hydrochloride,544.0,19303.68,18093.07882
2022-04,NORTH WEST,Flupentixol hydrochloride,409.0,2374.65,2267.5089
2022-04,NORTH WEST,Flupentixol decanoate,526.0,11017.76,10348.74228
2022-04,NORTH WEST,Amitriptyline hydrochloride,169543.0,259080.32,246704.944
2022-04,NORTH WEST,Clomipramine hydrochloride,2873.0,40756.72,38227.73805
2022-04,NORTH WEST,Dosulepin hydrochloride,5012.0,45307.13,42530.18639
2022-04,NORTH WEST,Doxepin,185.0,41987.54,39291.57632
2022-04,NORTH WEST,Imipramine hydrochloride,1011.0,9297.44,8727.60015
2022-04,NORTH WEST,Lofepramine hydrochloride,1319.0,21399.22,20118.53938
2022-04,NORTH WEST,Mianserin hydrochloride,3.0,110.47,103.4035
2022-04,NORTH WEST,Nortriptyline,11621.0,49492.14,47513.25122
2022-04,NORTH WEST,Trazodone hydrochloride,15374.0,62898.42,60148.10426
2022-04,NORTH WEST,Trimipramine maleate,155.0,58601.46,54837.9015
2022-04,NORTH WEST,Isocarboxazid,3.0,2740.1,2563.93675
2022-04,NORTH WEST,Moclobemide,68.0,2357.19,2211.75547
2022-04,NORTH WEST,Phenelzine sulfate,42.0,25610.45,23967.8065
2022-04,NORTH WEST,Tranylcypromine sulfate,17.0,26792.89,25070.38803
2022-04,NORTH WEST,Citalopram hydrobromide,155930.0,148490.36,142325.79768
2022-04,NORTH WEST,Fluoxetine hydrochloride,87662.0,200261.71,194232.51089
2022-04,NORTH WEST,Fluvoxamine maleate,248.0,4858.0,4568.98434
2022-04,NORTH WEST,Paroxetine hydrochloride,16591.0,41185.62,39854.8185
2022-04,NORTH WEST,Sertraline hydrochloride,283919.0,386994.56,369846.21148
2022-04,NORTH WEST,Escitalopram,18120.0,27318.52,26047.69539
2022-04,NORTH WEST,Citalopram hydrochloride,710.0,6701.16,6279.02626
2022-04,NORTH WEST,Vortioxetine,3251.0,71619.57,67180.35316
2022-04,NORTH WEST,Flupentixol hydrochloride,1452.0,4332.78,4192.26864
2022-04,NORTH WEST,Tryptophan,4.0,938.0,877.93208
2022-04,NORTH WEST,Reboxetine,256.0,4183.72,3939.52573
2022-04,NORTH WEST,Venlafaxine,71694.0,432582.01,409069.18247
2022-04,NORTH WEST,Mirtazapine,168910.0,195815.75,190733.52775
2022-04,NORTH WEST,Duloxetine hydrochloride,45924.0,115988.05,110098.29446
2022-04,NORTH WEST,Agomelatine,152.0,3107.24,2916.16619
2022-04,NORTH WEST,Bupropion hydrochloride,778.0,25775.93,24163.68523
2022-04,SOUTH EAST,Flupentixol hydrochloride,263.0,1634.11,1557.77843
2022-04,SOUTH EAST,Flupentixol decanoate,394.0,5973.26,5607.42093
2022-04,SOUTH EAST,Amitriptyline hydrochloride,156368.0,273800.95,260005.22393
2022-04,SOUTH EAST,Clomipramine hydrochloride,2554.0,39002.22,36576.38739
2022-04,SOUTH EAST,Dosulepin hydrochloride,4893.0,44933.1,42177.90697
2022-04,SOUTH EAST,Doxepin,165.0,38439.0,35970.61313
2022-04,SOUTH EAST,Imipramine hydrochloride,1610.0,13854.84,13006.30153
2022-04,SOUTH EAST,Lofepramine hydrochloride,1290.0,21309.56,20024.39011
2022-04,SOUTH EAST,Mianserin hydrochloride,8.0,765.75,716.70812
2022-04,SOUTH EAST,Nortriptyline,9682.0,48122.91,45908.95168
2022-04,SOUTH EAST,Trazodone hydrochloride,13583.0,56610.6,54037.3552
2022-04,SOUTH EAST,Trimipramine maleate,343.0,148969.87,139401.93333
2022-04,SOUTH EAST,Isocarboxazid,11.0,4888.59,4574.86861
2022-04,SOUTH EAST,Moclobemide,114.0,5048.01,4730.85234
2022-04,SOUTH EAST,Phenelzine sulfate,90.0,80338.75,75179.09472
2022-04,SOUTH EAST,Tranylcypromine sulfate,128.0,146847.52,137411.43018
2022-04,SOUTH EAST,Citalopram hydrobromide,162656.0,177909.82,170070.63529
2022-04,SOUTH EAST,Fluoxetine hydrochloride,76810.0,213353.81,204143.63179
2022-04,SOUTH EAST,Fluvoxamine maleate,304.0,7383.73,6930.50717
2022-04,SOUTH EAST,Paroxetine hydrochloride,13819.0,41414.26,39618.75679
2022-04,SOUTH EAST,Sertraline hydrochloride,241980.0,410604.41,390188.64465
2022-04,SOUTH EAST,Escitalopram,28037.0,46025.07,43740.04218
2022-04,SOUTH EAST,Citalopram hydrochloride,1062.0,10628.58,9957.92612
2022-04,SOUTH EAST,Vortioxetine,5234.0,132420.42,124141.35089
2022-04,SOUTH EAST,Flupentixol hydrochloride,1229.0,3738.51,3600.91261
2022-04,SOUTH EAST,Oxitriptan,1.0,28.11,26.4148
2022-04,SOUTH EAST,Tryptophan,4.0,401.0,375.46355
2022-04,SOUTH EAST,Reboxetine,246.0,4742.0,4457.13288
2022-04,SOUTH EAST,Venlafaxine,63109.0,471869.04,444768.66164
2022-04,SOUTH EAST,Mirtazapine,123220.0,166904.76,161221.26778
2022-04,SOUTH EAST,Duloxetine hydrochloride,37109.0,106767.65,101182.75559
2022-04,SOUTH EAST,Agomelatine,631.0,15431.35,14465.68765
2022-04,SOUTH EAST,Bupropion hydrochloride,852.0,30170.24,28278.95502
2022-04,SOUTH WEST,Flupentixol hydrochloride,348.0,2226.44,2119.10024
2022-04,SOUTH WEST,Flupentixol decanoate,399.0,4952.96,4643.47742
2022-04,SOUTH WEST,Amitriptyline hydrochloride,142695.0,237610.41,225817.43554
2022-04,SOUTH WEST,Clomipramine hydrochloride,1833.0,26646.57,24999.02146
2022-04,SOUTH WEST,Dosulepin hydrochloride,3502.0,31096.27,29201.28107
2022-04,SOUTH WEST,Doxepin,202.0,36149.0,33832.92976
2022-04,SOUTH WEST,Imipramine hydrochloride,1144.0,8507.41,7997.03107
2022-04,SOUTH WEST,Lofepramine hydrochloride,1269.0,19512.62,18341.80437
2022-04,SOUTH WEST,Mianserin hydrochloride,5.0,787.13,736.87609
2022-04,SOUTH WEST,Nortriptyline,5687.0,20550.37,19751.67198
2022-04,SOUTH WEST,Trazodone hydrochloride,8756.0,31539.51,30172.74498
2022-04,SOUTH WEST,Trimipramine maleate,125.0,51960.11,48622.32412
2022-04,SOUTH WEST,Isocarboxazid,45.0,11347.44,10621.35821
2022-04,SOUTH WEST,Moclobemide,88.0,2552.1,2393.9055
2022-04,SOUTH WEST,Phenelzine sulfate,58.0,39247.59,36728.7426
2022-04,SOUTH WEST,Tranylcypromine sulfate,52.0,79073.03,73990.69482
2022-04,SOUTH WEST,Citalopram hydrobromide,127718.0,132009.59,126404.60145
2022-04,SOUTH WEST,Fluoxetine hydrochloride,56051.0,130070.92,124837.16139
2022-04,SOUTH WEST,Fluvoxamine maleate,162.0,4043.82,3794.85691
2022-04,SOUTH WEST,Paroxetine hydrochloride,10385.0,29906.23,28598.80478
2022-04,SOUTH WEST,Sertraline hydrochloride,170906.0,264917.08,252215.95331
2022-04,SOUTH WEST,Escitalopram,14571.0,22627.88,21547.74954
2022-04,SOUTH WEST,Citalopram hydrochloride,561.0,5318.02,4982.63309
2022-04,SOUTH WEST,Vortioxetine,1324.0,33587.73,31486.91854
2022-04,SOUTH WEST,Flupentixol hydrochloride,944.0,3001.75,2886.38721
2022-04,SOUTH WEST,Reboxetine,235.0,3894.82,3664.78237
2022-04,SOUTH WEST,Venlafaxine,51407.0,300632.86,283776.79074
2022-04,SOUTH WEST,Mirtazapine,101612.0,124716.1,121049.34359
2022-04,SOUTH WEST,Duloxetine hydrochloride,28882.0,73353.67,69684.62328
2022-04,SOUTH WEST,Agomelatine,226.0,5296.83,4966.3867
2022-04,SOUTH WEST,Bupropion hydrochloride,470.0,17923.58,16793.22258
2022-04,UNIDENTIFIED,Amitriptyline hydrochloride,144.0,192.58,183.95704
2022-04,UNIDENTIFIED,Clomipramine hydrochloride,1.0,2.66,2.50135
2022-04,UNIDENTIFIED,Dosulepin hydrochloride,1.0,2.08,1.95865
2022-04,UNIDENTIFIED,Imipramine hydrochloride,2.0,21.08,19.84926
2022-04,UNIDENTIFIED,Nortriptyline,6.0,9.93,9.96586
2022-04,UNIDENTIFIED,Trazodone hydrochloride,16.0,123.75,116.59073
2022-04,UNIDENTIFIED,Trimipramine maleate,1.0,268.77,251.59931
2022-04,UNIDENTIFIED,Citalopram hydrobromide,144.0,162.07,154.43379
2022-04,UNIDENTIFIED,Fluoxetine hydrochloride,57.0,399.76,378.34808
2022-04,UNIDENTIFIED,Paroxetine hydrochloride,7.0,118.65,111.40708
2022-04,UNIDENTIFIED,Sertraline hydrochloride,243.0,534.55,507.9769
2022-04,UNIDENTIFIED,Escitalopram,15.0,15.64,15.22028
2022-04,UNIDENTIFIED,Citalopram hydrochloride,1.0,9.38,8.77682
2022-04,UNIDENTIFIED,Vortioxetine,6.0,194.04,181.83677
2022-04,UNIDENTIFIED,Flupentixol hydrochloride,3.0,5.67,5.6426
2022-04,UNIDENTIFIED,Venlafaxine,89.0,544.29,515.69338
2022-04,UNIDENTIFIED,Mirtazapine,201.0,285.77,275.86133
2022-04,UNIDENTIFIED,Duloxetine hydrochloride,103.0,439.17,413.90665
2022-04,UNIDENTIFIED,Agomelatine,3.0,103.32,96.71327
2022-04,UNIDENTIFIED,Bupropion hydrochloride,3.0,127.37,119.31675
2022-05,EAST OF ENGLAND,Flupentixol hydrochloride,213.0,1574.56,1494.10794
2022-05,EAST OF ENGLAND,Flupentixol decanoate,326.0,4127.72,3871.13657
2022-05,EAST OF ENGLAND,Amitriptyline hydrochloride,167453.0,252278.77,239612.76853
2022-05,EAST OF ENGLAND,Clomipramine hydrochloride,2872.0,34415.23,32292.18297
2022-05,EAST OF ENGLAND,Dosulepin hydrochloride,4414.0,33723.66,31664.94615
2022-05,EAST OF ENGLAND,Doxepin,184.0,36937.14,34559.163
2022-05,EAST OF ENGLAND,Imipramine hydrochloride,1205.0,8824.04,8282.60959
2022-05,EAST OF ENGLAND,Lofepramine hydrochloride,1282.0,17563.71,16517.96398
2022-05,EAST OF ENGLAND,Mianserin hydrochloride,6.0,316.33,296.00143
2022-05,EAST OF ENGLAND,Nortriptyline,8622.0,34700.62,33235.66937
2022-05,EAST OF ENGLAND,Trazodone hydrochloride,7674.0,28664.29,27418.70898
2022-05,EAST OF ENGLAND,Trimipramine maleate,178.0,68047.78,63664.19704
2022-05,EAST OF ENGLAND,Isocarboxazid,21.0,9634.83,9014.24059
2022-05,EAST OF ENGLAND,Moclobemide,67.0,2844.02,2665.17697
2022-05,EAST OF ENGLAND,Phenelzine sulfate,81.0,51619.95,48296.77915
2022-05,EAST OF ENGLAND,Tranylcypromine sulfate,31.0,32016.99,29952.87164
2022-05,EAST OF ENGLAND,Citalopram hydrobromide,173881.0,160691.02,153788.57454
2022-05,EAST OF ENGLAND,Fluoxetine hydrochloride,72561.0,195266.27,186144.27147
2022-05,EAST OF ENGLAND,Fluvoxamine maleate,230.0,5378.99,5046.30562
2022-05,EAST OF ENGLAND,Paroxetine hydrochloride,13951.0,37458.33,35716.03094
2022-05,EAST OF ENGLAND,Sertraline hydrochloride,211455.0,311405.3,296267.32289
2022-05,EAST OF ENGLAND,Escitalopram,16367.0,24399.83,23184.08917
2022-05,EAST OF ENGLAND,Citalopram hydrochloride,794.0,7450.89,6979.75046
2022-05,EAST OF ENGLAND,Vortioxetine,2857.0,70580.07,66139.75181
2022-05,EAST OF ENGLAND,Flupentixol hydrochloride,1634.0,4665.22,4499.2693
2022-05,EAST OF ENGLAND,Tryptophan,11.0,2097.62,1962.56191
2022-05,EAST OF ENGLAND,Reboxetine,189.0,3638.87,3417.84945
2022-05,EAST OF ENGLAND,Venlafaxine,64935.0,381019.15,359218.68881
2022-05,EAST OF ENGLAND,Mirtazapine,99638.0,120685.06,116795.657
2022-05,EAST OF ENGLAND,Duloxetine hydrochloride,29274.0,74526.95,70640.57711
2022-05,EAST OF ENGLAND,Agomelatine,161.0,3989.73,3737.83123
2022-05,EAST OF ENGLAND,Bupropion hydrochloride,810.0,28664.24,26854.21225
2022-05,LONDON,Flupentixol hydrochloride,525.0,2672.82,2558.83567
2022-05,LONDON,Flupentixol decanoate,507.0,13945.13,13070.38321
2022-05,LONDON,Amitriptyline hydrochloride,110858.0,155366.94,150347.34906
2022-05,LONDON,Clomipramine hydrochloride,1829.0,26456.21,24834.08889
2022-05,LONDON,Dosulepin hydrochloride,3015.0,24803.2,23364.70147
2022-05,LONDON,Doxepin,191.0,39696.0,37145.81394
2022-05,LONDON,Imipramine hydrochloride,934.0,5190.61,4907.10173
2022-05,LONDON,Lofepramine hydrochloride,1130.0,15930.71,14995.70597
2022-05,LONDON,Mianserin hydrochloride,9.0,555.59,519.86659
2022-05,LONDON,Nortriptyline,7434.0,25781.66,24861.95074
2022-05,LONDON,Trazodone hydrochloride,5357.0,19344.71,18550.92274
2022-05,LONDON,Trimipramine maleate,313.0,133195.25,124617.56362
2022-05,LONDON,Isocarboxazid,19.0,3202.77,2997.92998
2022-05,LONDON,Moclobemide,104.0,3332.46,3124.50904
2022-05,LONDON,Phenelzine sulfate,48.0,49805.09,46595.10394
2022-05,LONDON,Tranylcypromine sulfate,44.0,76572.89,71634.85659
2022-05,LONDON,Citalopram hydrobromide,109962.0,108657.03,106170.65649
2022-05,LONDON,Fluoxetine hydrochloride,49176.0,141065.53,135451.5119
2022-05,LONDON,Fluvoxamine maleate,324.0,8212.99,7707.37784
2022-05,LONDON,Paroxetine hydrochloride,11709.0,30143.68,29088.93051
2022-05,LONDON,Sertraline hydrochloride,174660.0,271645.01,261446.71767
2022-05,LONDON,Escitalopram,15782.0,29584.57,28188.58792
2022-05,LONDON,Citalopram hydrochloride,389.0,4475.04,4191.22763
2022-05,LONDON,Vortioxetine,2484.0,65406.33,61317.78587
2022-05,LONDON,Flupentixol hydrochloride,826.0,2172.19,2108.42792
2022-05,LONDON,Oxitriptan,3.0,101.4,94.997
2022-05,LONDON,Tryptophan,12.0,814.98,763.66336
2022-05,LONDON,Reboxetine,158.0,2878.98,2706.34774
2022-05,LONDON,Venlafaxine,41608.0,247362.76,234411.73059
2022-05,LONDON,Mirtazapine,105659.0,117109.03,116106.96352
2022-05,LONDON,Duloxetine hydrochloride,23645.0,52492.52,50550.49963
2022-05,LONDON,Agomelatine,397.0,10356.44,9709.28186
2022-05,LONDON,Bupropion hydrochloride,1340.0,52866.64,49534.80824
2022-05,MIDLANDS,Flupentixol hydrochloride,451.0,3202.0,3044.94156
2022-05,MIDLANDS,Flupentixol decanoate,528.0,12806.37,12013.27201
2022-05,MIDLANDS,Amitriptyline hydrochloride,256774.0,396931.23,376909.12699
2022-05,MIDLANDS,Clomipramine hydrochloride,3367.0,48704.5,45666.71602
2022-05,MIDLANDS,Dosulepin hydrochloride,6718.0,60322.3,56594.82797
2022-05,MIDLANDS,Doxepin,256.0,47078.64,44046.90218
2022-05,MIDLANDS,Imipramine hydrochloride,2074.0,17801.41,16697.59571
2022-05,MIDLANDS,Lofepramine hydrochloride,2753.0,43700.13,41067.6552
2022-05,MIDLANDS,Mianserin hydrochloride,16.0,1137.79,1064.68962
2022-05,MIDLANDS,Nortriptyline,11707.0,48694.0,46660.22407
2022-05,MIDLANDS,Trazodone hydrochloride,12104.0,44853.01,42864.37938
2022-05,MIDLANDS,Trimipramine maleate,213.0,86317.13,80756.61285
2022-05,MIDLANDS,Isocarboxazid,30.0,9176.68,8586.95243
2022-05,MIDLANDS,Moclobemide,119.0,5073.61,4754.73092
2022-05,MIDLANDS,Phenelzine sulfate,51.0,37179.64,34786.69595
2022-05,MIDLANDS,Tranylcypromine sulfate,58.0,65872.89,61626.94528
2022-05,MIDLANDS,Citalopram hydrobromide,233549.0,231602.34,221206.14186
2022-05,MIDLANDS,Fluoxetine hydrochloride,118389.0,279947.74,268608.77972
2022-05,MIDLANDS,Fluvoxamine maleate,409.0,8807.68,8272.44176
2022-05,MIDLANDS,Paroxetine hydrochloride,20435.0,55419.13,53073.51938
2022-05,MIDLANDS,Sertraline hydrochloride,354952.0,527876.75,501924.10978
2022-05,MIDLANDS,Escitalopram,24496.0,36958.34,35114.33695
2022-05,MIDLANDS,Citalopram hydrochloride,1242.0,11708.12,10967.89868
2022-05,MIDLANDS,Vortioxetine,4316.0,103254.03,96772.1
2022-05,MIDLANDS,Flupentixol hydrochloride,2393.0,7148.65,6904.36687
2022-05,MIDLANDS,Oxitriptan,1.0,10.54,39.97258
2022-05,MIDLANDS,Tryptophan,8.0,1121.94,1049.96273
2022-05,MIDLANDS,Reboxetine,300.0,5444.75,5117.60431
2022-05,MIDLANDS,Venlafaxine,85957.0,549088.04,517830.60105
2022-05,MIDLANDS,Mirtazapine,172114.0,218995.49,211153.48283
2022-05,MIDLANDS,Duloxetine hydrochloride,55535.0,145770.16,138041.56402
2022-05,MIDLANDS,Agomelatine,275.0,7314.42,6852.93257
2022-05,MIDLANDS,Bupropion hydrochloride,638.0,20626.77,19340.45271
2022-05,NORTH EAST AND YORKSHIRE,Flupentixol hydrochloride,781.0,3689.53,3538.16876
2022-05,NORTH EAST AND YORKSHIRE,Flupentixol decanoate,523.0,9499.59,8915.59263
2022-05,NORTH EAST AND YORKSHIRE,Amitriptyline hydrochloride,270475.0,384923.32,369018.77741
2022-05,NORTH EAST AND YORKSHIRE,Clomipramine hydrochloride,3532.0,42756.59,40166.88945
2022-05,NORTH EAST AND YORKSHIRE,Dosulepin hydrochloride,5639.0,43072.5,40508.36276
2022-05,NORTH EAST AND YORKSHIRE,Doxepin,365.0,73119.75,68416.57234
2022-05,NORTH EAST AND YORKSHIRE,Imipramine hydrochloride,1799.0,13159.35,12377.51027
2022-05,NORTH EAST AND YORKSHIRE,Lofepramine hydrochloride,3141.0,41413.43,38986.65798
2022-05,NORTH EAST AND YORKSHIRE,Mianserin hydrochloride,21.0,706.48,662.12353
2022-05,NORTH EAST AND YORKSHIRE,Nortriptyline,11838.0,36568.67,35391.61418
2022-05,NORTH EAST AND YORKSHIRE,Trazodone hydrochloride,39640.0,109896.99,106172.60396
2022-05,NORTH EAST AND YORKSHIRE,Trimipramine maleate,237.0,77502.07,72515.56153
2022-05,NORTH EAST AND YORKSHIRE,Isocarboxazid,6.0,1877.15,1756.65
2022-05,NORTH EAST AND YORKSHIRE,Moclobemide,128.0,4952.12,4642.57532
2022-05,NORTH EAST AND YORKSHIRE,Phenelzine sulfate,63.0,36984.85,34605.33092
2022-05,NORTH EAST AND YORKSHIRE,Tranylcypromine sulfate,34.0,38329.93,35858.88257
2022-05,NORTH EAST AND YORKSHIRE,Citalopram hydrobromide,207432.0,187312.67,181404.99652
2022-05,NORTH EAST AND YORKSHIRE,Fluoxetine hydrochloride,145247.0,284699.78,276954.65898
2022-05,NORTH EAST AND YORKSHIRE,Fluvoxamine maleate,378.0,7413.04,6968.36942
2022-05,NORTH EAST AND YORKSHIRE,Paroxetine hydrochloride,19625.0,43345.28,41940.33846
2022-05,NORTH EAST AND YORKSHIRE,Sertraline hydrochloride,359160.0,469045.62,451037.80235
2022-05,NORTH EAST AND YORKSHIRE,Escitalopram,19070.0,26103.47,25085.05671
2022-05,NORTH EAST AND YORKSHIRE,Citalopram hydrochloride,872.0,8330.51,7803.76442
2022-05,NORTH EAST AND YORKSHIRE,Vortioxetine,3529.0,67253.67,63145.29169
2022-05,NORTH EAST AND YORKSHIRE,Flupentixol hydrochloride,2313.0,5986.07,5822.74815
2022-05,NORTH EAST AND YORKSHIRE,Tryptophan,11.0,618.66,579.89341
2022-05,NORTH EAST AND YORKSHIRE,Reboxetine,507.0,6856.62,6464.22568
2022-05,NORTH EAST AND YORKSHIRE,Venlafaxine,74108.0,376962.78,357789.22434
2022-05,NORTH EAST AND YORKSHIRE,Mirtazapine,206220.0,221158.4,218070.38531
2022-05,NORTH EAST AND YORKSHIRE,Duloxetine hydrochloride,68831.0,147762.43,141578.87921
2022-05,NORTH EAST AND YORKSHIRE,Agomelatine,374.0,5341.39,5027.51286
2022-05,NORTH EAST AND YORKSHIRE,Bupropion hydrochloride,596.0,21363.08,20018.87375
2022-05,NORTH WEST,Flupentixol hydrochloride,426.0,2462.62,2351.02855
2022-05,NORTH WEST,Flupentixol decanoate,491.0,10362.46,9735.06239
2022-05,NORTH WEST,Amitriptyline hydrochloride,175449.0,267595.44,254779.62102
2022-05,NORTH WEST,Clomipramine hydrochloride,3038.0,43499.83,40795.14511
2022-05,NORTH WEST,Dosulepin hydrochloride,5091.0,44877.48,42126.54444
2022-05,NORTH WEST,Doxepin,175.0,38087.86,35634.92462
2022-05,NORTH WEST,Imipramine hydrochloride,1037.0,8256.89,7750.72637
2022-05,NORTH WEST,Lofepramine hydrochloride,1368.0,22374.81,21032.34557
2022-05,NORTH WEST,Mianserin hydrochloride,2.0,63.8,59.70976
2022-05,NORTH WEST,Nortriptyline,12041.0,48313.29,46444.26154
2022-05,NORTH WEST,Trazodone hydrochloride,15876.0,68804.73,65704.02869
2022-05,NORTH WEST,Trimipramine maleate,150.0,54431.71,50926.05152
2022-05,NORTH WEST,Isocarboxazid,2.0,1245.5,1165.19123
2022-05,NORTH WEST,Moclobemide,73.0,2725.13,2554.95444
2022-05,NORTH WEST,Phenelzine sulfate,30.0,28029.32,26223.62736
2022-05,NORTH WEST,Tranylcypromine sulfate,17.0,31721.31,29675.62631
2022-05,NORTH WEST,Citalopram hydrobromide,161304.0,154346.22,147896.61157
2022-05,NORTH WEST,Fluoxetine hydrochloride,90675.0,208784.83,202402.44633
2022-05,NORTH WEST,Fluvoxamine maleate,242.0,4926.06,4631.23487
2022-05,NORTH WEST,Paroxetine hydrochloride,17054.0,42743.04,41346.82007
2022-05,NORTH WEST,Sertraline hydrochloride,295655.0,405240.98,387107.34987
2022-05,NORTH WEST,Escitalopram,18694.0,27950.28,26641.20652
2022-05,NORTH WEST,Citalopram hydrochloride,736.0,7277.16,6816.85416
2022-05,NORTH WEST,Vortioxetine,3476.0,75543.93,70853.24805
2022-05,NORTH WEST,Flupentixol hydrochloride,1469.0,4284.3,4149.10839
2022-05,NORTH WEST,Tryptophan,7.0,1342.43,1256.53133
2022-05,NORTH WEST,Reboxetine,278.0,4637.54,4364.63304
2022-05,NORTH WEST,Venlafaxine,74246.0,456285.88,431289.64375
2022-05,NORTH WEST,Mirtazapine,174815.0,202898.47,197569.36056
2022-05,NORTH WEST,Duloxetine hydrochloride,48017.0,122468.16,116225.40928
2022-05,NORTH WEST,Agomelatine,161.0,3141.04,2947.78019
2022-05,NORTH WEST,Bupropion hydrochloride,762.0,26355.74,24696.69435
2022-05,SOUTH EAST,Flupentixol hydrochloride,258.0,1684.85,1604.36556
2022-05,SOUTH EAST,Flupentixol decanoate,478.0,7593.94,7122.66657
2022-05,SOUTH EAST,Amitriptyline hydrochloride,163127.0,287020.68,272497.20627
2022-05,SOUTH EAST,Clomipramine hydrochloride,2635.0,39862.76,37374.66376
2022-05,SOUTH EAST,Dosulepin hydrochloride,4991.0,44636.19,41890.72938
2022-05,SOUTH EAST,Doxepin,180.0,47430.18,44375.49862
2022-05,SOUTH EAST,Imipramine hydrochloride,1716.0,14596.29,13703.68268
2022-05,SOUTH EAST,Lofepramine hydrochloride,1278.0,22348.58,20986.33372
2022-05,SOUTH EAST,Mianserin hydrochloride,7.0,337.61,315.92128
2022-05,SOUTH EAST,Nortriptyline,10201.0,46149.03,44095.5699
2022-05,SOUTH EAST,Trazodone hydrochloride,13931.0,57591.4,54970.30708
2022-05,SOUTH EAST,Trimipramine maleate,332.0,135742.3,126998.41818
2022-05,SOUTH EAST,Isocarboxazid,12.0,6258.64,5855.71244
2022-05,SOUTH EAST,Moclobemide,123.0,4700.38,4405.77305
2022-05,SOUTH EAST,Phenelzine sulfate,85.0,67722.21,63360.33304
2022-05,SOUTH EAST,Tranylcypromine sulfate,113.0,140433.01,131380.50245
2022-05,SOUTH EAST,Citalopram hydrobromide,169503.0,186147.33,177875.17618
2022-05,SOUTH EAST,Fluoxetine hydrochloride,80665.0,230155.91,220009.15793
2022-05,SOUTH EAST,Fluvoxamine maleate,281.0,6924.56,6497.14342
2022-05,SOUTH EAST,Paroxetine hydrochloride,14257.0,42678.45,40816.21189
2022-05,SOUTH EAST,Sertraline hydrochloride,254827.0,439068.53,416972.23554
2022-05,SOUTH EAST,Escitalopram,29693.0,49480.48,46989.23527
2022-05,SOUTH EAST,Citalopram hydrochloride,1043.0,10193.88,9548.90788
2022-05,SOUTH EAST,Vortioxetine,5421.0,139686.03,130912.58245
2022-05,SOUTH EAST,Flupentixol hydrochloride,1183.0,3751.91,3607.051
2022-05,SOUTH EAST,Oxitriptan,1.0,28.11,26.40933
2022-05,SOUTH EAST,Tryptophan,6.0,1128.88,1056.33031
2022-05,SOUTH EAST,Reboxetine,254.0,4863.98,4570.74704
2022-05,SOUTH EAST,Venlafaxine,65220.0,509295.43,479768.5436
2022-05,SOUTH EAST,Mirtazapine,126999.0,172232.86,166300.55027
2022-05,SOUTH EAST,Duloxetine hydrochloride,38934.0,113969.85,107962.14037
2022-05,SOUTH EAST,Agomelatine,640.0,16176.29,15158.41132
2022-05,SOUTH EAST,Bupropion hydrochloride,910.0,32732.93,30672.95132
2022-05,SOUTH WEST,Flupentixol hydrochloride,340.0,2032.77,1937.13864
2022-05,SOUTH WEST,Flupentixol decanoate,366.0,5861.52,5493.42043
2022-05,SOUTH WEST,Amitriptyline hydrochloride,147302.0,242436.71,230459.40237
2022-05,SOUTH WEST,Clomipramine hydrochloride,1941.0,27787.14,26066.34124
2022-05,SOUTH WEST,Dosulepin hydrochloride,3584.0,31067.14,29172.38055
2022-05,SOUTH WEST,Doxepin,226.0,45085.5,42185.14508
2022-05,SOUTH WEST,Imipramine hydrochloride,1228.0,6730.87,6336.79905
2022-05,SOUTH WEST,Lofepramine hydrochloride,1304.0,19831.87,18640.59801
2022-05,SOUTH WEST,Mianserin hydrochloride,7.0,660.39,618.08228
2022-05,SOUTH WEST,Nortriptyline,5922.0,20785.37,19981.53323
2022-05,SOUTH WEST,Trazodone hydrochloride,9126.0,33226.86,31775.56386
2022-05,SOUTH WEST,Trimipramine maleate,149.0,57910.73,54180.82993
2022-05,SOUTH WEST,Isocarboxazid,45.0,11125.07,10411.23432
2022-05,SOUTH WEST,Moclobemide,96.0,2435.03,2284.62688
2022-05,SOUTH WEST,Phenelzine sulfate,72.0,49575.75,46384.81661
2022-05,SOUTH WEST,Tranylcypromine sulfate,52.0,78225.04,73181.00648
2022-05,SOUTH WEST,Citalopram hydrobromide,133085.0,138397.43,132480.21246
2022-05,SOUTH WEST,Fluoxetine hydrochloride,58661.0,139632.05,133901.91744
2022-05,SOUTH WEST,Fluvoxamine maleate,180.0,4404.11,4133.25724
2022-05,SOUTH WEST,Paroxetine hydrochloride,10794.0,30943.56,29589.95354
2022-05,SOUTH WEST,Sertraline hydrochloride,179196.0,278184.08,264793.43713
2022-05,SOUTH WEST,Escitalopram,15244.0,23379.31,22262.2405
2022-05,SOUTH WEST,Citalopram hydrochloride,534.0,5096.59,4774.10168
2022-05,SOUTH WEST,Vortioxetine,1355.0,33440.22,31345.35874
2022-05,SOUTH WEST,Flupentixol hydrochloride,1034.0,3136.42,3022.92775
2022-05,SOUTH WEST,Tryptophan,2.0,184.8,173.00538
2022-05,SOUTH WEST,Reboxetine,235.0,4196.76,3946.12656
2022-05,SOUTH WEST,Venlafaxine,52845.0,317494.73,299552.66622
2022-05,SOUTH WEST,Mirtazapine,104766.0,130672.16,126754.55188
2022-05,SOUTH WEST,Duloxetine hydrochloride,29913.0,76526.89,72678.12151
2022-05,SOUTH WEST,Agomelatine,236.0,5365.57,5030.77241
2022-05,SOUTH WEST,Bupropion hydrochloride,506.0,19149.93,17938.48101
2022-05,UNIDENTIFIED,Amitriptyline hydrochloride,159.0,227.67,217.0075
2022-05,UNIDENTIFIED,Clomipramine hydrochloride,1.0,14.04,13.14683
2022-05,UNIDENTIFIED,Dosulepin hydrochloride,4.0,87.2,81.60048
2022-05,UNIDENTIFIED,Imipramine hydrochloride,1.0,1.24,1.27242
2022-05,UNIDENTIFIED,Nortriptyline,6.0,7.71,7.88711
2022-05,UNIDENTIFIED,Trazodone hydrochloride,15.0,46.9,44.961
2022-05,UNIDENTIFIED,Trimipramine maleate,1.0,3.86,3.62343
2022-05,UNIDENTIFIED,Tranylcypromine sulfate,1.0,1460.85,1366.63896
2022-05,UNIDENTIFIED,Citalopram hydrobromide,146.0,152.52,147.06821
2022-05,UNIDENTIFIED,Fluoxetine hydrochloride,67.0,405.56,384.15817
2022-05,UNIDENTIFIED,Fluvoxamine maleate,2.0,78.32,73.49323
2022-05,UNIDENTIFIED,Paroxetine hydrochloride,15.0,23.41,23.28607
2022-05,UNIDENTIFIED,Sertraline hydrochloride,276.0,562.33,536.67024
2022-05,UNIDENTIFIED,Escitalopram,17.0,20.85,20.11599
2022-05,UNIDENTIFIED,Citalopram hydrochloride,1.0,15.72,14.71847
2022-05,UNIDENTIFIED,Vortioxetine,4.0,97.02,90.91191
2022-05,UNIDENTIFIED,Flupentixol hydrochloride,5.0,19.49,18.7949
2022-05,UNIDENTIFIED,Venlafaxine,91.0,568.35,538.20795
2022-05,UNIDENTIFIED,Mirtazapine,195.0,259.73,251.58327
2022-05,UNIDENTIFIED,Duloxetine hydrochloride,91.0,469.09,441.56253
2022-05,UNIDENTIFIED,Agomelatine,3.0,84.65,79.22735
2022-05,UNIDENTIFIED,Bupropion hydrochloride,2.0,83.52,78.15784
2022-06,EAST OF ENGLAND,Flupentixol hydrochloride,222.0,1428.26,1357.87659
2022-06,EAST OF ENGLAND,Flupentixol decanoate,319.0,4486.82,4205.17424
2022-06,EAST OF ENGLAND,Amitriptyline hydrochloride,162476.0,242434.71,230307.29822
2022-06,EAST OF ENGLAND,Clomipramine hydrochloride,2843.0,32848.07,30829.35143
2022-06,EAST OF ENGLAND,Dosulepin hydrochloride,4215.0,32911.27,30895.56647
2022-06,EAST OF ENGLAND,Doxepin,157.0,31748.39,29704.51691
2022-06,EAST OF ENGLAND,Imipramine hydrochloride,1129.0,8241.02,7734.67127
2022-06,EAST OF ENGLAND,Lofepramine hydrochloride,1242.0,17666.42,16611.582
2022-06,EAST OF ENGLAND,Mianserin hydrochloride,12.0,463.1,433.37775
2022-06,EAST OF ENGLAND,Nortriptyline,8297.0,34681.3,33169.26461
2022-06,EAST OF ENGLAND,Trazodone hydrochloride,7540.0,27621.56,26436.09283
2022-06,EAST OF ENGLAND,Trimipramine maleate,177.0,65664.7,61435.66761
2022-06,EAST OF ENGLAND,Isocarboxazid,24.0,9643.73,9022.64697
2022-06,EAST OF ENGLAND,Moclobemide,73.0,2390.75,2241.50897
2022-06,EAST OF ENGLAND,Phenelzine sulfate,78.0,51488.12,48172.95674
2022-06,EAST OF ENGLAND,Tranylcypromine sulfate,33.0,32399.48,30310.90877
2022-06,EAST OF ENGLAND,Citalopram hydrobromide,169023.0,155601.08,148937.86598
2022-06,EAST OF ENGLAND,Fluoxetine hydrochloride,70803.0,189643.38,180734.85109
2022-06,EAST OF ENGLAND,Fluvoxamine maleate,258.0,6111.16,5732.99032
2022-06,EAST OF ENGLAND,Paroxetine hydrochloride,13801.0,35772.48,34138.54758
2022-06,EAST OF ENGLAND,Sertraline hydrochloride,207816.0,311361.63,296183.83771
2022-06,EAST OF ENGLAND,Escitalopram,15971.0,23108.51,21972.39304
2022-06,EAST OF ENGLAND,Citalopram hydrochloride,820.0,7887.66,7388.55878
2022-06,EAST OF ENGLAND,Vortioxetine,2867.0,69649.47,65270.35518
2022-06,EAST OF ENGLAND,Flupentixol hydrochloride,1591.0,4608.63,4442.16792
2022-06,EAST OF ENGLAND,Tryptophan,3.0,482.84,451.82047
2022-06,EAST OF ENGLAND,Reboxetine,191.0,3715.76,3489.49269
2022-06,EAST OF ENGLAND,Venlafaxine,64663.0,381071.4,359287.97613
2022-06,EAST OF ENGLAND,Mirtazapine,97685.0,117664.31,113937.52551
2022-06,EAST OF ENGLAND,Duloxetine hydrochloride,28649.0,73493.48,69660.86287
2022-06,EAST OF ENGLAND,Agomelatine,154.0,3984.9,3732.65083
2022-06,EAST OF ENGLAND,Bupropion hydrochloride,791.0,28023.19,26252.86638
2022-06,LONDON,Flupentixol hydrochloride,498.0,2551.38,2442.38499
2022-06,LONDON,Flupentixol decanoate,492.0,12447.44,11671.55102
2022-06,LONDON,Amitriptyline hydrochloride,108335.0,149989.68,145206.39284
2022-06,LONDON,Clomipramine hydrochloride,1784.0,24905.26,23385.83472
2022-06,LONDON,Dosulepin hydrochloride,2926.0,24320.14,22907.71691
2022-06,LONDON,Doxepin,187.0,37892.04,35457.5325
2022-06,LONDON,Imipramine hydrochloride,860.0,5275.1,4978.30724
2022-06,LONDON,Lofepramine hydrochloride,1204.0,16931.41,15939.22427
2022-06,LONDON,Mianserin hydrochloride,8.0,522.63,489.11831
2022-06,LONDON,Nortriptyline,7389.0,27957.33,26895.24049
2022-06,LONDON,Trazodone hydrochloride,5118.0,19080.59,18281.21074
2022-06,LONDON,Trimipramine maleate,264.0,112543.05,105295.73028
2022-06,LONDON,Isocarboxazid,16.0,3869.99,3621.76488
2022-06,LONDON,Moclobemide,89.0,2174.25,2040.90934
2022-06,LONDON,Phenelzine sulfate,40.0,38223.16,35760.37163
2022-06,LONDON,Tranylcypromine sulfate,46.0,63354.69,59269.83277
2022-06,LONDON,Citalopram hydrobromide,106823.0,104950.52,102574.74427
2022-06,LONDON,Fluoxetine hydrochloride,48265.0,139497.49,133902.85373
2022-06,LONDON,Fluvoxamine maleate,353.0,9206.24,8637.79275
2022-06,LONDON,Paroxetine hydrochloride,11446.0,30174.7,29097.5862
2022-06,LONDON,Sertraline hydrochloride,172361.0,276124.67,265523.73441
2022-06,LONDON,Escitalopram,15423.0,27978.58,26666.43952
2022-06,LONDON,Citalopram hydrochloride,377.0,3917.16,3669.16833
2022-06,LONDON,Vortioxetine,2359.0,65727.09,61600.18674
2022-06,LONDON,Flupentixol hydrochloride,788.0,2146.96,2083.04731
2022-06,LONDON,Oxitriptan,2.0,78.81,73.85137
2022-06,LONDON,Tryptophan,11.0,1156.4,1082.64586
2022-06,LONDON,Reboxetine,142.0,2162.25,2035.64051
2022-06,LONDON,Venlafaxine,40737.0,238708.37,226243.84992
2022-06,LONDON,Mirtazapine,103428.0,113889.9,112898.11484
2022-06,LONDON,Duloxetine hydrochloride,22739.0,51891.85,49911.76125
2022-06,LONDON,Agomelatine,337.0,8819.62,8267.01223
2022-06,LONDON,Bupropion hydrochloride,1272.0,48121.32,45095.75316
2022-06,MIDLANDS,Flupentixol hydrochloride,404.0,2902.36,2759.13563
2022-06,MIDLANDS,Flupentixol decanoate,516.0,11728.13,11007.21285
2022-06,MIDLANDS,Amitriptyline hydrochloride,248168.0,386889.54,367278.88029
2022-06,MIDLANDS,Clomipramine hydrochloride,3195.0,46600.28,43691.1928
2022-06,MIDLANDS,Dosulepin hydrochloride,6403.0,55964.46,52513.12342
2022-06,MIDLANDS,Doxepin,244.0,48447.57,45327.45302
2022-06,MIDLANDS,Imipramine hydrochloride,2013.0,20652.38,19364.23021
2022-06,MIDLANDS,Lofepramine hydrochloride,2550.0,41812.64,39288.52674
2022-06,MIDLANDS,Mianserin hydrochloride,13.0,997.61,933.61061
2022-06,MIDLANDS,Nortriptyline,11384.0,48380.44,46337.45773
2022-06,MIDLANDS,Trazodone hydrochloride,11554.0,44827.76,42795.37363
2022-06,MIDLANDS,Trimipramine maleate,230.0,94919.63,88804.11867
2022-06,MIDLANDS,Isocarboxazid,22.0,7357.37,6884.26261
2022-06,MIDLANDS,Moclobemide,111.0,3730.81,3498.21632
2022-06,MIDLANDS,Phenelzine sulfate,48.0,27214.03,25463.23101
2022-06,MIDLANDS,Tranylcypromine sulfate,46.0,54092.83,50606.27231
2022-06,MIDLANDS,Citalopram hydrobromide,225680.0,222946.45,212940.94588
2022-06,MIDLANDS,Fluoxetine hydrochloride,114564.0,278659.19,267160.77595
2022-06,MIDLANDS,Fluvoxamine maleate,376.0,8158.99,7662.75559
2022-06,MIDLANDS,Paroxetine hydrochloride,19885.0,53199.02,50968.42331
2022-06,MIDLANDS,Sertraline hydrochloride,345749.0,522023.16,496217.73729
2022-06,MIDLANDS,Escitalopram,23576.0,35335.78,33575.67588
2022-06,MIDLANDS,Citalopram hydrochloride,1233.0,11716.32,10975.38187
2022-06,MIDLANDS,Vortioxetine,4218.0,102488.76,96049.4465
2022-06,MIDLANDS,Flupentixol hydrochloride,2390.0,7295.18,7039.48642
2022-06,MIDLANDS,Oxitriptan,2.0,31.62,49.80524
2022-06,MIDLANDS,Tryptophan,15.0,1351.55,1264.88341
2022-06,MIDLANDS,Reboxetine,279.0,5047.41,4743.67801
2022-06,MIDLANDS,Venlafaxine,83654.0,540621.39,509762.53487
2022-06,MIDLANDS,Mirtazapine,166434.0,211377.32,203774.72946
2022-06,MIDLANDS,Duloxetine hydrochloride,54347.0,143093.16,135487.30533
2022-06,MIDLANDS,Agomelatine,274.0,7152.4,6700.41435
2022-06,MIDLANDS,Bupropion hydrochloride,607.0,19694.15,18464.38616
2022-06,NORTH EAST AND YORKSHIRE,Flupentixol hydrochloride,710.0,3428.52,3285.87691
2022-06,NORTH EAST AND YORKSHIRE,Flupentixol decanoate,516.0,9781.05,9178.29316
2022-06,NORTH EAST AND YORKSHIRE,Amitriptyline hydrochloride,262166.0,375340.48,359697.22886
2022-06,NORTH EAST AND YORKSHIRE,Clomipramine hydrochloride,3512.0,41573.62,39061.87358
2022-06,NORTH EAST AND YORKSHIRE,Dosulepin hydrochloride,5402.0,41338.31,38878.9047
2022-06,NORTH EAST AND YORKSHIRE,Doxepin,361.0,63739.08,59642.34881
2022-06,NORTH EAST AND YORKSHIRE,Imipramine hydrochloride,1710.0,10673.08,10048.23746
2022-06,NORTH EAST AND YORKSHIRE,Lofepramine hydrochloride,2975.0,39892.85,37551.15292
2022-06,NORTH EAST AND YORKSHIRE,Mianserin hydrochloride,17.0,684.17,641.213
2022-06,NORTH EAST AND YORKSHIRE,Nortriptyline,11459.0,39457.72,38055.22874
2022-06,NORTH EAST AND YORKSHIRE,Trazodone hydrochloride,38524.0,106556.32,102958.615
2022-06,NORTH EAST AND YORKSHIRE,Trimipramine maleate,251.0,77745.41,72743.82202
2022-06,NORTH EAST AND YORKSHIRE,Isocarboxazid,12.0,4483.8,4195.33308
2022-06,NORTH EAST AND YORKSHIRE,Moclobemide,114.0,3657.48,3430.84026
2022-06,NORTH EAST AND YORKSHIRE,Phenelzine sulfate,71.0,38488.84,36012.28668
2022-06,NORTH EAST AND YORKSHIRE,Tranylcypromine sulfate,44.0,56237.98,52612.00544
2022-06,NORTH EAST AND YORKSHIRE,Citalopram hydrobromide,201148.0,181358.54,175626.73307
2022-06,NORTH EAST AND YORKSHIRE,Fluoxetine hydrochloride,141370.0,277524.72,269858.22987
2022-06,NORTH EAST AND YORKSHIRE,Fluvoxamine maleate,391.0,7941.96,7462.6214
2022-06,NORTH EAST AND YORKSHIRE,Paroxetine hydrochloride,19135.0,42853.23,41446.01469
2022-06,NORTH EAST AND YORKSHIRE,Sertraline hydrochloride,351705.0,468561.57,450251.30356
2022-06,NORTH EAST AND YORKSHIRE,Escitalopram,18623.0,25333.6,24345.98892
2022-06,NORTH EAST AND YORKSHIRE,Citalopram hydrochloride,798.0,7569.15,7090.44441
2022-06,NORTH EAST AND YORKSHIRE,Vortioxetine,3554.0,64471.77,60556.76509
2022-06,NORTH EAST AND YORKSHIRE,Flupentixol hydrochloride,2292.0,5674.93,5530.36087
2022-06,NORTH EAST AND YORKSHIRE,Tryptophan,23.0,918.8,861.80803
2022-06,NORTH EAST AND YORKSHIRE,Reboxetine,490.0,6488.14,6116.84273
2022-06,NORTH EAST AND YORKSHIRE,Venlafaxine,71828.0,363578.38,345192.27531
2022-06,NORTH EAST AND YORKSHIRE,Mirtazapine,199537.0,212502.19,209516.43894
2022-06,NORTH EAST AND YORKSHIRE,Duloxetine hydrochloride,67399.0,146300.32,140123.45882
2022-06,NORTH EAST AND YORKSHIRE,Agomelatine,370.0,5183.02,4879.19086
2022-06,NORTH EAST AND YORKSHIRE,Bupropion hydrochloride,591.0,20703.94,19402.39196
2022-06,NORTH WEST,Flupentixol hydrochloride,414.0,2487.47,2373.23093
2022-06,NORTH WEST,Flupentixol decanoate,529.0,11191.82,10511.77869
2022-06,NORTH WEST,Amitriptyline hydrochloride,171376.0,262013.0,249437.07945
2022-06,NORTH WEST,Clomipramine hydrochloride,2904.0,41481.49,38901.25233
2022-06,NORTH WEST,Dosulepin hydrochloride,4888.0,44797.64,42044.21842
2022-06,NORTH WEST,Doxepin,168.0,36307.46,33969.26412
2022-06,NORTH WEST,Imipramine hydrochloride,966.0,7821.8,7342.96726
2022-06,NORTH WEST,Lofepramine hydrochloride,1260.0,20409.96,19187.33383
2022-06,NORTH WEST,Mianserin hydrochloride,2.0,64.24,60.12117
2022-06,NORTH WEST,Nortriptyline,11825.0,51509.98,49411.72905
2022-06,NORTH WEST,Trazodone hydrochloride,15546.0,65909.77,62971.76714
2022-06,NORTH WEST,Trimipramine maleate,158.0,54805.44,51275.89364
2022-06,NORTH WEST,Isocarboxazid,2.0,1743.7,1631.25202
2022-06,NORTH WEST,Moclobemide,70.0,2578.84,2418.7543
2022-06,NORTH WEST,Phenelzine sulfate,21.0,16194.97,15152.41649
2022-06,NORTH WEST,Tranylcypromine sulfate,19.0,30589.83,28617.2367
2022-06,NORTH WEST,Citalopram hydrobromide,157563.0,150074.26,143825.47683
2022-06,NORTH WEST,Fluoxetine hydrochloride,89470.0,210170.83,203595.79059
2022-06,NORTH WEST,Fluvoxamine maleate,266.0,5742.21,5396.22212
2022-06,NORTH WEST,Paroxetine hydrochloride,16729.0,40589.79,39300.56033
2022-06,NORTH WEST,Sertraline hydrochloride,291692.0,404413.5,386198.42263
2022-06,NORTH WEST,Escitalopram,18615.0,28113.1,26793.59117
2022-06,NORTH WEST,Citalopram hydrochloride,728.0,6844.86,6412.32737
2022-06,NORTH WEST,Vortioxetine,3520.0,77823.9,72982.54646
2022-06,NORTH WEST,Flupentixol hydrochloride,1457.0,4381.45,4237.30429
2022-06,NORTH WEST,Tryptophan,7.0,1923.27,1799.70133
2022-06,NORTH WEST,Reboxetine,280.0,4662.72,4389.19824
2022-06,NORTH WEST,Venlafaxine,73387.0,448153.99,423615.22663
2022-06,NORTH WEST,Mirtazapine,171911.0,200174.22,194883.18977
2022-06,NORTH WEST,Duloxetine hydrochloride,47204.0,122027.11,115779.32948
2022-06,NORTH WEST,Agomelatine,150.0,2924.45,2744.31401
2022-06,NORTH WEST,Bupropion hydrochloride,776.0,26194.92,24550.94597
2022-06,SOUTH EAST,Flupentixol hydrochloride,270.0,1845.96,1756.22677
2022-06,SOUTH EAST,Flupentixol decanoate,435.0,7267.94,6818.01912
2022-06,SOUTH EAST,Amitriptyline hydrochloride,158006.0,276320.52,262383.11971
2022-06,SOUTH EAST,Clomipramine hydrochloride,2493.0,38154.81,35772.11264
2022-06,SOUTH EAST,Dosulepin hydrochloride,4893.0,47282.62,44367.10761
2022-06,SOUTH EAST,Doxepin,185.0,43613.94,40825.37035
2022-06,SOUTH EAST,Imipramine hydrochloride,1673.0,13756.44,12911.21245
2022-06,SOUTH EAST,Lofepramine hydrochloride,1263.0,22507.68,21138.5871
2022-06,SOUTH EAST,Mianserin hydrochloride,7.0,749.99,701.80067
2022-06,SOUTH EAST,Nortriptyline,9729.0,46220.39,44120.78993
2022-06,SOUTH EAST,Trazodone hydrochloride,13941.0,53184.41,50845.31417
2022-06,SOUTH EAST,Trimipramine maleate,343.0,141684.77,132558.85876
2022-06,SOUTH EAST,Isocarboxazid,11.0,3892.19,3641.77093
2022-06,SOUTH EAST,Moclobemide,108.0,4456.88,4176.75311
2022-06,SOUTH EAST,Phenelzine sulfate,84.0,72035.53,67394.78452
2022-06,SOUTH EAST,Tranylcypromine sulfate,115.0,127753.42,119518.72295
2022-06,SOUTH EAST,Citalopram hydrobromide,163202.0,178394.2,170465.2742
2022-06,SOUTH EAST,Fluoxetine hydrochloride,78144.0,224199.6,214312.65908
2022-06,SOUTH EAST,Fluvoxamine maleate,285.0,7364.82,6909.33186
2022-06,SOUTH EAST,Paroxetine hydrochloride,14054.0,40324.24,38613.45093
2022-06,SOUTH EAST,Sertraline hydrochloride,249190.0,437856.62,415688.96424
2022-06,SOUTH EAST,Escitalopram,28476.0,46770.02,44429.31077
2022-06,SOUTH EAST,Citalopram hydrochloride,1061.0,10378.08,9721.36618
2022-06,SOUTH EAST,Vortioxetine,5248.0,135047.88,126565.51881
2022-06,SOUTH EAST,Flupentixol hydrochloride,1194.0,3700.29,3558.74819
2022-06,SOUTH EAST,Oxitriptan,1.0,28.11,46.40924
2022-06,SOUTH EAST,Reboxetine,257.0,4977.41,4676.93124
2022-06,SOUTH EAST,Venlafaxine,64041.0,508149.97,478643.19923
2022-06,SOUTH EAST,Mirtazapine,123821.0,166443.32,160761.18717
2022-06,SOUTH EAST,Duloxetine hydrochloride,37940.0,111194.2,105323.8061
2022-06,SOUTH EAST,Agomelatine,606.0,14998.05,14054.73193
2022-06,SOUTH EAST,Bupropion hydrochloride,829.0,29934.31,28052.10824
2022-06,SOUTH WEST,Flupentixol hydrochloride,313.0,2037.24,1938.62835
2022-06,SOUTH WEST,Flupentixol decanoate,418.0,6714.35,6290.07219
2022-06,SOUTH WEST,Amitriptyline hydrochloride,141860.0,235042.7,223390.9001
2022-06,SOUTH WEST,Clomipramine hydrochloride,1802.0,25769.16,24171.69669
2022-06,SOUTH WEST,Dosulepin hydrochloride,3354.0,28883.78,27119.51287
2022-06,SOUTH WEST,Doxepin,213.0,35589.82,33303.12282
2022-06,SOUTH WEST,Imipramine hydrochloride,1160.0,7274.56,6844.92763
2022-06,SOUTH WEST,Lofepramine hydrochloride,1201.0,19098.59,17944.22584
2022-06,SOUTH WEST,Mianserin hydrochloride,9.0,874.54,818.3417
2022-06,SOUTH WEST,Nortriptyline,5750.0,20715.6,19905.79618
2022-06,SOUTH WEST,Trazodone hydrochloride,8747.0,31537.09,30173.08838
2022-06,SOUTH WEST,Trimipramine maleate,134.0,50417.97,47170.08033
2022-06,SOUTH WEST,Isocarboxazid,35.0,10649.05,9964.64544
2022-06,SOUTH WEST,Moclobemide,81.0,2611.14,2447.94527
2022-06,SOUTH WEST,Phenelzine sulfate,43.0,30176.25,28252.96921
2022-06,SOUTH WEST,Tranylcypromine sulfate,45.0,76874.8,71917.92653
2022-06,SOUTH WEST,Citalopram hydrobromide,127910.0,132352.76,126660.23751
2022-06,SOUTH WEST,Fluoxetine hydrochloride,56883.0,136370.56,130731.87254
2022-06,SOUTH WEST,Fluvoxamine maleate,163.0,3806.05,3571.98586
2022-06,SOUTH WEST,Paroxetine hydrochloride,10271.0,29063.19,27794.77541
2022-06,SOUTH WEST,Sertraline hydrochloride,174678.0,278001.12,264485.01725
2022-06,SOUTH WEST,Escitalopram,15137.0,23500.16,22365.84985
2022-06,SOUTH WEST,Citalopram hydrochloride,584.0,5698.92,5338.04652
2022-06,SOUTH WEST,Vortioxetine,1354.0,33508.53,31410.05253
2022-06,SOUTH WEST,Flupentixol hydrochloride,937.0,3019.06,2901.27536
2022-06,SOUTH WEST,Tryptophan,1.0,151.2,141.55964
2022-06,SOUTH WEST,Reboxetine,221.0,3807.11,3580.27281
2022-06,SOUTH WEST,Venlafaxine,51594.0,313385.04,295634.06011
2022-06,SOUTH WEST,Mirtazapine,102194.0,125530.26,121809.34766
2022-06,SOUTH WEST,Duloxetine hydrochloride,29191.0,75590.47,71750.75638
2022-06,SOUTH WEST,Agomelatine,222.0,5114.74,4794.88063
2022-06,SOUTH WEST,Bupropion hydrochloride,481.0,18793.58,17604.00549
2022-06,UNIDENTIFIED,Amitriptyline hydrochloride,138.0,192.39,182.67919
2022-06,UNIDENTIFIED,Clomipramine hydrochloride,5.0,15.52,14.98092
2022-06,UNIDENTIFIED,Dosulepin hydrochloride,1.0,2.08,1.95824
2022-06,UNIDENTIFIED,Doxepin,1.0,207.86,194.56494
2022-06,UNIDENTIFIED,Nortriptyline,19.0,92.33,88.19768
2022-06,UNIDENTIFIED,Trazodone hydrochloride,25.0,85.97,82.32233
2022-06,UNIDENTIFIED,Trimipramine maleate,1.0,268.77,251.5461
2022-06,UNIDENTIFIED,Citalopram hydrobromide,133.0,150.05,143.47101
2022-06,UNIDENTIFIED,Fluoxetine hydrochloride,71.0,344.72,328.04033
2022-06,UNIDENTIFIED,Fluvoxamine maleate,2.0,55.12,51.78943
2022-06,UNIDENTIFIED,Paroxetine hydrochloride,7.0,81.86,76.96663
2022-06,UNIDENTIFIED,Sertraline hydrochloride,248.0,732.78,693.45195
2022-06,UNIDENTIFIED,Escitalopram,22.0,27.25,26.26512
2022-06,UNIDENTIFIED,Vortioxetine,7.0,173.25,162.36177
2022-06,UNIDENTIFIED,Flupentixol hydrochloride,4.0,20.42,19.55246
2022-06,UNIDENTIFIED,Venlafaxine,102.0,616.73,584.51423
2022-06,UNIDENTIFIED,Mirtazapine,195.0,253.55,246.70102
2022-06,UNIDENTIFIED,Duloxetine hydrochloride,86.0,430.32,404.62975
2022-06,UNIDENTIFIED,Agomelatine,3.0,78.54,73.61118
2022-06,UNIDENTIFIED,Bupropion hydrochloride,7.0,374.45,350.88389
2022-07,EAST OF ENGLAND,Flupentixol hydrochloride,229.0,1408.51,1341.1878
2022-07,EAST OF ENGLAND,Flupentixol decanoate,287.0,3753.35,3516.75056
2022-07,EAST OF ENGLAND,Amitriptyline hydrochloride,159735.0,212998.53,202626.51181
2022-07,EAST OF ENGLAND,Clomipramine hydrochloride,2744.0,37945.64,35578.11423
2022-07,EAST OF ENGLAND,Dosulepin hydrochloride,4094.0,31545.65,29598.73397
2022-07,EAST OF ENGLAND,Doxepin,182.0,37972.78,35510.12249
2022-07,EAST OF ENGLAND,Imipramine hydrochloride,1101.0,6113.24,5738.9025
2022-07,EAST OF ENGLAND,Lofepramine hydrochloride,1227.0,17573.71,16516.16248
2022-07,EAST OF ENGLAND,Mianserin hydrochloride,10.0,386.88,361.87121
2022-07,EAST OF ENGLAND,Nortriptyline,8428.0,35602.71,34056.30345
2022-07,EAST OF ENGLAND,Trazodone hydrochloride,7376.0,26111.51,24996.83564
2022-07,EAST OF ENGLAND,Trimipramine maleate,185.0,66022.38,61739.56828
2022-07,EAST OF ENGLAND,Isocarboxazid,14.0,7241.69,6771.71113
2022-07,EAST OF ENGLAND,Moclobemide,82.0,2919.25,2735.0375
2022-07,EAST OF ENGLAND,Phenelzine sulfate,75.0,48162.61,45039.90273
2022-07,EAST OF ENGLAND,Tranylcypromine sulfate,38.0,36652.77,34273.2395
2022-07,EAST OF ENGLAND,Citalopram hydrobromide,166932.0,581727.91,547292.42047
2022-07,EAST OF ENGLAND,Fluoxetine hydrochloride,70047.0,275445.96,260832.51567
2022-07,EAST OF ENGLAND,Fluvoxamine maleate,231.0,4775.41,4479.01667
2022-07,EAST OF ENGLAND,Paroxetine hydrochloride,13579.0,34993.18,33379.63589
2022-07,EAST OF ENGLAND,Sertraline hydrochloride,205573.0,295429.2,281025.44893
2022-07,EAST OF ENGLAND,Escitalopram,15975.0,22840.99,21702.52569
2022-07,EAST OF ENGLAND,Citalopram hydrochloride,793.0,7523.75,7044.32476
2022-07,EAST OF ENGLAND,Vortioxetine,2879.0,70219.71,65767.02804
2022-07,EAST OF ENGLAND,Flupentixol hydrochloride,1588.0,4611.94,4444.07807
2022-07,EAST OF ENGLAND,Tryptophan,5.0,1421.09,1328.93409
2022-07,EAST OF ENGLAND,Reboxetine,179.0,3516.3,3300.20502
2022-07,EAST OF ENGLAND,Venlafaxine,63583.0,418386.37,393933.66741
2022-07,EAST OF ENGLAND,Mirtazapine,96231.0,107274.82,104100.35182
2022-07,EAST OF ENGLAND,Duloxetine hydrochloride,28396.0,200521.19,188405.21391
2022-07,EAST OF ENGLAND,Agomelatine,157.0,3843.21,3598.98083
2022-07,EAST OF ENGLAND,Bupropion hydrochloride,760.0,26208.07,24545.64071
2022-07,LONDON,Flupentixol hydrochloride,539.0,2750.57,2631.76911
2022-07,LONDON,Flupentixol decanoate,486.0,12549.83,11760.03519
2022-07,LONDON,Amitriptyline hydrochloride,106999.0,133134.55,129305.75605
2022-07,LONDON,Clomipramine hydrochloride,1782.0,29058.73,27258.0916
2022-07,LONDON,Dosulepin hydrochloride,2906.0,24532.31,23092.25948
2022-07,LONDON,Doxepin,172.0,36467.32,34107.2357
2022-07,LONDON,Imipramine hydrochloride,871.0,4345.11,4106.83993
2022-07,LONDON,Lofepramine hydrochloride,1082.0,15246.37,14343.94073
2022-07,LONDON,Mianserin hydrochloride,7.0,477.58,446.6419
2022-07,LONDON,Nortriptyline,7260.0,27024.61,25995.43983
2022-07,LONDON,Trazodone hydrochloride,5253.0,19162.64,18360.71591
2022-07,LONDON,Trimipramine maleate,278.0,115141.37,107673.31796
2022-07,LONDON,Isocarboxazid,17.0,3843.3,3595.23948
2022-07,LONDON,Moclobemide,100.0,3926.55,3679.51053
2022-07,LONDON,Phenelzine sulfate,39.0,39548.81,37057.4844
2022-07,LONDON,Tranylcypromine sulfate,45.0,89344.39,83541.19133
2022-07,LONDON,Citalopram hydrobromide,105371.0,374636.25,354667.20148
2022-07,LONDON,Fluoxetine hydrochloride,48087.0,198461.64,188973.90791
2022-07,LONDON,Fluvoxamine maleate,354.0,8886.48,8336.47948
2022-07,LONDON,Paroxetine hydrochloride,11288.0,30188.76,29087.48648
2022-07,LONDON,Sertraline hydrochloride,171480.0,266793.39,256675.5109
2022-07,LONDON,Escitalopram,15643.0,28099.47,26776.42913
2022-07,LONDON,Citalopram hydrochloride,395.0,4414.42,4132.5458
2022-07,LONDON,Vortioxetine,2414.0,67236.84,62984.58469
2022-07,LONDON,Flupentixol hydrochloride,799.0,2111.06,2048.827
2022-07,LONDON,Oxitriptan,2.0,78.81,73.81508
2022-07,LONDON,Tryptophan,6.0,448.0,419.4711
2022-07,LONDON,Reboxetine,142.0,2622.44,2464.43987
2022-07,LONDON,Venlafaxine,40527.0,307251.26,290192.01748
2022-07,LONDON,Mirtazapine,102389.0,103232.81,102872.24725
2022-07,LONDON,Duloxetine hydrochloride,23291.0,142950.73,135090.06836
2022-07,LONDON,Agomelatine,366.0,9503.56,8904.92145
2022-07,LONDON,Bupropion hydrochloride,1278.0,51256.87,48000.43125
2022-07,MIDLANDS,Flupentixol hydrochloride,424.0,2924.21,2780.96592
2022-07,MIDLANDS,Flupentixol decanoate,501.0,10678.6,10017.74134
2022-07,MIDLANDS,Amitriptyline hydrochloride,251816.0,351412.88,333996.50005
2022-07,MIDLANDS,Clomipramine hydrochloride,3236.0,55080.05,51598.0224
2022-07,MIDLANDS,Dosulepin hydrochloride,6405.0,57204.57,53645.54583
2022-07,MIDLANDS,Doxepin,241.0,46694.71,43665.68438
2022-07,MIDLANDS,Imipramine hydrochloride,1992.0,14451.97,13558.67218
2022-07,MIDLANDS,Lofepramine hydrochloride,2588.0,42513.1,39924.8428
2022-07,MIDLANDS,Mianserin hydrochloride,13.0,1099.2,1027.95417
2022-07,MIDLANDS,Nortriptyline,11691.0,53053.93,50715.67721
2022-07,MIDLANDS,Trazodone hydrochloride,12153.0,45565.99,43516.42117
2022-07,MIDLANDS,Trimipramine maleate,211.0,89670.51,83851.42366
2022-07,MIDLANDS,Isocarboxazid,24.0,7717.64,7218.06612
2022-07,MIDLANDS,Moclobemide,120.0,4543.45,4257.05895
2022-07,MIDLANDS,Phenelzine sulfate,42.0,25425.53,23797.8138
2022-07,MIDLANDS,Tranylcypromine sulfate,41.0,49694.85,46468.2198
2022-07,MIDLANDS,Citalopram hydrobromide,227681.0,849260.7,798475.85633
2022-07,MIDLANDS,Fluoxetine hydrochloride,116473.0,435815.15,414202.65715
2022-07,MIDLANDS,Fluvoxamine maleate,367.0,8545.51,8018.59855
2022-07,MIDLANDS,Paroxetine hydrochloride,20149.0,54112.01,51830.08188
2022-07,MIDLANDS,Sertraline hydrochloride,351858.0,507404.54,482350.51941
2022-07,MIDLANDS,Escitalopram,24294.0,35203.79,33447.50193
2022-07,MIDLANDS,Citalopram hydrochloride,1202.0,11815.99,11062.86319
2022-07,MIDLANDS,Vortioxetine,4556.0,106513.11,99790.89936
2022-07,MIDLANDS,Flupentixol hydrochloride,2337.0,7024.98,6775.01195
2022-07,MIDLANDS,Oxitriptan,2.0,42.16,39.64597
2022-07,MIDLANDS,Tryptophan,15.0,1105.63,1034.96645
2022-07,MIDLANDS,Reboxetine,278.0,4872.75,4578.39042
2022-07,MIDLANDS,Venlafaxine,84535.0,658803.68,620054.79308
2022-07,MIDLANDS,Mirtazapine,168366.0,197398.1,190680.10096
2022-07,MIDLANDS,Duloxetine hydrochloride,55472.0,413947.76,388713.9096
2022-07,MIDLANDS,Agomelatine,259.0,6639.52,6217.63618
2022-07,MIDLANDS,Bupropion hydrochloride,636.0,21311.71,19965.17282
2022-07,NORTH EAST AND YORKSHIRE,Flupentixol hydrochloride,712.0,3419.02,3275.66565
2022-07,NORTH EAST AND YORKSHIRE,Flupentixol decanoate,523.0,9315.8,8738.7642
2022-07,NORTH EAST AND YORKSHIRE,Amitriptyline hydrochloride,257425.0,326841.47,314179.63801
2022-07,NORTH EAST AND YORKSHIRE,Clomipramine hydrochloride,3434.0,48079.14,45116.44472
2022-07,NORTH EAST AND YORKSHIRE,Dosulepin hydrochloride,5283.0,40117.17,37715.0735
2022-07,NORTH EAST AND YORKSHIRE,Doxepin,328.0,62668.36,58609.91944
2022-07,NORTH EAST AND YORKSHIRE,Imipramine hydrochloride,1709.0,10143.1,9549.61119
2022-07,NORTH EAST AND YORKSHIRE,Lofepramine hydrochloride,2855.0,38587.21,36303.67589
2022-07,NORTH EAST AND YORKSHIRE,Mianserin hydrochloride,26.0,470.93,442.73469
2022-07,NORTH EAST AND YORKSHIRE,Nortriptyline,11434.0,39802.53,38353.62653
2022-07,NORTH EAST AND YORKSHIRE,Trazodone hydrochloride,38163.0,102701.3,99278.57665
2022-07,NORTH EAST AND YORKSHIRE,Trimipramine maleate,233.0,74219.65,69410.68986
2022-07,NORTH EAST AND YORKSHIRE,Isocarboxazid,5.0,1370.05,1281.40979
2022-07,NORTH EAST AND YORKSHIRE,Moclobemide,134.0,4502.36,4220.99868
2022-07,NORTH EAST AND YORKSHIRE,Phenelzine sulfate,58.0,30369.55,28402.26751
2022-07,NORTH EAST AND YORKSHIRE,Tranylcypromine sulfate,37.0,50656.32,47366.78047
2022-07,NORTH EAST AND YORKSHIRE,Citalopram hydrobromide,195550.0,666674.88,629276.12588
2022-07,NORTH EAST AND YORKSHIRE,Fluoxetine hydrochloride,139127.0,444634.26,425858.15599
2022-07,NORTH EAST AND YORKSHIRE,Fluvoxamine maleate,400.0,7312.59,6872.69243
2022-07,NORTH EAST AND YORKSHIRE,Paroxetine hydrochloride,18682.0,41486.55,40107.7614
2022-07,NORTH EAST AND YORKSHIRE,Sertraline hydrochloride,346545.0,439089.94,422421.0119
2022-07,NORTH EAST AND YORKSHIRE,Escitalopram,18257.0,24223.68,23283.47077
2022-07,NORTH EAST AND YORKSHIRE,Citalopram hydrochloride,808.0,8004.49,7494.28118
2022-07,NORTH EAST AND YORKSHIRE,Vortioxetine,3626.0,64358.91,60431.73818
2022-07,NORTH EAST AND YORKSHIRE,Flupentixol hydrochloride,2254.0,5752.94,5597.05457
2022-07,NORTH EAST AND YORKSHIRE,Tryptophan,10.0,727.95,701.68437
2022-07,NORTH EAST AND YORKSHIRE,Reboxetine,504.0,6837.97,6444.25765
2022-07,NORTH EAST AND YORKSHIRE,Venlafaxine,70923.0,492643.53,465630.72378
2022-07,NORTH EAST AND YORKSHIRE,Mirtazapine,196112.0,192958.25,191073.35836
2022-07,NORTH EAST AND YORKSHIRE,Duloxetine hydrochloride,66994.0,417506.22,393663.39293
2022-07,NORTH EAST AND YORKSHIRE,Agomelatine,367.0,5476.51,5149.55486
2022-07,NORTH EAST AND YORKSHIRE,Bupropion hydrochloride,601.0,21748.74,20370.52451
2022-07,NORTH WEST,Flupentixol hydrochloride,408.0,2424.18,2311.93324
2022-07,NORTH WEST,Flupentixol decanoate,476.0,11125.05,10443.04522
2022-07,NORTH WEST,Amitriptyline hydrochloride,169815.0,232188.14,221407.35292
2022-07,NORTH WEST,Clomipramine hydrochloride,2829.0,46870.19,43917.43117
2022-07,NORTH WEST,Dosulepin hydrochloride,4790.0,43637.39,40933.3276
2022-07,NORTH WEST,Doxepin,171.0,41189.5,38516.67553
2022-07,NORTH WEST,Imipramine hydrochloride,989.0,5543.99,5211.18974
2022-07,NORTH WEST,Lofepramine hydrochloride,1275.0,20225.79,19005.65413
2022-07,NORTH WEST,Mianserin hydrochloride,9.0,330.84,309.45933
2022-07,NORTH WEST,Nortriptyline,11799.0,52970.61,50756.28349
2022-07,NORTH WEST,Trazodone hydrochloride,15675.0,67377.75,64318.90739
2022-07,NORTH WEST,Trimipramine maleate,134.0,43135.8,40338.52928
2022-07,NORTH WEST,Isocarboxazid,1.0,996.4,931.68352
2022-07,NORTH WEST,Moclobemide,77.0,2680.02,2512.04853
2022-07,NORTH WEST,Phenelzine sulfate,34.0,21524.65,20129.27129
2022-07,NORTH WEST,Tranylcypromine sulfate,21.0,36931.1,34532.30243
2022-07,NORTH WEST,Citalopram hydrobromide,155997.0,552894.96,520381.33417
2022-07,NORTH WEST,Fluoxetine hydrochloride,87950.0,316585.85,302918.36643
2022-07,NORTH WEST,Fluvoxamine maleate,228.0,5019.02,4714.09793
2022-07,NORTH WEST,Paroxetine hydrochloride,16585.0,41206.92,39855.69415
2022-07,NORTH WEST,Sertraline hydrochloride,288782.0,384187.08,366979.12791
2022-07,NORTH WEST,Escitalopram,18509.0,26888.99,25637.79766
2022-07,NORTH WEST,Citalopram hydrochloride,744.0,7586.69,7103.01474
2022-07,NORTH WEST,Vortioxetine,3427.0,76582.44,71778.59383
2022-07,NORTH WEST,Flupentixol hydrochloride,1436.0,4377.29,4230.73593
2022-07,NORTH WEST,Tryptophan,6.0,1432.47,1339.88722
2022-07,NORTH WEST,Reboxetine,261.0,4182.07,3935.29056
2022-07,NORTH WEST,Venlafaxine,72513.0,512564.91,483606.97701
2022-07,NORTH WEST,Mirtazapine,169974.0,183040.89,178667.47382
2022-07,NORTH WEST,Duloxetine hydrochloride,47084.0,335610.97,315422.29538
2022-07,NORTH WEST,Agomelatine,159.0,3189.56,2990.8796
2022-07,NORTH WEST,Bupropion hydrochloride,771.0,25099.35,23514.4761
2022-07,SOUTH EAST,Flupentixol hydrochloride,246.0,1729.06,1643.67359
2022-07,SOUTH EAST,Flupentixol decanoate,456.0,7811.65,7322.67399
2022-07,SOUTH EAST,Amitriptyline hydrochloride,156001.0,248570.1,236230.46962
2022-07,SOUTH EAST,Clomipramine hydrochloride,2498.0,44231.74,41435.38851
2022-07,SOUTH EAST,Dosulepin hydrochloride,4789.0,44867.48,42083.33115
2022-07,SOUTH EAST,Doxepin,168.0,46763.29,43729.46528
2022-07,SOUTH EAST,Imipramine hydrochloride,1636.0,11748.6,11031.3138
2022-07,SOUTH EAST,Lofepramine hydrochloride,1226.0,20881.22,19605.25214
2022-07,SOUTH EAST,Mianserin hydrochloride,7.0,248.13,232.0976
2022-07,SOUTH EAST,Nortriptyline,9744.0,50415.16,48022.17574
2022-07,SOUTH EAST,Trazodone hydrochloride,13843.0,55400.18,52885.39798
2022-07,SOUTH EAST,Trimipramine maleate,319.0,132544.61,123945.68015
2022-07,SOUTH EAST,Isocarboxazid,11.0,5947.27,5561.54301
2022-07,SOUTH EAST,Moclobemide,106.0,4196.88,3931.30387
2022-07,SOUTH EAST,Phenelzine sulfate,83.0,80249.43,75042.09887
2022-07,SOUTH EAST,Tranylcypromine sulfate,123.0,142543.02,133288.83475
2022-07,SOUTH EAST,Citalopram hydrobromide,161724.0,659476.68,620182.65941
2022-07,SOUTH EAST,Fluoxetine hydrochloride,76897.0,330619.45,313675.82907
2022-07,SOUTH EAST,Fluvoxamine maleate,305.0,7684.36,7207.07131
2022-07,SOUTH EAST,Paroxetine hydrochloride,13642.0,40785.96,38995.24843
2022-07,SOUTH EAST,Sertraline hydrochloride,248055.0,420334.13,399085.6246
2022-07,SOUTH EAST,Escitalopram,28955.0,46056.61,43758.6607
2022-07,SOUTH EAST,Citalopram hydrochloride,1038.0,10840.47,10148.64456
2022-07,SOUTH EAST,Vortioxetine,5364.0,137153.61,128480.36011
2022-07,SOUTH EAST,Flupentixol hydrochloride,1123.0,3761.49,3612.93566
2022-07,SOUTH EAST,Oxitriptan,1.0,28.11,26.3963
2022-07,SOUTH EAST,Tryptophan,18.0,2549.01,2403.93012
2022-07,SOUTH EAST,Reboxetine,248.0,4947.56,4645.69246
2022-07,SOUTH EAST,Venlafaxine,63220.0,565418.96,531892.30054
2022-07,SOUTH EAST,Mirtazapine,122871.0,153208.63,148245.18267
2022-07,SOUTH EAST,Duloxetine hydrochloride,37378.0,302504.55,284129.3507
2022-07,SOUTH EAST,Agomelatine,635.0,14787.96,13853.43424
2022-07,SOUTH EAST,Bupropion hydrochloride,900.0,32065.45,30035.16684
2022-07,SOUTH WEST,Flupentixol hydrochloride,328.0,1958.98,1865.53855
2022-07,SOUTH WEST,Flupentixol decanoate,369.0,5492.08,5144.4635
2022-07,SOUTH WEST,Amitriptyline hydrochloride,141144.0,209442.06,199350.77576
2022-07,SOUTH WEST,Clomipramine hydrochloride,1817.0,30960.16,29014.6719
2022-07,SOUTH WEST,Dosulepin hydrochloride,3370.0,30493.41,28610.08735
2022-07,SOUTH WEST,Doxepin,219.0,43190.75,40393.19087
2022-07,SOUTH WEST,Imipramine hydrochloride,1123.0,6212.42,5845.25636
2022-07,SOUTH WEST,Lofepramine hydrochloride,1214.0,19569.13,18377.85184
2022-07,SOUTH WEST,Mianserin hydrochloride,8.0,774.83,724.79412
2022-07,SOUTH WEST,Nortriptyline,5797.0,20850.84,20030.0462
2022-07,SOUTH WEST,Trazodone hydrochloride,8824.0,32521.94,31077.02821
2022-07,SOUTH WEST,Trimipramine maleate,132.0,46639.5,43614.68376
2022-07,SOUTH WEST,Isocarboxazid,24.0,7597.57,7105.47139
2022-07,SOUTH WEST,Moclobemide,71.0,2044.57,1916.25511
2022-07,SOUTH WEST,Phenelzine sulfate,51.0,37150.73,34761.16228
2022-07,SOUTH WEST,Tranylcypromine sulfate,42.0,69722.03,65193.67926
2022-07,SOUTH WEST,Citalopram hydrobromide,126052.0,497875.72,468329.01198
2022-07,SOUTH WEST,Fluoxetine hydrochloride,56524.0,213651.39,202931.74218
2022-07,SOUTH WEST,Fluvoxamine maleate,184.0,4155.23,3899.14005
2022-07,SOUTH WEST,Paroxetine hydrochloride,10267.0,29420.29,28116.68899
2022-07,SOUTH WEST,Sertraline hydrochloride,174343.0,261140.25,248608.14514
2022-07,SOUTH WEST,Escitalopram,14950.0,22634.92,21540.04302
2022-07,SOUTH WEST,Citalopram hydrochloride,552.0,5580.3,5224.23715
2022-07,SOUTH WEST,Vortioxetine,1424.0,35829.09,33567.55431
2022-07,SOUTH WEST,Flupentixol hydrochloride,970.0,2965.33,2855.21572
2022-07,SOUTH WEST,Reboxetine,244.0,4393.45,4128.73031
2022-07,SOUTH WEST,Venlafaxine,51657.0,402279.27,378627.07937
2022-07,SOUTH WEST,Mirtazapine,101400.0,117196.35,113954.19227
2022-07,SOUTH WEST,Duloxetine hydrochloride,29131.0,213153.07,200367.46807
2022-07,SOUTH WEST,Agomelatine,208.0,4641.6,4349.87398
2022-07,SOUTH WEST,Bupropion hydrochloride,546.0,21131.45,19783.80675
2022-07,UNIDENTIFIED,Flupentixol hydrochloride,2.0,19.49,18.44868
2022-07,UNIDENTIFIED,Amitriptyline hydrochloride,116.0,142.04,135.2387
2022-07,UNIDENTIFIED,Clomipramine hydrochloride,2.0,31.98,30.02729
2022-07,UNIDENTIFIED,Dosulepin hydrochloride,1.0,2.06,1.93858
2022-07,UNIDENTIFIED,Mianserin hydrochloride,1.0,74.72,69.87838
2022-07,UNIDENTIFIED,Nortriptyline,7.0,13.01,12.75163
2022-07,UNIDENTIFIED,Trazodone hydrochloride,9.0,31.47,29.53722
2022-07,UNIDENTIFIED,Trimipramine maleate,3.0,358.37,335.4265
2022-07,UNIDENTIFIED,Citalopram hydrobromide,125.0,457.83,431.53811
2022-07,UNIDENTIFIED,Fluoxetine hydrochloride,67.0,453.67,430.00436
2022-07,UNIDENTIFIED,Fluvoxamine maleate,1.0,31.92,29.95879
2022-07,UNIDENTIFIED,Paroxetine hydrochloride,6.0,23.03,22.00831
2022-07,UNIDENTIFIED,Sertraline hydrochloride,220.0,465.78,442.31243
2022-07,UNIDENTIFIED,Escitalopram,25.0,26.15,25.54883
2022-07,UNIDENTIFIED,Citalopram hydrochloride,2.0,15.98,14.9667
2022-07,UNIDENTIFIED,Vortioxetine,18.0,277.2,260.51553
2022-07,UNIDENTIFIED,Flupentixol hydrochloride,1.0,2.27,2.23493
2022-07,UNIDENTIFIED,Tryptophan,2.0,82.66,77.51498
2022-07,UNIDENTIFIED,Venlafaxine,83.0,1402.22,1317.25713
2022-07,UNIDENTIFIED,Mirtazapine,187.0,427.66,408.69683
2022-07,UNIDENTIFIED,Duloxetine hydrochloride,81.0,670.07,628.84482
2022-07,UNIDENTIFIED,Agomelatine,2.0,49.32,46.14084
2022-07,UNIDENTIFIED,Bupropion hydrochloride,2.0,51.5,48.27922
2022-08,EAST OF ENGLAND,Flupentixol hydrochloride,238.0,1561.15,1483.60021
2022-08,EAST OF ENGLAND,Flupentixol decanoate,288.0,3984.05,3731.78843
2022-08,EAST OF ENGLAND,Amitriptyline hydrochloride,165154.0,224798.73,213686.56272
2022-08,EAST OF ENGLAND,Clomipramine hydrochloride,2915.0,40288.76,37753.48931
2022-08,EAST OF ENGLAND,Dosulepin hydrochloride,4223.0,45742.01,42856.12316
2022-08,EAST OF ENGLAND,Doxepin,177.0,37175.28,34746.04619
2022-08,EAST OF ENGLAND,Imipramine hydrochloride,1140.0,6398.54,6006.44421
2022-08,EAST OF ENGLAND,Lofepramine hydrochloride,1190.0,16464.93,15467.61935
2022-08,EAST OF ENGLAND,Mianserin hydrochloride,11.0,541.25,505.94471
2022-08,EAST OF ENGLAND,Nortriptyline,8644.0,37935.67,36210.41307
2022-08,EAST OF ENGLAND,Trazodone hydrochloride,7750.0,29228.01,27928.75142
2022-08,EAST OF ENGLAND,Trimipramine maleate,192.0,76434.74,71436.44698
2022-08,EAST OF ENGLAND,Isocarboxazid,21.0,9581.46,8955.39705
2022-08,EAST OF ENGLAND,Moclobemide,91.0,3023.84,2831.8338
2022-08,EAST OF ENGLAND,Phenelzine sulfate,66.0,10137.75,9556.23114
2022-08,EAST OF ENGLAND,Tranylcypromine sulfate,30.0,28376.52,26520.18827
2022-08,EAST OF ENGLAND,Citalopram hydrobromide,173010.0,522842.12,492110.70148
2022-08,EAST OF ENGLAND,Fluoxetine hydrochloride,71590.0,278454.61,263636.84101
2022-08,EAST OF ENGLAND,Fluvoxamine maleate,267.0,6174.74,5786.05429
2022-08,EAST OF ENGLAND,Paroxetine hydrochloride,13770.0,43879.88,41679.19906
2022-08,EAST OF ENGLAND,Sertraline hydrochloride,211042.0,302287.96,287511.21543
2022-08,EAST OF ENGLAND,Escitalopram,16511.0,30495.34,28870.03417
2022-08,EAST OF ENGLAND,Citalopram hydrochloride,806.0,7865.73,7360.25247
2022-08,EAST OF ENGLAND,Vortioxetine,2942.0,71658.18,67081.74642
2022-08,EAST OF ENGLAND,Flupentixol hydrochloride,1657.0,4716.69,4543.56775
2022-08,EAST OF ENGLAND,Tryptophan,1.0,425.44,412.60382
2022-08,EAST OF ENGLAND,Reboxetine,174.0,3155.99,2962.2758
2022-08,EAST OF ENGLAND,Venlafaxine,65682.0,434737.42,409117.01934
2022-08,EAST OF ENGLAND,Mirtazapine,99823.0,110917.71,107617.25478
2022-08,EAST OF ENGLAND,Duloxetine hydrochloride,29451.0,219843.42,206403.21445
2022-08,EAST OF ENGLAND,Agomelatine,175.0,4283.58,4010.19358
2022-08,EAST OF ENGLAND,Bupropion hydrochloride,786.0,27610.48,25840.61043
2022-08,LONDON,Flupentixol hydrochloride,538.0,2668.73,2554.2108
2022-08,LONDON,Flupentixol decanoate,498.0,15535.17,14544.80073
2022-08,LONDON,Amitriptyline hydrochloride,109678.0,135334.95,131533.23131
2022-08,LONDON,Clomipramine hydrochloride,1801.0,29996.79,28114.38401
2022-08,LONDON,Dosulepin hydrochloride,2862.0,31756.5,29827.36074
2022-08,LONDON,Doxepin,210.0,46050.39,43047.51331
2022-08,LONDON,Imipramine hydrochloride,839.0,4145.16,3918.32817
2022-08,LONDON,Lofepramine hydrochloride,1123.0,17614.22,16551.24826
2022-08,LONDON,Mianserin hydrochloride,11.0,482.83,451.76117
2022-08,LONDON,Nortriptyline,7536.0,27760.49,26698.28317
2022-08,LONDON,Trazodone hydrochloride,5269.0,19187.65,18378.99506
2022-08,LONDON,Trimipramine maleate,284.0,118136.69,110416.88392
2022-08,LONDON,Isocarboxazid,18.0,4635.08,4333.19872
2022-08,LONDON,Moclobemide,76.0,2753.53,2578.23099
2022-08,LONDON,Phenelzine sulfate,35.0,9038.4,8449.7956
2022-08,LONDON,Tranylcypromine sulfate,33.0,52333.84,48908.86466
2022-08,LONDON,Citalopram hydrobromide,108488.0,338285.72,320654.04186
2022-08,LONDON,Fluoxetine hydrochloride,48481.0,192733.91,183547.82454
2022-08,LONDON,Fluvoxamine maleate,347.0,9127.17,8556.12362
2022-08,LONDON,Paroxetine hydrochloride,11501.0,35595.45,34139.7478
2022-08,LONDON,Sertraline hydrochloride,173729.0,266714.57,256656.50014
2022-08,LONDON,Escitalopram,15707.0,36733.09,34838.86333
2022-08,LONDON,Citalopram hydrochloride,425.0,4828.55,4517.75173
2022-08,LONDON,Vortioxetine,2453.0,64864.8,60743.27884
2022-08,LONDON,Flupentixol hydrochloride,841.0,2161.92,2099.4329
2022-08,LONDON,Oxitriptan,1.0,22.59,21.1237
2022-08,LONDON,Tryptophan,10.0,1442.0,1348.53312
2022-08,LONDON,Reboxetine,147.0,2506.44,2354.79547
2022-08,LONDON,Venlafaxine,41748.0,316587.76,298907.93964
2022-08,LONDON,Mirtazapine,106257.0,106243.01,105935.02386
2022-08,LONDON,Duloxetine hydrochloride,23475.0,154659.23,145976.47629
2022-08,LONDON,Agomelatine,382.0,9521.52,8916.89402
2022-08,LONDON,Bupropion hydrochloride,1285.0,49545.29,46378.9725
2022-08,MIDLANDS,Flupentixol hydrochloride,448.0,3052.76,2901.84955
2022-08,MIDLANDS,Flupentixol decanoate,539.0,12881.27,12074.83212
2022-08,MIDLANDS,Amitriptyline hydrochloride,260267.0,357789.88,340016.13329
2022-08,MIDLANDS,Clomipramine hydrochloride,3330.0,56299.81,52713.58738
2022-08,MIDLANDS,Dosulepin hydrochloride,6598.0,79200.21,74179.90679
2022-08,MIDLANDS,Doxepin,262.0,50890.83,47565.16582
2022-08,MIDLANDS,Imipramine hydrochloride,1996.0,14793.92,13867.15369
2022-08,MIDLANDS,Lofepramine hydrochloride,2654.0,42801.37,40178.83105
2022-08,MIDLANDS,Mianserin hydrochloride,15.0,1572.2,1469.47247
2022-08,MIDLANDS,Nortriptyline,12021.0,53654.76,51278.59847
2022-08,MIDLANDS,Trazodone hydrochloride,12540.0,49303.65,47016.55483
2022-08,MIDLANDS,Trimipramine maleate,215.0,80312.6,75063.00443
2022-08,MIDLANDS,Isocarboxazid,23.0,8371.53,7825.02904
2022-08,MIDLANDS,Moclobemide,122.0,3715.62,3482.26583
2022-08,MIDLANDS,Phenelzine sulfate,44.0,5762.22,5389.25559
2022-08,MIDLANDS,Tranylcypromine sulfate,52.0,58214.41,54406.61329
2022-08,MIDLANDS,Citalopram hydrobromide,236160.0,767411.55,721740.90882
2022-08,MIDLANDS,Fluoxetine hydrochloride,119525.0,448017.0,425601.7745
2022-08,MIDLANDS,Fluvoxamine maleate,409.0,8654.71,8121.22403
2022-08,MIDLANDS,Paroxetine hydrochloride,20569.0,67615.18,64426.88106
2022-08,MIDLANDS,Sertraline hydrochloride,363358.0,524766.12,498633.67165
2022-08,MIDLANDS,Escitalopram,25209.0,47628.23,45068.3492
2022-08,MIDLANDS,Citalopram hydrochloride,1247.0,11891.34,11127.73482
2022-08,MIDLANDS,Vortioxetine,4625.0,107564.49,100723.90637
2022-08,MIDLANDS,Flupentixol hydrochloride,2396.0,7270.22,7013.3093
2022-08,MIDLANDS,Oxitriptan,1.0,70.95,103.39813
2022-08,MIDLANDS,Tryptophan,6.0,625.63,584.91452
2022-08,MIDLANDS,Reboxetine,303.0,5237.73,4917.5382
2022-08,MIDLANDS,Venlafaxine,87926.0,691820.97,650853.92146
2022-08,MIDLANDS,Mirtazapine,174766.0,207412.64,200197.88554
2022-08,MIDLANDS,Duloxetine hydrochloride,57588.0,457224.37,428995.63689
2022-08,MIDLANDS,Agomelatine,283.0,7288.6,6821.59791
2022-08,MIDLANDS,Bupropion hydrochloride,640.0,21083.46,19745.74871
2022-08,NORTH EAST AND YORKSHIRE,Flupentixol hydrochloride,723.0,3499.9,3351.20586
2022-08,NORTH EAST AND YORKSHIRE,Flupentixol decanoate,526.0,10656.55,9988.76974
2022-08,NORTH EAST AND YORKSHIRE,Amitriptyline hydrochloride,265550.0,341413.61,327842.15128
2022-08,NORTH EAST AND YORKSHIRE,Clomipramine hydrochloride,3559.0,49642.71,46563.65319
2022-08,NORTH EAST AND YORKSHIRE,Dosulepin hydrochloride,5475.0,57296.23,53753.9052
2022-08,NORTH EAST AND YORKSHIRE,Doxepin,369.0,69327.0,64803.98608
2022-08,NORTH EAST AND YORKSHIRE,Imipramine hydrochloride,1721.0,9442.85,8883.78277
2022-08,NORTH EAST AND YORKSHIRE,Lofepramine hydrochloride,2921.0,39613.46,37250.27017
2022-08,NORTH EAST AND YORKSHIRE,Mianserin hydrochloride,26.0,637.68,597.92378
2022-08,NORTH EAST AND YORKSHIRE,Nortriptyline,11705.0,40275.7,38810.43354
2022-08,NORTH EAST AND YORKSHIRE,Trazodone hydrochloride,39157.0,104288.73,100797.22081
2022-08,NORTH EAST AND YORKSHIRE,Trimipramine maleate,243.0,81175.29,75874.04424
2022-08,NORTH EAST AND YORKSHIRE,Isocarboxazid,8.0,2117.35,1979.35106
2022-08,NORTH EAST AND YORKSHIRE,Moclobemide,115.0,3460.86,3244.91917
2022-08,NORTH EAST AND YORKSHIRE,Phenelzine sulfate,61.0,7958.0,7443.2267
2022-08,NORTH EAST AND YORKSHIRE,Tranylcypromine sulfate,43.0,48436.64,45267.55556
2022-08,NORTH EAST AND YORKSHIRE,Citalopram hydrobromide,204569.0,613089.31,579071.30193
2022-08,NORTH EAST AND YORKSHIRE,Fluoxetine hydrochloride,142540.0,444845.71,426061.9361
2022-08,NORTH EAST AND YORKSHIRE,Fluvoxamine maleate,411.0,7762.41,7290.91853
2022-08,NORTH EAST AND YORKSHIRE,Paroxetine hydrochloride,19343.0,53418.02,51287.89955
2022-08,NORTH EAST AND YORKSHIRE,Sertraline hydrochloride,355848.0,450437.86,433065.79087
2022-08,NORTH EAST AND YORKSHIRE,Escitalopram,18703.0,32703.02,31216.16309
2022-08,NORTH EAST AND YORKSHIRE,Citalopram hydrochloride,907.0,8854.73,8286.07683
2022-08,NORTH EAST AND YORKSHIRE,Vortioxetine,3679.0,68955.48,64687.74186
2022-08,NORTH EAST AND YORKSHIRE,Flupentixol hydrochloride,2290.0,5702.06,5549.26519
2022-08,NORTH EAST AND YORKSHIRE,Tryptophan,8.0,566.88,530.5722
2022-08,NORTH EAST AND YORKSHIRE,Reboxetine,456.0,6333.33,5964.20375
2022-08,NORTH EAST AND YORKSHIRE,Venlafaxine,73717.0,523550.64,494418.71597
2022-08,NORTH EAST AND YORKSHIRE,Mirtazapine,204249.0,201564.07,199437.5133
2022-08,NORTH EAST AND YORKSHIRE,Duloxetine hydrochloride,69539.0,462925.1,435978.16514
2022-08,NORTH EAST AND YORKSHIRE,Agomelatine,378.0,5205.7,4895.70591
2022-08,NORTH EAST AND YORKSHIRE,Bupropion hydrochloride,576.0,21010.2,19664.85244
2022-08,NORTH WEST,Flupentixol hydrochloride,456.0,2720.69,2593.02796
2022-08,NORTH WEST,Flupentixol decanoate,465.0,10066.29,9445.40358
2022-08,NORTH WEST,Amitriptyline hydrochloride,174386.0,237572.54,226488.5643
2022-08,NORTH WEST,Clomipramine hydrochloride,2991.0,48060.89,45014.71215
2022-08,NORTH WEST,Dosulepin hydrochloride,4845.0,58102.02,54433.74413
2022-08,NORTH WEST,Doxepin,165.0,33029.37,30871.69477
2022-08,NORTH WEST,Imipramine hydrochloride,1049.0,6347.38,5961.17548
2022-08,NORTH WEST,Lofepramine hydrochloride,1322.0,22648.35,21264.56004
2022-08,NORTH WEST,Mianserin hydrochloride,8.0,298.69,279.33748
2022-08,NORTH WEST,Nortriptyline,12163.0,52571.56,50393.15977
2022-08,NORTH WEST,Trazodone hydrochloride,16034.0,69327.79,66141.62125
2022-08,NORTH WEST,Trimipramine maleate,164.0,59501.2,55612.26105
2022-08,NORTH WEST,Isocarboxazid,2.0,1743.7,1629.58515
2022-08,NORTH WEST,Moclobemide,63.0,2266.13,2123.36175
2022-08,NORTH WEST,Phenelzine sulfate,27.0,3940.8,3685.3767
2022-08,NORTH WEST,Tranylcypromine sulfate,14.0,21991.34,20552.08535
2022-08,NORTH WEST,Citalopram hydrobromide,159734.0,495566.02,466620.55808
2022-08,NORTH WEST,Fluoxetine hydrochloride,89860.0,316012.6,302423.8102
2022-08,NORTH WEST,Fluvoxamine maleate,243.0,5077.95,4767.86918
2022-08,NORTH WEST,Paroxetine hydrochloride,17038.0,51015.07,49025.64334
2022-08,NORTH WEST,Sertraline hydrochloride,296769.0,389831.08,372404.09921
2022-08,NORTH WEST,Escitalopram,18836.0,36028.63,34176.22798
2022-08,NORTH WEST,Citalopram hydrochloride,773.0,7862.53,7357.41067
2022-08,NORTH WEST,Vortioxetine,3656.0,80033.58,74981.66769
2022-08,NORTH WEST,Flupentixol hydrochloride,1471.0,4356.24,4213.76676
2022-08,NORTH WEST,Tryptophan,4.0,1120.0,1046.83629
2022-08,NORTH WEST,Reboxetine,268.0,4411.54,4148.36647
2022-08,NORTH WEST,Venlafaxine,75153.0,533658.44,503210.74421
2022-08,NORTH WEST,Mirtazapine,175533.0,186317.86,181930.7548
2022-08,NORTH WEST,Duloxetine hydrochloride,48974.0,364504.64,342359.60277
2022-08,NORTH WEST,Agomelatine,155.0,2928.04,2744.37255
2022-08,NORTH WEST,Bupropion hydrochloride,838.0,27782.46,26012.5962
2022-08,SOUTH EAST,Flupentixol hydrochloride,272.0,1690.58,1609.67803
2022-08,SOUTH EAST,Flupentixol decanoate,457.0,8216.88,7700.60521
2022-08,SOUTH EAST,Amitriptyline hydrochloride,160161.0,256939.86,244059.15416
2022-08,SOUTH EAST,Clomipramine hydrochloride,2535.0,46345.84,43391.50549
2022-08,SOUTH EAST,Dosulepin hydrochloride,4734.0,60688.75,56841.88503
2022-08,SOUTH EAST,Doxepin,193.0,44134.0,41250.14458
2022-08,SOUTH EAST,Imipramine hydrochloride,1672.0,14224.98,13337.36965
2022-08,SOUTH EAST,Lofepramine hydrochloride,1258.0,21457.26,20133.59794
2022-08,SOUTH EAST,Mianserin hydrochloride,15.0,1019.08,952.75877
2022-08,SOUTH EAST,Nortriptyline,10019.0,48889.27,46596.96341
2022-08,SOUTH EAST,Trazodone hydrochloride,14098.0,56372.27,53780.21323
2022-08,SOUTH EAST,Trimipramine maleate,337.0,141407.97,132163.08611
2022-08,SOUTH EAST,Isocarboxazid,7.0,2522.14,2357.53179
2022-08,SOUTH EAST,Moclobemide,127.0,5703.31,5339.1938
2022-08,SOUTH EAST,Phenelzine sulfate,92.0,23851.76,22342.16772
2022-08,SOUTH EAST,Tranylcypromine sulfate,114.0,139971.26,130814.45475
2022-08,SOUTH EAST,Citalopram hydrobromide,168273.0,604997.54,569120.54654
2022-08,SOUTH EAST,Fluoxetine hydrochloride,78974.0,337140.54,319837.82277
2022-08,SOUTH EAST,Fluvoxamine maleate,296.0,7527.28,7054.25452
2022-08,SOUTH EAST,Paroxetine hydrochloride,14206.0,51618.47,49127.75393
2022-08,SOUTH EAST,Sertraline hydrochloride,252627.0,421390.91,400007.89706
2022-08,SOUTH EAST,Escitalopram,29444.0,62672.1,59289.27765
2022-08,SOUTH EAST,Citalopram hydrochloride,1066.0,10736.23,10046.33897
2022-08,SOUTH EAST,Vortioxetine,5592.0,143699.49,134540.12021
2022-08,SOUTH EAST,Flupentixol hydrochloride,1179.0,3811.76,3658.69729
2022-08,SOUTH EAST,Oxitriptan,2.0,56.22,72.76473
2022-08,SOUTH EAST,Tryptophan,5.0,335.67,353.85961
2022-08,SOUTH EAST,Reboxetine,233.0,4455.83,4183.18686
2022-08,SOUTH EAST,Venlafaxine,65742.0,588702.63,553555.96801
2022-08,SOUTH EAST,Mirtazapine,127029.0,158082.53,152919.2033
2022-08,SOUTH EAST,Duloxetine hydrochloride,38702.0,328318.33,308181.2514
2022-08,SOUTH EAST,Agomelatine,640.0,15473.28,14485.02702
2022-08,SOUTH EAST,Bupropion hydrochloride,926.0,32973.03,30870.01932
2022-08,SOUTH WEST,Flupentixol hydrochloride,346.0,2108.4,2006.75494
2022-08,SOUTH WEST,Flupentixol decanoate,384.0,5911.91,5532.95397
2022-08,SOUTH WEST,Amitriptyline hydrochloride,145634.0,215222.18,204740.08828
2022-08,SOUTH WEST,Clomipramine hydrochloride,1827.0,31041.41,29074.24692
2022-08,SOUTH WEST,Dosulepin hydrochloride,3442.0,42981.99,40270.90565
2022-08,SOUTH WEST,Doxepin,213.0,41386.68,38685.00902
2022-08,SOUTH WEST,Imipramine hydrochloride,1185.0,5373.44,5058.6087
2022-08,SOUTH WEST,Lofepramine hydrochloride,1220.0,18649.4,17506.77862
2022-08,SOUTH WEST,Mianserin hydrochloride,4.0,502.46,469.81943
2022-08,SOUTH WEST,Nortriptyline,5935.0,22762.56,21813.62238
2022-08,SOUTH WEST,Trazodone hydrochloride,9040.0,34487.43,32920.81635
2022-08,SOUTH WEST,Trimipramine maleate,135.0,49913.02,46650.13668
2022-08,SOUTH WEST,Isocarboxazid,40.0,8416.04,7868.48668
2022-08,SOUTH WEST,Moclobemide,87.0,2856.74,2675.14703
2022-08,SOUTH WEST,Phenelzine sulfate,37.0,4802.6,4511.6391
2022-08,SOUTH WEST,Tranylcypromine sulfate,44.0,68061.81,63608.39518
2022-08,SOUTH WEST,Citalopram hydrobromide,132617.0,460687.29,433466.94356
2022-08,SOUTH WEST,Fluoxetine hydrochloride,57780.0,214798.14,203986.88862
2022-08,SOUTH WEST,Fluvoxamine maleate,193.0,4608.88,4321.64726
2022-08,SOUTH WEST,Paroxetine hydrochloride,10610.0,36654.64,34890.54416
2022-08,SOUTH WEST,Sertraline hydrochloride,178602.0,270409.77,257283.53475
2022-08,SOUTH WEST,Escitalopram,15788.0,31333.2,29677.27489
2022-08,SOUTH WEST,Citalopram hydrochloride,608.0,6054.54,5665.38769
2022-08,SOUTH WEST,Vortioxetine,1400.0,34907.4,32685.07043
2022-08,SOUTH WEST,Flupentixol hydrochloride,1033.0,3055.91,2944.08025
2022-08,SOUTH WEST,Reboxetine,231.0,3929.83,3691.93193
2022-08,SOUTH WEST,Venlafaxine,53439.0,418420.54,393573.88824
2022-08,SOUTH WEST,Mirtazapine,104949.0,120754.26,117329.11821
2022-08,SOUTH WEST,Duloxetine hydrochloride,30231.0,236418.62,222031.96806
2022-08,SOUTH WEST,Agomelatine,232.0,5214.14,4883.52114
2022-08,SOUTH WEST,Bupropion hydrochloride,489.0,18541.64,17350.70388
2022-08,UNIDENTIFIED,Flupentixol decanoate,1.0,25.39,23.74041
2022-08,UNIDENTIFIED,Amitriptyline hydrochloride,184.0,225.6,215.61422
2022-08,UNIDENTIFIED,Clomipramine hydrochloride,2.0,9.48,8.88425
2022-08,UNIDENTIFIED,Imipramine hydrochloride,2.0,9.66,9.25247
2022-08,UNIDENTIFIED,Lofepramine hydrochloride,1.0,13.72,12.83431
2022-08,UNIDENTIFIED,Nortriptyline,15.0,25.38,25.10466
2022-08,UNIDENTIFIED,Trazodone hydrochloride,30.0,126.74,121.00342
2022-08,UNIDENTIFIED,Trimipramine maleate,1.0,268.77,251.28917
2022-08,UNIDENTIFIED,Citalopram hydrobromide,175.0,545.68,514.5307
2022-08,UNIDENTIFIED,Fluoxetine hydrochloride,98.0,602.53,571.3922
2022-08,UNIDENTIFIED,Fluvoxamine maleate,1.0,7.98,7.57004
2022-08,UNIDENTIFIED,Paroxetine hydrochloride,11.0,143.59,134.82724
2022-08,UNIDENTIFIED,Sertraline hydrochloride,317.0,665.98,632.35487
2022-08,UNIDENTIFIED,Escitalopram,17.0,27.57,26.27611
2022-08,UNIDENTIFIED,Vortioxetine,16.0,323.73,303.73758
2022-08,UNIDENTIFIED,Flupentixol hydrochloride,5.0,24.02,23.00969
2022-08,UNIDENTIFIED,Tryptophan,1.0,41.33,38.73701
2022-08,UNIDENTIFIED,Venlafaxine,111.0,806.34,761.73477
2022-08,UNIDENTIFIED,Mirtazapine,243.0,275.53,268.50746
2022-08,UNIDENTIFIED,Duloxetine hydrochloride,102.0,816.81,766.60781
2022-08,UNIDENTIFIED,Agomelatine,5.0,129.92,121.47765
2022-08,UNIDENTIFIED,Bupropion hydrochloride,5.0,222.73,208.51247
2022-09,EAST OF ENGLAND,Flupentixol hydrochloride,229.0,1502.83,1427.34367
2022-09,EAST OF ENGLAND,Flupentixol decanoate,299.0,3809.21,3568.59347
2022-09,EAST OF ENGLAND,Amitriptyline hydrochloride,164788.0,221276.13,210387.83944
2022-09,EAST OF ENGLAND,Clomipramine hydrochloride,2788.0,38598.84,36177.20901
2022-09,EAST OF ENGLAND,Dosulepin hydrochloride,4066.0,48844.46,45759.70917
2022-09,EAST OF ENGLAND,Doxepin,178.0,37410.1,34971.21547
2022-09,EAST OF ENGLAND,Imipramine hydrochloride,1152.0,7049.17,6614.54345
2022-09,EAST OF ENGLAND,Lofepramine hydrochloride,1196.0,16615.01,15610.80349
2022-09,EAST OF ENGLAND,Mianserin hydrochloride,11.0,467.06,436.68788
2022-09,EAST OF ENGLAND,Nortriptyline,8718.0,37644.32,35948.52314
2022-09,EAST OF ENGLAND,Trazodone hydrochloride,7531.0,29164.67,27851.4136
2022-09,EAST OF ENGLAND,Trimipramine maleate,158.0,61076.65,57092.07166
2022-09,EAST OF ENGLAND,Isocarboxazid,16.0,7143.83,6677.99052
2022-09,EAST OF ENGLAND,Moclobemide,85.0,2763.18,2587.9428
2022-09,EAST OF ENGLAND,Phenelzine sulfate,68.0,10703.49,10079.43964
2022-09,EAST OF ENGLAND,Tranylcypromine sulfate,41.0,37873.58,35401.4212
2022-09,EAST OF ENGLAND,Citalopram hydrobromide,170819.0,480727.53,452757.09977
2022-09,EAST OF ENGLAND,Fluoxetine hydrochloride,71804.0,289184.35,273650.57444
2022-09,EAST OF ENGLAND,Fluvoxamine maleate,248.0,5602.8,5250.34012
2022-09,EAST OF ENGLAND,Paroxetine hydrochloride,13818.0,41985.59,39914.18158
2022-09,EAST OF ENGLAND,Sertraline hydrochloride,212835.0,310293.09,294989.17246
2022-09,EAST OF ENGLAND,Escitalopram,16416.0,35327.43,33383.53349
2022-09,EAST OF ENGLAND,Citalopram hydrochloride,821.0,7947.72,7438.24374
2022-09,EAST OF ENGLAND,Vortioxetine,2992.0,72362.07,67754.03589
2022-09,EAST OF ENGLAND,Flupentixol hydrochloride,1590.0,4496.92,4334.95883
2022-09,EAST OF ENGLAND,Tryptophan,4.0,505.84,472.93552
2022-09,EAST OF ENGLAND,Reboxetine,170.0,3284.32,3081.7964
2022-09,EAST OF ENGLAND,Venlafaxine,65745.0,443488.11,417322.43124
2022-09,EAST OF ENGLAND,Mirtazapine,99963.0,112961.6,109508.42345
2022-09,EAST OF ENGLAND,Duloxetine hydrochloride,29363.0,201901.85,189643.49973
2022-09,EAST OF ENGLAND,Agomelatine,170.0,3743.36,3505.12685
2022-09,EAST OF ENGLAND,Bupropion hydrochloride,828.0,28637.79,26807.12094
2022-09,LONDON,Flupentixol hydrochloride,488.0,2451.66,2345.96766
2022-09,LONDON,Flupentixol decanoate,541.0,13277.35,12458.82862
2022-09,LONDON,Amitriptyline hydrochloride,111160.0,137990.07,133998.15446
2022-09,LONDON,Clomipramine hydrochloride,1836.0,29615.01,27771.01215
2022-09,LONDON,Dosulepin hydrochloride,2907.0,35394.82,33238.56332
2022-09,LONDON,Doxepin,191.0,39275.52,36719.9955
2022-09,LONDON,Imipramine hydrochloride,862.0,4296.29,4061.54299
2022-09,LONDON,Lofepramine hydrochloride,1139.0,16400.92,15421.72876
2022-09,LONDON,Mianserin hydrochloride,9.0,557.48,521.47679
2022-09,LONDON,Nortriptyline,7664.0,27483.54,26456.22775
2022-09,LONDON,Trazodone hydrochloride,5312.0,19712.15,18876.01424
2022-09,LONDON,Trimipramine maleate,278.0,117146.21,109505.51935
2022-09,LONDON,Isocarboxazid,9.0,2321.99,2171.02828
2022-09,LONDON,Moclobemide,86.0,2733.59,2561.59722
2022-09,LONDON,Phenelzine sulfate,44.0,6582.42,6156.2992
2022-09,LONDON,Tranylcypromine sulfate,43.0,80148.64,74914.33154
2022-09,LONDON,Citalopram hydrobromide,107558.0,315102.5,298988.73528
2022-09,LONDON,Fluoxetine hydrochloride,49111.0,203226.43,193419.73371
2022-09,LONDON,Fluvoxamine maleate,337.0,8458.04,7931.33632
2022-09,LONDON,Paroxetine hydrochloride,11500.0,35831.03,34362.23473
2022-09,LONDON,Sertraline hydrochloride,176484.0,274969.94,264441.08474
2022-09,LONDON,Escitalopram,15855.0,41645.52,39441.91707
2022-09,LONDON,Citalopram hydrochloride,430.0,4564.51,4271.68637
2022-09,LONDON,Vortioxetine,2433.0,65900.34,61716.17507
2022-09,LONDON,Flupentixol hydrochloride,826.0,2178.45,2113.49518
2022-09,LONDON,Oxitriptan,1.0,22.59,21.12681
2022-09,LONDON,Tryptophan,6.0,336.0,314.62673
2022-09,LONDON,Reboxetine,126.0,2119.77,1992.16808
2022-09,LONDON,Venlafaxine,41561.0,331089.87,312462.6995
2022-09,LONDON,Mirtazapine,105706.0,110025.14,109332.59283
2022-09,LONDON,Duloxetine hydrochloride,23753.0,144918.31,136881.80065
2022-09,LONDON,Agomelatine,352.0,8758.21,8204.28464
2022-09,LONDON,Bupropion hydrochloride,1368.0,54241.27,50779.17168
2022-09,MIDLANDS,Flupentixol hydrochloride,475.0,3260.13,3099.32955
2022-09,MIDLANDS,Flupentixol decanoate,482.0,10533.24,9877.72016
2022-09,MIDLANDS,Amitriptyline hydrochloride,258894.0,360503.02,342530.48622
2022-09,MIDLANDS,Clomipramine hydrochloride,3373.0,57243.11,53603.0282
2022-09,MIDLANDS,Dosulepin hydrochloride,6495.0,86928.3,81410.48896
2022-09,MIDLANDS,Doxepin,237.0,47681.62,44571.51564
2022-09,MIDLANDS,Imipramine hydrochloride,1997.0,16048.74,15043.67212
2022-09,MIDLANDS,Lofepramine hydrochloride,2590.0,43027.55,40389.76906
2022-09,MIDLANDS,Mianserin hydrochloride,12.0,951.72,889.68969
2022-09,MIDLANDS,Nortriptyline,12103.0,53669.4,51309.75297
2022-09,MIDLANDS,Trazodone hydrochloride,12432.0,45631.92,43580.47985
2022-09,MIDLANDS,Trimipramine maleate,223.0,88379.73,82613.98538
2022-09,MIDLANDS,Isocarboxazid,25.0,9963.99,9314.33571
2022-09,MIDLANDS,Moclobemide,128.0,4740.31,4439.93426
2022-09,MIDLANDS,Phenelzine sulfate,60.0,8624.5,8066.53854
2022-09,MIDLANDS,Tranylcypromine sulfate,45.0,53096.08,49630.16813
2022-09,MIDLANDS,Citalopram hydrobromide,232435.0,706495.95,664815.42937
2022-09,MIDLANDS,Fluoxetine hydrochloride,118776.0,455807.32,432845.42883
2022-09,MIDLANDS,Fluvoxamine maleate,401.0,8960.31,8406.64342
2022-09,MIDLANDS,Paroxetine hydrochloride,20593.0,65578.66,62543.8577
2022-09,MIDLANDS,Sertraline hydrochloride,363738.0,530069.58,503743.97897
2022-09,MIDLANDS,Escitalopram,25009.0,54754.59,51732.7042
2022-09,MIDLANDS,Citalopram hydrochloride,1299.0,12424.58,11628.40225
2022-09,MIDLANDS,Vortioxetine,4640.0,109816.74,102841.18449
2022-09,MIDLANDS,Flupentixol hydrochloride,2369.0,7216.08,6957.37425
2022-09,MIDLANDS,Oxitriptan,2.0,42.16,39.63089
2022-09,MIDLANDS,Tryptophan,12.0,915.42,856.52359
2022-09,MIDLANDS,Reboxetine,301.0,5121.13,4810.15198
2022-09,MIDLANDS,Venlafaxine,86802.0,721708.21,678718.44598
2022-09,MIDLANDS,Mirtazapine,174352.0,208114.91,200826.18991
2022-09,MIDLANDS,Duloxetine hydrochloride,57440.0,421534.62,395696.05144
2022-09,MIDLANDS,Agomelatine,277.0,6999.22,6552.05105
2022-09,MIDLANDS,Bupropion hydrochloride,592.0,19177.7,17965.21181
2022-09,NORTH EAST AND YORKSHIRE,Flupentixol hydrochloride,709.0,3418.98,3273.8431
2022-09,NORTH EAST AND YORKSHIRE,Flupentixol decanoate,512.0,9890.26,9272.0423
2022-09,NORTH EAST AND YORKSHIRE,Amitriptyline hydrochloride,263600.0,340284.46,326738.82837
2022-09,NORTH EAST AND YORKSHIRE,Clomipramine hydrochloride,3395.0,48302.73,45306.67444
2022-09,NORTH EAST AND YORKSHIRE,Dosulepin hydrochloride,5157.0,59783.88,56076.24607
2022-09,NORTH EAST AND YORKSHIRE,Doxepin,366.0,62353.68,58296.61432
2022-09,NORTH EAST AND YORKSHIRE,Imipramine hydrochloride,1691.0,8153.5,7682.78397
2022-09,NORTH EAST AND YORKSHIRE,Lofepramine hydrochloride,2930.0,39133.08,36808.94239
2022-09,NORTH EAST AND YORKSHIRE,Mianserin hydrochloride,22.0,651.0,610.09962
2022-09,NORTH EAST AND YORKSHIRE,Nortriptyline,11799.0,41906.44,40346.95572
2022-09,NORTH EAST AND YORKSHIRE,Trazodone hydrochloride,38519.0,103469.5,99973.67852
2022-09,NORTH EAST AND YORKSHIRE,Trimipramine maleate,232.0,79816.09,74614.02269
2022-09,NORTH EAST AND YORKSHIRE,Isocarboxazid,7.0,2615.55,2445.288
2022-09,NORTH EAST AND YORKSHIRE,Moclobemide,121.0,4279.31,4009.25934
2022-09,NORTH EAST AND YORKSHIRE,Phenelzine sulfate,61.0,8507.6,7957.82409
2022-09,NORTH EAST AND YORKSHIRE,Tranylcypromine sulfate,45.0,55148.94,51548.02207
2022-09,NORTH EAST AND YORKSHIRE,Citalopram hydrobromide,199829.0,554729.46,524476.79585
2022-09,NORTH EAST AND YORKSHIRE,Fluoxetine hydrochloride,141816.0,453843.57,434420.62111
2022-09,NORTH EAST AND YORKSHIRE,Fluvoxamine maleate,404.0,7416.14,6967.28801
2022-09,NORTH EAST AND YORKSHIRE,Paroxetine hydrochloride,18963.0,50267.13,48319.26162
2022-09,NORTH EAST AND YORKSHIRE,Sertraline hydrochloride,354209.0,452079.86,434591.67465
2022-09,NORTH EAST AND YORKSHIRE,Escitalopram,18555.0,36985.22,35223.48502
2022-09,NORTH EAST AND YORKSHIRE,Citalopram hydrochloride,832.0,8008.2,7495.24436
2022-09,NORTH EAST AND YORKSHIRE,Vortioxetine,3705.0,68913.9,64659.13493
2022-09,NORTH EAST AND YORKSHIRE,Flupentixol hydrochloride,2292.0,5698.6,5547.29282
2022-09,NORTH EAST AND YORKSHIRE,Oxitriptan,1.0,13.24,12.48756
2022-09,NORTH EAST AND YORKSHIRE,Tryptophan,15.0,621.99,582.94737
2022-09,NORTH EAST AND YORKSHIRE,Reboxetine,476.0,6855.35,6453.98434
2022-09,NORTH EAST AND YORKSHIRE,Venlafaxine,72595.0,550490.9,519600.35927
2022-09,NORTH EAST AND YORKSHIRE,Mirtazapine,202160.0,199760.38,197612.89919
2022-09,NORTH EAST AND YORKSHIRE,Duloxetine hydrochloride,69545.0,423976.51,399634.70795
2022-09,NORTH EAST AND YORKSHIRE,Agomelatine,366.0,4976.79,4681.74239
2022-09,NORTH EAST AND YORKSHIRE,Bupropion hydrochloride,588.0,21664.43,20281.01832
2022-09,NORTH WEST,Flupentixol hydrochloride,422.0,2422.73,2311.48403
2022-09,NORTH WEST,Flupentixol decanoate,490.0,10404.42,9765.14471
2022-09,NORTH WEST,Amitriptyline hydrochloride,175098.0,239025.07,227871.64453
2022-09,NORTH WEST,Clomipramine hydrochloride,2943.0,48082.39,45040.91389
2022-09,NORTH WEST,Dosulepin hydrochloride,4730.0,62079.54,58153.28899
2022-09,NORTH WEST,Doxepin,195.0,45516.52,42547.79368
2022-09,NORTH WEST,Imipramine hydrochloride,1008.0,7572.88,7107.10403
2022-09,NORTH WEST,Lofepramine hydrochloride,1320.0,21253.16,19963.72714
2022-09,NORTH WEST,Mianserin hydrochloride,13.0,476.14,445.39956
2022-09,NORTH WEST,Nortriptyline,12069.0,52627.15,50442.14292
2022-09,NORTH WEST,Trazodone hydrochloride,16007.0,69859.55,66641.34938
2022-09,NORTH WEST,Trimipramine maleate,167.0,54451.57,50900.61739
2022-09,NORTH WEST,Isocarboxazid,2.0,1245.5,1164.16824
2022-09,NORTH WEST,Moclobemide,77.0,2969.94,2782.89706
2022-09,NORTH WEST,Phenelzine sulfate,30.0,3882.0,3651.29818
2022-09,NORTH WEST,Tranylcypromine sulfate,21.0,36029.48,33676.46772
2022-09,NORTH WEST,Citalopram hydrobromide,157570.0,455628.73,429287.0492
2022-09,NORTH WEST,Fluoxetine hydrochloride,89934.0,323283.85,309212.10789
2022-09,NORTH WEST,Fluvoxamine maleate,230.0,4774.41,4484.39561
2022-09,NORTH WEST,Paroxetine hydrochloride,16960.0,49585.95,47699.16411
2022-09,NORTH WEST,Sertraline hydrochloride,297207.0,395338.61,377566.09432
2022-09,NORTH WEST,Escitalopram,18844.0,41049.56,38867.70053
2022-09,NORTH WEST,Citalopram hydrochloride,718.0,7025.3,6575.23339
2022-09,NORTH WEST,Vortioxetine,3545.0,78753.51,73787.71163
2022-09,NORTH WEST,Flupentixol hydrochloride,1469.0,4359.93,4215.64179
2022-09,NORTH WEST,Tryptophan,6.0,1301.55,1217.00662
2022-09,NORTH WEST,Reboxetine,278.0,4404.64,4143.43685
2022-09,NORTH WEST,Venlafaxine,74234.0,549723.93,518254.88639
2022-09,NORTH WEST,Mirtazapine,175163.0,187897.53,183344.22692
2022-09,NORTH WEST,Duloxetine hydrochloride,49111.0,336733.3,316434.74996
2022-09,NORTH WEST,Agomelatine,171.0,3167.18,2969.96919
2022-09,NORTH WEST,Bupropion hydrochloride,758.0,24899.01,23317.94637
2022-09,SOUTH EAST,Flupentixol hydrochloride,243.0,1556.7,1481.81636
2022-09,SOUTH EAST,Flupentixol decanoate,445.0,8446.33,7910.76648
2022-09,SOUTH EAST,Amitriptyline hydrochloride,159459.0,250355.97,237897.48757
2022-09,SOUTH EAST,Clomipramine hydrochloride,2553.0,44903.71,42052.04141
2022-09,SOUTH EAST,Dosulepin hydrochloride,4717.0,68152.05,63825.51139
2022-09,SOUTH EAST,Doxepin,186.0,46790.17,43751.18792
2022-09,SOUTH EAST,Imipramine hydrochloride,1625.0,11779.2,11053.91328
2022-09,SOUTH EAST,Lofepramine hydrochloride,1214.0,20641.8,19373.29179
2022-09,SOUTH EAST,Mianserin hydrochloride,13.0,569.36,532.318
2022-09,SOUTH EAST,Nortriptyline,10090.0,49312.06,47011.05788
2022-09,SOUTH EAST,Trazodone hydrochloride,13801.0,56566.03,53935.43341
2022-09,SOUTH EAST,Trimipramine maleate,300.0,127139.89,118845.68171
2022-09,SOUTH EAST,Isocarboxazid,8.0,3269.44,3056.37805
2022-09,SOUTH EAST,Moclobemide,102.0,4078.96,3819.41111
2022-09,SOUTH EAST,Phenelzine sulfate,86.0,18957.89,17727.05729
2022-09,SOUTH EAST,Tranylcypromine sulfate,135.0,148797.68,139084.90441
2022-09,SOUTH EAST,Citalopram hydrobromide,165314.0,555125.14,522534.63284
2022-09,SOUTH EAST,Fluoxetine hydrochloride,78252.0,350989.14,332650.26489
2022-09,SOUTH EAST,Fluvoxamine maleate,306.0,7877.09,7383.31413
2022-09,SOUTH EAST,Paroxetine hydrochloride,13937.0,49042.7,46721.20047
2022-09,SOUTH EAST,Sertraline hydrochloride,252642.0,430268.89,408316.20437
2022-09,SOUTH EAST,Escitalopram,29484.0,72285.5,68263.8961
2022-09,SOUTH EAST,Citalopram hydrochloride,1111.0,11579.73,10836.59299
2022-09,SOUTH EAST,Vortioxetine,5408.0,139044.51,130202.99966
2022-09,SOUTH EAST,Flupentixol hydrochloride,1134.0,3480.21,3347.47184
2022-09,SOUTH EAST,Tryptophan,5.0,329.59,308.52305
2022-09,SOUTH EAST,Reboxetine,261.0,5057.13,4747.6968
2022-09,SOUTH EAST,Venlafaxine,64283.0,591497.21,556141.09782
2022-09,SOUTH EAST,Mirtazapine,126099.0,160613.79,155238.08844
2022-09,SOUTH EAST,Duloxetine hydrochloride,38726.0,303041.82,284583.34409
2022-09,SOUTH EAST,Agomelatine,644.0,15094.61,14134.13781
2022-09,SOUTH EAST,Bupropion hydrochloride,861.0,31633.17,29615.83345
2022-09,SOUTH WEST,Flupentixol hydrochloride,322.0,1827.29,1742.39935
2022-09,SOUTH WEST,Flupentixol decanoate,378.0,5685.95,5322.59368
2022-09,SOUTH WEST,Amitriptyline hydrochloride,144991.0,216788.55,206185.40469
2022-09,SOUTH WEST,Clomipramine hydrochloride,1815.0,31370.27,29383.24794
2022-09,SOUTH WEST,Dosulepin hydrochloride,3360.0,44510.91,41698.39255
2022-09,SOUTH WEST,Doxepin,211.0,41525.01,38820.5603
2022-09,SOUTH WEST,Imipramine hydrochloride,1209.0,5780.54,5440.26737
2022-09,SOUTH WEST,Lofepramine hydrochloride,1257.0,19192.45,18019.39994
2022-09,SOUTH WEST,Mianserin hydrochloride,9.0,826.85,773.25144
2022-09,SOUTH WEST,Nortriptyline,5938.0,23153.75,22184.79822
2022-09,SOUTH WEST,Trazodone hydrochloride,9060.0,33744.62,32249.99525
2022-09,SOUTH WEST,Trimipramine maleate,135.0,47172.26,44096.37487
2022-09,SOUTH WEST,Isocarboxazid,39.0,8625.13,8065.07939
2022-09,SOUTH WEST,Moclobemide,89.0,3060.41,2865.8196
2022-09,SOUTH WEST,Phenelzine sulfate,39.0,7460.8,6997.09148
2022-09,SOUTH WEST,Tranylcypromine sulfate,45.0,68092.42,63646.12867
2022-09,SOUTH WEST,Citalopram hydrobromide,129689.0,419955.97,395362.53481
2022-09,SOUTH WEST,Fluoxetine hydrochloride,57656.0,224072.13,212633.95259
2022-09,SOUTH WEST,Fluvoxamine maleate,175.0,4063.16,3810.07393
2022-09,SOUTH WEST,Paroxetine hydrochloride,10639.0,36468.06,34705.9732
2022-09,SOUTH WEST,Sertraline hydrochloride,178506.0,272084.7,258769.12743
2022-09,SOUTH WEST,Escitalopram,15493.0,35932.13,33974.58953
2022-09,SOUTH WEST,Citalopram hydrochloride,595.0,5953.08,5571.19121
2022-09,SOUTH WEST,Vortioxetine,1447.0,34880.67,32671.18189
2022-09,SOUTH WEST,Flupentixol hydrochloride,996.0,3120.61,3001.37872
2022-09,SOUTH WEST,Tryptophan,1.0,134.4,125.73334
2022-09,SOUTH WEST,Reboxetine,235.0,3887.88,3654.32595
2022-09,SOUTH WEST,Venlafaxine,52511.0,440686.25,414379.39299
2022-09,SOUTH WEST,Mirtazapine,103206.0,121097.97,117498.77697
2022-09,SOUTH WEST,Duloxetine hydrochloride,30213.0,215617.82,202603.62252
2022-09,SOUTH WEST,Agomelatine,240.0,4984.0,4670.91972
2022-09,SOUTH WEST,Bupropion hydrochloride,499.0,19781.83,18511.87852
2022-09,UNIDENTIFIED,Amitriptyline hydrochloride,128.0,168.12,160.01315
2022-09,UNIDENTIFIED,Lofepramine hydrochloride,1.0,6.86,6.5243
2022-09,UNIDENTIFIED,Nortriptyline,16.0,80.67,77.199
2022-09,UNIDENTIFIED,Trazodone hydrochloride,10.0,38.85,36.6115
2022-09,UNIDENTIFIED,Trimipramine maleate,2.0,537.54,502.65247
2022-09,UNIDENTIFIED,Citalopram hydrobromide,99.0,304.29,286.60405
2022-09,UNIDENTIFIED,Fluoxetine hydrochloride,71.0,322.74,307.40169
2022-09,UNIDENTIFIED,Paroxetine hydrochloride,4.0,11.86,11.1349
2022-09,UNIDENTIFIED,Sertraline hydrochloride,205.0,609.98,575.94147
2022-09,UNIDENTIFIED,Escitalopram,18.0,55.25,51.96425
2022-09,UNIDENTIFIED,Vortioxetine,6.0,152.46,142.67566
2022-09,UNIDENTIFIED,Flupentixol hydrochloride,6.0,35.16,33.42533
2022-09,UNIDENTIFIED,Reboxetine,1.0,18.91,17.68719
2022-09,UNIDENTIFIED,Venlafaxine,89.0,813.89,766.70518
2022-09,UNIDENTIFIED,Mirtazapine,188.0,347.61,332.61039
2022-09,UNIDENTIFIED,Duloxetine hydrochloride,67.0,520.01,488.07355
2022-09,UNIDENTIFIED,Agomelatine,5.0,148.65,139.10212
2022-09,UNIDENTIFIED,Bupropion hydrochloride,1.0,41.76,39.04462
2022-10,EAST OF ENGLAND,Flupentixol hydrochloride,248.0,1611.96,1530.96939
2022-10,EAST OF ENGLAND,Flupentixol decanoate,374.0,11184.23,10453.20719
2022-10,EAST OF ENGLAND,Amitriptyline hydrochloride,162865.0,226722.09,215213.28512
2022-10,EAST OF ENGLAND,Clomipramine hydrochloride,2756.0,36859.19,34516.84312
2022-10,EAST OF ENGLAND,Dosulepin hydrochloride,3911.0,53987.98,50517.00855
2022-10,EAST OF ENGLAND,Doxepin,161.0,33235.49,31039.69502
2022-10,EAST OF ENGLAND,Imipramine hydrochloride,1076.0,6036.95,5659.43447
2022-10,EAST OF ENGLAND,Lofepramine hydrochloride,1154.0,16972.93,15929.54076
2022-10,EAST OF ENGLAND,Mianserin hydrochloride,11.0,650.73,607.80097
2022-10,EAST OF ENGLAND,Nortriptyline,8527.0,33687.72,32204.394
2022-10,EAST OF ENGLAND,Trazodone hydrochloride,7494.0,29331.67,27986.24163
2022-10,EAST OF ENGLAND,Trimipramine maleate,165.0,63744.55,59530.94679
2022-10,EAST OF ENGLAND,Isocarboxazid,21.0,9617.04,8981.51813
2022-10,EAST OF ENGLAND,Moclobemide,92.0,2805.28,2626.61731
2022-10,EAST OF ENGLAND,Phenelzine sulfate,72.0,10167.8,9570.68592
2022-10,EAST OF ENGLAND,Tranylcypromine sulfate,31.0,32902.86,30726.48985
2022-10,EAST OF ENGLAND,Citalopram hydrobromide,167137.0,325301.38,307128.63823
2022-10,EAST OF ENGLAND,Fluoxetine hydrochloride,70300.0,266221.18,251880.96252
2022-10,EAST OF ENGLAND,Fluvoxamine maleate,258.0,6025.54,5641.62146
2022-10,EAST OF ENGLAND,Paroxetine hydrochloride,13609.0,40569.76,38546.35569
2022-10,EAST OF ENGLAND,Sertraline hydrochloride,209052.0,310802.88,295135.95733
2022-10,EAST OF ENGLAND,Escitalopram,16386.0,33914.54,32041.27657
2022-10,EAST OF ENGLAND,Citalopram hydrochloride,796.0,7793.59,7287.09605
2022-10,EAST OF ENGLAND,Vortioxetine,3016.0,74161.89,69369.28607
2022-10,EAST OF ENGLAND,Flupentixol hydrochloride,1571.0,4494.12,4327.36627
2022-10,EAST OF ENGLAND,Tryptophan,3.0,864.88,807.77929
2022-10,EAST OF ENGLAND,Reboxetine,178.0,3372.88,3163.24619
2022-10,EAST OF ENGLAND,Venlafaxine,64217.0,437815.21,411585.41634
2022-10,EAST OF ENGLAND,Mirtazapine,98391.0,110684.85,107344.40055
2022-10,EAST OF ENGLAND,Duloxetine hydrochloride,29054.0,170478.52,160112.90753
2022-10,EAST OF ENGLAND,Agomelatine,148.0,3722.26,3480.67009
2022-10,EAST OF ENGLAND,Bupropion hydrochloride,823.0,28505.47,26659.77394
2022-10,LONDON,Flupentixol hydrochloride,554.0,2729.09,2610.14774
2022-10,LONDON,Flupentixol decanoate,524.0,13742.37,12863.43135
2022-10,LONDON,Amitriptyline hydrochloride,110328.0,138316.75,134182.75808
2022-10,LONDON,Clomipramine hydrochloride,1857.0,28999.2,27169.35432
2022-10,LONDON,Dosulepin hydrochloride,2907.0,39153.37,36720.9396
2022-10,LONDON,Doxepin,187.0,32103.77,29990.15527
2022-10,LONDON,Imipramine hydrochloride,860.0,3967.57,3754.45923
2022-10,LONDON,Lofepramine hydrochloride,1130.0,17786.89,16702.26175
2022-10,LONDON,Mianserin hydrochloride,14.0,765.69,715.29011
2022-10,LONDON,Nortriptyline,7681.0,29432.31,28248.1202
2022-10,LONDON,Trazodone hydrochloride,5418.0,17252.91,16568.69481
2022-10,LONDON,Trimipramine maleate,270.0,112377.03,104952.64556
2022-10,LONDON,Isocarboxazid,16.0,4626.18,4321.21696
2022-10,LONDON,Moclobemide,88.0,3333.93,3119.68115
2022-10,LONDON,Phenelzine sulfate,43.0,8799.6,8220.97406
2022-10,LONDON,Tranylcypromine sulfate,34.0,68807.19,64254.13912
2022-10,LONDON,Citalopram hydrobromide,106981.0,216849.52,206983.2341
2022-10,LONDON,Fluoxetine hydrochloride,48676.0,186524.55,177645.21839
2022-10,LONDON,Fluvoxamine maleate,347.0,9079.56,8505.17586
2022-10,LONDON,Paroxetine hydrochloride,11597.0,35015.49,33587.68225
2022-10,LONDON,Sertraline hydrochloride,175106.0,276287.81,265431.3419
2022-10,LONDON,Escitalopram,16291.0,43212.07,40881.82556
2022-10,LONDON,Citalopram hydrochloride,420.0,4595.12,4296.22193
2022-10,LONDON,Vortioxetine,2510.0,69229.71,64771.00159
2022-10,LONDON,Flupentixol hydrochloride,748.0,1967.55,1906.3121
2022-10,LONDON,Oxitriptan,2.0,78.81,73.71914
2022-10,LONDON,Tryptophan,8.0,1022.0,955.06306
2022-10,LONDON,Reboxetine,143.0,2563.16,2406.00282
2022-10,LONDON,Venlafaxine,41932.0,343649.89,323949.08746
2022-10,LONDON,Mirtazapine,106378.0,107267.96,106758.71677
2022-10,LONDON,Duloxetine hydrochloride,24188.0,123711.69,117007.65739
2022-10,LONDON,Agomelatine,333.0,8251.7,7722.03002
2022-10,LONDON,Bupropion hydrochloride,1387.0,53844.54,50364.69863
2022-10,MIDLANDS,Flupentixol hydrochloride,434.0,3175.74,3013.32558
2022-10,MIDLANDS,Flupentixol decanoate,496.0,11047.95,10349.13491
2022-10,MIDLANDS,Amitriptyline hydrochloride,256065.0,362611.27,344110.26059
2022-10,MIDLANDS,Clomipramine hydrochloride,3212.0,52366.97,48995.67892
2022-10,MIDLANDS,Dosulepin hydrochloride,6332.0,95650.85,89476.92307
2022-10,MIDLANDS,Doxepin,250.0,45927.39,42893.00905
2022-10,MIDLANDS,Imipramine hydrochloride,1941.0,12274.54,11503.26778
2022-10,MIDLANDS,Lofepramine hydrochloride,2557.0,42364.23,39735.02318
2022-10,MIDLANDS,Mianserin hydrochloride,14.0,1249.79,1167.43986
2022-10,MIDLANDS,Nortriptyline,12084.0,54075.12,51642.16067
2022-10,MIDLANDS,Trazodone hydrochloride,12337.0,43171.14,41240.11398
2022-10,MIDLANDS,Trimipramine maleate,205.0,78053.47,72895.14613
2022-10,MIDLANDS,Isocarboxazid,24.0,9367.93,8749.24389
2022-10,MIDLANDS,Moclobemide,131.0,4564.69,4272.19846
2022-10,MIDLANDS,Phenelzine sulfate,50.0,7159.8,6710.5459
2022-10,MIDLANDS,Tranylcypromine sulfate,50.0,56952.34,53186.33127
2022-10,MIDLANDS,Citalopram hydrobromide,227743.0,479173.31,451824.89367
2022-10,MIDLANDS,Fluoxetine hydrochloride,116506.0,426063.49,404575.61675
2022-10,MIDLANDS,Fluvoxamine maleate,418.0,9323.52,8739.77324
2022-10,MIDLANDS,Paroxetine hydrochloride,20172.0,62610.68,59685.80565
2022-10,MIDLANDS,Sertraline hydrochloride,356949.0,531989.35,504816.94701
2022-10,MIDLANDS,Escitalopram,24893.0,52538.79,49604.28821
2022-10,MIDLANDS,Citalopram hydrochloride,1290.0,12208.48,11415.83405
2022-10,MIDLANDS,Vortioxetine,4613.0,108831.69,101823.94782
2022-10,MIDLANDS,Flupentixol hydrochloride,2293.0,6956.25,6704.81622
2022-10,MIDLANDS,Oxitriptan,1.0,21.08,19.79732
2022-10,MIDLANDS,Tryptophan,7.0,1033.22,965.30331
2022-10,MIDLANDS,Reboxetine,299.0,5252.59,4927.99672
2022-10,MIDLANDS,Venlafaxine,85776.0,717507.39,674119.55844
2022-10,MIDLANDS,Mirtazapine,172106.0,205458.44,198020.21105
2022-10,MIDLANDS,Duloxetine hydrochloride,56277.0,349538.06,328080.94606
2022-10,MIDLANDS,Agomelatine,249.0,6047.84,5657.16866
2022-10,MIDLANDS,Bupropion hydrochloride,661.0,21398.04,20025.50274
2022-10,NORTH EAST AND YORKSHIRE,Flupentixol hydrochloride,692.0,3204.5,3069.01919
2022-10,NORTH EAST AND YORKSHIRE,Flupentixol decanoate,520.0,9620.19,9011.83029
2022-10,NORTH EAST AND YORKSHIRE,Amitriptyline hydrochloride,262370.0,340821.89,326948.64919
2022-10,NORTH EAST AND YORKSHIRE,Clomipramine hydrochloride,3368.0,45044.91,42224.29281
2022-10,NORTH EAST AND YORKSHIRE,Dosulepin hydrochloride,5172.0,67607.93,63338.48415
2022-10,NORTH EAST AND YORKSHIRE,Doxepin,374.0,64755.86,60486.20696
2022-10,NORTH EAST AND YORKSHIRE,Imipramine hydrochloride,1730.0,10108.25,9500.30584
2022-10,NORTH EAST AND YORKSHIRE,Lofepramine hydrochloride,2853.0,39853.49,37437.24964
2022-10,NORTH EAST AND YORKSHIRE,Mianserin hydrochloride,20.0,461.39,432.57833
2022-10,NORTH EAST AND YORKSHIRE,Nortriptyline,11802.0,41619.94,40039.15891
2022-10,NORTH EAST AND YORKSHIRE,Trazodone hydrochloride,38559.0,100562.32,97176.73758
2022-10,NORTH EAST AND YORKSHIRE,Trimipramine maleate,227.0,76692.33,71628.19515
2022-10,NORTH EAST AND YORKSHIRE,Isocarboxazid,5.0,1370.05,1279.94183
2022-10,NORTH EAST AND YORKSHIRE,Moclobemide,126.0,3983.47,3730.36848
2022-10,NORTH EAST AND YORKSHIRE,Phenelzine sulfate,63.0,10922.5,10205.81574
2022-10,NORTH EAST AND YORKSHIRE,Tranylcypromine sulfate,38.0,51912.14,48477.93144
2022-10,NORTH EAST AND YORKSHIRE,Citalopram hydrobromide,197258.0,376180.76,357184.52616
2022-10,NORTH EAST AND YORKSHIRE,Fluoxetine hydrochloride,140335.0,428084.01,409899.37896
2022-10,NORTH EAST AND YORKSHIRE,Fluvoxamine maleate,411.0,7751.5,7275.77668
2022-10,NORTH EAST AND YORKSHIRE,Paroxetine hydrochloride,19208.0,49308.1,47412.01347
2022-10,NORTH EAST AND YORKSHIRE,Sertraline hydrochloride,352988.0,458945.2,440670.75829
2022-10,NORTH EAST AND YORKSHIRE,Escitalopram,18843.0,36779.46,35004.30971
2022-10,NORTH EAST AND YORKSHIRE,Citalopram hydrochloride,854.0,8433.86,7886.05922
2022-10,NORTH EAST AND YORKSHIRE,Vortioxetine,3764.0,69226.74,64898.50094
2022-10,NORTH EAST AND YORKSHIRE,Flupentixol hydrochloride,2210.0,5611.84,5454.74407
2022-10,NORTH EAST AND YORKSHIRE,Tryptophan,8.0,140.0,131.63397
2022-10,NORTH EAST AND YORKSHIRE,Reboxetine,483.0,6351.3,5978.43583
2022-10,NORTH EAST AND YORKSHIRE,Venlafaxine,72389.0,555917.68,524252.28239
2022-10,NORTH EAST AND YORKSHIRE,Mirtazapine,201465.0,198540.88,196232.37394
2022-10,NORTH EAST AND YORKSHIRE,Duloxetine hydrochloride,69759.0,360054.63,339639.90011
2022-10,NORTH EAST AND YORKSHIRE,Agomelatine,348.0,4628.28,4350.08219
2022-10,NORTH EAST AND YORKSHIRE,Bupropion hydrochloride,604.0,21969.33,20549.50094
2022-10,NORTH WEST,Flupentixol hydrochloride,405.0,2438.02,2321.56831
2022-10,NORTH WEST,Flupentixol decanoate,472.0,10000.13,9377.77967
2022-10,NORTH WEST,Amitriptyline hydrochloride,170827.0,238731.23,227240.78961
2022-10,NORTH WEST,Clomipramine hydrochloride,2814.0,44825.24,41951.38289
2022-10,NORTH WEST,Dosulepin hydrochloride,4617.0,69123.71,64681.02031
2022-10,NORTH WEST,Doxepin,174.0,36573.08,34162.89411
2022-10,NORTH WEST,Imipramine hydrochloride,987.0,7235.3,6783.70677
2022-10,NORTH WEST,Lofepramine hydrochloride,1260.0,21762.81,20416.01854
2022-10,NORTH WEST,Mianserin hydrochloride,11.0,461.61,431.39697
2022-10,NORTH WEST,Nortriptyline,11947.0,52258.91,50043.43646
2022-10,NORTH WEST,Trazodone hydrochloride,15833.0,69511.69,66250.06074
2022-10,NORTH WEST,Trimipramine maleate,139.0,47196.09,44077.74286
2022-10,NORTH WEST,Isocarboxazid,2.0,1743.7,1628.32642
2022-10,NORTH WEST,Moclobemide,63.0,2371.9,2220.60844
2022-10,NORTH WEST,Phenelzine sulfate,28.0,3582.0,3357.78976
2022-10,NORTH WEST,Tranylcypromine sulfate,16.0,27466.24,25648.90518
2022-10,NORTH WEST,Citalopram hydrobromide,154449.0,308972.23,291897.51804
2022-10,NORTH WEST,Fluoxetine hydrochloride,88127.0,304287.62,291104.03704
2022-10,NORTH WEST,Fluvoxamine maleate,262.0,5472.79,5134.84839
2022-10,NORTH WEST,Paroxetine hydrochloride,16511.0,47043.81,45248.40982
2022-10,NORTH WEST,Sertraline hydrochloride,291607.0,396569.33,378238.62427
2022-10,NORTH WEST,Escitalopram,18933.0,40311.89,38142.2133
2022-10,NORTH WEST,Citalopram hydrochloride,697.0,6683.82,6250.07648
2022-10,NORTH WEST,Vortioxetine,3601.0,79739.55,74643.71653
2022-10,NORTH WEST,Flupentixol hydrochloride,1403.0,4199.58,4057.61949
2022-10,NORTH WEST,Tryptophan,5.0,1455.1,1359.16322
2022-10,NORTH WEST,Reboxetine,258.0,4181.8,3929.52209
2022-10,NORTH WEST,Venlafaxine,73136.0,543863.21,512237.2884
2022-10,NORTH WEST,Mirtazapine,172490.0,186093.62,181352.23116
2022-10,NORTH WEST,Duloxetine hydrochloride,48320.0,283083.3,266026.64227
2022-10,NORTH WEST,Agomelatine,152.0,2913.24,2728.58874
2022-10,NORTH WEST,Bupropion hydrochloride,785.0,26789.35,25060.74853
2022-10,SOUTH EAST,Flupentixol hydrochloride,297.0,1948.73,1851.90816
2022-10,SOUTH EAST,Flupentixol decanoate,433.0,6883.69,6447.45423
2022-10,SOUTH EAST,Amitriptyline hydrochloride,158953.0,260884.72,247484.26794
2022-10,SOUTH EAST,Clomipramine hydrochloride,2501.0,43882.55,41054.15904
2022-10,SOUTH EAST,Dosulepin hydrochloride,4757.0,74515.42,69715.04543
2022-10,SOUTH EAST,Doxepin,186.0,45542.47,42532.10604
2022-10,SOUTH EAST,Imipramine hydrochloride,1617.0,11153.22,10457.80973
2022-10,SOUTH EAST,Lofepramine hydrochloride,1307.0,23105.22,21663.21855
2022-10,SOUTH EAST,Mianserin hydrochloride,19.0,1741.06,1626.27192
2022-10,SOUTH EAST,Nortriptyline,10030.0,49864.92,47472.44386
2022-10,SOUTH EAST,Trazodone hydrochloride,14025.0,53049.1,50619.29031
2022-10,SOUTH EAST,Trimipramine maleate,287.0,121244.16,113229.85879
2022-10,SOUTH EAST,Isocarboxazid,11.0,6329.81,5911.63841
2022-10,SOUTH EAST,Moclobemide,104.0,4386.75,4103.47417
2022-10,SOUTH EAST,Phenelzine sulfate,93.0,20006.1,18690.4458
2022-10,SOUTH EAST,Tranylcypromine sulfate,124.0,155887.33,145577.59067
2022-10,SOUTH EAST,Citalopram hydrobromide,163390.0,379228.28,357712.08401
2022-10,SOUTH EAST,Fluoxetine hydrochloride,78276.0,326460.16,309411.42317
2022-10,SOUTH EAST,Fluvoxamine maleate,299.0,7960.89,7454.32128
2022-10,SOUTH EAST,Paroxetine hydrochloride,13926.0,48079.74,45762.44578
2022-10,SOUTH EAST,Sertraline hydrochloride,252671.0,436432.54,413725.97678
2022-10,SOUTH EAST,Escitalopram,29687.0,70235.55,66301.8332
2022-10,SOUTH EAST,Citalopram hydrochloride,1067.0,10682.02,9987.94034
2022-10,SOUTH EAST,Vortioxetine,5671.0,149076.18,139454.76355
2022-10,SOUTH EAST,Flupentixol hydrochloride,1158.0,3725.98,3574.61958
2022-10,SOUTH EAST,Oxitriptan,2.0,56.22,52.72415
2022-10,SOUTH EAST,Tryptophan,7.0,4234.66,3964.79623
2022-10,SOUTH EAST,Reboxetine,246.0,4813.83,4513.96469
2022-10,SOUTH EAST,Venlafaxine,65374.0,608557.25,571602.23721
2022-10,SOUTH EAST,Mirtazapine,126103.0,161755.9,156132.67242
2022-10,SOUTH EAST,Duloxetine hydrochloride,38658.0,257521.85,241817.45014
2022-10,SOUTH EAST,Agomelatine,623.0,15041.35,14069.7388
2022-10,SOUTH EAST,Bupropion hydrochloride,964.0,34111.65,31910.38124
2022-10,SOUTH WEST,Flupentixol hydrochloride,330.0,2016.72,1917.74653
2022-10,SOUTH WEST,Flupentixol decanoate,358.0,4723.41,4419.0788
2022-10,SOUTH WEST,Amitriptyline hydrochloride,144644.0,218476.2,207583.47031
2022-10,SOUTH WEST,Clomipramine hydrochloride,1796.0,28586.57,26761.23704
2022-10,SOUTH WEST,Dosulepin hydrochloride,3224.0,49564.75,46377.53299
2022-10,SOUTH WEST,Doxepin,219.0,39935.9,37301.17825
2022-10,SOUTH WEST,Imipramine hydrochloride,1153.0,6861.46,6442.27619
2022-10,SOUTH WEST,Lofepramine hydrochloride,1236.0,20859.69,19561.18932
2022-10,SOUTH WEST,Mianserin hydrochloride,5.0,621.4,580.53762
2022-10,SOUTH WEST,Nortriptyline,5921.0,19861.25,19088.18027
2022-10,SOUTH WEST,Trazodone hydrochloride,8953.0,34942.69,33337.28315
2022-10,SOUTH WEST,Trimipramine maleate,138.0,47910.9,44744.71103
2022-10,SOUTH WEST,Isocarboxazid,31.0,8126.91,7591.41682
2022-10,SOUTH WEST,Moclobemide,73.0,2174.69,2035.29947
2022-10,SOUTH WEST,Phenelzine sulfate,42.0,5941.2,5551.75668
2022-10,SOUTH WEST,Tranylcypromine sulfate,44.0,83644.61,78110.10272
2022-10,SOUTH WEST,Citalopram hydrobromide,128710.0,285562.6,269552.71185
2022-10,SOUTH WEST,Fluoxetine hydrochloride,57123.0,208218.81,197645.38134
2022-10,SOUTH WEST,Fluvoxamine maleate,176.0,4412.41,4133.90465
2022-10,SOUTH WEST,Paroxetine hydrochloride,10363.0,34036.24,32395.55972
2022-10,SOUTH WEST,Sertraline hydrochloride,177213.0,276052.75,262285.15152
2022-10,SOUTH WEST,Escitalopram,15880.0,35231.11,33311.64713
2022-10,SOUTH WEST,Citalopram hydrochloride,588.0,5784.62,5408.64972
2022-10,SOUTH WEST,Vortioxetine,1512.0,38260.53,35796.29249
2022-10,SOUTH WEST,Flupentixol hydrochloride,1015.0,3016.29,2903.60158
2022-10,SOUTH WEST,Reboxetine,237.0,4033.8,3786.38364
2022-10,SOUTH WEST,Venlafaxine,52576.0,448082.88,420949.96547
2022-10,SOUTH WEST,Mirtazapine,104005.0,120309.28,116735.20339
2022-10,SOUTH WEST,Duloxetine hydrochloride,30180.0,182889.82,171878.66896
2022-10,SOUTH WEST,Agomelatine,243.0,5535.19,5179.17159
2022-10,SOUTH WEST,Bupropion hydrochloride,523.0,20360.98,19037.46492
2022-10,UNIDENTIFIED,Amitriptyline hydrochloride,145.0,177.41,168.46002
2022-10,UNIDENTIFIED,Clomipramine hydrochloride,3.0,46.72,43.66526
2022-10,UNIDENTIFIED,Imipramine hydrochloride,1.0,9.24,8.6409
2022-10,UNIDENTIFIED,Nortriptyline,15.0,27.02,26.70203
2022-10,UNIDENTIFIED,Trazodone hydrochloride,13.0,59.05,55.51777
2022-10,UNIDENTIFIED,Trimipramine maleate,2.0,270.33,252.26523
2022-10,UNIDENTIFIED,Citalopram hydrobromide,147.0,333.32,314.74872
2022-10,UNIDENTIFIED,Fluoxetine hydrochloride,98.0,357.66,342.9143
2022-10,UNIDENTIFIED,Paroxetine hydrochloride,11.0,132.52,124.35118
2022-10,UNIDENTIFIED,Sertraline hydrochloride,269.0,818.51,773.70598
2022-10,UNIDENTIFIED,Escitalopram,23.0,52.12,49.43852
2022-10,UNIDENTIFIED,Vortioxetine,3.0,110.88,103.57915
2022-10,UNIDENTIFIED,Flupentixol hydrochloride,5.0,26.81,25.58257
2022-10,UNIDENTIFIED,Reboxetine,1.0,35.3,33.07624
2022-10,UNIDENTIFIED,Venlafaxine,81.0,649.82,612.65574
2022-10,UNIDENTIFIED,Mirtazapine,175.0,229.66,220.76003
2022-10,UNIDENTIFIED,Duloxetine hydrochloride,98.0,686.44,644.99105
2022-10,UNIDENTIFIED,Agomelatine,2.0,47.76,44.57089
2022-11,EAST OF ENGLAND,Flupentixol hydrochloride,246.0,1571.58,1494.70358
2022-11,EAST OF ENGLAND,Flupentixol decanoate,293.0,4369.13,4094.14983
2022-11,EAST OF ENGLAND,Amitriptyline hydrochloride,167838.0,232002.07,220552.63314
2022-11,EAST OF ENGLAND,Clomipramine hydrochloride,2951.0,38256.65,35873.95738
2022-11,EAST OF ENGLAND,Dosulepin hydrochloride,4045.0,51335.07,48100.44277
2022-11,EAST OF ENGLAND,Doxepin,171.0,35556.0,33247.34607
2022-11,EAST OF ENGLAND,Imipramine hydrochloride,1077.0,6150.3,5773.09251
2022-11,EAST OF ENGLAND,Lofepramine hydrochloride,1219.0,17909.84,16829.45334
2022-11,EAST OF ENGLAND,Mianserin hydrochloride,12.0,529.6,495.30342
2022-11,EAST OF ENGLAND,Nortriptyline,8871.0,34307.42,32888.15063
2022-11,EAST OF ENGLAND,Trazodone hydrochloride,7726.0,29364.21,28069.28856
2022-11,EAST OF ENGLAND,Trimipramine maleate,158.0,61471.54,57477.08072
2022-11,EAST OF ENGLAND,Isocarboxazid,15.0,6739.04,6301.60384
2022-11,EAST OF ENGLAND,Moclobemide,86.0,1514.66,1421.55038
2022-11,EAST OF ENGLAND,Phenelzine sulfate,66.0,9451.94,8842.21373
2022-11,EAST OF ENGLAND,Tranylcypromine sulfate,32.0,34152.24,31932.01242
2022-11,EAST OF ENGLAND,Citalopram hydrobromide,171157.0,330116.54,312108.01444
2022-11,EAST OF ENGLAND,Fluoxetine hydrochloride,71308.0,229055.84,217494.36724
2022-11,EAST OF ENGLAND,Fluvoxamine maleate,259.0,5726.39,5370.47074
2022-11,EAST OF ENGLAND,Paroxetine hydrochloride,13994.0,39299.53,37419.00236
2022-11,EAST OF ENGLAND,Sertraline hydrochloride,215190.0,314600.74,299174.22383
2022-11,EAST OF ENGLAND,Escitalopram,16949.0,35149.85,33234.63229
2022-11,EAST OF ENGLAND,Citalopram hydrochloride,803.0,15405.27,14412.81637
2022-11,EAST OF ENGLAND,Vortioxetine,3045.0,75994.38,71169.84016
2022-11,EAST OF ENGLAND,Flupentixol hydrochloride,1606.0,4555.66,4393.42234
2022-11,EAST OF ENGLAND,Tryptophan,10.0,2447.72,2288.74335
2022-11,EAST OF ENGLAND,Reboxetine,172.0,3167.06,2973.67042
2022-11,EAST OF ENGLAND,Venlafaxine,66189.0,445953.89,419799.97221
2022-11,EAST OF ENGLAND,Mirtazapine,101726.0,113451.64,110054.16973
2022-11,EAST OF ENGLAND,Duloxetine hydrochloride,30239.0,151054.45,142170.60577
2022-11,EAST OF ENGLAND,Agomelatine,169.0,3706.3,3472.25025
2022-11,EAST OF ENGLAND,Bupropion hydrochloride,653.0,21837.11,20450.5185
2022-11,LONDON,Flupentixol hydrochloride,545.0,2849.61,2724.6286
2022-11,LONDON,Flupentixol decanoate,528.0,15094.53,14141.17347
2022-11,LONDON,Amitriptyline hydrochloride,112752.0,140439.45,136448.73583
2022-11,LONDON,Clomipramine hydrochloride,1893.0,28414.66,26659.43342
2022-11,LONDON,Dosulepin hydrochloride,2900.0,37102.32,34844.53168
2022-11,LONDON,Doxepin,193.0,38302.45,35821.23717
2022-11,LONDON,Imipramine hydrochloride,862.0,4873.18,4603.61517
2022-11,LONDON,Lofepramine hydrochloride,1059.0,15688.29,14754.44827
2022-11,LONDON,Mianserin hydrochloride,11.0,578.84,541.32842
2022-11,LONDON,Nortriptyline,7865.0,30956.57,29730.87005
2022-11,LONDON,Trazodone hydrochloride,5402.0,19017.03,18234.63794
2022-11,LONDON,Trimipramine maleate,274.0,111166.68,103949.55418
2022-11,LONDON,Isocarboxazid,18.0,4982.06,4659.4481
2022-11,LONDON,Moclobemide,95.0,1475.06,1386.59956
2022-11,LONDON,Phenelzine sulfate,43.0,8923.2,8346.16481
2022-11,LONDON,Tranylcypromine sulfate,38.0,68268.21,63828.79065
2022-11,LONDON,Citalopram hydrobromide,106254.0,213790.25,204331.12766
2022-11,LONDON,Fluoxetine hydrochloride,49249.0,161179.73,154219.24418
2022-11,LONDON,Fluvoxamine maleate,377.0,9877.95,9264.35946
2022-11,LONDON,Paroxetine hydrochloride,11542.0,32610.85,31368.11572
2022-11,LONDON,Sertraline hydrochloride,178175.0,281586.13,270783.43409
2022-11,LONDON,Escitalopram,16357.0,41831.84,39651.60992
2022-11,LONDON,Citalopram hydrochloride,413.0,8763.43,8198.57471
2022-11,LONDON,Vortioxetine,2553.0,69819.75,65402.30253
2022-11,LONDON,Flupentixol hydrochloride,836.0,2198.54,2133.61252
2022-11,LONDON,Oxitriptan,1.0,22.59,21.13314
2022-11,LONDON,Tryptophan,10.0,1388.0,1298.74795
2022-11,LONDON,Reboxetine,142.0,2399.57,2255.86188
2022-11,LONDON,Venlafaxine,42363.0,328722.08,310411.47343
2022-11,LONDON,Mirtazapine,108558.0,111872.35,111333.83059
2022-11,LONDON,Duloxetine hydrochloride,24404.0,107994.27,102454.98748
2022-11,LONDON,Agomelatine,380.0,9185.0,8607.11575
2022-11,LONDON,Bupropion hydrochloride,1160.0,44495.22,41672.61764
2022-11,MIDLANDS,Flupentixol hydrochloride,409.0,2999.28,2849.25277
2022-11,MIDLANDS,Flupentixol decanoate,499.0,11623.48,10901.20983
2022-11,MIDLANDS,Amitriptyline hydrochloride,264812.0,373498.08,354893.31649
2022-11,MIDLANDS,Clomipramine hydrochloride,3290.0,54045.13,50626.37104
2022-11,MIDLANDS,Dosulepin hydrochloride,6314.0,88850.54,83227.48203
2022-11,MIDLANDS,Doxepin,260.0,47683.76,44587.59158
2022-11,MIDLANDS,Imipramine hydrochloride,1993.0,14259.2,13374.54547
2022-11,MIDLANDS,Lofepramine hydrochloride,2603.0,43276.21,40638.55379
2022-11,MIDLANDS,Mianserin hydrochloride,15.0,1096.79,1025.71554
2022-11,MIDLANDS,Nortriptyline,12329.0,52080.93,49875.79862
2022-11,MIDLANDS,Trazodone hydrochloride,12743.0,45941.61,43914.58921
2022-11,MIDLANDS,Trimipramine maleate,233.0,91896.8,85926.96369
2022-11,MIDLANDS,Isocarboxazid,24.0,8371.53,7828.32766
2022-11,MIDLANDS,Moclobemide,134.0,2658.41,2496.04363
2022-11,MIDLANDS,Phenelzine sulfate,53.0,8271.37,7738.19209
2022-11,MIDLANDS,Tranylcypromine sulfate,48.0,59116.08,55273.71793
2022-11,MIDLANDS,Citalopram hydrobromide,232805.0,485908.44,458765.86505
2022-11,MIDLANDS,Fluoxetine hydrochloride,120169.0,371104.8,353951.49156
2022-11,MIDLANDS,Fluvoxamine maleate,396.0,9272.97,8700.52825
2022-11,MIDLANDS,Paroxetine hydrochloride,20661.0,61941.91,59169.74263
2022-11,MIDLANDS,Sertraline hydrochloride,371814.0,545728.07,518618.06727
2022-11,MIDLANDS,Escitalopram,25566.0,53204.4,50314.36673
2022-11,MIDLANDS,Citalopram hydrochloride,1290.0,23862.86,22326.1623
2022-11,MIDLANDS,Vortioxetine,4813.0,114684.57,107425.75602
2022-11,MIDLANDS,Flupentixol hydrochloride,2353.0,7253.98,6995.30477
2022-11,MIDLANDS,Oxitriptan,1.0,21.08,19.82135
2022-11,MIDLANDS,Tryptophan,8.0,1101.17,1029.91148
2022-11,MIDLANDS,Reboxetine,290.0,5029.1,4724.57991
2022-11,MIDLANDS,Venlafaxine,88917.0,719765.49,677247.25552
2022-11,MIDLANDS,Mirtazapine,179317.0,213526.98,206055.06608
2022-11,MIDLANDS,Duloxetine hydrochloride,59181.0,310821.92,292365.24539
2022-11,MIDLANDS,Agomelatine,277.0,6893.1,6455.40536
2022-11,MIDLANDS,Bupropion hydrochloride,547.0,17610.37,16503.4457
2022-11,NORTH EAST AND YORKSHIRE,Flupentixol hydrochloride,730.0,3276.01,3143.76544
2022-11,NORTH EAST AND YORKSHIRE,Flupentixol decanoate,538.0,10695.99,10030.54731
2022-11,NORTH EAST AND YORKSHIRE,Amitriptyline hydrochloride,268846.0,350553.43,336694.1251
2022-11,NORTH EAST AND YORKSHIRE,Clomipramine hydrochloride,3509.0,46719.06,43850.73535
2022-11,NORTH EAST AND YORKSHIRE,Dosulepin hydrochloride,5243.0,62764.96,58891.75068
2022-11,NORTH EAST AND YORKSHIRE,Doxepin,385.0,71890.29,67229.2811
2022-11,NORTH EAST AND YORKSHIRE,Imipramine hydrochloride,1672.0,7602.29,7165.52258
2022-11,NORTH EAST AND YORKSHIRE,Lofepramine hydrochloride,2866.0,40464.49,38061.74455
2022-11,NORTH EAST AND YORKSHIRE,Mianserin hydrochloride,24.0,672.03,630.29372
2022-11,NORTH EAST AND YORKSHIRE,Nortriptyline,12221.0,35882.03,34769.78986
2022-11,NORTH EAST AND YORKSHIRE,Trazodone hydrochloride,39375.0,105539.45,102032.31936
2022-11,NORTH EAST AND YORKSHIRE,Trimipramine maleate,248.0,86664.78,81040.19514
2022-11,NORTH EAST AND YORKSHIRE,Isocarboxazid,7.0,2241.9,2096.77276
2022-11,NORTH EAST AND YORKSHIRE,Moclobemide,133.0,2160.44,2030.93619
2022-11,NORTH EAST AND YORKSHIRE,Phenelzine sulfate,61.0,6929.04,6484.42893
2022-11,NORTH EAST AND YORKSHIRE,Tranylcypromine sulfate,42.0,48462.44,45312.32034
2022-11,NORTH EAST AND YORKSHIRE,Citalopram hydrobromide,200516.0,378193.03,359621.79728
2022-11,NORTH EAST AND YORKSHIRE,Fluoxetine hydrochloride,142786.0,368262.54,354622.34386
2022-11,NORTH EAST AND YORKSHIRE,Fluvoxamine maleate,446.0,8072.41,7588.07155
2022-11,NORTH EAST AND YORKSHIRE,Paroxetine hydrochloride,19185.0,46173.85,44575.25144
2022-11,NORTH EAST AND YORKSHIRE,Sertraline hydrochloride,361573.0,466345.04,448376.95235
2022-11,NORTH EAST AND YORKSHIRE,Escitalopram,19065.0,36674.72,34948.88735
2022-11,NORTH EAST AND YORKSHIRE,Citalopram hydrochloride,843.0,16075.05,15039.81501
2022-11,NORTH EAST AND YORKSHIRE,Vortioxetine,3820.0,71789.85,67375.45042
2022-11,NORTH EAST AND YORKSHIRE,Flupentixol hydrochloride,2308.0,5751.31,5600.62952
2022-11,NORTH EAST AND YORKSHIRE,Tryptophan,15.0,901.33,844.19315
2022-11,NORTH EAST AND YORKSHIRE,Reboxetine,473.0,6374.65,6006.84436
2022-11,NORTH EAST AND YORKSHIRE,Venlafaxine,74519.0,540988.42,511000.8433
2022-11,NORTH EAST AND YORKSHIRE,Mirtazapine,206886.0,206101.9,203811.18625
2022-11,NORTH EAST AND YORKSHIRE,Duloxetine hydrochloride,71829.0,312186.15,295346.03736
2022-11,NORTH EAST AND YORKSHIRE,Agomelatine,376.0,5033.09,4736.38562
2022-11,NORTH EAST AND YORKSHIRE,Bupropion hydrochloride,470.0,16231.48,15203.75718
2022-11,NORTH WEST,Flupentixol hydrochloride,429.0,2348.44,2243.60412
2022-11,NORTH WEST,Flupentixol decanoate,453.0,10164.35,9542.95498
2022-11,NORTH WEST,Amitriptyline hydrochloride,176472.0,246823.79,235281.36221
2022-11,NORTH WEST,Clomipramine hydrochloride,2931.0,45710.82,42837.26435
2022-11,NORTH WEST,Dosulepin hydrochloride,4673.0,64266.68,60225.42073
2022-11,NORTH WEST,Doxepin,177.0,40219.54,37607.25367
2022-11,NORTH WEST,Imipramine hydrochloride,988.0,7374.16,6923.58205
2022-11,NORTH WEST,Lofepramine hydrochloride,1282.0,21258.98,19970.11225
2022-11,NORTH WEST,Mianserin hydrochloride,12.0,514.6,481.579
2022-11,NORTH WEST,Nortriptyline,12289.0,50142.06,48154.16572
2022-11,NORTH WEST,Trazodone hydrochloride,16326.0,68465.2,65392.72935
2022-11,NORTH WEST,Trimipramine maleate,150.0,54695.79,51143.40246
2022-11,NORTH WEST,Isocarboxazid,3.0,1494.6,1397.42784
2022-11,NORTH WEST,Moclobemide,71.0,1522.24,1429.31334
2022-11,NORTH WEST,Phenelzine sulfate,26.0,2536.8,2374.42796
2022-11,NORTH WEST,Tranylcypromine sulfate,18.0,34097.83,31880.41725
2022-11,NORTH WEST,Citalopram hydrobromide,156779.0,309670.03,292955.07985
2022-11,NORTH WEST,Fluoxetine hydrochloride,90149.0,259843.94,250056.06714
2022-11,NORTH WEST,Fluvoxamine maleate,239.0,4794.1,4505.25367
2022-11,NORTH WEST,Paroxetine hydrochloride,16853.0,45627.77,44010.63157
2022-11,NORTH WEST,Sertraline hydrochloride,300153.0,403308.75,385240.30629
2022-11,NORTH WEST,Escitalopram,19298.0,39933.81,37856.32153
2022-11,NORTH WEST,Citalopram hydrochloride,703.0,13599.48,12723.62023
2022-11,NORTH WEST,Vortioxetine,3717.0,83348.1,78108.26129
2022-11,NORTH WEST,Flupentixol hydrochloride,1452.0,4426.15,4278.45204
2022-11,NORTH WEST,Tryptophan,6.0,1446.47,1352.76543
2022-11,NORTH WEST,Reboxetine,257.0,4279.87,4026.7676
2022-11,NORTH WEST,Venlafaxine,75303.0,543668.72,512831.34149
2022-11,NORTH WEST,Mirtazapine,177666.0,188481.12,184048.03497
2022-11,NORTH WEST,Duloxetine hydrochloride,49807.0,242925.59,228851.62679
2022-11,NORTH WEST,Agomelatine,156.0,2807.45,2633.8494
2022-11,NORTH WEST,Bupropion hydrochloride,557.0,18686.41,17503.09534
2022-11,SOUTH EAST,Flupentixol hydrochloride,284.0,1866.95,1777.03223
2022-11,SOUTH EAST,Flupentixol decanoate,443.0,8762.98,8210.91114
2022-11,SOUTH EAST,Amitriptyline hydrochloride,162308.0,262520.26,249380.8688
2022-11,SOUTH EAST,Clomipramine hydrochloride,2642.0,43514.17,40768.48089
2022-11,SOUTH EAST,Dosulepin hydrochloride,4706.0,67811.55,63530.80391
2022-11,SOUTH EAST,Doxepin,178.0,41605.01,38903.98741
2022-11,SOUTH EAST,Imipramine hydrochloride,1646.0,12962.02,12162.11066
2022-11,SOUTH EAST,Lofepramine hydrochloride,1165.0,20379.11,19131.98286
2022-11,SOUTH EAST,Mianserin hydrochloride,13.0,1111.47,1039.44076
2022-11,SOUTH EAST,Nortriptyline,10152.0,49709.89,47399.71256
2022-11,SOUTH EAST,Trazodone hydrochloride,14247.0,53369.97,51007.15234
2022-11,SOUTH EAST,Trimipramine maleate,311.0,136444.45,127580.62033
2022-11,SOUTH EAST,Isocarboxazid,8.0,3020.34,2824.39513
2022-11,SOUTH EAST,Moclobemide,118.0,2266.53,2127.31524
2022-11,SOUTH EAST,Phenelzine sulfate,89.0,13922.2,13024.97358
2022-11,SOUTH EAST,Tranylcypromine sulfate,117.0,136608.88,127729.62456
2022-11,SOUTH EAST,Citalopram hydrobromide,165580.0,378658.39,357681.003
2022-11,SOUTH EAST,Fluoxetine hydrochloride,78862.0,276833.61,263463.09882
2022-11,SOUTH EAST,Fluvoxamine maleate,329.0,8173.01,7663.72893
2022-11,SOUTH EAST,Paroxetine hydrochloride,14007.0,46031.46,43920.38682
2022-11,SOUTH EAST,Sertraline hydrochloride,259512.0,439588.17,417300.59951
2022-11,SOUTH EAST,Escitalopram,30030.0,70357.88,66503.95323
2022-11,SOUTH EAST,Citalopram hydrochloride,1155.0,22639.04,21180.48885
2022-11,SOUTH EAST,Vortioxetine,5754.0,147349.62,138015.5772
2022-11,SOUTH EAST,Flupentixol hydrochloride,1180.0,3704.87,3563.16442
2022-11,SOUTH EAST,Oxitriptan,1.0,28.11,26.39411
2022-11,SOUTH EAST,Tryptophan,8.0,2754.98,2576.09425
2022-11,SOUTH EAST,Reboxetine,262.0,5088.97,4779.35666
2022-11,SOUTH EAST,Venlafaxine,66079.0,606776.77,570706.02923
2022-11,SOUTH EAST,Mirtazapine,129831.0,161687.77,156406.05938
2022-11,SOUTH EAST,Duloxetine hydrochloride,39891.0,224721.59,211460.13447
2022-11,SOUTH EAST,Agomelatine,651.0,14721.3,13790.79608
2022-11,SOUTH EAST,Bupropion hydrochloride,779.0,26399.3,24735.41209
2022-11,SOUTH WEST,Flupentixol hydrochloride,326.0,2129.53,2025.29355
2022-11,SOUTH WEST,Flupentixol decanoate,356.0,5287.64,4951.28319
2022-11,SOUTH WEST,Amitriptyline hydrochloride,148572.0,226252.49,215179.49026
2022-11,SOUTH WEST,Clomipramine hydrochloride,1809.0,29618.46,27754.19688
2022-11,SOUTH WEST,Dosulepin hydrochloride,3313.0,47518.19,44527.49183
2022-11,SOUTH WEST,Doxepin,208.0,42558.8,39798.84014
2022-11,SOUTH WEST,Imipramine hydrochloride,1249.0,6343.24,5970.49693
2022-11,SOUTH WEST,Lofepramine hydrochloride,1250.0,19941.66,18724.19255
2022-11,SOUTH WEST,Mianserin hydrochloride,6.0,897.16,839.28277
2022-11,SOUTH WEST,Nortriptyline,6038.0,23850.86,22852.05382
2022-11,SOUTH WEST,Trazodone hydrochloride,9043.0,31021.2,29687.36761
2022-11,SOUTH WEST,Trimipramine maleate,137.0,48999.18,45817.31775
2022-11,SOUTH WEST,Isocarboxazid,30.0,7232.82,6843.3994
2022-11,SOUTH WEST,Moclobemide,98.0,1817.1,1704.61876
2022-11,SOUTH WEST,Phenelzine sulfate,53.0,7604.38,7116.63072
2022-11,SOUTH WEST,Tranylcypromine sulfate,47.0,86477.89,80855.00533
2022-11,SOUTH WEST,Citalopram hydrobromide,130843.0,286103.98,270400.93484
2022-11,SOUTH WEST,Fluoxetine hydrochloride,58167.0,181828.88,173306.47105
2022-11,SOUTH WEST,Fluvoxamine maleate,180.0,4050.13,3799.86653
2022-11,SOUTH WEST,Paroxetine hydrochloride,10769.0,33370.16,31833.99528
2022-11,SOUTH WEST,Sertraline hydrochloride,182898.0,283341.46,269521.26415
2022-11,SOUTH WEST,Escitalopram,16382.0,35852.28,33941.39219
2022-11,SOUTH WEST,Citalopram hydrochloride,581.0,11148.74,10430.92442
2022-11,SOUTH WEST,Vortioxetine,1536.0,37833.84,35444.38261
2022-11,SOUTH WEST,Flupentixol hydrochloride,1018.0,3187.36,3066.92048
2022-11,SOUTH WEST,Tryptophan,1.0,1.68,1.68313
2022-11,SOUTH WEST,Reboxetine,228.0,3856.4,3624.63262
2022-11,SOUTH WEST,Venlafaxine,54497.0,446034.42,419619.38942
2022-11,SOUTH WEST,Mirtazapine,106778.0,124025.09,120467.44857
2022-11,SOUTH WEST,Duloxetine hydrochloride,31635.0,160674.32,151364.21918
2022-11,SOUTH WEST,Agomelatine,256.0,4796.0,4497.57933
2022-11,SOUTH WEST,Bupropion hydrochloride,362.0,13725.94,12931.52772
2022-11,UNIDENTIFIED,Flupentixol hydrochloride,1.0,3.9,3.75874
2022-11,UNIDENTIFIED,Flupentixol decanoate,1.0,15.17,14.19574
2022-11,UNIDENTIFIED,Amitriptyline hydrochloride,140.0,266.48,251.57915
2022-11,UNIDENTIFIED,Clomipramine hydrochloride,1.0,11.08,10.37175
2022-11,UNIDENTIFIED,Dosulepin hydrochloride,1.0,4.99,4.67785
2022-11,UNIDENTIFIED,Imipramine hydrochloride,1.0,3.3,3.19777
2022-11,UNIDENTIFIED,Nortriptyline,12.0,20.23,20.13541
2022-11,UNIDENTIFIED,Trazodone hydrochloride,10.0,49.34,46.52844
2022-11,UNIDENTIFIED,Trimipramine maleate,1.0,268.77,250.85113
2022-11,UNIDENTIFIED,Tranylcypromine sulfate,1.0,1015.68,949.63218
2022-11,UNIDENTIFIED,Citalopram hydrobromide,140.0,295.35,279.41542
2022-11,UNIDENTIFIED,Fluoxetine hydrochloride,93.0,501.64,476.82724
2022-11,UNIDENTIFIED,Paroxetine hydrochloride,7.0,16.51,15.89388
2022-11,UNIDENTIFIED,Sertraline hydrochloride,282.0,619.56,590.21173
2022-11,UNIDENTIFIED,Escitalopram,18.0,51.31,48.47374
2022-11,UNIDENTIFIED,Vortioxetine,4.0,95.04,89.00816
2022-11,UNIDENTIFIED,Flupentixol hydrochloride,3.0,22.09,20.98581
2022-11,UNIDENTIFIED,Tryptophan,1.0,41.33,38.75428
2022-11,UNIDENTIFIED,Venlafaxine,104.0,824.06,777.80506
2022-11,UNIDENTIFIED,Mirtazapine,184.0,241.11,232.41584
2022-11,UNIDENTIFIED,Duloxetine hydrochloride,63.0,438.58,411.7683
2022-11,UNIDENTIFIED,Agomelatine,6.0,142.2,132.76683
2022-11,UNIDENTIFIED,Bupropion hydrochloride,2.0,197.66,184.8434
2022-12,EAST OF ENGLAND,Flupentixol hydrochloride,234.0,1466.22,1394.61974
2022-12,EAST OF ENGLAND,Flupentixol decanoate,297.0,3949.04,3701.3171
2022-12,EAST OF ENGLAND,Amitriptyline hydrochloride,166816.0,238347.55,226401.87458
2022-12,EAST OF ENGLAND,Clomipramine hydrochloride,2945.0,39858.8,37369.50386
2022-12,EAST OF ENGLAND,Dosulepin hydrochloride,3999.0,55957.86,52414.49622
2022-12,EAST OF ENGLAND,Doxepin,179.0,39259.08,36706.90869
2022-12,EAST OF ENGLAND,Imipramine hydrochloride,1123.0,6226.85,5845.58684
2022-12,EAST OF ENGLAND,Lofepramine hydrochloride,1185.0,17806.13,16727.9438
2022-12,EAST OF ENGLAND,Mianserin hydrochloride,11.0,710.02,663.92662
2022-12,EAST OF ENGLAND,Nortriptyline,8928.0,35888.2,34340.75919
2022-12,EAST OF ENGLAND,Trazodone hydrochloride,7680.0,53326.49,50464.75846
2022-12,EAST OF ENGLAND,Trimipramine maleate,171.0,68949.92,64465.37521
2022-12,EAST OF ENGLAND,Isocarboxazid,22.0,9590.35,8966.66512
2022-12,EAST OF ENGLAND,Moclobemide,94.0,1670.3,1568.67425
2022-12,EAST OF ENGLAND,Phenelzine sulfate,68.0,8092.26,7570.62488
2022-12,EAST OF ENGLAND,Tranylcypromine sulfate,34.0,33942.1,31733.79581
2022-12,EAST OF ENGLAND,Citalopram hydrobromide,169173.0,293366.48,277611.09073
2022-12,EAST OF ENGLAND,Fluoxetine hydrochloride,71426.0,239382.82,227109.23615
2022-12,EAST OF ENGLAND,Fluvoxamine maleate,275.0,5659.11,5308.30585
2022-12,EAST OF ENGLAND,Paroxetine hydrochloride,14003.0,39704.88,37811.23195
2022-12,EAST OF ENGLAND,Sertraline hydrochloride,214206.0,330858.88,314282.40919
2022-12,EAST OF ENGLAND,Escitalopram,16842.0,35449.38,33505.61655
2022-12,EAST OF ENGLAND,Citalopram hydrochloride,792.0,15140.88,14164.47304
2022-12,EAST OF ENGLAND,Vortioxetine,3122.0,77092.29,72195.34103
2022-12,EAST OF ENGLAND,Flupentixol hydrochloride,1645.0,4576.32,4414.67687
2022-12,EAST OF ENGLAND,Tryptophan,3.0,1113.44,1040.98052
2022-12,EAST OF ENGLAND,Reboxetine,177.0,3314.23,3111.63509
2022-12,EAST OF ENGLAND,Venlafaxine,66172.0,442479.0,416522.01938
2022-12,EAST OF ENGLAND,Mirtazapine,101381.0,116087.49,112486.87425
2022-12,EAST OF ENGLAND,Duloxetine hydrochloride,29955.0,171311.56,161091.25061
2022-12,EAST OF ENGLAND,Agomelatine,161.0,3588.65,3361.20222
2022-12,EAST OF ENGLAND,Bupropion hydrochloride,339.0,11434.63,10711.37034
2022-12,LONDON,Flupentixol hydrochloride,528.0,2613.23,2501.92866
2022-12,LONDON,Flupentixol decanoate,514.0,13488.31,12641.59992
2022-12,LONDON,Amitriptyline hydrochloride,111426.0,145568.68,141171.77177
2022-12,LONDON,Clomipramine hydrochloride,1888.0,30005.87,28139.98148
2022-12,LONDON,Dosulepin hydrochloride,2930.0,40713.44,38223.89785
2022-12,LONDON,Doxepin,176.0,35140.68,32861.93355
2022-12,LONDON,Imipramine hydrochloride,842.0,3895.52,3688.52145
2022-12,LONDON,Lofepramine hydrochloride,1150.0,17374.91,16336.78044
2022-12,LONDON,Mianserin hydrochloride,13.0,768.55,718.6705
2022-12,LONDON,Nortriptyline,7781.0,28062.36,27018.5367
2022-12,LONDON,Trazodone hydrochloride,5326.0,35233.0,33385.96523
2022-12,LONDON,Trimipramine maleate,273.0,111879.77,104608.10255
2022-12,LONDON,Isocarboxazid,17.0,3612.01,3378.34086
2022-12,LONDON,Moclobemide,71.0,1252.55,1176.57619
2022-12,LONDON,Phenelzine sulfate,45.0,7716.3,7217.74548
2022-12,LONDON,Tranylcypromine sulfate,38.0,76582.56,71597.29904
2022-12,LONDON,Citalopram hydrobromide,107289.0,193095.87,185016.56566
2022-12,LONDON,Fluoxetine hydrochloride,49150.0,161511.44,154499.6301
2022-12,LONDON,Fluvoxamine maleate,368.0,9301.27,8723.9224
2022-12,LONDON,Paroxetine hydrochloride,11626.0,33237.73,31958.0854
2022-12,LONDON,Sertraline hydrochloride,177019.0,300735.99,288577.03175
2022-12,LONDON,Escitalopram,16419.0,42919.56,40667.74105
2022-12,LONDON,Citalopram hydrochloride,433.0,9504.66,8891.17565
2022-12,LONDON,Vortioxetine,2685.0,74549.97,69825.97648
2022-12,LONDON,Flupentixol hydrochloride,787.0,2059.87,2000.50948
2022-12,LONDON,Oxitriptan,2.0,78.81,73.80344
2022-12,LONDON,Tryptophan,8.0,1033.5,966.90745
2022-12,LONDON,Reboxetine,134.0,2172.68,2042.67724
2022-12,LONDON,Venlafaxine,42082.0,328135.55,309854.91754
2022-12,LONDON,Mirtazapine,108053.0,113485.92,112795.64256
2022-12,LONDON,Duloxetine hydrochloride,24409.0,123918.65,117324.91014
2022-12,LONDON,Agomelatine,373.0,9336.61,8746.5234
2022-12,LONDON,Bupropion hydrochloride,778.0,28866.29,27033.93703
2022-12,MIDLANDS,Flupentixol hydrochloride,411.0,3066.54,2911.83545
2022-12,MIDLANDS,Flupentixol decanoate,487.0,11100.15,10411.81454
2022-12,MIDLANDS,Amitriptyline hydrochloride,264565.0,384945.93,365557.5358
2022-12,MIDLANDS,Clomipramine hydrochloride,3404.0,56807.68,53213.51896
2022-12,MIDLANDS,Dosulepin hydrochloride,6423.0,98512.78,92259.36999
2022-12,MIDLANDS,Doxepin,252.0,45930.54,42945.65511
2022-12,MIDLANDS,Imipramine hydrochloride,1950.0,14716.19,13798.83373
2022-12,MIDLANDS,Lofepramine hydrochloride,2688.0,46372.65,43535.30762
2022-12,MIDLANDS,Mianserin hydrochloride,15.0,1239.64,1159.41238
2022-12,MIDLANDS,Nortriptyline,12541.0,51703.19,49532.44067
2022-12,MIDLANDS,Trazodone hydrochloride,12908.0,93546.9,88421.93549
2022-12,MIDLANDS,Trimipramine maleate,215.0,83504.17,78073.48702
2022-12,MIDLANDS,Isocarboxazid,23.0,8593.94,8035.4567
2022-12,MIDLANDS,Moclobemide,112.0,2506.78,2352.25178
2022-12,MIDLANDS,Phenelzine sulfate,53.0,6553.2,6151.22513
2022-12,MIDLANDS,Tranylcypromine sulfate,54.0,65769.63,61489.5784
2022-12,MIDLANDS,Citalopram hydrobromide,232118.0,436337.74,412346.89414
2022-12,MIDLANDS,Fluoxetine hydrochloride,119651.0,378613.38,360874.17841
2022-12,MIDLANDS,Fluvoxamine maleate,387.0,8862.25,8315.20047
2022-12,MIDLANDS,Paroxetine hydrochloride,20995.0,61689.13,58948.2395
2022-12,MIDLANDS,Sertraline hydrochloride,368995.0,569150.31,540368.72704
2022-12,MIDLANDS,Escitalopram,25425.0,54544.59,51541.54308
2022-12,MIDLANDS,Citalopram hydrochloride,1302.0,24547.42,22964.73574
2022-12,MIDLANDS,Vortioxetine,4788.0,113785.65,106581.06699
2022-12,MIDLANDS,Flupentixol hydrochloride,2421.0,7415.77,7152.88281
2022-12,MIDLANDS,Oxitriptan,1.0,21.08,19.81987
2022-12,MIDLANDS,Tryptophan,7.0,909.81,850.83377
2022-12,MIDLANDS,Reboxetine,329.0,5544.1,5209.72901
2022-12,MIDLANDS,Venlafaxine,88509.0,710832.57,668801.03687
2022-12,MIDLANDS,Mirtazapine,178421.0,216842.46,209063.45095
2022-12,MIDLANDS,Duloxetine hydrochloride,59108.0,355737.3,334321.84258
2022-12,MIDLANDS,Agomelatine,286.0,6987.53,6543.49047
2022-12,MIDLANDS,Bupropion hydrochloride,258.0,8033.4,7530.42843
2022-12,NORTH EAST AND YORKSHIRE,Flupentixol hydrochloride,767.0,3583.06,3434.46455
2022-12,NORTH EAST AND YORKSHIRE,Flupentixol decanoate,499.0,9025.71,8466.01078
2022-12,NORTH EAST AND YORKSHIRE,Amitriptyline hydrochloride,269085.0,360975.55,346362.6492
2022-12,NORTH EAST AND YORKSHIRE,Clomipramine hydrochloride,3506.0,49790.37,46711.48876
2022-12,NORTH EAST AND YORKSHIRE,Dosulepin hydrochloride,5138.0,69715.3,65374.94715
2022-12,NORTH EAST AND YORKSHIRE,Doxepin,353.0,66432.89,62121.47402
2022-12,NORTH EAST AND YORKSHIRE,Imipramine hydrochloride,1637.0,8339.2,7853.23412
2022-12,NORTH EAST AND YORKSHIRE,Lofepramine hydrochloride,2898.0,43497.37,40894.27562
2022-12,NORTH EAST AND YORKSHIRE,Mianserin hydrochloride,23.0,790.59,740.44984
2022-12,NORTH EAST AND YORKSHIRE,Nortriptyline,12124.0,40094.84,38695.05948
2022-12,NORTH EAST AND YORKSHIRE,Trazodone hydrochloride,39489.0,209953.92,199631.61577
2022-12,NORTH EAST AND YORKSHIRE,Trimipramine maleate,237.0,78828.61,73708.35032
2022-12,NORTH EAST AND YORKSHIRE,Isocarboxazid,6.0,1743.7,1630.84115
2022-12,NORTH EAST AND YORKSHIRE,Moclobemide,121.0,1827.8,1719.76653
2022-12,NORTH EAST AND YORKSHIRE,Phenelzine sulfate,71.0,9001.2,8421.99494
2022-12,NORTH EAST AND YORKSHIRE,Tranylcypromine sulfate,41.0,59593.0,55714.16335
2022-12,NORTH EAST AND YORKSHIRE,Citalopram hydrobromide,200753.0,342888.47,326545.2875
2022-12,NORTH EAST AND YORKSHIRE,Fluoxetine hydrochloride,142159.0,364521.33,351049.87246
2022-12,NORTH EAST AND YORKSHIRE,Fluvoxamine maleate,435.0,7764.87,7298.55275
2022-12,NORTH EAST AND YORKSHIRE,Paroxetine hydrochloride,19364.0,48337.27,46563.93022
2022-12,NORTH EAST AND YORKSHIRE,Sertraline hydrochloride,362293.0,490565.65,470955.70924
2022-12,NORTH EAST AND YORKSHIRE,Escitalopram,19058.0,37326.79,35554.86938
2022-12,NORTH EAST AND YORKSHIRE,Citalopram hydrochloride,847.0,16149.3,15108.02795
2022-12,NORTH EAST AND YORKSHIRE,Vortioxetine,3936.0,73076.85,68584.5589
2022-12,NORTH EAST AND YORKSHIRE,Flupentixol hydrochloride,2256.0,5862.46,5698.09461
2022-12,NORTH EAST AND YORKSHIRE,Oxitriptan,1.0,13.24,12.49034
2022-12,NORTH EAST AND YORKSHIRE,Tryptophan,8.0,587.88,550.30202
2022-12,NORTH EAST AND YORKSHIRE,Reboxetine,484.0,6918.95,6516.0938
2022-12,NORTH EAST AND YORKSHIRE,Venlafaxine,74616.0,538126.99,508297.06488
2022-12,NORTH EAST AND YORKSHIRE,Mirtazapine,206324.0,208901.37,206351.28589
2022-12,NORTH EAST AND YORKSHIRE,Duloxetine hydrochloride,71674.0,359797.18,339834.48798
2022-12,NORTH EAST AND YORKSHIRE,Agomelatine,406.0,5390.37,5072.5221
2022-12,NORTH EAST AND YORKSHIRE,Bupropion hydrochloride,240.0,7284.27,6827.05057
2022-12,NORTH WEST,Flupentixol hydrochloride,451.0,2639.31,2517.73104
2022-12,NORTH WEST,Flupentixol decanoate,467.0,9527.73,8946.56088
2022-12,NORTH WEST,Amitriptyline hydrochloride,177492.0,255070.18,242955.52182
2022-12,NORTH WEST,Clomipramine hydrochloride,2983.0,48690.45,45623.08527
2022-12,NORTH WEST,Dosulepin hydrochloride,4758.0,72092.65,67538.20107
2022-12,NORTH WEST,Doxepin,198.0,44813.02,41900.21306
2022-12,NORTH WEST,Imipramine hydrochloride,1039.0,6128.63,5760.73985
2022-12,NORTH WEST,Lofepramine hydrochloride,1306.0,22167.97,20821.46372
2022-12,NORTH WEST,Mianserin hydrochloride,12.0,461.14,431.46373
2022-12,NORTH WEST,Nortriptyline,12357.0,56027.77,53668.35202
2022-12,NORTH WEST,Trazodone hydrochloride,16500.0,132411.09,125190.03685
2022-12,NORTH WEST,Trimipramine maleate,140.0,50093.2,46836.8282
2022-12,NORTH WEST,Isocarboxazid,1.0,1494.6,1397.29818
2022-12,NORTH WEST,Moclobemide,71.0,1711.94,1606.65505
2022-12,NORTH WEST,Phenelzine sulfate,36.0,5144.4,4813.0917
2022-12,NORTH WEST,Tranylcypromine sulfate,14.0,25373.29,23721.59489
2022-12,NORTH WEST,Citalopram hydrobromide,157933.0,282706.57,267696.23655
2022-12,NORTH WEST,Fluoxetine hydrochloride,90560.0,262446.1,252503.70842
2022-12,NORTH WEST,Fluvoxamine maleate,246.0,5369.41,5042.75521
2022-12,NORTH WEST,Paroxetine hydrochloride,17146.0,47164.63,45465.04402
2022-12,NORTH WEST,Sertraline hydrochloride,301007.0,425374.55,405783.02055
2022-12,NORTH WEST,Escitalopram,19553.0,41174.93,39013.83467
2022-12,NORTH WEST,Citalopram hydrochloride,723.0,13912.61,13015.68045
2022-12,NORTH WEST,Vortioxetine,3785.0,86324.04,80887.31552
2022-12,NORTH WEST,Flupentixol hydrochloride,1490.0,4372.37,4232.69613
2022-12,NORTH WEST,Tryptophan,4.0,994.23,929.84475
2022-12,NORTH WEST,Reboxetine,278.0,4380.66,4122.64283
2022-12,NORTH WEST,Venlafaxine,75663.0,542428.38,511600.13114
2022-12,NORTH WEST,Mirtazapine,178427.0,197367.94,192333.04241
2022-12,NORTH WEST,Duloxetine hydrochloride,50428.0,288481.31,271424.70643
2022-12,NORTH WEST,Agomelatine,150.0,2889.69,2709.27593
2022-12,NORTH WEST,Bupropion hydrochloride,308.0,10408.82,9749.20272
2022-12,SOUTH EAST,Flupentixol hydrochloride,289.0,1740.85,1658.76133
2022-12,SOUTH EAST,Flupentixol decanoate,414.0,7771.1,7284.13508
2022-12,SOUTH EAST,Amitriptyline hydrochloride,163276.0,272849.15,258998.27072
2022-12,SOUTH EAST,Clomipramine hydrochloride,2604.0,46636.75,43680.47002
2022-12,SOUTH EAST,Dosulepin hydrochloride,4820.0,78603.44,73617.18837
2022-12,SOUTH EAST,Doxepin,196.0,48655.18,45492.45909
2022-12,SOUTH EAST,Imipramine hydrochloride,1655.0,11641.07,10926.60997
2022-12,SOUTH EAST,Lofepramine hydrochloride,1245.0,23947.25,22467.50321
2022-12,SOUTH EAST,Mianserin hydrochloride,15.0,1071.37,1001.98612
2022-12,SOUTH EAST,Nortriptyline,10290.0,50548.35,48183.57364
2022-12,SOUTH EAST,Trazodone hydrochloride,14093.0,108435.03,102451.96432
2022-12,SOUTH EAST,Trimipramine maleate,292.0,119416.73,111652.1634
2022-12,SOUTH EAST,Isocarboxazid,11.0,4514.94,4221.4938
2022-12,SOUTH EAST,Moclobemide,113.0,2679.42,2513.68823
2022-12,SOUTH EAST,Phenelzine sulfate,96.0,16292.44,15239.6959
2022-12,SOUTH EAST,Tranylcypromine sulfate,119.0,142949.09,133647.94776
2022-12,SOUTH EAST,Citalopram hydrobromide,165453.0,344169.35,325368.68619
2022-12,SOUTH EAST,Fluoxetine hydrochloride,77977.0,274246.71,260943.0003
2022-12,SOUTH EAST,Fluvoxamine maleate,316.0,7973.91,7476.10793
2022-12,SOUTH EAST,Paroxetine hydrochloride,14205.0,47512.21,45300.99808
2022-12,SOUTH EAST,Sertraline hydrochloride,257455.0,468179.53,443908.72712
2022-12,SOUTH EAST,Escitalopram,30139.0,70479.7,66607.77946
2022-12,SOUTH EAST,Citalopram hydrochloride,1072.0,21388.3,20008.56733
2022-12,SOUTH EAST,Vortioxetine,5731.0,145590.39,136358.59889
2022-12,SOUTH EAST,Flupentixol hydrochloride,1092.0,3610.77,3465.64013
2022-12,SOUTH EAST,Oxitriptan,2.0,28.61,46.97198
2022-12,SOUTH EAST,Tryptophan,8.0,2812.22,2629.31403
2022-12,SOUTH EAST,Reboxetine,255.0,5157.04,4841.35082
2022-12,SOUTH EAST,Venlafaxine,66219.0,609026.58,572715.34506
2022-12,SOUTH EAST,Mirtazapine,128939.0,167522.72,161781.75564
2022-12,SOUTH EAST,Duloxetine hydrochloride,39880.0,262511.11,246755.79745
2022-12,SOUTH EAST,Agomelatine,678.0,15571.44,14585.56061
2022-12,SOUTH EAST,Bupropion hydrochloride,467.0,16497.77,15452.68257
2022-12,SOUTH WEST,Flupentixol hydrochloride,299.0,1755.39,1672.65455
2022-12,SOUTH WEST,Flupentixol decanoate,374.0,5162.16,4833.90221
2022-12,SOUTH WEST,Amitriptyline hydrochloride,146629.0,229312.03,217947.39359
2022-12,SOUTH WEST,Clomipramine hydrochloride,1815.0,30483.71,28563.44232
2022-12,SOUTH WEST,Dosulepin hydrochloride,3215.0,51963.15,48665.51847
2022-12,SOUTH WEST,Doxepin,194.0,38013.88,35545.07032
2022-12,SOUTH WEST,Imipramine hydrochloride,1175.0,5085.58,4789.21344
2022-12,SOUTH WEST,Lofepramine hydrochloride,1276.0,22063.86,20711.46441
2022-12,SOUTH WEST,Mianserin hydrochloride,5.0,382.2,357.47675
2022-12,SOUTH WEST,Nortriptyline,6010.0,22960.58,22013.95202
2022-12,SOUTH WEST,Trazodone hydrochloride,9199.0,64368.43,60873.9914
2022-12,SOUTH WEST,Trimipramine maleate,133.0,51279.02,47945.15355
2022-12,SOUTH WEST,Isocarboxazid,41.0,10835.89,10133.50571
2022-12,SOUTH WEST,Moclobemide,74.0,1362.63,1278.71442
2022-12,SOUTH WEST,Phenelzine sulfate,49.0,6016.64,5629.17686
2022-12,SOUTH WEST,Tranylcypromine sulfate,45.0,81172.32,75888.45453
2022-12,SOUTH WEST,Citalopram hydrobromide,128941.0,258350.23,244309.73477
2022-12,SOUTH WEST,Fluoxetine hydrochloride,57585.0,179962.9,171443.93466
2022-12,SOUTH WEST,Fluvoxamine maleate,177.0,4671.41,4379.37313
2022-12,SOUTH WEST,Paroxetine hydrochloride,10493.0,33105.08,31561.29276
2022-12,SOUTH WEST,Sertraline hydrochloride,180158.0,290882.48,276458.72543
2022-12,SOUTH WEST,Escitalopram,16150.0,36618.43,34639.78005
2022-12,SOUTH WEST,Citalopram hydrochloride,579.0,11213.97,10490.56799
2022-12,SOUTH WEST,Vortioxetine,1508.0,37363.59,35001.50128
2022-12,SOUTH WEST,Flupentixol hydrochloride,1007.0,3108.67,2991.74497
2022-12,SOUTH WEST,Tryptophan,1.0,1.51,1.52408
2022-12,SOUTH WEST,Reboxetine,233.0,3923.21,3687.45922
2022-12,SOUTH WEST,Venlafaxine,53438.0,426107.92,400865.71274
2022-12,SOUTH WEST,Mirtazapine,105540.0,126773.06,122917.75557
2022-12,SOUTH WEST,Duloxetine hydrochloride,30699.0,181995.17,171233.67846
2022-12,SOUTH WEST,Agomelatine,255.0,5539.68,5190.48923
2022-12,SOUTH WEST,Bupropion hydrochloride,197.0,7238.47,6777.6631
2022-12,UNIDENTIFIED,Flupentixol hydrochloride,1.0,2.92,2.84228
2022-12,UNIDENTIFIED,Amitriptyline hydrochloride,121.0,149.74,141.87099
2022-12,UNIDENTIFIED,Clomipramine hydrochloride,3.0,35.07,33.02377
2022-12,UNIDENTIFIED,Dosulepin hydrochloride,2.0,126.5,118.28832
2022-12,UNIDENTIFIED,Lofepramine hydrochloride,1.0,14.87,13.91421
2022-12,UNIDENTIFIED,Nortriptyline,15.0,25.05,25.04289
2022-12,UNIDENTIFIED,Trazodone hydrochloride,18.0,173.65,163.06111
2022-12,UNIDENTIFIED,Trimipramine maleate,2.0,271.85,253.50801
2022-12,UNIDENTIFIED,Citalopram hydrobromide,127.0,236.24,223.46775
2022-12,UNIDENTIFIED,Fluoxetine hydrochloride,81.0,320.28,306.25729
2022-12,UNIDENTIFIED,Paroxetine hydrochloride,8.0,68.19,63.9559
2022-12,UNIDENTIFIED,Sertraline hydrochloride,217.0,385.72,367.08442
2022-12,UNIDENTIFIED,Escitalopram,19.0,35.24,33.14137
2022-12,UNIDENTIFIED,Vortioxetine,3.0,110.88,103.69774
2022-12,UNIDENTIFIED,Flupentixol hydrochloride,7.0,39.81,37.97241
2022-12,UNIDENTIFIED,Venlafaxine,86.0,647.43,610.4187
2022-12,UNIDENTIFIED,Mirtazapine,199.0,479.05,456.03345
2022-12,UNIDENTIFIED,Duloxetine hydrochloride,89.0,625.74,587.06057
2022-12,UNIDENTIFIED,Agomelatine,4.0,109.83,102.41529
2022-12,UNIDENTIFIED,Bupropion hydrochloride,1.0,125.28,117.13535
2023-01,EAST OF ENGLAND,Flupentixol hydrochloride,265.0,1624.66,1549.65075
2023-01,EAST OF ENGLAND,Flupentixol decanoate,335.0,4559.56,4281.94345
2023-01,EAST OF ENGLAND,Amitriptyline hydrochloride,168216.0,246629.65,234690.19535
2023-01,EAST OF ENGLAND,Clomipramine hydrochloride,2755.0,38615.53,36269.27252
2023-01,EAST OF ENGLAND,Dosulepin hydrochloride,3899.0,55696.88,52281.50101
2023-01,EAST OF ENGLAND,Doxepin,157.0,31675.72,29680.79243
2023-01,EAST OF ENGLAND,Imipramine hydrochloride,1074.0,7292.12,6854.37201
2023-01,EAST OF ENGLAND,Lofepramine hydrochloride,1195.0,16324.7,15376.47195
2023-01,EAST OF ENGLAND,Mianserin hydrochloride,12.0,738.9,692.43294
2023-01,EAST OF ENGLAND,Nortriptyline,8929.0,34670.67,33269.52469
2023-01,EAST OF ENGLAND,Trazodone hydrochloride,7611.0,39885.1,37970.8093
2023-01,EAST OF ENGLAND,Trimipramine maleate,151.0,57719.63,54081.58982
2023-01,EAST OF ENGLAND,Isocarboxazid,16.0,7946.32,7445.78709
2023-01,EAST OF ENGLAND,Moclobemide,92.0,2130.75,2002.19123
2023-01,EAST OF ENGLAND,Phenelzine sulfate,74.0,10428.98,9776.29021
2023-01,EAST OF ENGLAND,Tranylcypromine sulfate,34.0,35910.56,33646.29999
2023-01,EAST OF ENGLAND,Citalopram hydrobromide,170216.0,282340.15,267927.92435
2023-01,EAST OF ENGLAND,Fluoxetine hydrochloride,72003.0,327636.0,310320.90189
2023-01,EAST OF ENGLAND,Fluvoxamine maleate,261.0,5738.45,5394.16043
2023-01,EAST OF ENGLAND,Paroxetine hydrochloride,13889.0,40341.79,38476.45671
2023-01,EAST OF ENGLAND,Sertraline hydrochloride,218344.0,366201.24,348165.70994
2023-01,EAST OF ENGLAND,Escitalopram,16912.0,32736.8,31034.99892
2023-01,EAST OF ENGLAND,Citalopram hydrochloride,811.0,9801.72,9192.94559
2023-01,EAST OF ENGLAND,Vortioxetine,3105.0,77372.46,72611.08239
2023-01,EAST OF ENGLAND,Flupentixol hydrochloride,1618.0,4723.93,4559.55696
2023-01,EAST OF ENGLAND,Tryptophan,3.0,1113.44,1043.23229
2023-01,EAST OF ENGLAND,Reboxetine,197.0,3741.61,3518.70371
2023-01,EAST OF ENGLAND,Venlafaxine,66160.0,443795.91,418667.70616
2023-01,EAST OF ENGLAND,Mirtazapine,103046.0,114700.15,111448.05719
2023-01,EAST OF ENGLAND,Duloxetine hydrochloride,30681.0,139821.13,131948.46962
2023-01,EAST OF ENGLAND,Agomelatine,159.0,3605.79,3384.40527
2023-01,EAST OF ENGLAND,Bupropion hydrochloride,214.0,6665.56,6259.10962
2023-01,LONDON,Flupentixol hydrochloride,581.0,2987.88,2863.88442
2023-01,LONDON,Flupentixol decanoate,552.0,15387.24,14443.32477
2023-01,LONDON,Amitriptyline hydrochloride,113232.0,149337.25,145047.51589
2023-01,LONDON,Clomipramine hydrochloride,1883.0,30125.37,28312.16443
2023-01,LONDON,Dosulepin hydrochloride,2806.0,39356.58,37021.63839
2023-01,LONDON,Doxepin,197.0,43888.5,41129.09711
2023-01,LONDON,Imipramine hydrochloride,831.0,4406.62,4172.51853
2023-01,LONDON,Lofepramine hydrochloride,1139.0,16001.48,15085.29952
2023-01,LONDON,Mianserin hydrochloride,9.0,480.69,450.47576
2023-01,LONDON,Nortriptyline,7910.0,28872.3,27841.7855
2023-01,LONDON,Trazodone hydrochloride,5479.0,26111.3,24925.74397
2023-01,LONDON,Trimipramine maleate,280.0,115644.38,108361.95817
2023-01,LONDON,Isocarboxazid,10.0,4765.81,4465.56771
2023-01,LONDON,Moclobemide,107.0,1908.42,1797.14805
2023-01,LONDON,Phenelzine sulfate,43.0,10475.79,9818.82461
2023-01,LONDON,Tranylcypromine sulfate,40.0,75084.14,70348.11398
2023-01,LONDON,Citalopram hydrobromide,106650.0,183770.08,176638.81023
2023-01,LONDON,Fluoxetine hydrochloride,49430.0,228510.87,217615.06834
2023-01,LONDON,Fluvoxamine maleate,362.0,9368.56,8804.20337
2023-01,LONDON,Paroxetine hydrochloride,11618.0,33782.84,32560.17477
2023-01,LONDON,Sertraline hydrochloride,180998.0,327877.65,314822.60346
2023-01,LONDON,Escitalopram,16526.0,39337.76,37392.48087
2023-01,LONDON,Citalopram hydrochloride,414.0,5626.53,5276.6964
2023-01,LONDON,Vortioxetine,2646.0,73582.74,69065.15102
2023-01,LONDON,Flupentixol hydrochloride,918.0,2457.24,2390.00031
2023-01,LONDON,Oxitriptan,2.0,45.18,42.35448
2023-01,LONDON,Tryptophan,18.0,1125.6,1055.91114
2023-01,LONDON,Reboxetine,140.0,2688.29,2530.52656
2023-01,LONDON,Venlafaxine,42421.0,328454.56,311065.98489
2023-01,LONDON,Mirtazapine,109769.0,112833.27,112455.16465
2023-01,LONDON,Duloxetine hydrochloride,25078.0,100257.35,95466.86154
2023-01,LONDON,Agomelatine,363.0,8247.6,7746.07512
2023-01,LONDON,Bupropion hydrochloride,556.0,20426.22,19247.96122
2023-01,MIDLANDS,Flupentixol hydrochloride,436.0,3216.09,3060.84954
2023-01,MIDLANDS,Flupentixol decanoate,536.0,11899.0,11183.9764
2023-01,MIDLANDS,Amitriptyline hydrochloride,264876.0,402470.45,382732.85627
2023-01,MIDLANDS,Clomipramine hydrochloride,3355.0,53745.27,50455.92976
2023-01,MIDLANDS,Dosulepin hydrochloride,6223.0,96266.61,90347.99731
2023-01,MIDLANDS,Doxepin,241.0,44079.26,41302.72088
2023-01,MIDLANDS,Imipramine hydrochloride,1947.0,13232.79,12437.67991
2023-01,MIDLANDS,Lofepramine hydrochloride,2534.0,40531.19,38150.99609
2023-01,MIDLANDS,Mianserin hydrochloride,14.0,1195.31,1120.47366
2023-01,MIDLANDS,Nortriptyline,12639.0,49341.8,47438.38043
2023-01,MIDLANDS,Trazodone hydrochloride,12477.0,63660.85,60574.26194
2023-01,MIDLANDS,Trimipramine maleate,198.0,81948.42,76783.23788
2023-01,MIDLANDS,Isocarboxazid,26.0,9179.32,8601.61095
2023-01,MIDLANDS,Moclobemide,125.0,2606.23,2450.83368
2023-01,MIDLANDS,Phenelzine sulfate,49.0,6246.0,5856.63402
2023-01,MIDLANDS,Tranylcypromine sulfate,41.0,36904.81,34579.14857
2023-01,MIDLANDS,Citalopram hydrobromide,231892.0,413246.24,391530.47356
2023-01,MIDLANDS,Fluoxetine hydrochloride,119942.0,528638.33,502242.52523
2023-01,MIDLANDS,Fluvoxamine maleate,397.0,8788.19,8264.52152
2023-01,MIDLANDS,Paroxetine hydrochloride,20497.0,62240.84,59565.50265
2023-01,MIDLANDS,Sertraline hydrochloride,375882.0,629353.86,598095.98028
2023-01,MIDLANDS,Escitalopram,25858.0,49615.1,47033.53633
2023-01,MIDLANDS,Citalopram hydrochloride,1293.0,15538.99,14574.01564
2023-01,MIDLANDS,Vortioxetine,4754.0,113074.83,106137.39096
2023-01,MIDLANDS,Flupentixol hydrochloride,2315.0,7101.3,6863.32191
2023-01,MIDLANDS,Oxitriptan,1.0,21.08,19.8625
2023-01,MIDLANDS,Tryptophan,8.0,1798.61,1685.40097
2023-01,MIDLANDS,Reboxetine,291.0,4999.14,4706.22761
2023-01,MIDLANDS,Venlafaxine,88900.0,729480.58,687679.35724
2023-01,MIDLANDS,Mirtazapine,180803.0,214462.11,207299.25463
2023-01,MIDLANDS,Duloxetine hydrochloride,58944.0,278265.39,262428.86058
2023-01,MIDLANDS,Agomelatine,301.0,7278.86,6830.9956
2023-01,MIDLANDS,Bupropion hydrochloride,158.0,5016.13,4712.58104
2023-01,NORTH EAST AND YORKSHIRE,Flupentixol hydrochloride,705.0,3209.26,3084.7363
2023-01,NORTH EAST AND YORKSHIRE,Flupentixol decanoate,527.0,9829.14,9237.80651
2023-01,NORTH EAST AND YORKSHIRE,Amitriptyline hydrochloride,269701.0,374751.68,360049.80974
2023-01,NORTH EAST AND YORKSHIRE,Clomipramine hydrochloride,3456.0,45746.61,43027.11944
2023-01,NORTH EAST AND YORKSHIRE,Dosulepin hydrochloride,4964.0,66189.15,62208.81171
2023-01,NORTH EAST AND YORKSHIRE,Doxepin,377.0,69668.39,65287.56402
2023-01,NORTH EAST AND YORKSHIRE,Imipramine hydrochloride,1734.0,8948.74,8447.62525
2023-01,NORTH EAST AND YORKSHIRE,Lofepramine hydrochloride,2707.0,35990.29,33933.52733
2023-01,NORTH EAST AND YORKSHIRE,Mianserin hydrochloride,19.0,759.95,713.21694
2023-01,NORTH EAST AND YORKSHIRE,Nortriptyline,12407.0,36357.75,35303.89353
2023-01,NORTH EAST AND YORKSHIRE,Trazodone hydrochloride,39483.0,147208.72,141280.91348
2023-01,NORTH EAST AND YORKSHIRE,Trimipramine maleate,243.0,77188.14,72331.96887
2023-01,NORTH EAST AND YORKSHIRE,Isocarboxazid,7.0,3151.14,2952.92709
2023-01,NORTH EAST AND YORKSHIRE,Moclobemide,129.0,2602.73,2448.99089
2023-01,NORTH EAST AND YORKSHIRE,Phenelzine sulfate,61.0,9298.12,8717.26247
2023-01,NORTH EAST AND YORKSHIRE,Tranylcypromine sulfate,40.0,45237.39,42385.42883
2023-01,NORTH EAST AND YORKSHIRE,Citalopram hydrobromide,200359.0,323410.01,309017.67967
2023-01,NORTH EAST AND YORKSHIRE,Fluoxetine hydrochloride,143724.0,527137.52,504317.52346
2023-01,NORTH EAST AND YORKSHIRE,Fluvoxamine maleate,401.0,7470.78,7035.59812
2023-01,NORTH EAST AND YORKSHIRE,Paroxetine hydrochloride,19162.0,47813.74,46150.3503
2023-01,NORTH EAST AND YORKSHIRE,Sertraline hydrochloride,366099.0,537756.63,516298.79306
2023-01,NORTH EAST AND YORKSHIRE,Escitalopram,19255.0,34114.22,32626.4314
2023-01,NORTH EAST AND YORKSHIRE,Citalopram hydrochloride,832.0,9947.24,9329.6943
2023-01,NORTH EAST AND YORKSHIRE,Vortioxetine,3966.0,75366.72,70870.5627
2023-01,NORTH EAST AND YORKSHIRE,Flupentixol hydrochloride,2316.0,5874.78,5727.24974
2023-01,NORTH EAST AND YORKSHIRE,Tryptophan,11.0,1027.32,963.54464
2023-01,NORTH EAST AND YORKSHIRE,Reboxetine,490.0,6485.59,6125.62815
2023-01,NORTH EAST AND YORKSHIRE,Venlafaxine,74475.0,546563.54,517619.67521
2023-01,NORTH EAST AND YORKSHIRE,Mirtazapine,209343.0,207893.6,205936.36138
2023-01,NORTH EAST AND YORKSHIRE,Duloxetine hydrochloride,72497.0,284165.59,269749.55822
2023-01,NORTH EAST AND YORKSHIRE,Agomelatine,357.0,4626.77,4363.76513
2023-01,NORTH EAST AND YORKSHIRE,Bupropion hydrochloride,159.0,4816.31,4523.85498
2023-01,NORTH WEST,Flupentixol hydrochloride,416.0,2392.91,2288.70406
2023-01,NORTH WEST,Flupentixol decanoate,481.0,10307.7,9697.77791
2023-01,NORTH WEST,Amitriptyline hydrochloride,176717.0,262362.91,250293.30671
2023-01,NORTH WEST,Clomipramine hydrochloride,2959.0,46475.61,43643.17444
2023-01,NORTH WEST,Dosulepin hydrochloride,4554.0,68273.22,64101.8293
2023-01,NORTH WEST,Doxepin,173.0,35539.86,33301.69808
2023-01,NORTH WEST,Imipramine hydrochloride,990.0,6286.39,5919.55818
2023-01,NORTH WEST,Lofepramine hydrochloride,1245.0,19108.15,18005.37358
2023-01,NORTH WEST,Mianserin hydrochloride,12.0,533.13,499.94459
2023-01,NORTH WEST,Nortriptyline,12387.0,52180.87,50176.01005
2023-01,NORTH WEST,Trazodone hydrochloride,16541.0,95527.3,90905.3585
2023-01,NORTH WEST,Trimipramine maleate,133.0,49350.56,46240.65965
2023-01,NORTH WEST,Isocarboxazid,3.0,1644.06,1540.37644
2023-01,NORTH WEST,Moclobemide,62.0,1537.6,1446.26446
2023-01,NORTH WEST,Phenelzine sulfate,39.0,4056.0,3803.99793
2023-01,NORTH WEST,Tranylcypromine sulfate,16.0,34867.04,32667.72777
2023-01,NORTH WEST,Citalopram hydrobromide,156613.0,265230.62,251897.65008
2023-01,NORTH WEST,Fluoxetine hydrochloride,90667.0,376359.98,359806.9938
2023-01,NORTH WEST,Fluvoxamine maleate,233.0,4824.8,4541.20145
2023-01,NORTH WEST,Paroxetine hydrochloride,16794.0,46924.92,45312.23771
2023-01,NORTH WEST,Sertraline hydrochloride,303409.0,467243.05,445934.47181
2023-01,NORTH WEST,Escitalopram,19587.0,37574.75,35717.18895
2023-01,NORTH WEST,Citalopram hydrochloride,753.0,9077.33,8514.92745
2023-01,NORTH WEST,Vortioxetine,3819.0,86024.07,80787.79013
2023-01,NORTH WEST,Flupentixol hydrochloride,1437.0,4325.49,4192.15598
2023-01,NORTH WEST,Tryptophan,5.0,1279.0,1198.77221
2023-01,NORTH WEST,Reboxetine,259.0,4279.19,4033.61037
2023-01,NORTH WEST,Venlafaxine,74668.0,543235.87,513401.65847
2023-01,NORTH WEST,Mirtazapine,180881.0,191377.79,187166.3414
2023-01,NORTH WEST,Duloxetine hydrochloride,49952.0,221508.51,209247.18024
2023-01,NORTH WEST,Agomelatine,152.0,2592.05,2437.66987
2023-01,NORTH WEST,Bupropion hydrochloride,187.0,6685.17,6274.33365
2023-01,SOUTH EAST,Flupentixol hydrochloride,302.0,1903.55,1816.26607
2023-01,SOUTH EAST,Flupentixol decanoate,513.0,8833.32,8294.9321
2023-01,SOUTH EAST,Amitriptyline hydrochloride,163121.0,284278.11,270302.40058
2023-01,SOUTH EAST,Clomipramine hydrochloride,2645.0,43162.84,40522.20104
2023-01,SOUTH EAST,Dosulepin hydrochloride,4754.0,75794.23,71150.44983
2023-01,SOUTH EAST,Doxepin,195.0,43955.5,41187.72138
2023-01,SOUTH EAST,Imipramine hydrochloride,1564.0,12091.95,11369.91919
2023-01,SOUTH EAST,Lofepramine hydrochloride,1157.0,18475.37,17386.52043
2023-01,SOUTH EAST,Mianserin hydrochloride,18.0,1613.83,1512.32719
2023-01,SOUTH EAST,Nortriptyline,10253.0,46911.39,44883.84278
2023-01,SOUTH EAST,Trazodone hydrochloride,14271.0,77994.41,74178.52534
2023-01,SOUTH EAST,Trimipramine maleate,309.0,138760.21,130015.30049
2023-01,SOUTH EAST,Isocarboxazid,12.0,6816.01,6386.7491
2023-01,SOUTH EAST,Moclobemide,121.0,2845.25,2673.87436
2023-01,SOUTH EAST,Phenelzine sulfate,96.0,16163.9,15152.60208
2023-01,SOUTH EAST,Tranylcypromine sulfate,136.0,158715.04,148709.67038
2023-01,SOUTH EAST,Citalopram hydrobromide,165557.0,326565.81,309628.87935
2023-01,SOUTH EAST,Fluoxetine hydrochloride,78959.0,391290.88,371259.40977
2023-01,SOUTH EAST,Fluvoxamine maleate,352.0,8677.78,8154.04387
2023-01,SOUTH EAST,Paroxetine hydrochloride,13953.0,46325.01,44282.62965
2023-01,SOUTH EAST,Sertraline hydrochloride,262494.0,509614.35,483859.19461
2023-01,SOUTH EAST,Escitalopram,30585.0,66196.0,62744.21892
2023-01,SOUTH EAST,Citalopram hydrochloride,1096.0,13379.49,12548.63394
2023-01,SOUTH EAST,Vortioxetine,6071.0,154935.99,145433.1031
2023-01,SOUTH EAST,Flupentixol hydrochloride,1188.0,3780.09,3640.04702
2023-01,SOUTH EAST,Oxitriptan,1.0,28.11,26.44899
2023-01,SOUTH EAST,Tryptophan,5.0,1489.93,1396.49503
2023-01,SOUTH EAST,Reboxetine,223.0,4029.71,3793.51235
2023-01,SOUTH EAST,Venlafaxine,65960.0,604347.76,569549.351
2023-01,SOUTH EAST,Mirtazapine,131335.0,164495.77,159360.84838
2023-01,SOUTH EAST,Duloxetine hydrochloride,40021.0,204154.44,192648.97046
2023-01,SOUTH EAST,Agomelatine,725.0,15612.86,14658.72909
2023-01,SOUTH EAST,Bupropion hydrochloride,352.0,11365.66,10672.92882
2023-01,SOUTH WEST,Flupentixol hydrochloride,329.0,2339.67,2226.75804
2023-01,SOUTH WEST,Flupentixol decanoate,380.0,6660.07,6249.13692
2023-01,SOUTH WEST,Amitriptyline hydrochloride,147555.0,239182.63,227687.20836
2023-01,SOUTH WEST,Clomipramine hydrochloride,1717.0,28372.7,26642.70857
2023-01,SOUTH WEST,Dosulepin hydrochloride,3287.0,52138.25,48941.00038
2023-01,SOUTH WEST,Doxepin,210.0,40135.48,37610.83673
2023-01,SOUTH WEST,Imipramine hydrochloride,1229.0,7321.65,6896.84214
2023-01,SOUTH WEST,Lofepramine hydrochloride,1195.0,18238.03,17166.81512
2023-01,SOUTH WEST,Mianserin hydrochloride,7.0,852.42,799.02917
2023-01,SOUTH WEST,Nortriptyline,6198.0,20401.8,19684.21148
2023-01,SOUTH WEST,Trazodone hydrochloride,8989.0,46716.28,44444.58018
2023-01,SOUTH WEST,Trimipramine maleate,131.0,46666.19,43727.18128
2023-01,SOUTH WEST,Isocarboxazid,35.0,11244.2,10537.50825
2023-01,SOUTH WEST,Moclobemide,95.0,2111.1,1983.30573
2023-01,SOUTH WEST,Phenelzine sulfate,49.0,6446.08,6043.17974
2023-01,SOUTH WEST,Tranylcypromine sulfate,47.0,85399.52,80013.46498
2023-01,SOUTH WEST,Citalopram hydrobromide,128947.0,242251.24,229799.45253
2023-01,SOUTH WEST,Fluoxetine hydrochloride,58060.0,255309.25,242441.2454
2023-01,SOUTH WEST,Fluvoxamine maleate,165.0,3995.47,3754.91269
2023-01,SOUTH WEST,Paroxetine hydrochloride,10354.0,33832.48,32306.85666
2023-01,SOUTH WEST,Sertraline hydrochloride,183104.0,324973.78,309067.85733
2023-01,SOUTH WEST,Escitalopram,16450.0,33534.36,31822.21877
2023-01,SOUTH WEST,Citalopram hydrochloride,595.0,7196.22,6749.20525
2023-01,SOUTH WEST,Vortioxetine,1606.0,39521.79,37104.06228
2023-01,SOUTH WEST,Flupentixol hydrochloride,1028.0,3228.56,3113.11715
2023-01,SOUTH WEST,Reboxetine,224.0,3852.56,3629.11371
2023-01,SOUTH WEST,Venlafaxine,53815.0,435360.21,410414.89993
2023-01,SOUTH WEST,Mirtazapine,107198.0,125408.53,121929.71758
2023-01,SOUTH WEST,Duloxetine hydrochloride,31298.0,146355.94,138222.14709
2023-01,SOUTH WEST,Agomelatine,276.0,5522.38,5189.01871
2023-01,SOUTH WEST,Bupropion hydrochloride,126.0,4757.18,4463.7958
2023-01,UNIDENTIFIED,Flupentixol hydrochloride,1.0,2.64,2.58585
2023-01,UNIDENTIFIED,Amitriptyline hydrochloride,119.0,162.46,154.01797
2023-01,UNIDENTIFIED,Clomipramine hydrochloride,1.0,9.39,8.81
2023-01,UNIDENTIFIED,Dosulepin hydrochloride,1.0,30.57,28.65379
2023-01,UNIDENTIFIED,Nortriptyline,10.0,374.81,352.22254
2023-01,UNIDENTIFIED,Trazodone hydrochloride,13.0,51.98,49.63277
2023-01,UNIDENTIFIED,Trimipramine maleate,2.0,3583.6,3355.80425
2023-01,UNIDENTIFIED,Citalopram hydrobromide,130.0,259.65,244.62401
2023-01,UNIDENTIFIED,Fluoxetine hydrochloride,74.0,452.49,428.80299
2023-01,UNIDENTIFIED,Paroxetine hydrochloride,12.0,76.8,72.48083
2023-01,UNIDENTIFIED,Sertraline hydrochloride,228.0,638.67,604.97687
2023-01,UNIDENTIFIED,Escitalopram,22.0,42.08,40.28016
2023-01,UNIDENTIFIED,Citalopram hydrochloride,2.0,19.98,18.69586
2023-01,UNIDENTIFIED,Vortioxetine,10.0,207.9,195.27355
2023-01,UNIDENTIFIED,Flupentixol hydrochloride,5.0,9.49,9.44228
2023-01,UNIDENTIFIED,Venlafaxine,75.0,1090.11,1026.03725
2023-01,UNIDENTIFIED,Mirtazapine,149.0,186.73,179.12631
2023-01,UNIDENTIFIED,Duloxetine hydrochloride,65.0,388.42,364.61553
2023-01,UNIDENTIFIED,Agomelatine,3.0,93.6,87.42956
2023-01,UNIDENTIFIED,Bupropion hydrochloride,1.0,38.98,38.98
2023-02,EAST OF ENGLAND,Flupentixol hydrochloride,229.0,1242.19,1188.36622
2023-02,EAST OF ENGLAND,Flupentixol decanoate,259.0,3602.21,3385.79579
2023-02,EAST OF ENGLAND,Amitriptyline hydrochloride,154947.0,228554.58,217594.1343
2023-02,EAST OF ENGLAND,Clomipramine hydrochloride,2529.0,33601.46,31583.92323
2023-02,EAST OF ENGLAND,Dosulepin hydrochloride,3482.0,45861.2,43079.42159
2023-02,EAST OF ENGLAND,Doxepin,154.0,29799.68,27939.5057
2023-02,EAST OF ENGLAND,Imipramine hydrochloride,982.0,6270.24,5899.97569
2023-02,EAST OF ENGLAND,Lofepramine hydrochloride,1114.0,15413.93,14528.24098
2023-02,EAST OF ENGLAND,Mianserin hydrochloride,12.0,738.1,692.08614
2023-02,EAST OF ENGLAND,Nortriptyline,8275.0,33130.67,31787.33536
2023-02,EAST OF ENGLAND,Trazodone hydrochloride,7094.0,40305.86,38350.25337
2023-02,EAST OF ENGLAND,Trimipramine maleate,157.0,69171.03,64848.53274
2023-02,EAST OF ENGLAND,Isocarboxazid,23.0,11978.16,11229.77563
2023-02,EAST OF ENGLAND,Moclobemide,69.0,1476.75,1389.20871
2023-02,EAST OF ENGLAND,Phenelzine sulfate,58.0,7839.07,7352.85166
2023-02,EAST OF ENGLAND,Tranylcypromine sulfate,30.0,29260.88,27432.16442
2023-02,EAST OF ENGLAND,Citalopram hydrobromide,156758.0,258045.19,245070.76186
2023-02,EAST OF ENGLAND,Fluoxetine hydrochloride,66672.0,233348.9,221838.46086
2023-02,EAST OF ENGLAND,Fluvoxamine maleate,227.0,5031.64,4730.77862
2023-02,EAST OF ENGLAND,Paroxetine hydrochloride,12764.0,36115.14,34482.2577
2023-02,EAST OF ENGLAND,Sertraline hydrochloride,201281.0,336091.08,319713.21824
2023-02,EAST OF ENGLAND,Escitalopram,15788.0,26709.23,25386.89491
2023-02,EAST OF ENGLAND,Citalopram hydrochloride,749.0,8686.06,8151.77648
2023-02,EAST OF ENGLAND,Vortioxetine,2906.0,72604.62,68177.80459
2023-02,EAST OF ENGLAND,Flupentixol hydrochloride,1463.0,4161.65,4024.39647
2023-02,EAST OF ENGLAND,Tryptophan,4.0,1558.56,1461.12086
2023-02,EAST OF ENGLAND,Reboxetine,167.0,3051.09,2872.52704
2023-02,EAST OF ENGLAND,Venlafaxine,61062.0,410666.61,387668.30864
2023-02,EAST OF ENGLAND,Mirtazapine,94603.0,105654.71,102719.63534
2023-02,EAST OF ENGLAND,Duloxetine hydrochloride,27819.0,138048.17,130285.89127
2023-02,EAST OF ENGLAND,Agomelatine,144.0,3282.13,3082.39409
2023-02,EAST OF ENGLAND,Bupropion hydrochloride,143.0,4605.44,4327.15313
2023-02,LONDON,Flupentixol hydrochloride,495.0,2717.02,2601.8286
2023-02,LONDON,Flupentixol decanoate,509.0,12316.03,11572.69305
2023-02,LONDON,Amitriptyline hydrochloride,104950.0,138843.13,134934.46943
2023-02,LONDON,Clomipramine hydrochloride,1716.0,25503.72,23992.43049
2023-02,LONDON,Dosulepin hydrochloride,2657.0,32098.24,30244.07973
2023-02,LONDON,Doxepin,161.0,30064.71,28193.08242
2023-02,LONDON,Imipramine hydrochloride,733.0,2920.34,2778.58349
2023-02,LONDON,Lofepramine hydrochloride,1003.0,13176.9,12435.62032
2023-02,LONDON,Mianserin hydrochloride,11.0,976.94,916.07607
2023-02,LONDON,Nortriptyline,7303.0,24586.19,23780.66416
2023-02,LONDON,Trazodone hydrochloride,4874.0,25794.62,24593.27707
2023-02,LONDON,Trimipramine maleate,278.0,110431.94,103539.09097
2023-02,LONDON,Isocarboxazid,7.0,1918.06,1798.58642
2023-02,LONDON,Moclobemide,65.0,1307.95,1231.05348
2023-02,LONDON,Phenelzine sulfate,41.0,7170.27,6725.03138
2023-02,LONDON,Tranylcypromine sulfate,40.0,61247.11,57417.6549
2023-02,LONDON,Citalopram hydrobromide,99251.0,170584.81,164107.4237
2023-02,LONDON,Fluoxetine hydrochloride,46186.0,161378.39,154590.46295
2023-02,LONDON,Fluvoxamine maleate,326.0,8296.16,7802.33912
2023-02,LONDON,Paroxetine hydrochloride,10661.0,31246.08,30100.57043
2023-02,LONDON,Sertraline hydrochloride,167166.0,303650.66,291724.53696
2023-02,LONDON,Escitalopram,15371.0,32043.71,30551.11948
2023-02,LONDON,Citalopram hydrochloride,401.0,5469.08,5132.0021
2023-02,LONDON,Vortioxetine,2554.0,71662.14,67299.8753
2023-02,LONDON,Flupentixol hydrochloride,741.0,2245.36,2173.01789
2023-02,LONDON,Oxitriptan,1.0,58.31,54.77554
2023-02,LONDON,Tryptophan,7.0,980.14,919.52634
2023-02,LONDON,Reboxetine,123.0,2125.42,2002.91598
2023-02,LONDON,Venlafaxine,39285.0,299644.34,283755.81139
2023-02,LONDON,Mirtazapine,102472.0,103786.31,103654.94804
2023-02,LONDON,Duloxetine hydrochloride,23422.0,101100.35,96207.10433
2023-02,LONDON,Agomelatine,356.0,8108.64,7620.81956
2023-02,LONDON,Bupropion hydrochloride,403.0,16047.45,15206.99846
2023-02,MIDLANDS,Flupentixol hydrochloride,410.0,3025.04,2881.00549
2023-02,MIDLANDS,Flupentixol decanoate,468.0,11121.58,10458.49756
2023-02,MIDLANDS,Amitriptyline hydrochloride,244235.0,369296.21,351421.9059
2023-02,MIDLANDS,Clomipramine hydrochloride,3149.0,49730.99,46716.75614
2023-02,MIDLANDS,Dosulepin hydrochloride,5678.0,81266.88,76325.52704
2023-02,MIDLANDS,Doxepin,260.0,46382.21,43487.94937
2023-02,MIDLANDS,Imipramine hydrochloride,1797.0,10758.27,10124.76832
2023-02,MIDLANDS,Lofepramine hydrochloride,2265.0,36676.81,34537.32786
2023-02,MIDLANDS,Mianserin hydrochloride,8.0,621.04,582.27297
2023-02,MIDLANDS,Nortriptyline,11697.0,50263.83,48238.50572
2023-02,MIDLANDS,Trazodone hydrochloride,11708.0,66427.69,63148.61282
2023-02,MIDLANDS,Trimipramine maleate,222.0,82355.09,77212.80988
2023-02,MIDLANDS,Isocarboxazid,16.0,8494.33,7963.67126
2023-02,MIDLANDS,Moclobemide,102.0,2291.56,2156.31798
2023-02,MIDLANDS,Phenelzine sulfate,49.0,5347.2,5017.11803
2023-02,MIDLANDS,Tranylcypromine sulfate,46.0,54359.66,50961.91326
2023-02,MIDLANDS,Citalopram hydrobromide,213039.0,378088.87,358494.83135
2023-02,MIDLANDS,Fluoxetine hydrochloride,111379.0,372009.63,355268.98061
2023-02,MIDLANDS,Fluvoxamine maleate,362.0,8216.5,7732.93306
2023-02,MIDLANDS,Paroxetine hydrochloride,18842.0,55792.35,53453.8044
2023-02,MIDLANDS,Sertraline hydrochloride,346690.0,581009.43,552527.59337
2023-02,MIDLANDS,Escitalopram,23442.0,40747.36,38706.66136
2023-02,MIDLANDS,Citalopram hydrochloride,1210.0,14035.08,13171.66141
2023-02,MIDLANDS,Vortioxetine,4502.0,108428.76,101835.40771
2023-02,MIDLANDS,Flupentixol hydrochloride,2106.0,6497.8,6282.76141
2023-02,MIDLANDS,Oxitriptan,2.0,43.74,41.22919
2023-02,MIDLANDS,Tryptophan,11.0,1868.05,1751.67937
2023-02,MIDLANDS,Reboxetine,250.0,4196.76,3954.46226
2023-02,MIDLANDS,Venlafaxine,81259.0,648916.42,612208.0193
2023-02,MIDLANDS,Mirtazapine,167108.0,197492.51,191052.5216
2023-02,MIDLANDS,Duloxetine hydrochloride,54337.0,283992.47,267821.36939
2023-02,MIDLANDS,Agomelatine,262.0,6184.29,5807.27088
2023-02,MIDLANDS,Bupropion hydrochloride,140.0,4537.28,4263.78085
2023-02,NORTH EAST AND YORKSHIRE,Flupentixol hydrochloride,686.0,3241.67,3114.5349
2023-02,NORTH EAST AND YORKSHIRE,Flupentixol decanoate,477.0,9751.17,9166.1665
2023-02,NORTH EAST AND YORKSHIRE,Amitriptyline hydrochloride,248143.0,343666.58,330388.66681
2023-02,NORTH EAST AND YORKSHIRE,Clomipramine hydrochloride,3235.0,41948.49,39482.05022
2023-02,NORTH EAST AND YORKSHIRE,Dosulepin hydrochloride,4619.0,57058.41,53676.01381
2023-02,NORTH EAST AND YORKSHIRE,Doxepin,316.0,57703.46,54107.54459
2023-02,NORTH EAST AND YORKSHIRE,Imipramine hydrochloride,1492.0,7473.65,7057.83414
2023-02,NORTH EAST AND YORKSHIRE,Lofepramine hydrochloride,2700.0,36006.15,33968.84591
2023-02,NORTH EAST AND YORKSHIRE,Mianserin hydrochloride,19.0,520.59,489.24175
2023-02,NORTH EAST AND YORKSHIRE,Nortriptyline,11340.0,37131.58,35942.3243
2023-02,NORTH EAST AND YORKSHIRE,Trazodone hydrochloride,36121.0,151892.94,145493.28329
2023-02,NORTH EAST AND YORKSHIRE,Trimipramine maleate,206.0,64312.17,60300.85184
2023-02,NORTH EAST AND YORKSHIRE,Isocarboxazid,4.0,1096.06,1027.9592
2023-02,NORTH EAST AND YORKSHIRE,Moclobemide,127.0,2084.24,1964.2115
2023-02,NORTH EAST AND YORKSHIRE,Phenelzine sulfate,62.0,7620.91,7150.64758
2023-02,NORTH EAST AND YORKSHIRE,Tranylcypromine sulfate,39.0,54249.57,50858.02179
2023-02,NORTH EAST AND YORKSHIRE,Citalopram hydrobromide,183255.0,295627.13,282618.8833
2023-02,NORTH EAST AND YORKSHIRE,Fluoxetine hydrochloride,131540.0,350490.55,338179.73717
2023-02,NORTH EAST AND YORKSHIRE,Fluvoxamine maleate,384.0,6871.66,6512.12622
2023-02,NORTH EAST AND YORKSHIRE,Paroxetine hydrochloride,17674.0,43534.36,42072.70272
2023-02,NORTH EAST AND YORKSHIRE,Sertraline hydrochloride,337041.0,495166.81,475649.01286
2023-02,NORTH EAST AND YORKSHIRE,Escitalopram,17781.0,28462.36,27300.69583
2023-02,NORTH EAST AND YORKSHIRE,Citalopram hydrochloride,840.0,9659.73,9065.77831
2023-02,NORTH EAST AND YORKSHIRE,Vortioxetine,3604.0,68286.24,64391.10676
2023-02,NORTH EAST AND YORKSHIRE,Flupentixol hydrochloride,2098.0,5409.4,5274.97663
2023-02,NORTH EAST AND YORKSHIRE,Tryptophan,6.0,495.99,465.54391
2023-02,NORTH EAST AND YORKSHIRE,Reboxetine,434.0,6398.01,6040.34512
2023-02,NORTH EAST AND YORKSHIRE,Venlafaxine,68646.0,491125.13,466784.74852
2023-02,NORTH EAST AND YORKSHIRE,Mirtazapine,192625.0,189515.06,187909.12738
2023-02,NORTH EAST AND YORKSHIRE,Duloxetine hydrochloride,67049.0,289337.76,274495.34143
2023-02,NORTH EAST AND YORKSHIRE,Agomelatine,339.0,4609.2,4348.00778
2023-02,NORTH EAST AND YORKSHIRE,Bupropion hydrochloride,108.0,3294.15,3096.43975
2023-02,NORTH WEST,Flupentixol hydrochloride,390.0,2162.0,2070.19419
2023-02,NORTH WEST,Flupentixol decanoate,454.0,9879.81,9298.95231
2023-02,NORTH WEST,Amitriptyline hydrochloride,163149.0,239861.89,228993.60056
2023-02,NORTH WEST,Clomipramine hydrochloride,2615.0,41468.52,38961.00248
2023-02,NORTH WEST,Dosulepin hydrochloride,4212.0,58987.66,55424.79131
2023-02,NORTH WEST,Doxepin,162.0,34555.71,32398.16662
2023-02,NORTH WEST,Imipramine hydrochloride,954.0,6548.0,6167.27745
2023-02,NORTH WEST,Lofepramine hydrochloride,1137.0,18103.07,17053.70491
2023-02,NORTH WEST,Mianserin hydrochloride,14.0,530.61,497.79788
2023-02,NORTH WEST,Nortriptyline,11429.0,48000.72,46189.51131
2023-02,NORTH WEST,Trazodone hydrochloride,15162.0,92988.24,88460.31413
2023-02,NORTH WEST,Trimipramine maleate,135.0,45309.16,42479.67074
2023-02,NORTH WEST,Isocarboxazid,1.0,1644.06,1541.24868
2023-02,NORTH WEST,Moclobemide,58.0,1378.99,1297.8636
2023-02,NORTH WEST,Phenelzine sulfate,30.0,3211.2,3013.53531
2023-02,NORTH WEST,Tranylcypromine sulfate,15.0,30236.85,28346.13357
2023-02,NORTH WEST,Citalopram hydrobromide,143396.0,243115.93,231048.23156
2023-02,NORTH WEST,Fluoxetine hydrochloride,83653.0,257736.63,248267.95126
2023-02,NORTH WEST,Fluvoxamine maleate,227.0,4803.23,4523.13837
2023-02,NORTH WEST,Paroxetine hydrochloride,15641.0,42661.7,41245.37842
2023-02,NORTH WEST,Sertraline hydrochloride,280022.0,430802.02,411471.83201
2023-02,NORTH WEST,Escitalopram,18098.0,31435.26,29952.85473
2023-02,NORTH WEST,Citalopram hydrochloride,665.0,7839.03,7357.57812
2023-02,NORTH WEST,Vortioxetine,3657.0,79753.41,74957.42222
2023-02,NORTH WEST,Flupentixol hydrochloride,1335.0,4021.43,3898.28902
2023-02,NORTH WEST,Tryptophan,7.0,1097.0,1029.07761
2023-02,NORTH WEST,Reboxetine,252.0,4032.12,3804.62837
2023-02,NORTH WEST,Venlafaxine,69379.0,495642.29,468771.22935
2023-02,NORTH WEST,Mirtazapine,166777.0,177117.72,173331.70878
2023-02,NORTH WEST,Duloxetine hydrochloride,46349.0,229172.83,216424.45962
2023-02,NORTH WEST,Agomelatine,125.0,2365.24,2223.6371
2023-02,NORTH WEST,Bupropion hydrochloride,120.0,4137.07,3889.05883
2023-02,SOUTH EAST,Flupentixol hydrochloride,267.0,1695.81,1618.31092
2023-02,SOUTH EAST,Flupentixol decanoate,416.0,6266.77,5890.32499
2023-02,SOUTH EAST,Amitriptyline hydrochloride,149723.0,258310.09,245772.39731
2023-02,SOUTH EAST,Clomipramine hydrochloride,2315.0,38624.25,36281.3979
2023-02,SOUTH EAST,Dosulepin hydrochloride,4175.0,62706.69,58900.71939
2023-02,SOUTH EAST,Doxepin,179.0,47534.81,44566.11967
2023-02,SOUTH EAST,Imipramine hydrochloride,1466.0,11104.69,10448.08744
2023-02,SOUTH EAST,Lofepramine hydrochloride,1097.0,18325.91,17251.3445
2023-02,SOUTH EAST,Mianserin hydrochloride,16.0,1081.28,1013.92758
2023-02,SOUTH EAST,Nortriptyline,9585.0,47332.73,45243.61093
2023-02,SOUTH EAST,Trazodone hydrochloride,13018.0,77297.9,73477.39632
2023-02,SOUTH EAST,Trimipramine maleate,266.0,119804.01,112320.3093
2023-02,SOUTH EAST,Isocarboxazid,11.0,4692.43,4399.48981
2023-02,SOUTH EAST,Moclobemide,97.0,2171.88,2042.76108
2023-02,SOUTH EAST,Phenelzine sulfate,77.0,12702.17,11914.26139
2023-02,SOUTH EAST,Tranylcypromine sulfate,95.0,138515.05,129856.32968
2023-02,SOUTH EAST,Citalopram hydrobromide,150255.0,297300.95,281980.36679
2023-02,SOUTH EAST,Fluoxetine hydrochloride,73041.0,267885.75,255439.56826
2023-02,SOUTH EAST,Fluvoxamine maleate,282.0,6985.15,6567.51625
2023-02,SOUTH EAST,Paroxetine hydrochloride,12750.0,41438.12,39637.19916
2023-02,SOUTH EAST,Sertraline hydrochloride,240772.0,467001.3,443653.88271
2023-02,SOUTH EAST,Escitalopram,28008.0,53730.64,51031.53263
2023-02,SOUTH EAST,Citalopram hydrochloride,922.0,11132.74,10447.58
2023-02,SOUTH EAST,Vortioxetine,5537.0,142499.61,133828.8616
2023-02,SOUTH EAST,Flupentixol hydrochloride,1024.0,3360.9,3235.35107
2023-02,SOUTH EAST,Oxitriptan,1.0,29.16,27.44866
2023-02,SOUTH EAST,Tryptophan,5.0,2522.31,2364.70787
2023-02,SOUTH EAST,Reboxetine,238.0,4450.79,4192.32857
2023-02,SOUTH EAST,Venlafaxine,60950.0,554002.47,522472.89394
2023-02,SOUTH EAST,Mirtazapine,120292.0,151424.85,146775.81335
2023-02,SOUTH EAST,Duloxetine hydrochloride,36707.0,204871.65,193315.9305
2023-02,SOUTH EAST,Agomelatine,635.0,15154.36,14231.14514
2023-02,SOUTH EAST,Bupropion hydrochloride,232.0,8821.21,8285.4113
2023-02,SOUTH WEST,Flupentixol hydrochloride,260.0,1521.22,1453.56659
2023-02,SOUTH WEST,Flupentixol decanoate,352.0,5313.53,4989.39872
2023-02,SOUTH WEST,Amitriptyline hydrochloride,136171.0,219767.9,209335.1078
2023-02,SOUTH WEST,Clomipramine hydrochloride,1623.0,26238.28,24654.13258
2023-02,SOUTH WEST,Dosulepin hydrochloride,2951.0,42751.48,40161.21791
2023-02,SOUTH WEST,Doxepin,183.0,36864.63,34565.10566
2023-02,SOUTH WEST,Imipramine hydrochloride,1078.0,6467.84,6095.20377
2023-02,SOUTH WEST,Lofepramine hydrochloride,1133.0,17201.66,16199.3453
2023-02,SOUTH WEST,Mianserin hydrochloride,7.0,608.32,570.56091
2023-02,SOUTH WEST,Nortriptyline,5673.0,21869.73,21022.15935
2023-02,SOUTH WEST,Trazodone hydrochloride,8405.0,48040.98,45674.32506
2023-02,SOUTH WEST,Trimipramine maleate,123.0,42859.16,40183.66527
2023-02,SOUTH WEST,Isocarboxazid,34.0,8323.07,7805.29591
2023-02,SOUTH WEST,Moclobemide,90.0,2025.47,1904.22113
2023-02,SOUTH WEST,Phenelzine sulfate,46.0,5399.73,5065.85106
2023-02,SOUTH WEST,Tranylcypromine sulfate,47.0,63235.92,59283.14165
2023-02,SOUTH WEST,Citalopram hydrobromide,119449.0,223970.43,212585.12864
2023-02,SOUTH WEST,Fluoxetine hydrochloride,53668.0,175619.72,167653.87012
2023-02,SOUTH WEST,Fluvoxamine maleate,197.0,4853.46,4562.76878
2023-02,SOUTH WEST,Paroxetine hydrochloride,9532.0,30146.79,28813.83917
2023-02,SOUTH WEST,Sertraline hydrochloride,168968.0,300620.38,286092.13978
2023-02,SOUTH WEST,Escitalopram,15370.0,27964.24,26601.99461
2023-02,SOUTH WEST,Citalopram hydrochloride,527.0,6153.02,5774.43151
2023-02,SOUTH WEST,Vortioxetine,1479.0,37027.98,34779.51981
2023-02,SOUTH WEST,Flupentixol hydrochloride,921.0,2936.3,2832.40867
2023-02,SOUTH WEST,Tryptophan,1.0,151.21,141.86534
2023-02,SOUTH WEST,Reboxetine,215.0,3823.87,3602.23337
2023-02,SOUTH WEST,Venlafaxine,49887.0,397961.17,375411.62103
2023-02,SOUTH WEST,Mirtazapine,99254.0,115846.38,112715.67374
2023-02,SOUTH WEST,Duloxetine hydrochloride,29144.0,149132.35,140849.59726
2023-02,SOUTH WEST,Agomelatine,232.0,4703.27,4420.29319
2023-02,SOUTH WEST,Bupropion hydrochloride,103.0,3471.0,3260.72992
2023-02,UNIDENTIFIED,Flupentixol decanoate,1.0,3.41,3.29232
2023-02,UNIDENTIFIED,Amitriptyline hydrochloride,124.0,199.23,188.38799
2023-02,UNIDENTIFIED,Clomipramine hydrochloride,4.0,111.98,105.22609
2023-02,UNIDENTIFIED,Dosulepin hydrochloride,1.0,11.2,10.4567
2023-02,UNIDENTIFIED,Imipramine hydrochloride,1.0,0.82,0.88112
2023-02,UNIDENTIFIED,Lofepramine hydrochloride,8.0,13.36,13.42363
2023-02,UNIDENTIFIED,Nortriptyline,10.0,18.93,18.79769
2023-02,UNIDENTIFIED,Trazodone hydrochloride,18.0,126.34,119.28692
2023-02,UNIDENTIFIED,Citalopram hydrobromide,113.0,223.23,211.40475
2023-02,UNIDENTIFIED,Fluoxetine hydrochloride,81.0,422.52,401.00299
2023-02,UNIDENTIFIED,Fluvoxamine maleate,1.0,47.88,44.99786
2023-02,UNIDENTIFIED,Paroxetine hydrochloride,12.0,88.13,83.05827
2023-02,UNIDENTIFIED,Sertraline hydrochloride,260.0,674.15,640.96616
2023-02,UNIDENTIFIED,Escitalopram,22.0,54.7,52.37707
2023-02,UNIDENTIFIED,Citalopram hydrochloride,2.0,25.65,25.00791
2023-02,UNIDENTIFIED,Vortioxetine,1.0,27.72,25.99872
2023-02,UNIDENTIFIED,Flupentixol hydrochloride,7.0,31.67,30.42016
2023-02,UNIDENTIFIED,Venlafaxine,96.0,826.56,782.10575
2023-02,UNIDENTIFIED,Mirtazapine,188.0,242.43,233.52845
2023-02,UNIDENTIFIED,Duloxetine hydrochloride,75.0,529.94,497.60191
2023-02,UNIDENTIFIED,Agomelatine,4.0,93.12,86.963
2023-03,EAST OF ENGLAND,Flupentixol hydrochloride,277.0,1634.21,1560.46299
2023-03,EAST OF ENGLAND,Flupentixol decanoate,294.0,4068.23,3823.83547
2023-03,EAST OF ENGLAND,Amitriptyline hydrochloride,176191.0,261512.32,248909.41973
2023-03,EAST OF ENGLAND,Clomipramine hydrochloride,2869.0,38092.8,35802.09038
2023-03,EAST OF ENGLAND,Dosulepin hydrochloride,3976.0,49822.41,46802.88289
2023-03,EAST OF ENGLAND,Doxepin,175.0,39336.93,36876.53177
2023-03,EAST OF ENGLAND,Imipramine hydrochloride,1137.0,7361.32,6924.129
2023-03,EAST OF ENGLAND,Lofepramine hydrochloride,1189.0,16461.71,15510.07279
2023-03,EAST OF ENGLAND,Mianserin hydrochloride,10.0,444.15,416.55805
2023-03,EAST OF ENGLAND,Nortriptyline,9508.0,36880.59,35409.37447
2023-03,EAST OF ENGLAND,Trazodone hydrochloride,8050.0,39724.38,37871.25736
2023-03,EAST OF ENGLAND,Trimipramine maleate,160.0,61384.86,57544.7342
2023-03,EAST OF ENGLAND,Isocarboxazid,19.0,8611.75,8073.42931
2023-03,EAST OF ENGLAND,Moclobemide,92.0,1811.57,1705.00735
2023-03,EAST OF ENGLAND,Phenelzine sulfate,72.0,9609.87,9012.92242
2023-03,EAST OF ENGLAND,Tranylcypromine sulfate,30.0,31759.26,29771.49495
2023-03,EAST OF ENGLAND,Citalopram hydrobromide,178038.0,293634.78,278812.88635
2023-03,EAST OF ENGLAND,Fluoxetine hydrochloride,75825.0,268267.16,254966.96256
2023-03,EAST OF ENGLAND,Fluvoxamine maleate,254.0,5098.97,4794.90072
2023-03,EAST OF ENGLAND,Paroxetine hydrochloride,14593.0,41533.75,39637.63468
2023-03,EAST OF ENGLAND,Sertraline hydrochloride,231398.0,391849.02,372651.77649
2023-03,EAST OF ENGLAND,Escitalopram,18242.0,31549.95,29976.17732
2023-03,EAST OF ENGLAND,Citalopram hydrochloride,863.0,9694.96,9097.95694
2023-03,EAST OF ENGLAND,Vortioxetine,3431.0,85594.41,80365.75839
2023-03,EAST OF ENGLAND,Flupentixol hydrochloride,1585.0,4518.89,4366.87596
2023-03,EAST OF ENGLAND,Tryptophan,2.0,893.44,837.51098
2023-03,EAST OF ENGLAND,Reboxetine,180.0,3239.25,3049.5807
2023-03,EAST OF ENGLAND,Venlafaxine,70115.0,480529.67,453397.22948
2023-03,EAST OF ENGLAND,Mirtazapine,108961.0,120536.47,117195.52656
2023-03,EAST OF ENGLAND,Duloxetine hydrochloride,32206.0,141649.49,133775.73434
2023-03,EAST OF ENGLAND,Agomelatine,148.0,3428.4,3219.06222
2023-03,EAST OF ENGLAND,Bupropion hydrochloride,131.0,6613.3,6207.1514
2023-03,LONDON,Flupentixol hydrochloride,567.0,2931.38,2810.72642
2023-03,LONDON,Flupentixol decanoate,571.0,17223.4,16175.51168
2023-03,LONDON,Amitriptyline hydrochloride,118885.0,159292.14,154674.36243
2023-03,LONDON,Clomipramine hydrochloride,1919.0,29112.74,27378.68064
2023-03,LONDON,Dosulepin hydrochloride,2889.0,37336.66,35151.98609
2023-03,LONDON,Doxepin,188.0,38300.0,35912.00164
2023-03,LONDON,Imipramine hydrochloride,857.0,3726.36,3539.81421
2023-03,LONDON,Lofepramine hydrochloride,1153.0,16744.73,15792.44763
2023-03,LONDON,Mianserin hydrochloride,10.0,710.16,665.80854
2023-03,LONDON,Nortriptyline,8460.0,31931.29,30777.82042
2023-03,LONDON,Trazodone hydrochloride,5660.0,24878.42,23795.37156
2023-03,LONDON,Trimipramine maleate,290.0,115475.17,108257.5563
2023-03,LONDON,Isocarboxazid,27.0,7486.3,7019.88733
2023-03,LONDON,Moclobemide,81.0,1405.27,1323.46603
2023-03,LONDON,Phenelzine sulfate,40.0,6793.64,6371.26796
2023-03,LONDON,Tranylcypromine sulfate,40.0,75256.04,70544.24593
2023-03,LONDON,Citalopram hydrobromide,111287.0,191733.81,184384.19199
2023-03,LONDON,Fluoxetine hydrochloride,52254.0,182446.95,174747.27612
2023-03,LONDON,Fluvoxamine maleate,384.0,8668.59,8156.8603
2023-03,LONDON,Paroxetine hydrochloride,12147.0,34026.95,32823.05627
2023-03,LONDON,Sertraline hydrochloride,191890.0,352003.19,337999.0614
2023-03,LONDON,Escitalopram,17651.0,36967.85,35233.72813
2023-03,LONDON,Citalopram hydrochloride,414.0,5297.04,4970.43308
2023-03,LONDON,Vortioxetine,2785.0,78056.55,73297.40766
2023-03,LONDON,Flupentixol hydrochloride,914.0,2363.11,2302.84815
2023-03,LONDON,Oxitriptan,3.0,50.5,47.47452
2023-03,LONDON,Tryptophan,10.0,627.5,588.92531
2023-03,LONDON,Reboxetine,148.0,2544.92,2398.17351
2023-03,LONDON,Venlafaxine,44788.0,345099.92,326694.28641
2023-03,LONDON,Mirtazapine,114722.0,117961.99,117587.01407
2023-03,LONDON,Duloxetine hydrochloride,26847.0,101453.48,96745.60917
2023-03,LONDON,Agomelatine,366.0,8617.47,8095.51867
2023-03,LONDON,Bupropion hydrochloride,370.0,21721.32,20502.85821
2023-03,MIDLANDS,Flupentixol hydrochloride,473.0,3362.4,3203.22502
2023-03,MIDLANDS,Flupentixol decanoate,547.0,12983.49,12210.32653
2023-03,MIDLANDS,Amitriptyline hydrochloride,278660.0,424576.24,403911.9292
2023-03,MIDLANDS,Clomipramine hydrochloride,3563.0,56350.94,52933.18389
2023-03,MIDLANDS,Dosulepin hydrochloride,6290.0,86866.79,81578.4981
2023-03,MIDLANDS,Doxepin,250.0,47318.8,44360.89914
2023-03,MIDLANDS,Imipramine hydrochloride,2055.0,14712.01,13834.35977
2023-03,MIDLANDS,Lofepramine hydrochloride,2571.0,43353.51,40811.66902
2023-03,MIDLANDS,Mianserin hydrochloride,21.0,1410.33,1322.55272
2023-03,MIDLANDS,Nortriptyline,13377.0,53842.7,51747.21213
2023-03,MIDLANDS,Trazodone hydrochloride,13178.0,57820.47,55187.36981
2023-03,MIDLANDS,Trimipramine maleate,194.0,77033.1,72214.64924
2023-03,MIDLANDS,Isocarboxazid,23.0,9282.09,8701.96206
2023-03,MIDLANDS,Moclobemide,127.0,2706.07,2546.07156
2023-03,MIDLANDS,Phenelzine sulfate,58.0,8111.91,7609.47661
2023-03,MIDLANDS,Tranylcypromine sulfate,67.0,63518.52,59545.33868
2023-03,MIDLANDS,Citalopram hydrobromide,242339.0,428056.91,405869.99517
2023-03,MIDLANDS,Fluoxetine hydrochloride,126413.0,414616.29,395983.81344
2023-03,MIDLANDS,Fluvoxamine maleate,383.0,8682.71,8168.87363
2023-03,MIDLANDS,Paroxetine hydrochloride,21413.0,61655.96,59097.43202
2023-03,MIDLANDS,Sertraline hydrochloride,397571.0,669472.61,636423.02158
2023-03,MIDLANDS,Escitalopram,27118.0,46627.11,44288.40349
2023-03,MIDLANDS,Citalopram hydrochloride,1337.0,14893.47,13976.60106
2023-03,MIDLANDS,Vortioxetine,5202.0,123354.0,115844.55013
2023-03,MIDLANDS,Flupentixol hydrochloride,2431.0,7309.2,7073.3992
2023-03,MIDLANDS,Oxitriptan,3.0,72.53,77.78483
2023-03,MIDLANDS,Tryptophan,8.0,2069.21,1940.09516
2023-03,MIDLANDS,Reboxetine,298.0,5289.79,4982.24076
2023-03,MIDLANDS,Venlafaxine,93484.0,751595.8,708984.97025
2023-03,MIDLANDS,Mirtazapine,190554.0,227021.02,219530.0278
2023-03,MIDLANDS,Duloxetine hydrochloride,62661.0,285557.79,269500.29739
2023-03,MIDLANDS,Agomelatine,297.0,7268.68,6824.52011
2023-03,MIDLANDS,Bupropion hydrochloride,113.0,5529.01,5190.91881
2023-03,NORTH EAST AND YORKSHIRE,Flupentixol hydrochloride,747.0,3346.75,3220.02814
2023-03,NORTH EAST AND YORKSHIRE,Flupentixol decanoate,568.0,10776.19,10130.16116
2023-03,NORTH EAST AND YORKSHIRE,Amitriptyline hydrochloride,283595.0,396293.81,380907.33373
2023-03,NORTH EAST AND YORKSHIRE,Clomipramine hydrochloride,3591.0,46975.01,44207.02825
2023-03,NORTH EAST AND YORKSHIRE,Dosulepin hydrochloride,5050.0,59197.14,55687.74666
2023-03,NORTH EAST AND YORKSHIRE,Doxepin,381.0,73380.28,68798.90187
2023-03,NORTH EAST AND YORKSHIRE,Imipramine hydrochloride,1691.0,7565.07,7153.20016
2023-03,NORTH EAST AND YORKSHIRE,Lofepramine hydrochloride,2952.0,39741.15,37488.85156
2023-03,NORTH EAST AND YORKSHIRE,Mianserin hydrochloride,8.0,405.23,379.9135
2023-03,NORTH EAST AND YORKSHIRE,Nortriptyline,13077.0,40155.61,38944.03637
2023-03,NORTH EAST AND YORKSHIRE,Trazodone hydrochloride,41701.0,140220.21,134980.81178
2023-03,NORTH EAST AND YORKSHIRE,Trimipramine maleate,261.0,79251.65,74303.83678
2023-03,NORTH EAST AND YORKSHIRE,Isocarboxazid,8.0,3288.15,3082.92092
2023-03,NORTH EAST AND YORKSHIRE,Moclobemide,124.0,2074.53,1955.43283
2023-03,NORTH EAST AND YORKSHIRE,Phenelzine sulfate,73.0,9453.03,8867.80413
2023-03,NORTH EAST AND YORKSHIRE,Tranylcypromine sulfate,43.0,63224.62,59266.53487
2023-03,NORTH EAST AND YORKSHIRE,Citalopram hydrobromide,208027.0,335236.95,320497.14976
2023-03,NORTH EAST AND YORKSHIRE,Fluoxetine hydrochloride,150512.0,405203.76,390743.05387
2023-03,NORTH EAST AND YORKSHIRE,Fluvoxamine maleate,443.0,7743.73,7298.24205
2023-03,NORTH EAST AND YORKSHIRE,Paroxetine hydrochloride,20272.0,48015.11,46450.85247
2023-03,NORTH EAST AND YORKSHIRE,Sertraline hydrochloride,386506.0,573720.56,551004.26888
2023-03,NORTH EAST AND YORKSHIRE,Escitalopram,20264.0,32419.33,31085.84732
2023-03,NORTH EAST AND YORKSHIRE,Citalopram hydrochloride,906.0,10066.98,9447.50868
2023-03,NORTH EAST AND YORKSHIRE,Vortioxetine,4230.0,82250.19,77372.27919
2023-03,NORTH EAST AND YORKSHIRE,Flupentixol hydrochloride,2355.0,5988.79,5841.69791
2023-03,NORTH EAST AND YORKSHIRE,Oxitriptan,2.0,26.48,45.04643
2023-03,NORTH EAST AND YORKSHIRE,Tryptophan,8.0,172.0,182.12729
2023-03,NORTH EAST AND YORKSHIRE,Reboxetine,492.0,6394.17,6043.50908
2023-03,NORTH EAST AND YORKSHIRE,Venlafaxine,78634.0,549655.49,521205.51373
2023-03,NORTH EAST AND YORKSHIRE,Mirtazapine,219792.0,218608.24,216582.62587
2023-03,NORTH EAST AND YORKSHIRE,Duloxetine hydrochloride,77682.0,292325.33,277778.09287
2023-03,NORTH EAST AND YORKSHIRE,Agomelatine,411.0,5447.88,5140.06504
2023-03,NORTH EAST AND YORKSHIRE,Bupropion hydrochloride,92.0,2586.95,2431.87686
2023-03,NORTH WEST,Flupentixol hydrochloride,495.0,2819.47,2698.00737
2023-03,NORTH WEST,Flupentixol decanoate,442.0,9424.59,8872.89046
2023-03,NORTH WEST,Amitriptyline hydrochloride,188258.0,276809.94,264271.00075
2023-03,NORTH WEST,Clomipramine hydrochloride,2947.0,47315.56,44447.43353
2023-03,NORTH WEST,Dosulepin hydrochloride,4795.0,63352.15,59529.27817
2023-03,NORTH WEST,Doxepin,181.0,39333.18,36874.12743
2023-03,NORTH WEST,Imipramine hydrochloride,1028.0,6055.45,5708.42403
2023-03,NORTH WEST,Lofepramine hydrochloride,1310.0,20974.03,19759.70179
2023-03,NORTH WEST,Mianserin hydrochloride,9.0,376.35,353.09177
2023-03,NORTH WEST,Nortriptyline,13302.0,55868.2,53755.86155
2023-03,NORTH WEST,Trazodone hydrochloride,17448.0,84760.77,80932.06083
2023-03,NORTH WEST,Trimipramine maleate,120.0,47892.39,44896.38979
2023-03,NORTH WEST,Isocarboxazid,2.0,2740.1,2568.51947
2023-03,NORTH WEST,Moclobemide,62.0,1439.29,1354.91987
2023-03,NORTH WEST,Phenelzine sulfate,30.0,4386.0,4113.98825
2023-03,NORTH WEST,Tranylcypromine sulfate,17.0,32549.1,30511.03293
2023-03,NORTH WEST,Citalopram hydrobromide,164964.0,279416.27,265515.17766
2023-03,NORTH WEST,Fluoxetine hydrochloride,96323.0,293907.12,283125.92014
2023-03,NORTH WEST,Fluvoxamine maleate,241.0,5116.26,4817.83029
2023-03,NORTH WEST,Paroxetine hydrochloride,18037.0,47648.27,46111.31893
2023-03,NORTH WEST,Sertraline hydrochloride,324007.0,503963.72,481213.15299
2023-03,NORTH WEST,Escitalopram,21002.0,35892.05,34201.27768
2023-03,NORTH WEST,Citalopram hydrochloride,744.0,8313.1,7802.25457
2023-03,NORTH WEST,Vortioxetine,4199.0,92523.42,86944.45338
2023-03,NORTH WEST,Flupentixol hydrochloride,1512.0,4446.31,4315.4184
2023-03,NORTH WEST,Tryptophan,7.0,980.2,919.49943
2023-03,NORTH WEST,Reboxetine,282.0,4492.9,4238.09348
2023-03,NORTH WEST,Venlafaxine,79574.0,576034.51,544633.42752
2023-03,NORTH WEST,Mirtazapine,191710.0,205017.38,200531.96352
2023-03,NORTH WEST,Duloxetine hydrochloride,53851.0,235265.17,222362.18062
2023-03,NORTH WEST,Agomelatine,160.0,2907.3,2733.98249
2023-03,NORTH WEST,Bupropion hydrochloride,105.0,4410.92,4140.47753
2023-03,SOUTH EAST,Flupentixol hydrochloride,327.0,1847.29,1767.32917
2023-03,SOUTH EAST,Flupentixol decanoate,442.0,7385.8,6941.32601
2023-03,SOUTH EAST,Amitriptyline hydrochloride,171128.0,293869.07,279587.49848
2023-03,SOUTH EAST,Clomipramine hydrochloride,2730.0,45494.42,42730.15329
2023-03,SOUTH EAST,Dosulepin hydrochloride,4712.0,67791.15,63677.03659
2023-03,SOUTH EAST,Doxepin,194.0,45161.86,42338.94673
2023-03,SOUTH EAST,Imipramine hydrochloride,1681.0,12996.71,12228.97779
2023-03,SOUTH EAST,Lofepramine hydrochloride,1176.0,20014.9,18838.24398
2023-03,SOUTH EAST,Mianserin hydrochloride,20.0,1295.17,1214.39247
2023-03,SOUTH EAST,Nortriptyline,10895.0,49983.86,47847.3521
2023-03,SOUTH EAST,Trazodone hydrochloride,14647.0,68374.34,65232.88288
2023-03,SOUTH EAST,Trimipramine maleate,303.0,123784.25,116042.53467
2023-03,SOUTH EAST,Isocarboxazid,11.0,4511.39,4229.48977
2023-03,SOUTH EAST,Moclobemide,139.0,3145.87,2958.68922
2023-03,SOUTH EAST,Phenelzine sulfate,103.0,16461.09,15439.8272
2023-03,SOUTH EAST,Tranylcypromine sulfate,136.0,134281.49,125879.56347
2023-03,SOUTH EAST,Citalopram hydrobromide,171050.0,335564.46,318301.65923
2023-03,SOUTH EAST,Fluoxetine hydrochloride,83246.0,309230.27,294755.49323
2023-03,SOUTH EAST,Fluvoxamine maleate,306.0,7037.84,6617.71146
2023-03,SOUTH EAST,Paroxetine hydrochloride,14596.0,47310.47,45263.9695
2023-03,SOUTH EAST,Sertraline hydrochloride,276328.0,544478.63,517129.3933
2023-03,SOUTH EAST,Escitalopram,32174.0,62682.23,59500.84811
2023-03,SOUTH EAST,Citalopram hydrochloride,1082.0,12929.28,12132.64598
2023-03,SOUTH EAST,Vortioxetine,6230.0,162618.39,152698.19178
2023-03,SOUTH EAST,Flupentixol hydrochloride,1227.0,3799.64,3665.19717
2023-03,SOUTH EAST,Tryptophan,9.0,2688.63,2540.7473
2023-03,SOUTH EAST,Reboxetine,287.0,5185.39,4884.27818
2023-03,SOUTH EAST,Venlafaxine,70149.0,638079.09,601648.99579
2023-03,SOUTH EAST,Mirtazapine,137392.0,173773.63,168375.21599
2023-03,SOUTH EAST,Duloxetine hydrochloride,42342.0,209681.02,198003.20296
2023-03,SOUTH EAST,Agomelatine,751.0,17172.78,16127.23377
2023-03,SOUTH EAST,Bupropion hydrochloride,238.0,15239.5,14299.39134
2023-03,SOUTH WEST,Flupentixol hydrochloride,342.0,2193.25,2091.97222
2023-03,SOUTH WEST,Flupentixol decanoate,349.0,5465.08,5131.10598
2023-03,SOUTH WEST,Amitriptyline hydrochloride,155989.0,251766.07,239801.54948
2023-03,SOUTH WEST,Clomipramine hydrochloride,1844.0,29565.8,27780.39908
2023-03,SOUTH WEST,Dosulepin hydrochloride,3209.0,45477.52,42718.56112
2023-03,SOUTH WEST,Doxepin,204.0,42591.85,39930.72699
2023-03,SOUTH WEST,Imipramine hydrochloride,1200.0,7023.16,6619.78404
2023-03,SOUTH WEST,Lofepramine hydrochloride,1280.0,19859.21,18698.68519
2023-03,SOUTH WEST,Mianserin hydrochloride,9.0,898.4,842.54715
2023-03,SOUTH WEST,Nortriptyline,6505.0,23762.82,22869.70243
2023-03,SOUTH WEST,Trazodone hydrochloride,9571.0,41324.35,39455.39996
2023-03,SOUTH WEST,Trimipramine maleate,118.0,41634.72,39032.0353
2023-03,SOUTH WEST,Isocarboxazid,24.0,8220.33,7707.26013
2023-03,SOUTH WEST,Moclobemide,104.0,2292.29,2155.5079
2023-03,SOUTH WEST,Phenelzine sulfate,54.0,6244.34,5857.49407
2023-03,SOUTH WEST,Tranylcypromine sulfate,43.0,80491.09,75451.35078
2023-03,SOUTH WEST,Citalopram hydrobromide,135069.0,253673.72,240761.24881
2023-03,SOUTH WEST,Fluoxetine hydrochloride,61479.0,204360.45,194998.86876
2023-03,SOUTH WEST,Fluvoxamine maleate,175.0,4204.04,3953.48549
2023-03,SOUTH WEST,Paroxetine hydrochloride,11087.0,34891.09,33382.53104
2023-03,SOUTH WEST,Sertraline hydrochloride,193724.0,345031.57,328313.52818
2023-03,SOUTH WEST,Escitalopram,17620.0,32567.43,30969.02123
2023-03,SOUTH WEST,Citalopram hydrochloride,624.0,7362.46,6908.78272
2023-03,SOUTH WEST,Vortioxetine,1684.0,40963.23,38475.60651
2023-03,SOUTH WEST,Flupentixol hydrochloride,1036.0,3193.45,3082.25642
2023-03,SOUTH WEST,Reboxetine,213.0,3759.59,3541.72995
2023-03,SOUTH WEST,Venlafaxine,57150.0,449456.83,423959.40751
2023-03,SOUTH WEST,Mirtazapine,113525.0,132221.98,128658.15918
2023-03,SOUTH WEST,Duloxetine hydrochloride,33413.0,149013.14,140884.21052
2023-03,SOUTH WEST,Agomelatine,255.0,5563.37,5224.95137
2023-03,SOUTH WEST,Bupropion hydrochloride,82.0,3935.89,3694.55023
2023-03,UNIDENTIFIED,Flupentixol hydrochloride,1.0,7.8,7.42391
2023-03,UNIDENTIFIED,Amitriptyline hydrochloride,123.0,153.2,145.83484
2023-03,UNIDENTIFIED,Clomipramine hydrochloride,3.0,25.62,24.15269
2023-03,UNIDENTIFIED,Imipramine hydrochloride,1.0,1.41,1.3341
2023-03,UNIDENTIFIED,Lofepramine hydrochloride,1.0,20.3,19.14106
2023-03,UNIDENTIFIED,Nortriptyline,12.0,15.06,15.41891
2023-03,UNIDENTIFIED,Trazodone hydrochloride,16.0,79.52,75.73704
2023-03,UNIDENTIFIED,Citalopram hydrobromide,120.0,242.71,228.72769
2023-03,UNIDENTIFIED,Fluoxetine hydrochloride,86.0,1548.06,1459.04619
2023-03,UNIDENTIFIED,Paroxetine hydrochloride,9.0,48.58,46.10251
2023-03,UNIDENTIFIED,Sertraline hydrochloride,203.0,519.95,492.69706
2023-03,UNIDENTIFIED,Escitalopram,19.0,77.0,72.67782
2023-03,UNIDENTIFIED,Citalopram hydrochloride,3.0,28.14,26.30647
2023-03,UNIDENTIFIED,Vortioxetine,5.0,119.79,112.64987
2023-03,UNIDENTIFIED,Flupentixol hydrochloride,4.0,18.15,17.46291
2023-03,UNIDENTIFIED,Venlafaxine,67.0,785.87,740.80495
2023-03,UNIDENTIFIED,Mirtazapine,180.0,221.78,213.87515
2023-03,UNIDENTIFIED,Duloxetine hydrochloride,74.0,530.03,498.31957
2023-03,UNIDENTIFIED,Agomelatine,3.0,77.25,72.15167
2023-03,UNIDENTIFIED,Bupropion hydrochloride,2.0,83.52,80.91708
2023-04,EAST OF ENGLAND,Flupentixol hydrochloride,243.0,1389.74,1332.95247
2023-04,EAST OF ENGLAND,Flupentixol decanoate,288.0,3278.65,3095.77888
2023-04,EAST OF ENGLAND,Amitriptyline hydrochloride,158033.0,235004.78,224600.15739
2023-04,EAST OF ENGLAND,Clomipramine hydrochloride,2619.0,34000.24,32092.8981
2023-04,EAST OF ENGLAND,Dosulepin hydrochloride,3521.0,47763.6,45047.15646
2023-04,EAST OF ENGLAND,Doxepin,148.0,30768.57,28965.75796
2023-04,EAST OF ENGLAND,Imipramine hydrochloride,1016.0,6435.13,6081.03122
2023-04,EAST OF ENGLAND,Lofepramine hydrochloride,1093.0,14944.91,14141.90092
2023-04,EAST OF ENGLAND,Mianserin hydrochloride,9.0,477.63,449.81332
2023-04,EAST OF ENGLAND,Nortriptyline,8575.0,30699.22,29660.51476
2023-04,EAST OF ENGLAND,Trazodone hydrochloride,7314.0,33866.54,32455.50799
2023-04,EAST OF ENGLAND,Trimipramine maleate,148.0,64348.98,60576.15111
2023-04,EAST OF ENGLAND,Isocarboxazid,17.0,9061.92,8530.84657
2023-04,EAST OF ENGLAND,Moclobemide,80.0,1487.91,1406.02645
2023-04,EAST OF ENGLAND,Phenelzine sulfate,58.0,8065.87,7596.79324
2023-04,EAST OF ENGLAND,Tranylcypromine sulfate,31.0,33344.32,31388.96734
2023-04,EAST OF ENGLAND,Citalopram hydrobromide,158534.0,254525.57,242734.59971
2023-04,EAST OF ENGLAND,Fluoxetine hydrochloride,68107.0,240488.53,229538.63137
2023-04,EAST OF ENGLAND,Fluvoxamine maleate,214.0,4429.28,4180.94244
2023-04,EAST OF ENGLAND,Paroxetine hydrochloride,12993.0,37018.51,35486.59282
2023-04,EAST OF ENGLAND,Sertraline hydrochloride,206459.0,355948.29,339836.81052
2023-04,EAST OF ENGLAND,Escitalopram,16302.0,29193.54,27837.26599
2023-04,EAST OF ENGLAND,Citalopram hydrochloride,730.0,15016.16,14143.72386
2023-04,EAST OF ENGLAND,Vortioxetine,3101.0,77307.12,72891.04961
2023-04,EAST OF ENGLAND,Flupentixol hydrochloride,1461.0,4199.31,4075.98864
2023-04,EAST OF ENGLAND,Tryptophan,6.0,2007.44,1889.81375
2023-04,EAST OF ENGLAND,Reboxetine,189.0,3624.43,3425.77384
2023-04,EAST OF ENGLAND,Venlafaxine,63238.0,436509.77,413576.44343
2023-04,EAST OF ENGLAND,Mirtazapine,97456.0,109688.29,107019.57194
2023-04,EAST OF ENGLAND,Duloxetine hydrochloride,29029.0,122801.76,116492.87771
2023-04,EAST OF ENGLAND,Agomelatine,148.0,3228.85,3045.66093
2023-04,EAST OF ENGLAND,Bupropion hydrochloride,97.0,3604.2,3419.30189
2023-04,LONDON,Flupentixol hydrochloride,558.0,2772.77,2671.47747
2023-04,LONDON,Flupentixol decanoate,503.0,12365.14,11664.87009
2023-04,LONDON,Amitriptyline hydrochloride,107616.0,142186.54,138772.91997
2023-04,LONDON,Clomipramine hydrochloride,1793.0,25417.4,24015.38867
2023-04,LONDON,Dosulepin hydrochloride,2637.0,33922.33,32077.79827
2023-04,LONDON,Doxepin,160.0,33427.82,31474.49177
2023-04,LONDON,Imipramine hydrochloride,803.0,3710.16,3535.19781
2023-04,LONDON,Lofepramine hydrochloride,1098.0,14135.12,13398.25865
2023-04,LONDON,Mianserin hydrochloride,8.0,314.23,295.88956
2023-04,LONDON,Nortriptyline,7733.0,25897.56,25152.52662
2023-04,LONDON,Trazodone hydrochloride,5087.0,24254.05,23262.05059
2023-04,LONDON,Trimipramine maleate,279.0,102578.03,96573.30306
2023-04,LONDON,Isocarboxazid,25.0,4472.19,4212.16282
2023-04,LONDON,Moclobemide,74.0,1434.52,1355.45709
2023-04,LONDON,Phenelzine sulfate,45.0,8175.49,7699.59368
2023-04,LONDON,Tranylcypromine sulfate,41.0,68380.67,64369.06208
2023-04,LONDON,Citalopram hydrobromide,100115.0,167256.84,161649.60008
2023-04,LONDON,Fluoxetine hydrochloride,47342.0,167090.25,160672.399
2023-04,LONDON,Fluvoxamine maleate,308.0,7620.45,7196.68563
2023-04,LONDON,Paroxetine hydrochloride,10815.0,31058.6,30054.2223
2023-04,LONDON,Sertraline hydrochloride,172837.0,318561.69,307241.21441
2023-04,LONDON,Escitalopram,15924.0,35170.27,33631.8458
2023-04,LONDON,Citalopram hydrochloride,403.0,8607.04,8106.95903
2023-04,LONDON,Vortioxetine,2740.0,75198.42,70918.69887
2023-04,LONDON,Flupentixol hydrochloride,798.0,2171.65,2119.30868
2023-04,LONDON,Oxitriptan,1.0,58.31,55.00065
2023-04,LONDON,Tryptophan,6.0,464.0,437.34594
2023-04,LONDON,Reboxetine,134.0,2108.36,1996.39869
2023-04,LONDON,Venlafaxine,40522.0,311014.66,295692.36376
2023-04,LONDON,Mirtazapine,104816.0,107394.89,107579.03871
2023-04,LONDON,Duloxetine hydrochloride,23766.0,88534.24,84783.51812
2023-04,LONDON,Agomelatine,358.0,8266.95,7800.16764
2023-04,LONDON,Bupropion hydrochloride,308.0,16864.85,16121.38587
2023-04,MIDLANDS,Flupentixol hydrochloride,477.0,3117.7,2986.99996
2023-04,MIDLANDS,Flupentixol decanoate,436.0,11857.74,11192.02126
2023-04,MIDLANDS,Amitriptyline hydrochloride,248575.0,384402.79,367106.11042
2023-04,MIDLANDS,Clomipramine hydrochloride,3123.0,48068.98,45342.23016
2023-04,MIDLANDS,Dosulepin hydrochloride,5571.0,81517.28,76875.90364
2023-04,MIDLANDS,Doxepin,239.0,41548.49,39116.13205
2023-04,MIDLANDS,Imipramine hydrochloride,1807.0,13308.4,12566.87197
2023-04,MIDLANDS,Lofepramine hydrochloride,2251.0,37797.84,35727.75282
2023-04,MIDLANDS,Mianserin hydrochloride,12.0,1088.96,1025.20644
2023-04,MIDLANDS,Nortriptyline,12055.0,48154.44,46481.1243
2023-04,MIDLANDS,Trazodone hydrochloride,11840.0,53994.95,51709.20854
2023-04,MIDLANDS,Trimipramine maleate,173.0,73231.88,68938.00698
2023-04,MIDLANDS,Isocarboxazid,25.0,10343.88,9738.29017
2023-04,MIDLANDS,Moclobemide,115.0,2422.48,2289.43843
2023-04,MIDLANDS,Phenelzine sulfate,42.0,5406.65,5093.08529
2023-04,MIDLANDS,Tranylcypromine sulfate,51.0,56996.84,53654.96989
2023-04,MIDLANDS,Citalopram hydrobromide,214016.0,368006.95,350464.27719
2023-04,MIDLANDS,Fluoxetine hydrochloride,112491.0,379739.04,363987.04929
2023-04,MIDLANDS,Fluvoxamine maleate,371.0,7852.7,7421.73999
2023-04,MIDLANDS,Paroxetine hydrochloride,19366.0,58160.95,55928.6458
2023-04,MIDLANDS,Sertraline hydrochloride,353079.0,605922.2,578217.72314
2023-04,MIDLANDS,Escitalopram,24309.0,44511.59,42421.41749
2023-04,MIDLANDS,Citalopram hydrochloride,1217.0,24553.9,23127.63557
2023-04,MIDLANDS,Vortioxetine,4554.0,111553.2,105190.67541
2023-04,MIDLANDS,Flupentixol hydrochloride,2121.0,6579.06,6387.41109
2023-04,MIDLANDS,Oxitriptan,2.0,53.11,62.11819
2023-04,MIDLANDS,Tryptophan,8.0,1154.0,1086.74294
2023-04,MIDLANDS,Reboxetine,262.0,4378.0,4141.10477
2023-04,MIDLANDS,Venlafaxine,83918.0,688607.95,652283.29068
2023-04,MIDLANDS,Mirtazapine,169356.0,201205.01,195375.24948
2023-04,MIDLANDS,Duloxetine hydrochloride,56444.0,248334.83,235401.40924
2023-04,MIDLANDS,Agomelatine,256.0,6405.78,6038.97592
2023-04,MIDLANDS,Bupropion hydrochloride,113.0,4095.53,3863.48485
2023-04,NORTH EAST AND YORKSHIRE,Flupentixol hydrochloride,702.0,3234.76,3122.43094
2023-04,NORTH EAST AND YORKSHIRE,Flupentixol decanoate,489.0,9127.42,8617.75084
2023-04,NORTH EAST AND YORKSHIRE,Amitriptyline hydrochloride,254058.0,354158.65,341790.50529
2023-04,NORTH EAST AND YORKSHIRE,Clomipramine hydrochloride,3233.0,41973.37,39661.57467
2023-04,NORTH EAST AND YORKSHIRE,Dosulepin hydrochloride,4623.0,59057.44,55775.62834
2023-04,NORTH EAST AND YORKSHIRE,Doxepin,324.0,57789.54,54411.55101
2023-04,NORTH EAST AND YORKSHIRE,Imipramine hydrochloride,1566.0,8514.28,8070.31931
2023-04,NORTH EAST AND YORKSHIRE,Lofepramine hydrochloride,2581.0,33445.49,31689.11625
2023-04,NORTH EAST AND YORKSHIRE,Mianserin hydrochloride,9.0,456.63,429.92085
2023-04,NORTH EAST AND YORKSHIRE,Nortriptyline,11951.0,37189.63,36202.05678
2023-04,NORTH EAST AND YORKSHIRE,Trazodone hydrochloride,37408.0,121136.29,117215.22416
2023-04,NORTH EAST AND YORKSHIRE,Trimipramine maleate,218.0,62797.37,59125.04676
2023-04,NORTH EAST AND YORKSHIRE,Isocarboxazid,4.0,1370.07,1290.12111
2023-04,NORTH EAST AND YORKSHIRE,Moclobemide,118.0,1877.42,1777.27527
2023-04,NORTH EAST AND YORKSHIRE,Phenelzine sulfate,64.0,8250.3,7772.54929
2023-04,NORTH EAST AND YORKSHIRE,Tranylcypromine sulfate,32.0,37206.61,35024.42272
2023-04,NORTH EAST AND YORKSHIRE,Citalopram hydrobromide,187050.0,293998.0,282344.43587
2023-04,NORTH EAST AND YORKSHIRE,Fluoxetine hydrochloride,135139.0,378662.19,366236.08489
2023-04,NORTH EAST AND YORKSHIRE,Fluvoxamine maleate,387.0,6044.59,5725.23117
2023-04,NORTH EAST AND YORKSHIRE,Paroxetine hydrochloride,18118.0,44952.04,43597.19229
2023-04,NORTH EAST AND YORKSHIRE,Sertraline hydrochloride,345463.0,517767.26,499146.41332
2023-04,NORTH EAST AND YORKSHIRE,Escitalopram,18237.0,31021.38,29829.18936
2023-04,NORTH EAST AND YORKSHIRE,Citalopram hydrochloride,792.0,16111.58,15175.68096
2023-04,NORTH EAST AND YORKSHIRE,Vortioxetine,3878.0,73881.72,69802.5466
2023-04,NORTH EAST AND YORKSHIRE,Flupentixol hydrochloride,2125.0,5452.4,5340.52131
2023-04,NORTH EAST AND YORKSHIRE,Tryptophan,14.0,1517.84,1429.74367
2023-04,NORTH EAST AND YORKSHIRE,Reboxetine,423.0,5881.41,5578.16073
2023-04,NORTH EAST AND YORKSHIRE,Venlafaxine,70771.0,511937.68,486966.40539
2023-04,NORTH EAST AND YORKSHIRE,Mirtazapine,196180.0,194519.87,193571.82903
2023-04,NORTH EAST AND YORKSHIRE,Duloxetine hydrochloride,70431.0,257219.44,245540.06171
2023-04,NORTH EAST AND YORKSHIRE,Agomelatine,335.0,4361.86,4132.91398
2023-04,NORTH EAST AND YORKSHIRE,Bupropion hydrochloride,66.0,2381.0,2246.09654
2023-04,NORTH WEST,Flupentixol hydrochloride,414.0,2376.4,2282.81976
2023-04,NORTH WEST,Flupentixol decanoate,427.0,8644.26,8174.23552
2023-04,NORTH WEST,Amitriptyline hydrochloride,167729.0,250086.66,239699.42197
2023-04,NORTH WEST,Clomipramine hydrochloride,2726.0,41575.13,39227.7924
2023-04,NORTH WEST,Dosulepin hydrochloride,4169.0,60416.71,56989.34742
2023-04,NORTH WEST,Doxepin,164.0,37020.73,34851.85015
2023-04,NORTH WEST,Imipramine hydrochloride,944.0,5139.2,4867.20454
2023-04,NORTH WEST,Lofepramine hydrochloride,1131.0,17075.46,16158.52412
2023-04,NORTH WEST,Mianserin hydrochloride,16.0,715.85,674.34089
2023-04,NORTH WEST,Nortriptyline,11833.0,47425.63,45878.21803
2023-04,NORTH WEST,Trazodone hydrochloride,15691.0,79722.68,76373.04005
2023-04,NORTH WEST,Trimipramine maleate,107.0,41938.38,39479.96531
2023-04,NORTH WEST,Moclobemide,58.0,1297.53,1226.50756
2023-04,NORTH WEST,Phenelzine sulfate,20.0,2568.0,2419.25255
2023-04,NORTH WEST,Tranylcypromine sulfate,14.0,27201.45,25605.4874
2023-04,NORTH WEST,Citalopram hydrobromide,146491.0,241031.52,230070.42
2023-04,NORTH WEST,Fluoxetine hydrochloride,85180.0,271094.31,261937.7556
2023-04,NORTH WEST,Fluvoxamine maleate,233.0,4624.63,4374.23655
2023-04,NORTH WEST,Paroxetine hydrochloride,15940.0,43573.99,42303.49714
2023-04,NORTH WEST,Sertraline hydrochloride,287554.0,452060.5,433322.41596
2023-04,NORTH WEST,Escitalopram,18403.0,33305.29,31838.27896
2023-04,NORTH WEST,Citalopram hydrochloride,672.0,14040.42,13225.32145
2023-04,NORTH WEST,Vortioxetine,3801.0,84349.98,79593.34763
2023-04,NORTH WEST,Flupentixol hydrochloride,1330.0,3962.59,3858.87341
2023-04,NORTH WEST,Tryptophan,7.0,1294.89,1219.59002
2023-04,NORTH WEST,Reboxetine,249.0,3881.48,3677.86948
2023-04,NORTH WEST,Venlafaxine,71215.0,516784.43,490718.40035
2023-04,NORTH WEST,Mirtazapine,169828.0,182719.07,179390.77088
2023-04,NORTH WEST,Duloxetine hydrochloride,48063.0,203834.52,193501.76659
2023-04,NORTH WEST,Agomelatine,147.0,2728.33,2575.52407
2023-04,NORTH WEST,Bupropion hydrochloride,82.0,3304.12,3114.94442
2023-04,SOUTH EAST,Flupentixol hydrochloride,258.0,1617.66,1550.6069
2023-04,SOUTH EAST,Flupentixol decanoate,399.0,6345.59,5989.2623
2023-04,SOUTH EAST,Amitriptyline hydrochloride,154845.0,269386.62,257311.90717
2023-04,SOUTH EAST,Clomipramine hydrochloride,2509.0,39764.06,37511.78668
2023-04,SOUTH EAST,Dosulepin hydrochloride,4302.0,66071.83,62314.52108
2023-04,SOUTH EAST,Doxepin,194.0,43774.26,41212.14211
2023-04,SOUTH EAST,Imipramine hydrochloride,1516.0,9966.35,9421.07609
2023-04,SOUTH EAST,Lofepramine hydrochloride,1106.0,18700.78,17677.87581
2023-04,SOUTH EAST,Mianserin hydrochloride,14.0,1014.28,955.13362
2023-04,SOUTH EAST,Nortriptyline,9909.0,45790.79,44008.46304
2023-04,SOUTH EAST,Trazodone hydrochloride,13560.0,62123.53,59530.51554
2023-04,SOUTH EAST,Trimipramine maleate,289.0,125399.54,118050.21299
2023-04,SOUTH EAST,Isocarboxazid,10.0,6380.53,6006.63158
2023-04,SOUTH EAST,Moclobemide,116.0,2725.23,2573.58443
2023-04,SOUTH EAST,Phenelzine sulfate,68.0,10503.18,9892.93812
2023-04,SOUTH EAST,Tranylcypromine sulfate,73.0,133696.51,125852.90824
2023-04,SOUTH EAST,Citalopram hydrobromide,154476.0,293939.81,280074.9945
2023-04,SOUTH EAST,Fluoxetine hydrochloride,74787.0,284322.6,272067.33134
2023-04,SOUTH EAST,Fluvoxamine maleate,283.0,7117.49,6720.00637
2023-04,SOUTH EAST,Paroxetine hydrochloride,13304.0,44307.9,42542.33623
2023-04,SOUTH EAST,Sertraline hydrochloride,248987.0,493301.74,470431.87109
2023-04,SOUTH EAST,Escitalopram,28838.0,58669.3,55900.87963
2023-04,SOUTH EAST,Citalopram hydrochloride,1034.0,21692.72,20432.27199
2023-04,SOUTH EAST,Vortioxetine,5796.0,151269.03,142638.16346
2023-04,SOUTH EAST,Flupentixol hydrochloride,1048.0,3372.88,3262.68869
2023-04,SOUTH EAST,Tryptophan,2.0,180.0,189.46203
2023-04,SOUTH EAST,Reboxetine,249.0,4745.09,4487.49042
2023-04,SOUTH EAST,Venlafaxine,63554.0,586652.57,555429.58691
2023-04,SOUTH EAST,Mirtazapine,123958.0,154783.69,150644.77295
2023-04,SOUTH EAST,Duloxetine hydrochloride,38416.0,182944.2,173532.90241
2023-04,SOUTH EAST,Agomelatine,671.0,15064.34,14206.50782
2023-04,SOUTH EAST,Bupropion hydrochloride,145.0,6106.51,5757.60377
2023-04,SOUTH WEST,Flupentixol hydrochloride,311.0,1870.54,1793.6558
2023-04,SOUTH WEST,Flupentixol decanoate,367.0,5482.86,5168.38104
2023-04,SOUTH WEST,Amitriptyline hydrochloride,139845.0,231875.98,221629.40395
2023-04,SOUTH WEST,Clomipramine hydrochloride,1698.0,26942.59,25421.01137
2023-04,SOUTH WEST,Dosulepin hydrochloride,2965.0,44298.92,41783.08265
2023-04,SOUTH WEST,Doxepin,192.0,40360.29,37999.3488
2023-04,SOUTH WEST,Imipramine hydrochloride,1132.0,4704.66,4463.5545
2023-04,SOUTH WEST,Lofepramine hydrochloride,1138.0,17179.22,16246.74116
2023-04,SOUTH WEST,Mianserin hydrochloride,7.0,434.01,408.82823
2023-04,SOUTH WEST,Nortriptyline,5826.0,20214.91,19568.42366
2023-04,SOUTH WEST,Trazodone hydrochloride,8579.0,37840.06,36268.12908
2023-04,SOUTH WEST,Trimipramine maleate,140.0,50621.72,47655.33532
2023-04,SOUTH WEST,Isocarboxazid,35.0,9830.16,9256.3907
2023-04,SOUTH WEST,Moclobemide,69.0,1439.01,1359.33479
2023-04,SOUTH WEST,Phenelzine sulfate,45.0,5643.41,5315.87728
2023-04,SOUTH WEST,Tranylcypromine sulfate,50.0,84418.32,79466.33991
2023-04,SOUTH WEST,Citalopram hydrobromide,121182.0,222118.81,211726.91825
2023-04,SOUTH WEST,Fluoxetine hydrochloride,54774.0,185724.23,177901.32305
2023-04,SOUTH WEST,Fluvoxamine maleate,149.0,3152.78,2978.16727
2023-04,SOUTH WEST,Paroxetine hydrochloride,9744.0,30882.58,29637.61176
2023-04,SOUTH WEST,Sertraline hydrochloride,173777.0,314243.84,300172.72969
2023-04,SOUTH WEST,Escitalopram,15677.0,30113.65,28734.44594
2023-04,SOUTH WEST,Citalopram hydrochloride,540.0,11447.44,10782.10474
2023-04,SOUTH WEST,Vortioxetine,1579.0,37877.4,35728.90676
2023-04,SOUTH WEST,Flupentixol hydrochloride,924.0,2846.58,2759.97722
2023-04,SOUTH WEST,Reboxetine,214.0,3695.65,3495.76251
2023-04,SOUTH WEST,Venlafaxine,51002.0,412892.77,391024.63144
2023-04,SOUTH WEST,Mirtazapine,101887.0,119840.99,116993.34454
2023-04,SOUTH WEST,Duloxetine hydrochloride,29904.0,129389.8,122859.89351
2023-04,SOUTH WEST,Agomelatine,215.0,4924.33,4643.45188
2023-04,SOUTH WEST,Bupropion hydrochloride,80.0,3644.17,3435.09
2023-04,UNIDENTIFIED,Flupentixol hydrochloride,1.0,7.8,7.45468
2023-04,UNIDENTIFIED,Flupentixol decanoate,1.0,15.17,14.29219
2023-04,UNIDENTIFIED,Amitriptyline hydrochloride,118.0,188.58,179.85859
2023-04,UNIDENTIFIED,Clomipramine hydrochloride,3.0,8.83,8.64903
2023-04,UNIDENTIFIED,Nortriptyline,7.0,11.95,12.0061
2023-04,UNIDENTIFIED,Trazodone hydrochloride,12.0,66.83,63.13187
2023-04,UNIDENTIFIED,Citalopram hydrobromide,130.0,236.36,224.75249
2023-04,UNIDENTIFIED,Fluoxetine hydrochloride,86.0,440.35,420.15094
2023-04,UNIDENTIFIED,Paroxetine hydrochloride,10.0,104.03,98.06503
2023-04,UNIDENTIFIED,Sertraline hydrochloride,210.0,565.31,538.77423
2023-04,UNIDENTIFIED,Escitalopram,15.0,24.74,24.15696
2023-04,UNIDENTIFIED,Citalopram hydrochloride,1.0,17.2,16.09329
2023-04,UNIDENTIFIED,Vortioxetine,6.0,187.11,177.91867
2023-04,UNIDENTIFIED,Flupentixol hydrochloride,4.0,24.01,22.99276
2023-04,UNIDENTIFIED,Tryptophan,3.0,101.26,95.65505
2023-04,UNIDENTIFIED,Venlafaxine,102.0,718.17,680.835
2023-04,UNIDENTIFIED,Mirtazapine,187.0,224.72,218.63022
2023-04,UNIDENTIFIED,Duloxetine hydrochloride,75.0,314.28,298.06949
2023-04,UNIDENTIFIED,Agomelatine,3.0,76.95,71.9805
2023-05,EAST OF ENGLAND,Flupentixol hydrochloride,287.0,1618.41,1554.01691
2023-05,EAST OF ENGLAND,Flupentixol decanoate,313.0,5056.3,4770.41734
2023-05,EAST OF ENGLAND,Amitriptyline hydrochloride,169061.0,248872.03,237971.85692
2023-05,EAST OF ENGLAND,Clomipramine hydrochloride,2785.0,36625.05,34579.60943
2023-05,EAST OF ENGLAND,Dosulepin hydrochloride,3684.0,49320.03,46557.13462
2023-05,EAST OF ENGLAND,Doxepin,136.0,29904.5,28163.29612
2023-05,EAST OF ENGLAND,Imipramine hydrochloride,1047.0,7544.58,7125.94779
2023-05,EAST OF ENGLAND,Lofepramine hydrochloride,1141.0,16132.3,15269.89561
2023-05,EAST OF ENGLAND,Mianserin hydrochloride,14.0,575.05,542.1689
2023-05,EAST OF ENGLAND,Nortriptyline,9233.0,34330.47,33144.98086
2023-05,EAST OF ENGLAND,Trazodone hydrochloride,7806.0,35750.82,34281.48064
2023-05,EAST OF ENGLAND,Trimipramine maleate,149.0,59560.17,56090.84518
2023-05,EAST OF ENGLAND,Isocarboxazid,20.0,9786.09,9216.40762
2023-05,EAST OF ENGLAND,Moclobemide,91.0,1914.29,1808.86395
2023-05,EAST OF ENGLAND,Phenelzine sulfate,69.0,7984.08,7524.05164
2023-05,EAST OF ENGLAND,Tranylcypromine sulfate,28.0,35488.08,33419.5574
2023-05,EAST OF ENGLAND,Citalopram hydrobromide,169104.0,271291.64,258842.49957
2023-05,EAST OF ENGLAND,Fluoxetine hydrochloride,72009.0,246847.98,235788.80409
2023-05,EAST OF ENGLAND,Fluvoxamine maleate,191.0,4055.09,3830.06776
2023-05,EAST OF ENGLAND,Paroxetine hydrochloride,13902.0,40450.46,38762.40246
2023-05,EAST OF ENGLAND,Sertraline hydrochloride,221869.0,384630.49,367320.39952
2023-05,EAST OF ENGLAND,Escitalopram,17830.0,31735.5,30277.33373
2023-05,EAST OF ENGLAND,Citalopram hydrochloride,835.0,16819.2,15848.504
2023-05,EAST OF ENGLAND,Vortioxetine,3293.0,82680.84,77984.87894
2023-05,EAST OF ENGLAND,Flupentixol hydrochloride,1580.0,4342.75,4222.94999
2023-05,EAST OF ENGLAND,Tryptophan,12.0,2420.84,2279.9225
2023-05,EAST OF ENGLAND,Reboxetine,185.0,3514.02,3323.43328
2023-05,EAST OF ENGLAND,Venlafaxine,67853.0,492874.84,466998.80389
2023-05,EAST OF ENGLAND,Mirtazapine,104091.0,116213.37,113504.7948
2023-05,EAST OF ENGLAND,Duloxetine hydrochloride,31266.0,132168.83,125441.90628
2023-05,EAST OF ENGLAND,Agomelatine,142.0,3422.17,3226.96853
2023-05,EAST OF ENGLAND,Bupropion hydrochloride,72.0,3847.95,3629.1277
2023-05,LONDON,Flupentixol hydrochloride,605.0,2689.88,2600.34106
2023-05,LONDON,Flupentixol decanoate,529.0,14437.24,13629.10443
2023-05,LONDON,Amitriptyline hydrochloride,115142.0,154734.22,150973.2974
2023-05,LONDON,Clomipramine hydrochloride,1888.0,27884.14,26351.98004
2023-05,LONDON,Dosulepin hydrochloride,2844.0,35117.7,33231.03025
2023-05,LONDON,Doxepin,170.0,31290.75,29475.6625
2023-05,LONDON,Imipramine hydrochloride,790.0,3122.66,2984.98076
2023-05,LONDON,Lofepramine hydrochloride,1131.0,14263.05,13526.02764
2023-05,LONDON,Mianserin hydrochloride,10.0,727.69,685.38398
2023-05,LONDON,Nortriptyline,8169.0,28949.67,28074.67203
2023-05,LONDON,Trazodone hydrochloride,5579.0,20657.16,19928.36656
2023-05,LONDON,Trimipramine maleate,286.0,115406.77,108690.99938
2023-05,LONDON,Isocarboxazid,35.0,6904.01,6504.68622
2023-05,LONDON,Moclobemide,81.0,1393.52,1318.87129
2023-05,LONDON,Phenelzine sulfate,43.0,7384.05,6956.83528
2023-05,LONDON,Tranylcypromine sulfate,48.0,76266.31,71821.18293
2023-05,LONDON,Citalopram hydrobromide,105859.0,178253.64,172281.07805
2023-05,LONDON,Fluoxetine hydrochloride,50299.0,173569.62,167051.84758
2023-05,LONDON,Fluvoxamine maleate,325.0,7412.43,7004.6573
2023-05,LONDON,Paroxetine hydrochloride,11661.0,33935.37,32847.76793
2023-05,LONDON,Sertraline hydrochloride,185650.0,348280.78,335836.28574
2023-05,LONDON,Escitalopram,17223.0,39789.37,38026.62709
2023-05,LONDON,Citalopram hydrochloride,401.0,9149.12,8620.62762
2023-05,LONDON,Vortioxetine,2907.0,81539.37,76919.33282
2023-05,LONDON,Flupentixol hydrochloride,874.0,2134.07,2092.87445
2023-05,LONDON,Oxitriptan,2.0,46.86,44.1525
2023-05,LONDON,Tryptophan,4.0,1346.0,1267.86727
2023-05,LONDON,Reboxetine,148.0,2559.71,2422.79415
2023-05,LONDON,Venlafaxine,43651.0,338472.06,321876.75269
2023-05,LONDON,Mirtazapine,111017.0,114353.17,114536.28157
2023-05,LONDON,Duloxetine hydrochloride,25771.0,95642.7,91634.55851
2023-05,LONDON,Agomelatine,396.0,8895.5,8398.13349
2023-05,LONDON,Bupropion hydrochloride,282.0,13579.6,12934.10025
2023-05,MIDLANDS,Flupentixol hydrochloride,470.0,3161.39,3028.09754
2023-05,MIDLANDS,Flupentixol decanoate,494.0,11353.75,10726.31318
2023-05,MIDLANDS,Amitriptyline hydrochloride,267424.0,410491.39,392236.28161
2023-05,MIDLANDS,Clomipramine hydrochloride,3393.0,52398.25,49447.46879
2023-05,MIDLANDS,Dosulepin hydrochloride,6021.0,87620.8,82666.20477
2023-05,MIDLANDS,Doxepin,264.0,44515.2,41926.51721
2023-05,MIDLANDS,Imipramine hydrochloride,1911.0,13260.41,12528.35138
2023-05,MIDLANDS,Lofepramine hydrochloride,2482.0,39835.02,37676.00043
2023-05,MIDLANDS,Mianserin hydrochloride,15.0,1433.94,1350.7161
2023-05,MIDLANDS,Nortriptyline,13000.0,52039.57,50252.14213
2023-05,MIDLANDS,Trazodone hydrochloride,12710.0,55149.76,52884.6656
2023-05,MIDLANDS,Trimipramine maleate,171.0,77762.55,73231.73289
2023-05,MIDLANDS,Isocarboxazid,24.0,11097.41,10451.44182
2023-05,MIDLANDS,Moclobemide,108.0,2270.62,2146.04038
2023-05,MIDLANDS,Phenelzine sulfate,54.0,5973.6,5650.09998
2023-05,MIDLANDS,Tranylcypromine sulfate,53.0,50403.36,47467.99474
2023-05,MIDLANDS,Citalopram hydrobromide,230539.0,397077.77,378321.67154
2023-05,MIDLANDS,Fluoxetine hydrochloride,121037.0,400580.66,384267.57046
2023-05,MIDLANDS,Fluvoxamine maleate,343.0,7578.75,7163.68042
2023-05,MIDLANDS,Paroxetine hydrochloride,20563.0,61758.78,59407.14533
2023-05,MIDLANDS,Sertraline hydrochloride,382758.0,659923.3,630055.7226
2023-05,MIDLANDS,Escitalopram,26383.0,48682.34,46405.23888
2023-05,MIDLANDS,Citalopram hydrochloride,1278.0,25830.8,24340.78181
2023-05,MIDLANDS,Vortioxetine,4996.0,120661.2,113829.15225
2023-05,MIDLANDS,Flupentixol hydrochloride,2301.0,6981.68,6782.74903
2023-05,MIDLANDS,Oxitriptan,4.0,163.7,212.38461
2023-05,MIDLANDS,Tryptophan,6.0,888.95,837.36685
2023-05,MIDLANDS,Reboxetine,297.0,4945.0,4681.32913
2023-05,MIDLANDS,Venlafaxine,91082.0,772549.81,731819.31209
2023-05,MIDLANDS,Mirtazapine,182851.0,219068.12,212731.65535
2023-05,MIDLANDS,Duloxetine hydrochloride,61064.0,270908.91,256876.75468
2023-05,MIDLANDS,Agomelatine,278.0,6936.89,6541.56339
2023-05,MIDLANDS,Bupropion hydrochloride,68.0,2578.41,2432.78699
2023-05,NORTH EAST AND YORKSHIRE,Flupentixol hydrochloride,729.0,3351.1,3236.67003
2023-05,NORTH EAST AND YORKSHIRE,Flupentixol decanoate,485.0,8879.35,8387.374
2023-05,NORTH EAST AND YORKSHIRE,Amitriptyline hydrochloride,270321.0,378942.36,365820.22813
2023-05,NORTH EAST AND YORKSHIRE,Clomipramine hydrochloride,3374.0,43473.09,41096.41789
2023-05,NORTH EAST AND YORKSHIRE,Dosulepin hydrochloride,4746.0,60345.45,57018.50026
2023-05,NORTH EAST AND YORKSHIRE,Doxepin,325.0,64574.64,60820.97669
2023-05,NORTH EAST AND YORKSHIRE,Imipramine hydrochloride,1588.0,8170.9,7748.89472
2023-05,NORTH EAST AND YORKSHIRE,Lofepramine hydrochloride,2786.0,37308.6,35355.90895
2023-05,NORTH EAST AND YORKSHIRE,Mianserin hydrochloride,10.0,548.32,516.42305
2023-05,NORTH EAST AND YORKSHIRE,Nortriptyline,12616.0,36720.94,35848.0565
2023-05,NORTH EAST AND YORKSHIRE,Trazodone hydrochloride,39871.0,117759.3,114300.84769
2023-05,NORTH EAST AND YORKSHIRE,Trimipramine maleate,238.0,73615.19,69335.87522
2023-05,NORTH EAST AND YORKSHIRE,Isocarboxazid,6.0,2055.1,1935.84601
2023-05,NORTH EAST AND YORKSHIRE,Moclobemide,123.0,2309.65,2184.8674
2023-05,NORTH EAST AND YORKSHIRE,Phenelzine sulfate,75.0,8062.28,7599.26639
2023-05,NORTH EAST AND YORKSHIRE,Tranylcypromine sulfate,40.0,51395.26,48399.98566
2023-05,NORTH EAST AND YORKSHIRE,Citalopram hydrobromide,197704.0,310540.6,298324.01123
2023-05,NORTH EAST AND YORKSHIRE,Fluoxetine hydrochloride,143665.0,395637.13,382933.16515
2023-05,NORTH EAST AND YORKSHIRE,Fluvoxamine maleate,409.0,7207.76,6824.03882
2023-05,NORTH EAST AND YORKSHIRE,Paroxetine hydrochloride,19089.0,47682.88,46258.39904
2023-05,NORTH EAST AND YORKSHIRE,Sertraline hydrochloride,370440.0,560462.71,540339.22901
2023-05,NORTH EAST AND YORKSHIRE,Escitalopram,19576.0,32831.6,31590.9362
2023-05,NORTH EAST AND YORKSHIRE,Citalopram hydrochloride,855.0,17772.78,16746.8551
2023-05,NORTH EAST AND YORKSHIRE,Vortioxetine,4209.0,79326.72,74979.47992
2023-05,NORTH EAST AND YORKSHIRE,Flupentixol hydrochloride,2340.0,6020.64,5898.84751
2023-05,NORTH EAST AND YORKSHIRE,Oxitriptan,3.0,40.54,38.4134
2023-05,NORTH EAST AND YORKSHIRE,Tryptophan,7.0,392.0,369.73013
2023-05,NORTH EAST AND YORKSHIRE,Reboxetine,475.0,6170.49,5858.31868
2023-05,NORTH EAST AND YORKSHIRE,Venlafaxine,75768.0,544958.9,518477.61414
2023-05,NORTH EAST AND YORKSHIRE,Mirtazapine,209757.0,207970.6,207016.85035
2023-05,NORTH EAST AND YORKSHIRE,Duloxetine hydrochloride,75868.0,280720.96,267991.06879
2023-05,NORTH EAST AND YORKSHIRE,Agomelatine,406.0,5304.02,5028.25157
2023-05,NORTH EAST AND YORKSHIRE,Bupropion hydrochloride,68.0,1943.88,1835.87987
2023-05,NORTH WEST,Flupentixol hydrochloride,468.0,2498.9,2405.49789
2023-05,NORTH WEST,Flupentixol decanoate,478.0,9910.48,9371.89461
2023-05,NORTH WEST,Amitriptyline hydrochloride,177664.0,264721.93,253798.46624
2023-05,NORTH WEST,Clomipramine hydrochloride,2834.0,42659.45,40263.90324
2023-05,NORTH WEST,Dosulepin hydrochloride,4302.0,60906.44,57489.10755
2023-05,NORTH WEST,Doxepin,161.0,37762.25,35563.86226
2023-05,NORTH WEST,Imipramine hydrochloride,959.0,6522.37,6170.43332
2023-05,NORTH WEST,Lofepramine hydrochloride,1224.0,19406.09,18366.76833
2023-05,NORTH WEST,Mianserin hydrochloride,11.0,490.97,462.67903
2023-05,NORTH WEST,Nortriptyline,12938.0,51965.29,50283.28778
2023-05,NORTH WEST,Trazodone hydrochloride,16645.0,78563.83,75389.60213
2023-05,NORTH WEST,Trimipramine maleate,118.0,48387.07,45568.87625
2023-05,NORTH WEST,Isocarboxazid,1.0,1644.06,1548.21085
2023-05,NORTH WEST,Moclobemide,58.0,1409.75,1332.66977
2023-05,NORTH WEST,Phenelzine sulfate,30.0,4146.0,3907.12777
2023-05,NORTH WEST,Tranylcypromine sulfate,12.0,20646.27,19442.66739
2023-05,NORTH WEST,Citalopram hydrobromide,154523.0,254610.53,243096.47568
2023-05,NORTH WEST,Fluoxetine hydrochloride,90996.0,284182.34,274849.87995
2023-05,NORTH WEST,Fluvoxamine maleate,210.0,4194.94,3970.04613
2023-05,NORTH WEST,Paroxetine hydrochloride,16869.0,45976.35,44642.83788
2023-05,NORTH WEST,Sertraline hydrochloride,307115.0,486953.59,466855.24373
2023-05,NORTH WEST,Escitalopram,19854.0,35670.69,34108.90343
2023-05,NORTH WEST,Citalopram hydrochloride,684.0,14266.48,13443.01565
2023-05,NORTH WEST,Vortioxetine,4107.0,92311.56,87136.81176
2023-05,NORTH WEST,Flupentixol hydrochloride,1424.0,4266.25,4154.99746
2023-05,NORTH WEST,Tryptophan,8.0,630.0,594.06527
2023-05,NORTH WEST,Reboxetine,262.0,4469.86,4234.24393
2023-05,NORTH WEST,Venlafaxine,75793.0,574827.9,545716.97989
2023-05,NORTH WEST,Mirtazapine,181197.0,194190.01,190766.09633
2023-05,NORTH WEST,Duloxetine hydrochloride,51967.0,220748.41,209637.52243
2023-05,NORTH WEST,Agomelatine,155.0,2826.81,2670.66984
2023-05,NORTH WEST,Bupropion hydrochloride,62.0,2162.51,2040.78764
2023-05,SOUTH EAST,Flupentixol hydrochloride,282.0,1840.82,1763.75787
2023-05,SOUTH EAST,Flupentixol decanoate,435.0,6656.89,6285.87081
2023-05,SOUTH EAST,Amitriptyline hydrochloride,164130.0,286853.75,274074.89302
2023-05,SOUTH EAST,Clomipramine hydrochloride,2609.0,41470.11,39135.09333
2023-05,SOUTH EAST,Dosulepin hydrochloride,4563.0,72259.54,68172.56676
2023-05,SOUTH EAST,Doxepin,181.0,42381.93,39915.62759
2023-05,SOUTH EAST,Imipramine hydrochloride,1610.0,9542.59,9032.25736
2023-05,SOUTH EAST,Lofepramine hydrochloride,1081.0,18621.04,17604.01166
2023-05,SOUTH EAST,Mianserin hydrochloride,15.0,855.74,806.11729
2023-05,SOUTH EAST,Nortriptyline,10402.0,46342.59,44587.30425
2023-05,SOUTH EAST,Trazodone hydrochloride,14304.0,62668.17,60132.67159
2023-05,SOUTH EAST,Trimipramine maleate,260.0,116466.34,109683.14165
2023-05,SOUTH EAST,Isocarboxazid,10.0,3870.4,3645.24942
2023-05,SOUTH EAST,Moclobemide,123.0,2827.19,2670.71828
2023-05,SOUTH EAST,Phenelzine sulfate,95.0,15745.06,14835.25304
2023-05,SOUTH EAST,Tranylcypromine sulfate,93.0,148443.72,139790.90632
2023-05,SOUTH EAST,Citalopram hydrobromide,163596.0,312118.97,297498.0519
2023-05,SOUTH EAST,Fluoxetine hydrochloride,79839.0,294516.97,282065.38034
2023-05,SOUTH EAST,Fluvoxamine maleate,247.0,5389.93,5092.80614
2023-05,SOUTH EAST,Paroxetine hydrochloride,13889.0,47032.3,45154.69895
2023-05,SOUTH EAST,Sertraline hydrochloride,267464.0,537128.93,512321.96828
2023-05,SOUTH EAST,Escitalopram,30974.0,63331.2,60356.16889
2023-05,SOUTH EAST,Citalopram hydrochloride,1063.0,23036.08,21705.79308
2023-05,SOUTH EAST,Vortioxetine,6215.0,161171.01,152044.33079
2023-05,SOUTH EAST,Flupentixol hydrochloride,1108.0,3575.44,3459.93096
2023-05,SOUTH EAST,Tryptophan,3.0,852.08,802.52187
2023-05,SOUTH EAST,Reboxetine,261.0,4685.19,4433.25736
2023-05,SOUTH EAST,Venlafaxine,68257.0,659668.98,624619.50935
2023-05,SOUTH EAST,Mirtazapine,131405.0,165690.9,161239.62329
2023-05,SOUTH EAST,Duloxetine hydrochloride,41203.0,198937.1,188734.8319
2023-05,SOUTH EAST,Agomelatine,728.0,16577.61,15639.4747
2023-05,SOUTH EAST,Bupropion hydrochloride,138.0,12685.5,11952.88627
2023-05,SOUTH WEST,Flupentixol hydrochloride,331.0,2070.02,1984.91452
2023-05,SOUTH WEST,Flupentixol decanoate,350.0,5659.21,5337.31183
2023-05,SOUTH WEST,Amitriptyline hydrochloride,146722.0,239138.65,228736.36858
2023-05,SOUTH WEST,Clomipramine hydrochloride,1729.0,26613.59,25122.49936
2023-05,SOUTH WEST,Dosulepin hydrochloride,3049.0,46338.21,43721.16156
2023-05,SOUTH WEST,Doxepin,169.0,34179.44,32192.03331
2023-05,SOUTH WEST,Imipramine hydrochloride,1146.0,4741.66,4499.51851
2023-05,SOUTH WEST,Lofepramine hydrochloride,1180.0,17967.56,16997.45224
2023-05,SOUTH WEST,Mianserin hydrochloride,12.0,926.65,872.96787
2023-05,SOUTH WEST,Nortriptyline,6117.0,21037.63,20371.88888
2023-05,SOUTH WEST,Trazodone hydrochloride,9160.0,40235.86,38575.58965
2023-05,SOUTH WEST,Trimipramine maleate,114.0,38119.37,35901.65267
2023-05,SOUTH WEST,Isocarboxazid,50.0,13984.3,13172.63916
2023-05,SOUTH WEST,Moclobemide,104.0,2361.86,2229.76034
2023-05,SOUTH WEST,Phenelzine sulfate,44.0,4843.95,4565.0314
2023-05,SOUTH WEST,Tranylcypromine sulfate,45.0,70057.74,65974.33432
2023-05,SOUTH WEST,Citalopram hydrobromide,127042.0,232854.48,222057.87763
2023-05,SOUTH WEST,Fluoxetine hydrochloride,57657.0,191078.27,183145.16418
2023-05,SOUTH WEST,Fluvoxamine maleate,143.0,3364.93,3179.12707
2023-05,SOUTH WEST,Paroxetine hydrochloride,10318.0,33102.67,31785.50976
2023-05,SOUTH WEST,Sertraline hydrochloride,184132.0,335729.74,320779.26759
2023-05,SOUTH WEST,Escitalopram,17007.0,32515.73,31043.90687
2023-05,SOUTH WEST,Citalopram hydrochloride,614.0,12729.75,11994.81011
2023-05,SOUTH WEST,Vortioxetine,1690.0,43642.17,41168.17356
2023-05,SOUTH WEST,Flupentixol hydrochloride,990.0,3056.07,2962.68587
2023-05,SOUTH WEST,Reboxetine,220.0,3982.71,3768.89177
2023-05,SOUTH WEST,Venlafaxine,54976.0,445804.97,422443.53365
2023-05,SOUTH WEST,Mirtazapine,106607.0,125216.05,122296.96834
2023-05,SOUTH WEST,Duloxetine hydrochloride,32492.0,141677.1,134578.61321
2023-05,SOUTH WEST,Agomelatine,238.0,4953.05,4674.58831
2023-05,SOUTH WEST,Bupropion hydrochloride,59.0,2149.31,2087.67532
2023-05,UNIDENTIFIED,Amitriptyline hydrochloride,179.0,244.81,234.60274
2023-05,UNIDENTIFIED,Clomipramine hydrochloride,5.0,46.12,43.89285
2023-05,UNIDENTIFIED,Dosulepin hydrochloride,1.0,39.12,36.8514
2023-05,UNIDENTIFIED,Mianserin hydrochloride,1.0,4.98,4.80203
2023-05,UNIDENTIFIED,Nortriptyline,9.0,9.43,9.85793
2023-05,UNIDENTIFIED,Trazodone hydrochloride,26.0,90.98,87.39979
2023-05,UNIDENTIFIED,Citalopram hydrobromide,192.0,360.58,342.30925
2023-05,UNIDENTIFIED,Fluoxetine hydrochloride,132.0,813.13,772.87664
2023-05,UNIDENTIFIED,Fluvoxamine maleate,1.0,17.1,16.11534
2023-05,UNIDENTIFIED,Paroxetine hydrochloride,12.0,54.1,51.74657
2023-05,UNIDENTIFIED,Sertraline hydrochloride,367.0,1578.28,1496.47759
2023-05,UNIDENTIFIED,Escitalopram,25.0,45.8,44.23974
2023-05,UNIDENTIFIED,Citalopram hydrochloride,3.0,51.6,48.34812
2023-05,UNIDENTIFIED,Vortioxetine,23.0,325.71,310.30765
2023-05,UNIDENTIFIED,Flupentixol hydrochloride,5.0,9.69,9.68699
2023-05,UNIDENTIFIED,Tryptophan,2.0,74.4,70.2867
2023-05,UNIDENTIFIED,Venlafaxine,97.0,784.37,744.6358
2023-05,UNIDENTIFIED,Mirtazapine,224.0,272.04,264.1715
2023-05,UNIDENTIFIED,Duloxetine hydrochloride,87.0,459.39,434.86188
2023-05,UNIDENTIFIED,Agomelatine,3.0,61.36,57.44432
2023-06,EAST OF ENGLAND,Flupentixol hydrochloride,258.0,1439.1,1381.79101
2023-06,EAST OF ENGLAND,Flupentixol decanoate,298.0,4318.43,4073.74941
2023-06,EAST OF ENGLAND,Amitriptyline hydrochloride,169574.0,251091.56,239916.48352
2023-06,EAST OF ENGLAND,Clomipramine hydrochloride,2893.0,37401.84,35290.1402
2023-06,EAST OF ENGLAND,Dosulepin hydrochloride,3735.0,50852.84,47943.39599
2023-06,EAST OF ENGLAND,Doxepin,149.0,35394.64,33307.51418
2023-06,EAST OF ENGLAND,Imipramine hydrochloride,1055.0,5866.99,5542.56076
2023-06,EAST OF ENGLAND,Lofepramine hydrochloride,1149.0,15523.42,14686.82913
2023-06,EAST OF ENGLAND,Mianserin hydrochloride,13.0,609.17,573.63985
2023-06,EAST OF ENGLAND,Nortriptyline,9355.0,35613.13,34337.60663
2023-06,EAST OF ENGLAND,Trazodone hydrochloride,7939.0,35492.68,34019.28898
2023-06,EAST OF ENGLAND,Trimipramine maleate,157.0,63169.72,59442.94719
2023-06,EAST OF ENGLAND,Isocarboxazid,20.0,10598.33,9973.19188
2023-06,EAST OF ENGLAND,Moclobemide,82.0,1628.46,1537.83431
2023-06,EAST OF ENGLAND,Phenelzine sulfate,77.0,9317.62,8773.2807
2023-06,EAST OF ENGLAND,Tranylcypromine sulfate,22.0,27791.1,26149.91814
2023-06,EAST OF ENGLAND,Citalopram hydrobromide,170195.0,272888.07,260145.48297
2023-06,EAST OF ENGLAND,Fluoxetine hydrochloride,73226.0,252373.84,240835.46058
2023-06,EAST OF ENGLAND,Fluvoxamine maleate,210.0,4219.51,3983.76475
2023-06,EAST OF ENGLAND,Paroxetine hydrochloride,13866.0,40173.75,38464.52317
2023-06,EAST OF ENGLAND,Sertraline hydrochloride,225355.0,392600.4,374637.32773
2023-06,EAST OF ENGLAND,Escitalopram,17830.0,32136.37,30619.65963
2023-06,EAST OF ENGLAND,Citalopram hydrochloride,836.0,16914.08,15925.07889
2023-06,EAST OF ENGLAND,Vortioxetine,3401.0,86638.86,81649.38048
2023-06,EAST OF ENGLAND,Flupentixol hydrochloride,1579.0,4575.0,4436.20684
2023-06,EAST OF ENGLAND,Tryptophan,5.0,1622.66,1526.98404
2023-06,EAST OF ENGLAND,Reboxetine,196.0,3555.06,3359.62205
2023-06,EAST OF ENGLAND,Venlafaxine,69177.0,487714.18,461840.66808
2023-06,EAST OF ENGLAND,Mirtazapine,105917.0,120707.05,117735.05643
2023-06,EAST OF ENGLAND,Duloxetine hydrochloride,32157.0,135852.3,128837.62038
2023-06,EAST OF ENGLAND,Agomelatine,164.0,3780.55,3563.99753
2023-06,EAST OF ENGLAND,Bupropion hydrochloride,88.0,17865.16,16838.86973
2023-06,LONDON,Flupentixol hydrochloride,566.0,2879.1,2771.87204
2023-06,LONDON,Flupentixol decanoate,488.0,14015.01,13213.5018
2023-06,LONDON,Amitriptyline hydrochloride,116035.0,153414.61,149663.74863
2023-06,LONDON,Clomipramine hydrochloride,1853.0,27352.21,25826.90378
2023-06,LONDON,Dosulepin hydrochloride,2823.0,36754.75,34743.93583
2023-06,LONDON,Doxepin,202.0,39792.0,37452.99946
2023-06,LONDON,Imipramine hydrochloride,823.0,3990.14,3794.77881
2023-06,LONDON,Lofepramine hydrochloride,1139.0,13564.14,12859.83492
2023-06,LONDON,Mianserin hydrochloride,12.0,958.56,902.1941
2023-06,LONDON,Nortriptyline,8415.0,31254.69,30253.66264
2023-06,LONDON,Trazodone hydrochloride,5610.0,24315.56,23352.89183
2023-06,LONDON,Trimipramine maleate,268.0,99960.7,94070.11899
2023-06,LONDON,Isocarboxazid,31.0,5225.7,4920.14277
2023-06,LONDON,Moclobemide,94.0,1754.78,1658.20439
2023-06,LONDON,Phenelzine sulfate,54.0,9572.71,9012.09379
2023-06,LONDON,Tranylcypromine sulfate,49.0,82325.64,77465.10959
2023-06,LONDON,Citalopram hydrobromide,106726.0,178286.57,172237.86142
2023-06,LONDON,Fluoxetine hydrochloride,50696.0,175527.18,168784.44546
2023-06,LONDON,Fluvoxamine maleate,343.0,7200.87,6802.62373
2023-06,LONDON,Paroxetine hydrochloride,11497.0,33780.75,32657.71332
2023-06,LONDON,Sertraline hydrochloride,187874.0,356816.14,343747.38512
2023-06,LONDON,Escitalopram,17561.0,38676.01,36972.17661
2023-06,LONDON,Citalopram hydrochloride,398.0,8560.8,8060.11537
2023-06,LONDON,Vortioxetine,3014.0,84105.45,79283.16424
2023-06,LONDON,Flupentixol hydrochloride,874.0,2413.13,2353.14296
2023-06,LONDON,Oxitriptan,1.0,58.31,54.97848
2023-06,LONDON,Tryptophan,5.0,296.0,299.07957
2023-06,LONDON,Reboxetine,154.0,2614.25,2473.35602
2023-06,LONDON,Venlafaxine,43936.0,335963.85,319285.7291
2023-06,LONDON,Mirtazapine,111983.0,116501.59,116535.41312
2023-06,LONDON,Duloxetine hydrochloride,26877.0,99814.97,95570.54438
2023-06,LONDON,Agomelatine,350.0,8634.6,8140.4612
2023-06,LONDON,Bupropion hydrochloride,323.0,24383.91,23083.0464
2023-06,MIDLANDS,Flupentixol hydrochloride,476.0,3212.7,3074.7785
2023-06,MIDLANDS,Flupentixol decanoate,479.0,10920.8,10309.06986
2023-06,MIDLANDS,Amitriptyline hydrochloride,270751.0,415735.24,396954.12348
2023-06,MIDLANDS,Clomipramine hydrochloride,3483.0,52860.09,49849.86583
2023-06,MIDLANDS,Dosulepin hydrochloride,5907.0,86422.66,81468.81116
2023-06,MIDLANDS,Doxepin,232.0,43914.24,41326.04414
2023-06,MIDLANDS,Imipramine hydrochloride,1965.0,13655.88,12892.47435
2023-06,MIDLANDS,Lofepramine hydrochloride,2493.0,39315.39,37161.66592
2023-06,MIDLANDS,Mianserin hydrochloride,9.0,785.83,739.5039
2023-06,MIDLANDS,Nortriptyline,13315.0,52905.24,51050.29679
2023-06,MIDLANDS,Trazodone hydrochloride,13121.0,51863.57,49780.27743
2023-06,MIDLANDS,Trimipramine maleate,189.0,77163.54,72611.99539
2023-06,MIDLANDS,Isocarboxazid,23.0,10652.14,10024.18575
2023-06,MIDLANDS,Moclobemide,118.0,2667.7,2519.60365
2023-06,MIDLANDS,Phenelzine sulfate,57.0,6588.0,6204.25504
2023-06,MIDLANDS,Tranylcypromine sulfate,51.0,49206.63,46303.49543
2023-06,MIDLANDS,Citalopram hydrobromide,232758.0,399958.13,380777.49557
2023-06,MIDLANDS,Fluoxetine hydrochloride,122949.0,400373.69,383904.84196
2023-06,MIDLANDS,Fluvoxamine maleate,394.0,8276.85,7818.88865
2023-06,MIDLANDS,Paroxetine hydrochloride,20854.0,62510.34,60090.63901
2023-06,MIDLANDS,Sertraline hydrochloride,389224.0,677306.06,645961.18923
2023-06,MIDLANDS,Escitalopram,26636.0,49005.37,46687.99357
2023-06,MIDLANDS,Citalopram hydrochloride,1283.0,26391.84,24848.3685
2023-06,MIDLANDS,Vortioxetine,5161.0,126950.67,119657.66541
2023-06,MIDLANDS,Flupentixol hydrochloride,2405.0,7352.45,7132.58403
2023-06,MIDLANDS,Oxitriptan,2.0,126.96,119.48626
2023-06,MIDLANDS,Tryptophan,11.0,1112.57,1047.5459
2023-06,MIDLANDS,Reboxetine,281.0,4866.8,4601.96883
2023-06,MIDLANDS,Venlafaxine,92574.0,770664.07,729514.24948
2023-06,MIDLANDS,Mirtazapine,185197.0,219383.75,212983.46034
2023-06,MIDLANDS,Duloxetine hydrochloride,63340.0,279409.47,264763.52141
2023-06,MIDLANDS,Agomelatine,280.0,6753.3,6363.80788
2023-06,MIDLANDS,Bupropion hydrochloride,88.0,7966.96,7502.69218
2023-06,NORTH EAST AND YORKSHIRE,Flupentixol hydrochloride,744.0,3600.42,3470.20953
2023-06,NORTH EAST AND YORKSHIRE,Flupentixol decanoate,499.0,9259.09,8737.14957
2023-06,NORTH EAST AND YORKSHIRE,Amitriptyline hydrochloride,276015.0,388040.48,374326.79028
2023-06,NORTH EAST AND YORKSHIRE,Clomipramine hydrochloride,3522.0,45288.92,42780.81331
2023-06,NORTH EAST AND YORKSHIRE,Dosulepin hydrochloride,4781.0,60631.57,57241.68849
2023-06,NORTH EAST AND YORKSHIRE,Doxepin,323.0,59750.96,56235.28897
2023-06,NORTH EAST AND YORKSHIRE,Imipramine hydrochloride,1657.0,9814.21,9292.83843
2023-06,NORTH EAST AND YORKSHIRE,Lofepramine hydrochloride,2822.0,35951.62,34055.86192
2023-06,NORTH EAST AND YORKSHIRE,Mianserin hydrochloride,8.0,436.84,411.11365
2023-06,NORTH EAST AND YORKSHIRE,Nortriptyline,13130.0,41258.58,40135.34335
2023-06,NORTH EAST AND YORKSHIRE,Trazodone hydrochloride,40805.0,110565.87,107518.88951
2023-06,NORTH EAST AND YORKSHIRE,Trimipramine maleate,213.0,57904.32,54497.27677
2023-06,NORTH EAST AND YORKSHIRE,Isocarboxazid,4.0,1507.07,1418.40864
2023-06,NORTH EAST AND YORKSHIRE,Moclobemide,118.0,2010.32,1901.71201
2023-06,NORTH EAST AND YORKSHIRE,Phenelzine sulfate,71.0,9968.42,9386.50582
2023-06,NORTH EAST AND YORKSHIRE,Tranylcypromine sulfate,39.0,54405.88,51193.81719
2023-06,NORTH EAST AND YORKSHIRE,Citalopram hydrobromide,202217.0,318337.29,305581.3963
2023-06,NORTH EAST AND YORKSHIRE,Fluoxetine hydrochloride,146648.0,399534.45,386515.30114
2023-06,NORTH EAST AND YORKSHIRE,Fluvoxamine maleate,398.0,7565.48,7153.43212
2023-06,NORTH EAST AND YORKSHIRE,Paroxetine hydrochloride,19571.0,48674.95,47193.91647
2023-06,NORTH EAST AND YORKSHIRE,Sertraline hydrochloride,379155.0,575782.97,554704.14786
2023-06,NORTH EAST AND YORKSHIRE,Escitalopram,20110.0,33985.78,32666.47107
2023-06,NORTH EAST AND YORKSHIRE,Citalopram hydrochloride,890.0,18958.84,17849.83974
2023-06,NORTH EAST AND YORKSHIRE,Vortioxetine,4350.0,84712.32,79988.90825
2023-06,NORTH EAST AND YORKSHIRE,Flupentixol hydrochloride,2282.0,5766.65,5649.36097
2023-06,NORTH EAST AND YORKSHIRE,Oxitriptan,1.0,19.75,18.69592
2023-06,NORTH EAST AND YORKSHIRE,Tryptophan,8.0,258.0,243.66115
2023-06,NORTH EAST AND YORKSHIRE,Reboxetine,496.0,6724.2,6375.54334
2023-06,NORTH EAST AND YORKSHIRE,Venlafaxine,77188.0,554842.71,527437.71284
2023-06,NORTH EAST AND YORKSHIRE,Mirtazapine,214633.0,211199.1,210165.03277
2023-06,NORTH EAST AND YORKSHIRE,Duloxetine hydrochloride,78327.0,289922.66,276554.67454
2023-06,NORTH EAST AND YORKSHIRE,Agomelatine,431.0,5792.23,5484.65992
2023-06,NORTH EAST AND YORKSHIRE,Bupropion hydrochloride,53.0,3242.19,3055.15614
2023-06,NORTH WEST,Flupentixol hydrochloride,439.0,2581.67,2478.12169
2023-06,NORTH WEST,Flupentixol decanoate,435.0,9321.52,8807.12055
2023-06,NORTH WEST,Amitriptyline hydrochloride,180592.0,269058.54,257782.44485
2023-06,NORTH WEST,Clomipramine hydrochloride,2902.0,43829.89,41337.24905
2023-06,NORTH WEST,Dosulepin hydrochloride,4434.0,63386.62,59774.16282
2023-06,NORTH WEST,Doxepin,161.0,36358.15,34214.41478
2023-06,NORTH WEST,Imipramine hydrochloride,986.0,5888.65,5570.58144
2023-06,NORTH WEST,Lofepramine hydrochloride,1219.0,18161.95,17180.34189
2023-06,NORTH WEST,Mianserin hydrochloride,10.0,603.86,568.51866
2023-06,NORTH WEST,Nortriptyline,12884.0,53004.92,51214.5139
2023-06,NORTH WEST,Trazodone hydrochloride,17104.0,76330.58,73271.79
2023-06,NORTH WEST,Trimipramine maleate,120.0,45029.88,42373.58941
2023-06,NORTH WEST,Moclobemide,73.0,1512.25,1429.73828
2023-06,NORTH WEST,Phenelzine sulfate,23.0,2991.6,2817.09455
2023-06,NORTH WEST,Tranylcypromine sulfate,17.0,32312.67,30404.70921
2023-06,NORTH WEST,Citalopram hydrobromide,156755.0,258050.02,246200.04901
2023-06,NORTH WEST,Fluoxetine hydrochloride,92789.0,284409.43,274981.72498
2023-06,NORTH WEST,Fluvoxamine maleate,240.0,4895.43,4627.07089
2023-06,NORTH WEST,Paroxetine hydrochloride,17168.0,47417.07,45990.74881
2023-06,NORTH WEST,Sertraline hydrochloride,312788.0,501371.36,480243.60034
2023-06,NORTH WEST,Escitalopram,20297.0,36445.69,34828.20377
2023-06,NORTH WEST,Citalopram hydrochloride,750.0,15761.12,14840.49958
2023-06,NORTH WEST,Vortioxetine,4206.0,92692.71,87436.82428
2023-06,NORTH WEST,Flupentixol hydrochloride,1414.0,4153.3,4046.47053
2023-06,NORTH WEST,Tryptophan,8.0,1523.24,1433.97321
2023-06,NORTH WEST,Reboxetine,269.0,4125.37,3907.42691
2023-06,NORTH WEST,Venlafaxine,77579.0,575818.96,546313.91417
2023-06,NORTH WEST,Mirtazapine,183491.0,198238.33,194505.00285
2023-06,NORTH WEST,Duloxetine hydrochloride,53080.0,226033.24,214484.66808
2023-06,NORTH WEST,Agomelatine,161.0,2789.24,2633.46052
2023-06,NORTH WEST,Bupropion hydrochloride,59.0,3343.49,3149.74753
2023-06,SOUTH EAST,Flupentixol hydrochloride,309.0,1869.13,1792.45403
2023-06,SOUTH EAST,Flupentixol decanoate,459.0,9025.17,8509.56502
2023-06,SOUTH EAST,Amitriptyline hydrochloride,165129.0,287919.06,274927.10561
2023-06,SOUTH EAST,Clomipramine hydrochloride,2586.0,40782.54,38457.08706
2023-06,SOUTH EAST,Dosulepin hydrochloride,4556.0,69109.73,65161.32352
2023-06,SOUTH EAST,Doxepin,188.0,48525.07,45664.36458
2023-06,SOUTH EAST,Imipramine hydrochloride,1623.0,14979.45,14136.61576
2023-06,SOUTH EAST,Lofepramine hydrochloride,1125.0,18481.09,17463.33648
2023-06,SOUTH EAST,Mianserin hydrochloride,15.0,978.01,920.5325
2023-06,SOUTH EAST,Nortriptyline,10677.0,50784.38,48754.47857
2023-06,SOUTH EAST,Trazodone hydrochloride,14710.0,56736.16,54532.94044
2023-06,SOUTH EAST,Trimipramine maleate,288.0,132141.85,124345.61409
2023-06,SOUTH EAST,Isocarboxazid,10.0,5377.46,5060.47906
2023-06,SOUTH EAST,Moclobemide,105.0,2182.84,2061.91938
2023-06,SOUTH EAST,Phenelzine sulfate,75.0,10897.2,10260.69204
2023-06,SOUTH EAST,Tranylcypromine sulfate,89.0,149965.38,141110.77755
2023-06,SOUTH EAST,Citalopram hydrobromide,164999.0,313892.75,298988.67967
2023-06,SOUTH EAST,Fluoxetine hydrochloride,80313.0,293976.51,281365.18371
2023-06,SOUTH EAST,Fluvoxamine maleate,274.0,6591.32,6220.38303
2023-06,SOUTH EAST,Paroxetine hydrochloride,13992.0,47140.13,45235.01303
2023-06,SOUTH EAST,Sertraline hydrochloride,270429.0,543377.69,517882.66019
2023-06,SOUTH EAST,Escitalopram,31489.0,63507.8,60498.50352
2023-06,SOUTH EAST,Citalopram hydrochloride,1044.0,22106.08,20812.98222
2023-06,SOUTH EAST,Vortioxetine,6350.0,166248.72,157034.25122
2023-06,SOUTH EAST,Flupentixol hydrochloride,1138.0,3682.17,3562.45707
2023-06,SOUTH EAST,Oxitriptan,1.0,767.52,722.20094
2023-06,SOUTH EAST,Tryptophan,6.0,3068.26,2887.31605
2023-06,SOUTH EAST,Reboxetine,277.0,5531.83,5227.15629
2023-06,SOUTH EAST,Venlafaxine,68937.0,634826.98,600822.06341
2023-06,SOUTH EAST,Mirtazapine,133035.0,168730.26,164126.41658
2023-06,SOUTH EAST,Duloxetine hydrochloride,42084.0,200183.19,189811.57199
2023-06,SOUTH EAST,Agomelatine,709.0,16066.62,15146.4727
2023-06,SOUTH EAST,Bupropion hydrochloride,120.0,39222.56,36911.77511
2023-06,SOUTH WEST,Flupentixol hydrochloride,314.0,2003.76,1918.88291
2023-06,SOUTH WEST,Flupentixol decanoate,322.0,4946.78,4662.00314
2023-06,SOUTH WEST,Amitriptyline hydrochloride,148691.0,245564.11,234676.75281
2023-06,SOUTH WEST,Clomipramine hydrochloride,1817.0,28491.74,26873.32026
2023-06,SOUTH WEST,Dosulepin hydrochloride,3079.0,49391.71,46565.43678
2023-06,SOUTH WEST,Doxepin,193.0,37116.26,34932.80949
2023-06,SOUTH WEST,Imipramine hydrochloride,1150.0,4662.13,4418.65813
2023-06,SOUTH WEST,Lofepramine hydrochloride,1149.0,17151.96,16214.93262
2023-06,SOUTH WEST,Mianserin hydrochloride,10.0,780.72,735.03291
2023-06,SOUTH WEST,Nortriptyline,6385.0,22633.11,21883.65179
2023-06,SOUTH WEST,Trazodone hydrochloride,9188.0,33616.26,32320.14931
2023-06,SOUTH WEST,Trimipramine maleate,127.0,45255.27,42587.44341
2023-06,SOUTH WEST,Isocarboxazid,38.0,9120.64,8585.38839
2023-06,SOUTH WEST,Moclobemide,97.0,2150.27,2029.47388
2023-06,SOUTH WEST,Phenelzine sulfate,49.0,6074.52,5719.05437
2023-06,SOUTH WEST,Tranylcypromine sulfate,49.0,93997.17,88446.84309
2023-06,SOUTH WEST,Citalopram hydrobromide,128797.0,235307.17,224228.92919
2023-06,SOUTH WEST,Fluoxetine hydrochloride,58897.0,194188.72,186017.96524
2023-06,SOUTH WEST,Fluvoxamine maleate,167.0,3638.6,3435.31738
2023-06,SOUTH WEST,Paroxetine hydrochloride,10567.0,33975.13,32588.15623
2023-06,SOUTH WEST,Sertraline hydrochloride,187617.0,344086.84,328494.6983
2023-06,SOUTH WEST,Escitalopram,17480.0,33530.49,31983.91067
2023-06,SOUTH WEST,Citalopram hydrochloride,602.0,12183.44,11470.9146
2023-06,SOUTH WEST,Vortioxetine,1643.0,39961.35,37675.9423
2023-06,SOUTH WEST,Flupentixol hydrochloride,1034.0,3073.71,2982.29883
2023-06,SOUTH WEST,Tryptophan,6.0,470.4,442.79152
2023-06,SOUTH WEST,Reboxetine,238.0,3635.72,3441.75203
2023-06,SOUTH WEST,Venlafaxine,55553.0,442958.31,419365.91703
2023-06,SOUTH WEST,Mirtazapine,109231.0,128725.98,125632.56609
2023-06,SOUTH WEST,Duloxetine hydrochloride,33079.0,144434.38,137082.84195
2023-06,SOUTH WEST,Agomelatine,229.0,5288.49,4985.08042
2023-06,SOUTH WEST,Bupropion hydrochloride,56.0,1967.63,1854.03733
2023-06,UNIDENTIFIED,Flupentixol decanoate,1.0,37.51,35.40697
2023-06,UNIDENTIFIED,Amitriptyline hydrochloride,157.0,194.8,187.44369
2023-06,UNIDENTIFIED,Clomipramine hydrochloride,11.0,105.31,99.72657
2023-06,UNIDENTIFIED,Nortriptyline,10.0,12.69,12.99909
2023-06,UNIDENTIFIED,Trazodone hydrochloride,16.0,103.55,98.06913
2023-06,UNIDENTIFIED,Phenelzine sulfate,1.0,120.0,112.92493
2023-06,UNIDENTIFIED,Citalopram hydrobromide,135.0,265.54,251.44572
2023-06,UNIDENTIFIED,Fluoxetine hydrochloride,96.0,1111.89,1052.03247
2023-06,UNIDENTIFIED,Paroxetine hydrochloride,11.0,76.62,72.20156
2023-06,UNIDENTIFIED,Sertraline hydrochloride,303.0,1178.05,1115.50422
2023-06,UNIDENTIFIED,Escitalopram,21.0,32.74,31.91399
2023-06,UNIDENTIFIED,Citalopram hydrochloride,1.0,17.2,16.07723
2023-06,UNIDENTIFIED,Vortioxetine,10.0,249.48,235.46916
2023-06,UNIDENTIFIED,Flupentixol hydrochloride,5.0,20.42,19.71305
2023-06,UNIDENTIFIED,Tryptophan,2.0,62.67,59.19337
2023-06,UNIDENTIFIED,Venlafaxine,115.0,920.4,872.43184
2023-06,UNIDENTIFIED,Mirtazapine,174.0,212.51,205.88376
2023-06,UNIDENTIFIED,Duloxetine hydrochloride,72.0,331.68,314.51973
2023-06,UNIDENTIFIED,Agomelatine,2.0,61.16,57.14835
2023-07,EAST OF ENGLAND,Flupentixol hydrochloride,264.0,1360.87,1302.97507
2023-07,EAST OF ENGLAND,Flupentixol decanoate,306.0,4826.24,4532.3693
2023-07,EAST OF ENGLAND,Amitriptyline hydrochloride,165026.0,235873.27,224528.898
2023-07,EAST OF ENGLAND,Clomipramine hydrochloride,2839.0,33782.41,31741.48142
2023-07,EAST OF ENGLAND,Dosulepin hydrochloride,3561.0,43007.07,40420.09015
2023-07,EAST OF ENGLAND,Doxepin,162.0,35792.57,33533.5279
2023-07,EAST OF ENGLAND,Imipramine hydrochloride,1019.0,6192.97,5822.34962
2023-07,EAST OF ENGLAND,Lofepramine hydrochloride,1140.0,16072.84,15135.68942
2023-07,EAST OF ENGLAND,Mianserin hydrochloride,10.0,469.02,439.67696
2023-07,EAST OF ENGLAND,Nortriptyline,9254.0,34701.58,33325.58442
2023-07,EAST OF ENGLAND,Trazodone hydrochloride,7704.0,27998.13,26842.64789
2023-07,EAST OF ENGLAND,Trimipramine maleate,142.0,56831.67,53243.26415
2023-07,EAST OF ENGLAND,Isocarboxazid,22.0,10989.78,10296.09483
2023-07,EAST OF ENGLAND,Moclobemide,93.0,2089.22,1963.50974
2023-07,EAST OF ENGLAND,Phenelzine sulfate,71.0,9665.53,9060.0959
2023-07,EAST OF ENGLAND,Tranylcypromine sulfate,28.0,32927.37,30846.84629
2023-07,EAST OF ENGLAND,Citalopram hydrobromide,167052.0,228406.96,217323.33382
2023-07,EAST OF ENGLAND,Fluoxetine hydrochloride,71324.0,221936.44,211196.52617
2023-07,EAST OF ENGLAND,Fluvoxamine maleate,194.0,3753.89,3530.17468
2023-07,EAST OF ENGLAND,Paroxetine hydrochloride,13618.0,38537.38,36762.12361
2023-07,EAST OF ENGLAND,Sertraline hydrochloride,220104.0,372965.02,354467.22094
2023-07,EAST OF ENGLAND,Escitalopram,17544.0,27695.13,26327.76424
2023-07,EAST OF ENGLAND,Citalopram hydrochloride,819.0,11560.98,10839.90751
2023-07,EAST OF ENGLAND,Vortioxetine,3385.0,84466.8,79260.29321
2023-07,EAST OF ENGLAND,Flupentixol hydrochloride,1543.0,4351.64,4206.80944
2023-07,EAST OF ENGLAND,Tryptophan,5.0,1997.82,1871.61907
2023-07,EAST OF ENGLAND,Reboxetine,184.0,3531.68,3322.34733
2023-07,EAST OF ENGLAND,Venlafaxine,67418.0,427911.48,403678.998
2023-07,EAST OF ENGLAND,Mirtazapine,102811.0,108242.97,105392.77595
2023-07,EAST OF ENGLAND,Duloxetine hydrochloride,31390.0,106562.46,100812.24332
2023-07,EAST OF ENGLAND,Agomelatine,145.0,3323.28,3119.02157
2023-07,EAST OF ENGLAND,Bupropion hydrochloride,64.0,17853.3,16768.43393
2023-07,LONDON,Flupentixol hydrochloride,597.0,2951.8,2831.34819
2023-07,LONDON,Flupentixol decanoate,504.0,13249.8,12439.80946
2023-07,LONDON,Amitriptyline hydrochloride,114835.0,150343.2,146172.41158
2023-07,LONDON,Clomipramine hydrochloride,1851.0,25646.13,24113.23937
2023-07,LONDON,Dosulepin hydrochloride,2711.0,30513.98,28737.50146
2023-07,LONDON,Doxepin,176.0,37290.79,34943.58145
2023-07,LONDON,Imipramine hydrochloride,787.0,3600.02,3414.75636
2023-07,LONDON,Lofepramine hydrochloride,1094.0,14520.8,13693.4448
2023-07,LONDON,Mianserin hydrochloride,3.0,253.34,237.36602
2023-07,LONDON,Nortriptyline,8410.0,27723.19,26813.8613
2023-07,LONDON,Trazodone hydrochloride,5488.0,18577.33,17867.69032
2023-07,LONDON,Trimipramine maleate,242.0,109901.9,102967.26231
2023-07,LONDON,Isocarboxazid,21.0,5255.09,4924.72686
2023-07,LONDON,Moclobemide,86.0,1382.25,1301.45767
2023-07,LONDON,Phenelzine sulfate,39.0,5959.71,5586.13783
2023-07,LONDON,Tranylcypromine sulfate,43.0,62124.69,58200.02103
2023-07,LONDON,Citalopram hydrobromide,105791.0,151386.73,146299.55254
2023-07,LONDON,Fluoxetine hydrochloride,50327.0,156875.48,150569.89073
2023-07,LONDON,Fluvoxamine maleate,230.0,5572.59,5237.7522
2023-07,LONDON,Paroxetine hydrochloride,11658.0,32732.4,31552.95845
2023-07,LONDON,Sertraline hydrochloride,187041.0,343504.01,329849.3909
2023-07,LONDON,Escitalopram,17410.0,34623.18,33008.56881
2023-07,LONDON,Citalopram hydrochloride,384.0,6004.56,5629.83161
2023-07,LONDON,Vortioxetine,2963.0,81720.54,76698.31598
2023-07,LONDON,Flupentixol hydrochloride,837.0,2097.3,2044.52872
2023-07,LONDON,Oxitriptan,1.0,25.11,23.53544
2023-07,LONDON,Tryptophan,11.0,896.0,840.10888
2023-07,LONDON,Reboxetine,122.0,2142.44,2016.94976
2023-07,LONDON,Venlafaxine,43951.0,307173.25,290927.98295
2023-07,LONDON,Mirtazapine,111390.0,106944.61,107118.41148
2023-07,LONDON,Duloxetine hydrochloride,26588.0,77963.14,74664.63414
2023-07,LONDON,Agomelatine,390.0,8921.43,8377.22847
2023-07,LONDON,Bupropion hydrochloride,223.0,25416.56,23893.48967
2023-07,MIDLANDS,Flupentixol hydrochloride,481.0,3110.39,2966.39015
2023-07,MIDLANDS,Flupentixol decanoate,480.0,11408.12,10721.2739
2023-07,MIDLANDS,Amitriptyline hydrochloride,262776.0,391817.13,372632.03305
2023-07,MIDLANDS,Clomipramine hydrochloride,3302.0,47366.62,44475.09054
2023-07,MIDLANDS,Dosulepin hydrochloride,5794.0,75240.73,70637.80529
2023-07,MIDLANDS,Doxepin,227.0,41367.29,38757.10575
2023-07,MIDLANDS,Imipramine hydrochloride,1921.0,11170.11,10507.0938
2023-07,MIDLANDS,Lofepramine hydrochloride,2347.0,43255.14,40678.3987
2023-07,MIDLANDS,Mianserin hydrochloride,13.0,1328.91,1245.17124
2023-07,MIDLANDS,Nortriptyline,12861.0,49369.02,47477.9123
2023-07,MIDLANDS,Trazodone hydrochloride,12456.0,50038.74,47804.9103
2023-07,MIDLANDS,Trimipramine maleate,162.0,69682.58,65281.80215
2023-07,MIDLANDS,Isocarboxazid,21.0,8220.31,7701.94391
2023-07,MIDLANDS,Moclobemide,113.0,2490.15,2340.52397
2023-07,MIDLANDS,Phenelzine sulfate,47.0,5193.6,4869.32067
2023-07,MIDLANDS,Tranylcypromine sulfate,62.0,60323.97,56515.83038
2023-07,MIDLANDS,Citalopram hydrobromide,224690.0,329694.85,313152.92981
2023-07,MIDLANDS,Fluoxetine hydrochloride,119175.0,358715.87,342949.77357
2023-07,MIDLANDS,Fluvoxamine maleate,337.0,7126.79,6704.25453
2023-07,MIDLANDS,Paroxetine hydrochloride,20277.0,58715.12,56236.88514
2023-07,MIDLANDS,Sertraline hydrochloride,379973.0,636280.31,604578.0664
2023-07,MIDLANDS,Escitalopram,26262.0,42799.4,40653.22645
2023-07,MIDLANDS,Citalopram hydrochloride,1189.0,16717.0,15674.66619
2023-07,MIDLANDS,Vortioxetine,4990.0,120139.47,112745.31004
2023-07,MIDLANDS,Flupentixol hydrochloride,2244.0,6648.37,6432.91516
2023-07,MIDLANDS,Oxitriptan,3.0,90.4,84.82388
2023-07,MIDLANDS,Tryptophan,14.0,980.0,1003.61246
2023-07,MIDLANDS,Reboxetine,268.0,4619.74,4348.90945
2023-07,MIDLANDS,Venlafaxine,89818.0,669938.87,631834.78445
2023-07,MIDLANDS,Mirtazapine,180454.0,201871.86,195471.40576
2023-07,MIDLANDS,Duloxetine hydrochloride,60866.0,214409.32,202603.64261
2023-07,MIDLANDS,Agomelatine,283.0,7354.15,6898.29997
2023-07,MIDLANDS,Bupropion hydrochloride,51.0,3140.01,2944.88027
2023-07,NORTH EAST AND YORKSHIRE,Flupentixol hydrochloride,754.0,3499.81,3362.18392
2023-07,NORTH EAST AND YORKSHIRE,Flupentixol decanoate,479.0,8956.38,8415.96874
2023-07,NORTH EAST AND YORKSHIRE,Amitriptyline hydrochloride,266833.0,361879.25,347925.9736
2023-07,NORTH EAST AND YORKSHIRE,Clomipramine hydrochloride,3306.0,39377.35,37040.16934
2023-07,NORTH EAST AND YORKSHIRE,Dosulepin hydrochloride,4640.0,52369.18,49251.91111
2023-07,NORTH EAST AND YORKSHIRE,Doxepin,309.0,60788.39,56956.33777
2023-07,NORTH EAST AND YORKSHIRE,Imipramine hydrochloride,1583.0,7858.56,7417.70588
2023-07,NORTH EAST AND YORKSHIRE,Lofepramine hydrochloride,2656.0,37872.3,35694.68447
2023-07,NORTH EAST AND YORKSHIRE,Mianserin hydrochloride,7.0,506.68,474.69484
2023-07,NORTH EAST AND YORKSHIRE,Nortriptyline,12736.0,39459.58,38242.5246
2023-07,NORTH EAST AND YORKSHIRE,Trazodone hydrochloride,39401.0,102269.36,99176.3446
2023-07,NORTH EAST AND YORKSHIRE,Trimipramine maleate,236.0,72368.24,67808.1435
2023-07,NORTH EAST AND YORKSHIRE,Isocarboxazid,5.0,2192.1,2054.02051
2023-07,NORTH EAST AND YORKSHIRE,Moclobemide,131.0,2281.21,2147.93625
2023-07,NORTH EAST AND YORKSHIRE,Phenelzine sulfate,61.0,6534.18,6126.64913
2023-07,NORTH EAST AND YORKSHIRE,Tranylcypromine sulfate,41.0,48215.1,45169.38481
2023-07,NORTH EAST AND YORKSHIRE,Citalopram hydrobromide,194593.0,261097.56,250432.83569
2023-07,NORTH EAST AND YORKSHIRE,Fluoxetine hydrochloride,142323.0,354072.23,341940.75294
2023-07,NORTH EAST AND YORKSHIRE,Fluvoxamine maleate,339.0,6211.09,5847.18914
2023-07,NORTH EAST AND YORKSHIRE,Paroxetine hydrochloride,18870.0,45515.95,43976.8707
2023-07,NORTH EAST AND YORKSHIRE,Sertraline hydrochloride,369359.0,543038.85,521293.63496
2023-07,NORTH EAST AND YORKSHIRE,Escitalopram,19566.0,29592.22,28399.58979
2023-07,NORTH EAST AND YORKSHIRE,Citalopram hydrochloride,870.0,12226.82,11464.59642
2023-07,NORTH EAST AND YORKSHIRE,Vortioxetine,4161.0,79624.71,74860.92226
2023-07,NORTH EAST AND YORKSHIRE,Flupentixol hydrochloride,2203.0,5620.17,5480.15716
2023-07,NORTH EAST AND YORKSHIRE,Oxitriptan,1.0,19.75,18.61419
2023-07,NORTH EAST AND YORKSHIRE,Tryptophan,18.0,3675.34,3444.98043
2023-07,NORTH EAST AND YORKSHIRE,Reboxetine,462.0,6496.32,6131.3302
2023-07,NORTH EAST AND YORKSHIRE,Venlafaxine,75697.0,486528.88,461031.32196
2023-07,NORTH EAST AND YORKSHIRE,Mirtazapine,207857.0,194255.49,193089.41062
2023-07,NORTH EAST AND YORKSHIRE,Duloxetine hydrochloride,76422.0,220715.68,210464.6485
2023-07,NORTH EAST AND YORKSHIRE,Agomelatine,398.0,5201.37,4904.76449
2023-07,NORTH EAST AND YORKSHIRE,Bupropion hydrochloride,50.0,3192.1,3014.45334
2023-07,NORTH WEST,Flupentixol hydrochloride,436.0,2580.14,2466.08096
2023-07,NORTH WEST,Flupentixol decanoate,445.0,9749.83,9171.47436
2023-07,NORTH WEST,Amitriptyline hydrochloride,176015.0,254267.5,242698.82244
2023-07,NORTH WEST,Clomipramine hydrochloride,2858.0,39732.98,37317.11819
2023-07,NORTH WEST,Dosulepin hydrochloride,4279.0,54300.76,50997.10742
2023-07,NORTH WEST,Doxepin,152.0,34107.96,31955.88507
2023-07,NORTH WEST,Imipramine hydrochloride,952.0,5191.26,4891.55252
2023-07,NORTH WEST,Lofepramine hydrochloride,1169.0,19284.0,18152.2018
2023-07,NORTH WEST,Mianserin hydrochloride,7.0,357.0,334.62428
2023-07,NORTH WEST,Nortriptyline,12601.0,48765.62,47000.06689
2023-07,NORTH WEST,Trazodone hydrochloride,16517.0,67563.29,64695.66216
2023-07,NORTH WEST,Trimipramine maleate,119.0,47161.95,44184.36141
2023-07,NORTH WEST,Isocarboxazid,2.0,2740.1,2566.94952
2023-07,NORTH WEST,Moclobemide,59.0,1290.08,1213.77804
2023-07,NORTH WEST,Phenelzine sulfate,31.0,4346.4,4074.49037
2023-07,NORTH WEST,Tranylcypromine sulfate,13.0,20839.79,19522.95676
2023-07,NORTH WEST,Citalopram hydrobromide,152843.0,215212.54,204938.11356
2023-07,NORTH WEST,Fluoxetine hydrochloride,90440.0,256284.84,247278.81817
2023-07,NORTH WEST,Fluvoxamine maleate,199.0,3840.54,3615.18393
2023-07,NORTH WEST,Paroxetine hydrochloride,16780.0,45334.83,43819.8567
2023-07,NORTH WEST,Sertraline hydrochloride,306527.0,472108.0,450604.70785
2023-07,NORTH WEST,Escitalopram,20124.0,32371.98,30856.59332
2023-07,NORTH WEST,Citalopram hydrochloride,676.0,9588.46,8991.92348
2023-07,NORTH WEST,Vortioxetine,4150.0,92159.1,86548.6417
2023-07,NORTH WEST,Flupentixol hydrochloride,1414.0,4206.5,4077.47472
2023-07,NORTH WEST,Tryptophan,5.0,1153.55,1081.10724
2023-07,NORTH WEST,Reboxetine,257.0,4135.5,3899.18437
2023-07,NORTH WEST,Venlafaxine,75582.0,511061.65,483159.38534
2023-07,NORTH WEST,Mirtazapine,179709.0,179416.44,175881.15288
2023-07,NORTH WEST,Duloxetine hydrochloride,52323.0,176791.37,167408.61335
2023-07,NORTH WEST,Agomelatine,160.0,3061.36,2876.01535
2023-07,NORTH WEST,Bupropion hydrochloride,59.0,2844.96,2669.56432
2023-07,SOUTH EAST,Flupentixol hydrochloride,304.0,1839.2,1756.31924
2023-07,SOUTH EAST,Flupentixol decanoate,407.0,7147.45,6712.84607
2023-07,SOUTH EAST,Amitriptyline hydrochloride,161099.0,270100.74,256951.16975
2023-07,SOUTH EAST,Clomipramine hydrochloride,2537.0,37615.39,35318.47055
2023-07,SOUTH EAST,Dosulepin hydrochloride,4335.0,59762.94,56108.1067
2023-07,SOUTH EAST,Doxepin,160.0,38915.95,36460.0083
2023-07,SOUTH EAST,Imipramine hydrochloride,1492.0,8304.21,7821.30276
2023-07,SOUTH EAST,Lofepramine hydrochloride,1088.0,19248.67,18103.66765
2023-07,SOUTH EAST,Mianserin hydrochloride,19.0,961.96,901.38701
2023-07,SOUTH EAST,Nortriptyline,10555.0,46698.73,44708.67381
2023-07,SOUTH EAST,Trazodone hydrochloride,14253.0,54205.51,51899.91567
2023-07,SOUTH EAST,Trimipramine maleate,289.0,124713.62,116840.7476
2023-07,SOUTH EAST,Isocarboxazid,12.0,4829.44,4524.86648
2023-07,SOUTH EAST,Moclobemide,135.0,2932.28,2756.0088
2023-07,SOUTH EAST,Phenelzine sulfate,80.0,13384.66,12545.82438
2023-07,SOUTH EAST,Tranylcypromine sulfate,83.0,116991.43,109600.74747
2023-07,SOUTH EAST,Citalopram hydrobromide,160476.0,261601.35,248588.03655
2023-07,SOUTH EAST,Fluoxetine hydrochloride,78026.0,261732.54,249798.53902
2023-07,SOUTH EAST,Fluvoxamine maleate,223.0,5155.12,4844.48049
2023-07,SOUTH EAST,Paroxetine hydrochloride,13702.0,44070.17,42138.54489
2023-07,SOUTH EAST,Sertraline hydrochloride,264508.0,517889.09,491721.5165
2023-07,SOUTH EAST,Escitalopram,31184.0,55920.34,53123.96853
2023-07,SOUTH EAST,Citalopram hydrochloride,1059.0,15497.64,14530.85704
2023-07,SOUTH EAST,Vortioxetine,6117.0,162507.51,152491.43513
2023-07,SOUTH EAST,Flupentixol hydrochloride,1082.0,3575.94,3440.70886
2023-07,SOUTH EAST,Tryptophan,10.0,1003.5,940.90246
2023-07,SOUTH EAST,Reboxetine,243.0,4484.46,4221.2172
2023-07,SOUTH EAST,Venlafaxine,67798.0,562820.88,530650.54953
2023-07,SOUTH EAST,Mirtazapine,129601.0,152028.77,147613.71401
2023-07,SOUTH EAST,Duloxetine hydrochloride,41412.0,161554.93,152741.64763
2023-07,SOUTH EAST,Agomelatine,685.0,15284.56,14347.29238
2023-07,SOUTH EAST,Bupropion hydrochloride,103.0,18121.18,17001.29223
2023-07,SOUTH WEST,Flupentixol hydrochloride,359.0,2108.71,2013.74176
2023-07,SOUTH WEST,Flupentixol decanoate,335.0,5629.14,5282.93977
2023-07,SOUTH WEST,Amitriptyline hydrochloride,144363.0,231082.97,219940.89845
2023-07,SOUTH WEST,Clomipramine hydrochloride,1749.0,25455.44,23907.12246
2023-07,SOUTH WEST,Dosulepin hydrochloride,2971.0,39756.33,37326.55352
2023-07,SOUTH WEST,Doxepin,189.0,37541.44,35176.5531
2023-07,SOUTH WEST,Imipramine hydrochloride,1130.0,4331.21,4091.712
2023-07,SOUTH WEST,Lofepramine hydrochloride,1180.0,20298.53,19094.81941
2023-07,SOUTH WEST,Mianserin hydrochloride,11.0,786.8,737.41037
2023-07,SOUTH WEST,Nortriptyline,6249.0,18273.45,17694.50484
2023-07,SOUTH WEST,Trazodone hydrochloride,8827.0,31678.86,30336.99711
2023-07,SOUTH WEST,Trimipramine maleate,110.0,41619.73,38992.5893
2023-07,SOUTH WEST,Isocarboxazid,42.0,11058.26,10363.05767
2023-07,SOUTH WEST,Moclobemide,94.0,2073.38,1948.3204
2023-07,SOUTH WEST,Phenelzine sulfate,43.0,6848.64,6419.46235
2023-07,SOUTH WEST,Tranylcypromine sulfate,41.0,55013.7,51538.1613
2023-07,SOUTH WEST,Citalopram hydrobromide,125705.0,196367.28,186720.29793
2023-07,SOUTH WEST,Fluoxetine hydrochloride,57258.0,173180.38,165420.34934
2023-07,SOUTH WEST,Fluvoxamine maleate,136.0,3290.41,3112.2916
2023-07,SOUTH WEST,Paroxetine hydrochloride,10188.0,31883.2,30470.94065
2023-07,SOUTH WEST,Sertraline hydrochloride,183601.0,326897.17,310831.69013
2023-07,SOUTH WEST,Escitalopram,17296.0,29246.93,27834.94538
2023-07,SOUTH WEST,Citalopram hydrochloride,599.0,8509.68,7978.93358
2023-07,SOUTH WEST,Vortioxetine,1661.0,43314.48,40648.6764
2023-07,SOUTH WEST,Flupentixol hydrochloride,969.0,3018.14,2909.37794
2023-07,SOUTH WEST,Reboxetine,247.0,4053.68,3818.67592
2023-07,SOUTH WEST,Venlafaxine,54431.0,385442.45,363554.47878
2023-07,SOUTH WEST,Mirtazapine,105508.0,117016.68,113971.31552
2023-07,SOUTH WEST,Duloxetine hydrochloride,32635.0,112566.63,106612.52585
2023-07,SOUTH WEST,Agomelatine,229.0,5273.34,4949.07859
2023-07,SOUTH WEST,Bupropion hydrochloride,32.0,1843.4,1729.19326
2023-07,UNIDENTIFIED,Flupentixol hydrochloride,1.0,3.9,3.76592
2023-07,UNIDENTIFIED,Flupentixol decanoate,1.0,62.51,58.57175
2023-07,UNIDENTIFIED,Amitriptyline hydrochloride,181.0,244.79,234.45487
2023-07,UNIDENTIFIED,Clomipramine hydrochloride,2.0,48.54,45.49706
2023-07,UNIDENTIFIED,Nortriptyline,9.0,10.04,10.30692
2023-07,UNIDENTIFIED,Trazodone hydrochloride,18.0,129.44,122.63228
2023-07,UNIDENTIFIED,Citalopram hydrobromide,167.0,271.53,258.27105
2023-07,UNIDENTIFIED,Fluoxetine hydrochloride,103.0,339.83,326.30867
2023-07,UNIDENTIFIED,Paroxetine hydrochloride,13.0,68.86,65.05157
2023-07,UNIDENTIFIED,Sertraline hydrochloride,301.0,955.81,904.34193
2023-07,UNIDENTIFIED,Escitalopram,27.0,53.17,50.52179
2023-07,UNIDENTIFIED,Citalopram hydrochloride,1.0,11.85,11.0943
2023-07,UNIDENTIFIED,Vortioxetine,7.0,110.88,104.35914
2023-07,UNIDENTIFIED,Flupentixol hydrochloride,4.0,12.48,12.14086
2023-07,UNIDENTIFIED,Venlafaxine,103.0,554.88,527.47416
2023-07,UNIDENTIFIED,Mirtazapine,177.0,208.27,201.92235
2023-07,UNIDENTIFIED,Duloxetine hydrochloride,70.0,327.86,308.8706
2023-07,UNIDENTIFIED,Agomelatine,2.0,61.0,57.07086
2023-07,UNIDENTIFIED,Bupropion hydrochloride,2.0,80.74,75.762
2023-08,EAST OF ENGLAND,Flupentixol hydrochloride,264.0,1364.64,1306.23227
2023-08,EAST OF ENGLAND,Flupentixol decanoate,330.0,5028.31,4720.27002
2023-08,EAST OF ENGLAND,Amitriptyline hydrochloride,169622.0,241493.51,229851.06899
2023-08,EAST OF ENGLAND,Clomipramine hydrochloride,2835.0,33486.15,31458.12492
2023-08,EAST OF ENGLAND,Dosulepin hydrochloride,3680.0,44519.06,41790.81797
2023-08,EAST OF ENGLAND,Doxepin,143.0,31382.5,29394.87799
2023-08,EAST OF ENGLAND,Imipramine hydrochloride,1022.0,6516.74,6124.68307
2023-08,EAST OF ENGLAND,Lofepramine hydrochloride,1146.0,15561.8,14653.86671
2023-08,EAST OF ENGLAND,Mianserin hydrochloride,11.0,563.53,528.23777
2023-08,EAST OF ENGLAND,Nortriptyline,9456.0,36483.93,35010.19082
2023-08,EAST OF ENGLAND,Trazodone hydrochloride,8061.0,33284.25,31809.87609
2023-08,EAST OF ENGLAND,Trimipramine maleate,150.0,62315.72,58368.38562
2023-08,EAST OF ENGLAND,Isocarboxazid,17.0,7946.31,7443.08826
2023-08,EAST OF ENGLAND,Moclobemide,95.0,1925.77,1809.98934
2023-08,EAST OF ENGLAND,Phenelzine sulfate,67.0,7737.7,7252.67478
2023-08,EAST OF ENGLAND,Tranylcypromine sulfate,18.0,27529.5,25784.37517
2023-08,EAST OF ENGLAND,Citalopram hydrobromide,168793.0,230473.61,219241.33676
2023-08,EAST OF ENGLAND,Fluoxetine hydrochloride,72547.0,229058.58,217900.12202
2023-08,EAST OF ENGLAND,Fluvoxamine maleate,153.0,3227.99,3033.56656
2023-08,EAST OF ENGLAND,Paroxetine hydrochloride,13765.0,38212.19,36455.45139
2023-08,EAST OF ENGLAND,Sertraline hydrochloride,223632.0,381971.98,362962.15644
2023-08,EAST OF ENGLAND,Escitalopram,17860.0,28476.78,27062.59996
2023-08,EAST OF ENGLAND,Citalopram hydrochloride,833.0,11661.09,10931.60574
2023-08,EAST OF ENGLAND,Vortioxetine,3469.0,86191.38,80860.19553
2023-08,EAST OF ENGLAND,Flupentixol hydrochloride,1560.0,4334.43,4189.66558
2023-08,EAST OF ENGLAND,Tryptophan,5.0,1184.44,1109.49436
2023-08,EAST OF ENGLAND,Reboxetine,188.0,3441.26,3238.14907
2023-08,EAST OF ENGLAND,Venlafaxine,69300.0,444913.33,419612.08774
2023-08,EAST OF ENGLAND,Mirtazapine,106235.0,110199.99,107384.10988
2023-08,EAST OF ENGLAND,Duloxetine hydrochloride,32165.0,108534.83,102678.89717
2023-08,EAST OF ENGLAND,Agomelatine,150.0,3157.18,2963.1842
2023-08,EAST OF ENGLAND,Bupropion hydrochloride,52.0,19715.67,18468.18746
2023-08,LONDON,Flupentixol hydrochloride,594.0,2769.99,2660.23419
2023-08,LONDON,Flupentixol decanoate,519.0,13409.02,12585.44368
2023-08,LONDON,Amitriptyline hydrochloride,115959.0,152009.4,147740.05546
2023-08,LONDON,Clomipramine hydrochloride,1925.0,25101.68,23604.76676
2023-08,LONDON,Dosulepin hydrochloride,2953.0,33156.96,31228.07631
2023-08,LONDON,Doxepin,168.0,30843.5,28897.45986
2023-08,LONDON,Imipramine hydrochloride,788.0,3055.75,2903.0824
2023-08,LONDON,Lofepramine hydrochloride,1111.0,14483.32,13660.43278
2023-08,LONDON,Mianserin hydrochloride,5.0,218.13,204.36225
2023-08,LONDON,Nortriptyline,8490.0,29017.98,28031.67332
2023-08,LONDON,Trazodone hydrochloride,5740.0,20252.96,19458.26845
2023-08,LONDON,Trimipramine maleate,254.0,111788.93,104711.69686
2023-08,LONDON,Isocarboxazid,15.0,3425.1,3209.42963
2023-08,LONDON,Moclobemide,73.0,1347.06,1267.25957
2023-08,LONDON,Phenelzine sulfate,58.0,9260.6,8678.28352
2023-08,LONDON,Tranylcypromine sulfate,51.0,69430.27,65031.22112
2023-08,LONDON,Citalopram hydrobromide,105081.0,148812.54,143870.88536
2023-08,LONDON,Fluoxetine hydrochloride,50246.0,156212.17,149926.13816
2023-08,LONDON,Fluvoxamine maleate,223.0,4930.03,4635.02397
2023-08,LONDON,Paroxetine hydrochloride,11191.0,32010.64,30835.08411
2023-08,LONDON,Sertraline hydrochloride,187019.0,343309.11,329679.17008
2023-08,LONDON,Escitalopram,17163.0,32994.87,31480.25798
2023-08,LONDON,Citalopram hydrochloride,414.0,6536.58,6127.28498
2023-08,LONDON,Vortioxetine,3059.0,84458.88,79252.19163
2023-08,LONDON,Flupentixol hydrochloride,877.0,2220.74,2163.81643
2023-08,LONDON,Oxitriptan,2.0,76.45,71.82776
2023-08,LONDON,Tryptophan,7.0,602.0,564.31911
2023-08,LONDON,Reboxetine,144.0,2497.34,2351.79056
2023-08,LONDON,Venlafaxine,43886.0,301903.69,285923.07592
2023-08,LONDON,Mirtazapine,112941.0,108152.53,108339.91781
2023-08,LONDON,Duloxetine hydrochloride,26753.0,77749.1,74459.49887
2023-08,LONDON,Agomelatine,386.0,8854.14,8311.96104
2023-08,LONDON,Bupropion hydrochloride,213.0,21214.52,19936.82922
2023-08,MIDLANDS,Flupentixol hydrochloride,500.0,3336.75,3179.05876
2023-08,MIDLANDS,Flupentixol decanoate,478.0,10888.83,10231.00187
2023-08,MIDLANDS,Amitriptyline hydrochloride,271152.0,408719.35,388612.29314
2023-08,MIDLANDS,Clomipramine hydrochloride,3485.0,49262.11,46245.25915
2023-08,MIDLANDS,Dosulepin hydrochloride,5864.0,75964.62,71302.11019
2023-08,MIDLANDS,Doxepin,262.0,48272.14,45217.57876
2023-08,MIDLANDS,Imipramine hydrochloride,1965.0,11241.28,10573.32589
2023-08,MIDLANDS,Lofepramine hydrochloride,2420.0,39232.14,36909.39352
2023-08,MIDLANDS,Mianserin hydrochloride,7.0,793.59,743.34962
2023-08,MIDLANDS,Nortriptyline,13315.0,50192.42,48281.91993
2023-08,MIDLANDS,Trazodone hydrochloride,13038.0,46165.04,44211.88855
2023-08,MIDLANDS,Trimipramine maleate,162.0,73175.18,68539.16381
2023-08,MIDLANDS,Isocarboxazid,21.0,9830.13,9207.74572
2023-08,MIDLANDS,Moclobemide,119.0,2481.91,2333.4801
2023-08,MIDLANDS,Phenelzine sulfate,50.0,6204.2,5815.32731
2023-08,MIDLANDS,Tranylcypromine sulfate,62.0,57725.09,54069.39073
2023-08,MIDLANDS,Citalopram hydrobromide,229594.0,335993.51,319087.66406
2023-08,MIDLANDS,Fluoxetine hydrochloride,121350.0,361870.35,346015.9041
2023-08,MIDLANDS,Fluvoxamine maleate,261.0,5111.87,4809.15754
2023-08,MIDLANDS,Paroxetine hydrochloride,20793.0,60441.75,57882.4842
2023-08,MIDLANDS,Sertraline hydrochloride,387812.0,654923.69,622096.86937
2023-08,MIDLANDS,Escitalopram,26838.0,43306.75,41141.13827
2023-08,MIDLANDS,Citalopram hydrochloride,1316.0,18278.16,17135.76053
2023-08,MIDLANDS,Vortioxetine,5220.0,127481.31,119607.68011
2023-08,MIDLANDS,Flupentixol hydrochloride,2365.0,7156.17,6916.88368
2023-08,MIDLANDS,Oxitriptan,3.0,136.27,175.84748
2023-08,MIDLANDS,Tryptophan,5.0,364.0,341.25908
2023-08,MIDLANDS,Reboxetine,294.0,5151.15,4848.07104
2023-08,MIDLANDS,Venlafaxine,93103.0,694230.08,654668.7776
2023-08,MIDLANDS,Mirtazapine,186730.0,205596.89,199200.36645
2023-08,MIDLANDS,Duloxetine hydrochloride,63742.0,223122.3,210824.39146
2023-08,MIDLANDS,Agomelatine,276.0,6791.57,6370.29777
2023-08,MIDLANDS,Bupropion hydrochloride,42.0,4300.73,4030.02856
2023-08,NORTH EAST AND YORKSHIRE,Flupentixol hydrochloride,729.0,3366.51,3233.72119
2023-08,NORTH EAST AND YORKSHIRE,Flupentixol decanoate,514.0,9814.93,9219.69273
2023-08,NORTH EAST AND YORKSHIRE,Amitriptyline hydrochloride,276129.0,378937.42,364192.85922
2023-08,NORTH EAST AND YORKSHIRE,Clomipramine hydrochloride,3461.0,40017.29,37647.93837
2023-08,NORTH EAST AND YORKSHIRE,Dosulepin hydrochloride,4610.0,52090.21,48979.17439
2023-08,NORTH EAST AND YORKSHIRE,Doxepin,334.0,64122.82,60070.25633
2023-08,NORTH EAST AND YORKSHIRE,Imipramine hydrochloride,1693.0,7079.43,6693.17056
2023-08,NORTH EAST AND YORKSHIRE,Lofepramine hydrochloride,2716.0,35765.45,33714.81567
2023-08,NORTH EAST AND YORKSHIRE,Mianserin hydrochloride,11.0,622.41,583.05988
2023-08,NORTH EAST AND YORKSHIRE,Nortriptyline,13078.0,36283.79,35294.24028
2023-08,NORTH EAST AND YORKSHIRE,Trazodone hydrochloride,40539.0,97541.5,94818.00428
2023-08,NORTH EAST AND YORKSHIRE,Trimipramine maleate,213.0,60413.85,56595.73935
2023-08,NORTH EAST AND YORKSHIRE,Isocarboxazid,4.0,1507.07,1411.86915
2023-08,NORTH EAST AND YORKSHIRE,Moclobemide,125.0,2192.6,2064.39879
2023-08,NORTH EAST AND YORKSHIRE,Phenelzine sulfate,75.0,9856.08,9237.97035
2023-08,NORTH EAST AND YORKSHIRE,Tranylcypromine sulfate,35.0,46311.34,43376.55449
2023-08,NORTH EAST AND YORKSHIRE,Citalopram hydrobromide,199293.0,266250.02,255402.92909
2023-08,NORTH EAST AND YORKSHIRE,Fluoxetine hydrochloride,145282.0,361157.31,348748.13066
2023-08,NORTH EAST AND YORKSHIRE,Fluvoxamine maleate,289.0,5333.9,5020.14442
2023-08,NORTH EAST AND YORKSHIRE,Paroxetine hydrochloride,19164.0,45337.38,43837.00316
2023-08,NORTH EAST AND YORKSHIRE,Sertraline hydrochloride,377378.0,555916.99,533631.69212
2023-08,NORTH EAST AND YORKSHIRE,Escitalopram,20008.0,29764.53,28572.66535
2023-08,NORTH EAST AND YORKSHIRE,Citalopram hydrochloride,875.0,12261.79,11494.97697
2023-08,NORTH EAST AND YORKSHIRE,Vortioxetine,4335.0,83061.99,78079.96338
2023-08,NORTH EAST AND YORKSHIRE,Flupentixol hydrochloride,2386.0,6004.7,5857.05844
2023-08,NORTH EAST AND YORKSHIRE,Oxitriptan,1.0,19.75,18.61022
2023-08,NORTH EAST AND YORKSHIRE,Tryptophan,21.0,525.84,494.76137
2023-08,NORTH EAST AND YORKSHIRE,Reboxetine,490.0,6775.24,6393.76966
2023-08,NORTH EAST AND YORKSHIRE,Venlafaxine,77944.0,501837.86,475416.02154
2023-08,NORTH EAST AND YORKSHIRE,Mirtazapine,215603.0,196836.65,195919.9426
2023-08,NORTH EAST AND YORKSHIRE,Duloxetine hydrochloride,79750.0,232499.21,221609.02648
2023-08,NORTH EAST AND YORKSHIRE,Agomelatine,408.0,5251.09,4951.19758
2023-08,NORTH EAST AND YORKSHIRE,Bupropion hydrochloride,43.0,3121.77,2927.87837
2023-08,NORTH WEST,Flupentixol hydrochloride,431.0,2547.4,2433.92311
2023-08,NORTH WEST,Flupentixol decanoate,422.0,10194.35,9582.36539
2023-08,NORTH WEST,Amitriptyline hydrochloride,180867.0,260562.17,248723.9641
2023-08,NORTH WEST,Clomipramine hydrochloride,2904.0,40522.28,38051.19583
2023-08,NORTH WEST,Dosulepin hydrochloride,4295.0,54542.74,51214.84487
2023-08,NORTH WEST,Doxepin,161.0,34318.0,32165.85977
2023-08,NORTH WEST,Imipramine hydrochloride,976.0,4564.34,4304.83366
2023-08,NORTH WEST,Lofepramine hydrochloride,1237.0,18707.89,17613.29808
2023-08,NORTH WEST,Mianserin hydrochloride,12.0,666.93,624.99446
2023-08,NORTH WEST,Nortriptyline,13177.0,48524.14,46823.49433
2023-08,NORTH WEST,Trazodone hydrochloride,17178.0,65548.16,62859.17108
2023-08,NORTH WEST,Trimipramine maleate,109.0,43233.71,40495.4683
2023-08,NORTH WEST,Isocarboxazid,1.0,1096.04,1026.56185
2023-08,NORTH WEST,Moclobemide,66.0,1321.45,1243.88656
2023-08,NORTH WEST,Phenelzine sulfate,24.0,3291.6,3085.20528
2023-08,NORTH WEST,Tranylcypromine sulfate,12.0,19627.17,18383.01495
2023-08,NORTH WEST,Citalopram hydrobromide,155618.0,218461.01,208028.0655
2023-08,NORTH WEST,Fluoxetine hydrochloride,92673.0,261109.81,251945.24294
2023-08,NORTH WEST,Fluvoxamine maleate,195.0,3774.3,3551.72186
2023-08,NORTH WEST,Paroxetine hydrochloride,17086.0,45209.19,43714.12784
2023-08,NORTH WEST,Sertraline hydrochloride,313363.0,483040.07,461063.50694
2023-08,NORTH WEST,Escitalopram,20209.0,31758.55,30282.34882
2023-08,NORTH WEST,Citalopram hydrochloride,739.0,10502.1,9846.12941
2023-08,NORTH WEST,Vortioxetine,4331.0,96016.14,90151.22609
2023-08,NORTH WEST,Flupentixol hydrochloride,1453.0,4310.45,4179.58479
2023-08,NORTH WEST,Tryptophan,2.0,56.0,52.67432
2023-08,NORTH WEST,Reboxetine,276.0,4316.68,4069.19367
2023-08,NORTH WEST,Venlafaxine,78241.0,523393.95,494769.80954
2023-08,NORTH WEST,Mirtazapine,186177.0,186207.34,182513.7339
2023-08,NORTH WEST,Duloxetine hydrochloride,54135.0,184765.31,174907.4827
2023-08,NORTH WEST,Agomelatine,165.0,2776.19,2609.79672
2023-08,NORTH WEST,Bupropion hydrochloride,47.0,5683.2,5325.95949
2023-08,SOUTH EAST,Flupentixol hydrochloride,291.0,1855.6,1769.43588
2023-08,SOUTH EAST,Flupentixol decanoate,406.0,7762.8,7288.4441
2023-08,SOUTH EAST,Amitriptyline hydrochloride,165083.0,277423.48,263878.67762
2023-08,SOUTH EAST,Clomipramine hydrochloride,2645.0,39268.65,36866.63175
2023-08,SOUTH EAST,Dosulepin hydrochloride,4416.0,61069.43,57325.60753
2023-08,SOUTH EAST,Doxepin,168.0,45174.62,42334.47971
2023-08,SOUTH EAST,Imipramine hydrochloride,1562.0,11752.87,11051.0757
2023-08,SOUTH EAST,Lofepramine hydrochloride,1158.0,19044.4,17911.85991
2023-08,SOUTH EAST,Mianserin hydrochloride,19.0,1256.58,1177.14656
2023-08,SOUTH EAST,Nortriptyline,10612.0,46845.72,44846.51605
2023-08,SOUTH EAST,Trazodone hydrochloride,14594.0,52815.04,50613.71434
2023-08,SOUTH EAST,Trimipramine maleate,270.0,124404.74,116524.66986
2023-08,SOUTH EAST,Isocarboxazid,11.0,5925.48,5550.43227
2023-08,SOUTH EAST,Moclobemide,122.0,2687.21,2524.56298
2023-08,SOUTH EAST,Phenelzine sulfate,90.0,14542.92,13628.76858
2023-08,SOUTH EAST,Tranylcypromine sulfate,91.0,140650.09,131735.67086
2023-08,SOUTH EAST,Citalopram hydrobromide,162297.0,263136.12,250063.6966
2023-08,SOUTH EAST,Fluoxetine hydrochloride,79154.0,265749.61,253606.78772
2023-08,SOUTH EAST,Fluvoxamine maleate,181.0,3686.53,3465.09324
2023-08,SOUTH EAST,Paroxetine hydrochloride,13839.0,45022.83,43032.08366
2023-08,SOUTH EAST,Sertraline hydrochloride,268461.0,526445.11,499766.20855
2023-08,SOUTH EAST,Escitalopram,31363.0,55301.31,52550.28042
2023-08,SOUTH EAST,Citalopram hydrochloride,1064.0,16539.21,15503.5088
2023-08,SOUTH EAST,Vortioxetine,6289.0,167484.24,157131.39988
2023-08,SOUTH EAST,Flupentixol hydrochloride,1084.0,3650.11,3507.51995
2023-08,SOUTH EAST,Tryptophan,12.0,2720.89,2554.03036
2023-08,SOUTH EAST,Reboxetine,242.0,4473.19,4209.02279
2023-08,SOUTH EAST,Venlafaxine,69227.0,560971.99,528908.11459
2023-08,SOUTH EAST,Mirtazapine,133528.0,158112.96,153505.88885
2023-08,SOUTH EAST,Duloxetine hydrochloride,42315.0,163489.47,154568.06751
2023-08,SOUTH EAST,Agomelatine,714.0,16294.16,15290.66976
2023-08,SOUTH EAST,Bupropion hydrochloride,85.0,21041.57,19711.55742
2023-08,SOUTH WEST,Flupentixol hydrochloride,342.0,2096.21,1999.79925
2023-08,SOUTH WEST,Flupentixol decanoate,360.0,5625.44,5277.03111
2023-08,SOUTH WEST,Amitriptyline hydrochloride,148741.0,239824.92,228255.16827
2023-08,SOUTH WEST,Clomipramine hydrochloride,1754.0,24599.67,23104.03939
2023-08,SOUTH WEST,Dosulepin hydrochloride,3043.0,39795.61,37359.72686
2023-08,SOUTH WEST,Doxepin,181.0,37798.19,35407.913
2023-08,SOUTH WEST,Imipramine hydrochloride,1163.0,6652.17,6266.23384
2023-08,SOUTH WEST,Lofepramine hydrochloride,1182.0,17821.19,16769.79082
2023-08,SOUTH WEST,Mianserin hydrochloride,12.0,1023.99,959.51633
2023-08,SOUTH WEST,Nortriptyline,6400.0,21161.58,20408.74344
2023-08,SOUTH WEST,Trazodone hydrochloride,9154.0,32823.97,31433.17158
2023-08,SOUTH WEST,Trimipramine maleate,137.0,43666.0,40903.69928
2023-08,SOUTH WEST,Isocarboxazid,43.0,11821.59,11075.65499
2023-08,SOUTH WEST,Moclobemide,84.0,1750.87,1645.41713
2023-08,SOUTH WEST,Phenelzine sulfate,39.0,4516.44,4233.07542
2023-08,SOUTH WEST,Tranylcypromine sulfate,45.0,78398.44,73429.18429
2023-08,SOUTH WEST,Citalopram hydrobromide,127688.0,198541.56,188782.61734
2023-08,SOUTH WEST,Fluoxetine hydrochloride,58543.0,176775.92,168839.92688
2023-08,SOUTH WEST,Fluvoxamine maleate,100.0,1967.1,1849.79809
2023-08,SOUTH WEST,Paroxetine hydrochloride,10630.0,32132.01,30726.94987
2023-08,SOUTH WEST,Sertraline hydrochloride,187093.0,331167.68,314887.02518
2023-08,SOUTH WEST,Escitalopram,17376.0,29260.0,27839.62917
2023-08,SOUTH WEST,Citalopram hydrochloride,579.0,8242.44,7726.70228
2023-08,SOUTH WEST,Vortioxetine,1746.0,42243.3,39644.80417
2023-08,SOUTH WEST,Flupentixol hydrochloride,1026.0,3088.53,2980.91725
2023-08,SOUTH WEST,Tryptophan,1.0,112.0,105.01144
2023-08,SOUTH WEST,Reboxetine,213.0,3311.1,3119.32736
2023-08,SOUTH WEST,Venlafaxine,55533.0,390966.67,368729.64889
2023-08,SOUTH WEST,Mirtazapine,110301.0,121432.69,118367.60636
2023-08,SOUTH WEST,Duloxetine hydrochloride,33797.0,116591.93,110417.37453
2023-08,SOUTH WEST,Agomelatine,220.0,5036.23,4726.42968
2023-08,SOUTH WEST,Bupropion hydrochloride,22.0,879.06,824.57428
2023-08,UNIDENTIFIED,Flupentixol hydrochloride,1.0,3.9,3.76513
2023-08,UNIDENTIFIED,Amitriptyline hydrochloride,187.0,274.02,260.47939
2023-08,UNIDENTIFIED,Clomipramine hydrochloride,1.0,1.2,1.23632
2023-08,UNIDENTIFIED,Nortriptyline,15.0,18.1,18.61152
2023-08,UNIDENTIFIED,Trazodone hydrochloride,26.0,99.81,95.01462
2023-08,UNIDENTIFIED,Tranylcypromine sulfate,2.0,3087.42,2891.69783
2023-08,UNIDENTIFIED,Citalopram hydrobromide,194.0,327.92,310.6379
2023-08,UNIDENTIFIED,Fluoxetine hydrochloride,117.0,518.55,494.66734
2023-08,UNIDENTIFIED,Paroxetine hydrochloride,19.0,105.52,99.84959
2023-08,UNIDENTIFIED,Sertraline hydrochloride,362.0,1040.13,987.77707
2023-08,UNIDENTIFIED,Escitalopram,21.0,31.75,30.4622
2023-08,UNIDENTIFIED,Citalopram hydrochloride,2.0,23.7,22.17974
2023-08,UNIDENTIFIED,Vortioxetine,6.0,150.48,141.51376
2023-08,UNIDENTIFIED,Flupentixol hydrochloride,5.0,26.94,25.69396
2023-08,UNIDENTIFIED,Venlafaxine,110.0,847.21,800.83332
2023-08,UNIDENTIFIED,Mirtazapine,184.0,225.39,218.34569
2023-08,UNIDENTIFIED,Duloxetine hydrochloride,70.0,344.59,324.71334
2023-08,UNIDENTIFIED,Agomelatine,1.0,30.44,28.46794
2023-09,EAST OF ENGLAND,Flupentixol hydrochloride,241.0,1414.39,1347.91834
2023-09,EAST OF ENGLAND,Flupentixol decanoate,279.0,3719.86,3487.36412
2023-09,EAST OF ENGLAND,Amitriptyline hydrochloride,165412.0,236476.44,224691.55645
2023-09,EAST OF ENGLAND,Clomipramine hydrochloride,2784.0,33560.8,31472.34915
2023-09,EAST OF ENGLAND,Dosulepin hydrochloride,3458.0,41677.55,39059.71863
2023-09,EAST OF ENGLAND,Doxepin,151.0,32725.29,30604.35632
2023-09,EAST OF ENGLAND,Imipramine hydrochloride,953.0,5112.24,4800.80495
2023-09,EAST OF ENGLAND,Lofepramine hydrochloride,1075.0,15292.08,14372.43496
2023-09,EAST OF ENGLAND,Mianserin hydrochloride,15.0,792.62,741.64444
2023-09,EAST OF ENGLAND,Nortriptyline,9285.0,35138.76,33674.13199
2023-09,EAST OF ENGLAND,Trazodone hydrochloride,7793.0,28956.52,27693.8678
2023-09,EAST OF ENGLAND,Trimipramine maleate,150.0,59981.19,56092.18268
2023-09,EAST OF ENGLAND,Isocarboxazid,18.0,9727.38,9096.83619
2023-09,EAST OF ENGLAND,Moclobemide,82.0,1624.34,1524.88388
2023-09,EAST OF ENGLAND,Phenelzine sulfate,78.0,9891.24,9254.69491
2023-09,EAST OF ENGLAND,Tranylcypromine sulfate,24.0,30100.01,28147.0541
2023-09,EAST OF ENGLAND,Citalopram hydrobromide,165112.0,225505.24,214187.40057
2023-09,EAST OF ENGLAND,Fluoxetine hydrochloride,70988.0,222632.04,211435.64347
2023-09,EAST OF ENGLAND,Fluvoxamine maleate,146.0,3601.3,3376.91843
2023-09,EAST OF ENGLAND,Paroxetine hydrochloride,13680.0,38765.39,36914.46478
2023-09,EAST OF ENGLAND,Sertraline hydrochloride,220850.0,381611.5,361935.5917
2023-09,EAST OF ENGLAND,Escitalopram,17545.0,27808.45,26385.57523
2023-09,EAST OF ENGLAND,Citalopram hydrochloride,807.0,11173.47,10457.92072
2023-09,EAST OF ENGLAND,Vortioxetine,3326.0,83357.01,78074.77613
2023-09,EAST OF ENGLAND,Flupentixol hydrochloride,1446.0,4122.59,3973.67256
2023-09,EAST OF ENGLAND,Tryptophan,5.0,434.0,440.99773
2023-09,EAST OF ENGLAND,Reboxetine,185.0,3497.09,3284.6681
2023-09,EAST OF ENGLAND,Venlafaxine,67900.0,432884.93,407653.69257
2023-09,EAST OF ENGLAND,Mirtazapine,104178.0,110095.66,106980.22183
2023-09,EAST OF ENGLAND,Duloxetine hydrochloride,32087.0,110110.37,103982.06059
2023-09,EAST OF ENGLAND,Agomelatine,141.0,3395.16,3180.01944
2023-09,EAST OF ENGLAND,Bupropion hydrochloride,54.0,4849.85,4538.35321
2023-09,LONDON,Flupentixol hydrochloride,641.0,3033.88,2908.14562
2023-09,LONDON,Flupentixol decanoate,472.0,13498.32,12649.07716
2023-09,LONDON,Amitriptyline hydrochloride,114807.0,146640.06,142359.11275
2023-09,LONDON,Clomipramine hydrochloride,1895.0,25224.53,23681.29302
2023-09,LONDON,Dosulepin hydrochloride,2781.0,30791.68,28955.64984
2023-09,LONDON,Doxepin,160.0,33447.5,31285.22122
2023-09,LONDON,Imipramine hydrochloride,734.0,3022.37,2862.8366
2023-09,LONDON,Lofepramine hydrochloride,1108.0,15749.48,14821.16266
2023-09,LONDON,Mianserin hydrochloride,16.0,1028.65,962.09453
2023-09,LONDON,Nortriptyline,8478.0,27542.46,26605.62799
2023-09,LONDON,Trazodone hydrochloride,5496.0,18415.22,17689.98632
2023-09,LONDON,Trimipramine maleate,252.0,102558.52,95916.24866
2023-09,LONDON,Isocarboxazid,19.0,4129.69,3863.23095
2023-09,LONDON,Moclobemide,70.0,1243.91,1168.65493
2023-09,LONDON,Phenelzine sulfate,40.0,6209.41,5809.74867
2023-09,LONDON,Tranylcypromine sulfate,47.0,79641.95,74475.69882
2023-09,LONDON,Citalopram hydrobromide,103785.0,148838.54,143552.65497
2023-09,LONDON,Fluoxetine hydrochloride,49846.0,156549.49,149982.43642
2023-09,LONDON,Fluvoxamine maleate,259.0,5960.0,5593.53947
2023-09,LONDON,Paroxetine hydrochloride,11461.0,32685.28,31437.49795
2023-09,LONDON,Sertraline hydrochloride,186649.0,347264.5,332728.01036
2023-09,LONDON,Escitalopram,17504.0,34466.87,32809.60076
2023-09,LONDON,Citalopram hydrochloride,382.0,5983.32,5599.77202
2023-09,LONDON,Vortioxetine,2970.0,83462.94,78188.56936
2023-09,LONDON,Flupentixol hydrochloride,843.0,2237.41,2171.66711
2023-09,LONDON,Oxitriptan,2.0,50.22,46.9858
2023-09,LONDON,Tryptophan,8.0,476.0,465.80935
2023-09,LONDON,Reboxetine,134.0,2143.06,2016.24854
2023-09,LONDON,Venlafaxine,43511.0,303186.7,286640.18472
2023-09,LONDON,Mirtazapine,111940.0,108256.54,108136.67435
2023-09,LONDON,Duloxetine hydrochloride,26654.0,78849.72,75364.40415
2023-09,LONDON,Agomelatine,362.0,8299.94,7778.50699
2023-09,LONDON,Bupropion hydrochloride,209.0,21420.13,20264.07031
2023-09,MIDLANDS,Flupentixol hydrochloride,507.0,3441.87,3273.28592
2023-09,MIDLANDS,Flupentixol decanoate,481.0,11466.58,10754.88932
2023-09,MIDLANDS,Amitriptyline hydrochloride,264775.0,396572.52,376474.3672
2023-09,MIDLANDS,Clomipramine hydrochloride,3292.0,47364.63,44392.06428
2023-09,MIDLANDS,Dosulepin hydrochloride,5574.0,73243.86,68635.78446
2023-09,MIDLANDS,Doxepin,214.0,39977.4,37388.63781
2023-09,MIDLANDS,Imipramine hydrochloride,1843.0,10695.1,10040.56793
2023-09,MIDLANDS,Lofepramine hydrochloride,2321.0,40936.37,38432.94535
2023-09,MIDLANDS,Mianserin hydrochloride,9.0,814.1,761.38088
2023-09,MIDLANDS,Nortriptyline,13223.0,52076.59,49962.66965
2023-09,MIDLANDS,Trazodone hydrochloride,12790.0,47234.38,45125.89556
2023-09,MIDLANDS,Trimipramine maleate,162.0,65840.3,61570.87956
2023-09,MIDLANDS,Isocarboxazid,21.0,7398.25,6919.40379
2023-09,MIDLANDS,Moclobemide,111.0,2354.37,2210.26125
2023-09,MIDLANDS,Phenelzine sulfate,55.0,6715.2,6284.0396
2023-09,MIDLANDS,Tranylcypromine sulfate,43.0,46400.99,43392.03626
2023-09,MIDLANDS,Citalopram hydrobromide,224076.0,328775.99,311736.75031
2023-09,MIDLANDS,Fluoxetine hydrochloride,119290.0,360874.67,344422.77822
2023-09,MIDLANDS,Fluvoxamine maleate,259.0,5276.27,4953.54416
2023-09,MIDLANDS,Paroxetine hydrochloride,19787.0,57522.22,54994.62873
2023-09,MIDLANDS,Sertraline hydrochloride,382092.0,647885.94,614343.67863
2023-09,MIDLANDS,Escitalopram,26280.0,42979.94,40748.97214
2023-09,MIDLANDS,Citalopram hydrochloride,1273.0,17677.35,16545.45076
2023-09,MIDLANDS,Vortioxetine,5124.0,124897.41,116998.86843
2023-09,MIDLANDS,Flupentixol hydrochloride,2314.0,6908.99,6673.73759
2023-09,MIDLANDS,Oxitriptan,1.0,33.48,31.31973
2023-09,MIDLANDS,Tryptophan,9.0,728.0,708.24591
2023-09,MIDLANDS,Reboxetine,303.0,5071.43,4767.18191
2023-09,MIDLANDS,Venlafaxine,90357.0,677393.77,637682.85671
2023-09,MIDLANDS,Mirtazapine,183245.0,205623.91,198750.01235
2023-09,MIDLANDS,Duloxetine hydrochloride,62512.0,221949.24,209352.06316
2023-09,MIDLANDS,Agomelatine,273.0,6934.82,6494.51036
2023-09,MIDLANDS,Bupropion hydrochloride,46.0,1633.53,1535.98827
2023-09,NORTH EAST AND YORKSHIRE,Flupentixol hydrochloride,740.0,3447.34,3305.61497
2023-09,NORTH EAST AND YORKSHIRE,Flupentixol decanoate,489.0,9221.04,8650.55196
2023-09,NORTH EAST AND YORKSHIRE,Amitriptyline hydrochloride,268921.0,364191.7,349593.63556
2023-09,NORTH EAST AND YORKSHIRE,Clomipramine hydrochloride,3337.0,39883.3,37453.81669
2023-09,NORTH EAST AND YORKSHIRE,Dosulepin hydrochloride,4463.0,50308.51,47223.73214
2023-09,NORTH EAST AND YORKSHIRE,Doxepin,308.0,58119.78,54360.30098
2023-09,NORTH EAST AND YORKSHIRE,Imipramine hydrochloride,1592.0,7190.03,6784.04461
2023-09,NORTH EAST AND YORKSHIRE,Lofepramine hydrochloride,2715.0,37300.92,35094.72824
2023-09,NORTH EAST AND YORKSHIRE,Mianserin hydrochloride,12.0,711.05,665.03067
2023-09,NORTH EAST AND YORKSHIRE,Nortriptyline,12934.0,36729.06,35647.03251
2023-09,NORTH EAST AND YORKSHIRE,Trazodone hydrochloride,40243.0,97246.16,94381.18501
2023-09,NORTH EAST AND YORKSHIRE,Trimipramine maleate,222.0,60905.36,56966.25782
2023-09,NORTH EAST AND YORKSHIRE,Isocarboxazid,7.0,2740.13,2562.99711
2023-09,NORTH EAST AND YORKSHIRE,Moclobemide,125.0,2040.98,1919.64422
2023-09,NORTH EAST AND YORKSHIRE,Phenelzine sulfate,61.0,8905.07,8332.69801
2023-09,NORTH EAST AND YORKSHIRE,Tranylcypromine sulfate,37.0,41272.7,38596.0703
2023-09,NORTH EAST AND YORKSHIRE,Citalopram hydrobromide,193737.0,258729.72,247805.13848
2023-09,NORTH EAST AND YORKSHIRE,Fluoxetine hydrochloride,142182.0,355742.35,342921.372
2023-09,NORTH EAST AND YORKSHIRE,Fluvoxamine maleate,271.0,5151.73,4840.09621
2023-09,NORTH EAST AND YORKSHIRE,Paroxetine hydrochloride,19038.0,45287.92,43706.38428
2023-09,NORTH EAST AND YORKSHIRE,Sertraline hydrochloride,371829.0,549019.35,526115.75303
2023-09,NORTH EAST AND YORKSHIRE,Escitalopram,19397.0,28546.3,27357.45805
2023-09,NORTH EAST AND YORKSHIRE,Citalopram hydrochloride,843.0,12065.76,11292.90127
2023-09,NORTH EAST AND YORKSHIRE,Vortioxetine,4349.0,81053.28,76083.15792
2023-09,NORTH EAST AND YORKSHIRE,Flupentixol hydrochloride,2164.0,5429.57,5288.6831
2023-09,NORTH EAST AND YORKSHIRE,Oxitriptan,1.0,19.75,18.58073
2023-09,NORTH EAST AND YORKSHIRE,Tryptophan,9.0,196.0,204.29225
2023-09,NORTH EAST AND YORKSHIRE,Reboxetine,447.0,5925.89,5586.12566
2023-09,NORTH EAST AND YORKSHIRE,Venlafaxine,76563.0,494311.07,467533.94438
2023-09,NORTH EAST AND YORKSHIRE,Mirtazapine,210710.0,196498.62,194993.12094
2023-09,NORTH EAST AND YORKSHIRE,Duloxetine hydrochloride,79103.0,230992.34,219824.68614
2023-09,NORTH EAST AND YORKSHIRE,Agomelatine,406.0,5135.37,4835.6463
2023-09,NORTH EAST AND YORKSHIRE,Bupropion hydrochloride,40.0,1899.21,1823.3203
2023-09,NORTH WEST,Flupentixol hydrochloride,422.0,2420.21,2310.28386
2023-09,NORTH WEST,Flupentixol decanoate,420.0,9440.61,8863.9797
2023-09,NORTH WEST,Amitriptyline hydrochloride,176415.0,253463.53,241549.54804
2023-09,NORTH WEST,Clomipramine hydrochloride,2861.0,39484.92,37017.38027
2023-09,NORTH WEST,Dosulepin hydrochloride,4177.0,53073.13,49752.42983
2023-09,NORTH WEST,Doxepin,166.0,38446.54,35955.19999
2023-09,NORTH WEST,Imipramine hydrochloride,902.0,4344.8,4091.89592
2023-09,NORTH WEST,Lofepramine hydrochloride,1176.0,18600.12,17480.44347
2023-09,NORTH WEST,Mianserin hydrochloride,7.0,490.8,459.13651
2023-09,NORTH WEST,Nortriptyline,12885.0,49109.39,47273.01814
2023-09,NORTH WEST,Trazodone hydrochloride,16538.0,65180.04,62344.10126
2023-09,NORTH WEST,Trimipramine maleate,113.0,40000.63,37407.7931
2023-09,NORTH WEST,Isocarboxazid,2.0,2740.1,2562.30705
2023-09,NORTH WEST,Moclobemide,67.0,1327.4,1247.18967
2023-09,NORTH WEST,Phenelzine sulfate,28.0,3820.8,3575.39781
2023-09,NORTH WEST,Tranylcypromine sulfate,18.0,30247.01,28284.65259
2023-09,NORTH WEST,Citalopram hydrobromide,151110.0,212136.89,201661.46818
2023-09,NORTH WEST,Fluoxetine hydrochloride,90466.0,256010.25,246588.10407
2023-09,NORTH WEST,Fluvoxamine maleate,185.0,3927.92,3689.31292
2023-09,NORTH WEST,Paroxetine hydrochloride,16618.0,44138.74,42609.10081
2023-09,NORTH WEST,Sertraline hydrochloride,305487.0,476038.05,453505.6916
2023-09,NORTH WEST,Escitalopram,19963.0,31716.96,30196.11322
2023-09,NORTH WEST,Citalopram hydrochloride,702.0,10011.48,9371.98289
2023-09,NORTH WEST,Vortioxetine,4284.0,96250.77,90217.40911
2023-09,NORTH WEST,Flupentixol hydrochloride,1312.0,3948.88,3822.38785
2023-09,NORTH WEST,Tryptophan,10.0,2002.0,1872.70497
2023-09,NORTH WEST,Reboxetine,264.0,3969.13,3736.90358
2023-09,NORTH WEST,Venlafaxine,75788.0,500921.58,472774.98232
2023-09,NORTH WEST,Mirtazapine,181021.0,182536.68,178514.50233
2023-09,NORTH WEST,Duloxetine hydrochloride,53418.0,182951.99,172909.85751
2023-09,NORTH WEST,Agomelatine,158.0,2843.36,2667.62591
2023-09,NORTH WEST,Bupropion hydrochloride,42.0,1751.15,1640.11817
2023-09,SOUTH EAST,Flupentixol hydrochloride,254.0,1701.95,1619.43961
2023-09,SOUTH EAST,Flupentixol decanoate,435.0,6713.62,6296.45965
2023-09,SOUTH EAST,Amitriptyline hydrochloride,161919.0,271362.2,257707.72552
2023-09,SOUTH EAST,Clomipramine hydrochloride,2548.0,37587.97,35231.73591
2023-09,SOUTH EAST,Dosulepin hydrochloride,4356.0,59477.96,55747.2127
2023-09,SOUTH EAST,Doxepin,151.0,38253.45,35794.69251
2023-09,SOUTH EAST,Imipramine hydrochloride,1528.0,10403.62,9769.72702
2023-09,SOUTH EAST,Lofepramine hydrochloride,1047.0,19207.9,18030.06102
2023-09,SOUTH EAST,Mianserin hydrochloride,16.0,864.95,809.01779
2023-09,SOUTH EAST,Nortriptyline,10578.0,46969.63,44880.82619
2023-09,SOUTH EAST,Trazodone hydrochloride,14277.0,50966.02,48765.66725
2023-09,SOUTH EAST,Trimipramine maleate,245.0,110566.64,103399.29874
2023-09,SOUTH EAST,Isocarboxazid,14.0,7569.54,7078.99118
2023-09,SOUTH EAST,Moclobemide,121.0,2781.97,2609.36115
2023-09,SOUTH EAST,Phenelzine sulfate,77.0,10854.0,10156.96373
2023-09,SOUTH EAST,Tranylcypromine sulfate,76.0,127603.47,119324.73388
2023-09,SOUTH EAST,Citalopram hydrobromide,159090.0,259288.16,245979.32922
2023-09,SOUTH EAST,Fluoxetine hydrochloride,78386.0,266364.56,253745.74935
2023-09,SOUTH EAST,Fluvoxamine maleate,173.0,3917.92,3676.75109
2023-09,SOUTH EAST,Paroxetine hydrochloride,13738.0,44692.2,42654.21347
2023-09,SOUTH EAST,Sertraline hydrochloride,265862.0,525720.88,498171.44813
2023-09,SOUTH EAST,Escitalopram,31213.0,55892.23,53009.00484
2023-09,SOUTH EAST,Citalopram hydrochloride,1080.0,15546.81,14551.0136
2023-09,SOUTH EAST,Vortioxetine,6268.0,166422.96,155882.57641
2023-09,SOUTH EAST,Flupentixol hydrochloride,1089.0,3601.4,3458.84468
2023-09,SOUTH EAST,Tryptophan,5.0,602.0,598.09544
2023-09,SOUTH EAST,Reboxetine,226.0,4187.61,3934.69789
2023-09,SOUTH EAST,Venlafaxine,67468.0,553339.68,520836.61019
2023-09,SOUTH EAST,Mirtazapine,131141.0,155381.1,150551.82827
2023-09,SOUTH EAST,Duloxetine hydrochloride,41767.0,164087.65,154851.9356
2023-09,SOUTH EAST,Agomelatine,760.0,16365.98,15337.23014
2023-09,SOUTH EAST,Bupropion hydrochloride,80.0,14175.62,13259.99049
2023-09,SOUTH WEST,Flupentixol hydrochloride,333.0,2035.27,1938.78454
2023-09,SOUTH WEST,Flupentixol decanoate,334.0,5327.67,4990.38552
2023-09,SOUTH WEST,Amitriptyline hydrochloride,144021.0,232463.52,220842.14093
2023-09,SOUTH WEST,Clomipramine hydrochloride,1743.0,25527.34,23934.00326
2023-09,SOUTH WEST,Dosulepin hydrochloride,2909.0,39554.8,37069.82428
2023-09,SOUTH WEST,Doxepin,186.0,34706.44,32461.11156
2023-09,SOUTH WEST,Imipramine hydrochloride,1067.0,4204.51,3962.66574
2023-09,SOUTH WEST,Lofepramine hydrochloride,1100.0,18504.18,17374.4442
2023-09,SOUTH WEST,Mianserin hydrochloride,7.0,399.91,374.14479
2023-09,SOUTH WEST,Nortriptyline,6289.0,19506.91,18820.30357
2023-09,SOUTH WEST,Trazodone hydrochloride,8880.0,29453.84,28210.59694
2023-09,SOUTH WEST,Trimipramine maleate,111.0,40558.88,37929.63049
2023-09,SOUTH WEST,Isocarboxazid,39.0,10157.95,9502.00012
2023-09,SOUTH WEST,Moclobemide,89.0,2072.23,1943.533
2023-09,SOUTH WEST,Phenelzine sulfate,41.0,5129.64,4799.83832
2023-09,SOUTH WEST,Tranylcypromine sulfate,43.0,67881.23,63477.48706
2023-09,SOUTH WEST,Citalopram hydrobromide,124025.0,193719.62,183854.78478
2023-09,SOUTH WEST,Fluoxetine hydrochloride,57175.0,172403.35,164408.3038
2023-09,SOUTH WEST,Fluvoxamine maleate,125.0,3068.9,2878.14514
2023-09,SOUTH WEST,Paroxetine hydrochloride,10205.0,31299.59,29866.52858
2023-09,SOUTH WEST,Sertraline hydrochloride,183442.0,330856.71,313958.42072
2023-09,SOUTH WEST,Escitalopram,17291.0,28845.07,27403.7985
2023-09,SOUTH WEST,Citalopram hydrochloride,585.0,8538.15,7991.05184
2023-09,SOUTH WEST,Vortioxetine,1718.0,43355.07,40656.9322
2023-09,SOUTH WEST,Flupentixol hydrochloride,892.0,2843.56,2734.50927
2023-09,SOUTH WEST,Tryptophan,2.0,154.0,144.13103
2023-09,SOUTH WEST,Reboxetine,222.0,3846.62,3616.21228
2023-09,SOUTH WEST,Venlafaxine,53972.0,379007.34,356873.70529
2023-09,SOUTH WEST,Mirtazapine,106562.0,117970.8,114690.72287
2023-09,SOUTH WEST,Duloxetine hydrochloride,33391.0,116023.36,109683.99613
2023-09,SOUTH WEST,Agomelatine,201.0,4420.42,4141.85155
2023-09,SOUTH WEST,Bupropion hydrochloride,31.0,6026.19,5636.59468
2023-09,UNIDENTIFIED,Flupentixol hydrochloride,3.0,35.09,33.15004
2023-09,UNIDENTIFIED,Flupentixol decanoate,1.0,15.17,14.19795
2023-09,UNIDENTIFIED,Amitriptyline hydrochloride,248.0,327.0,310.99167
2023-09,UNIDENTIFIED,Clomipramine hydrochloride,3.0,22.18,20.87784
2023-09,UNIDENTIFIED,Dosulepin hydrochloride,1.0,5.1,4.78144
2023-09,UNIDENTIFIED,Doxepin,1.0,24.25,22.78871
2023-09,UNIDENTIFIED,Lofepramine hydrochloride,1.0,10.88,10.28635
2023-09,UNIDENTIFIED,Nortriptyline,14.0,17.79,18.22043
2023-09,UNIDENTIFIED,Trazodone hydrochloride,27.0,121.18,115.1115
2023-09,UNIDENTIFIED,Citalopram hydrobromide,219.0,369.51,349.4537
2023-09,UNIDENTIFIED,Fluoxetine hydrochloride,135.0,504.81,483.04662
2023-09,UNIDENTIFIED,Paroxetine hydrochloride,10.0,23.32,22.34855
2023-09,UNIDENTIFIED,Sertraline hydrochloride,365.0,1085.4,1028.35113
2023-09,UNIDENTIFIED,Escitalopram,28.0,42.55,40.72191
2023-09,UNIDENTIFIED,Citalopram hydrochloride,2.0,23.7,22.19589
2023-09,UNIDENTIFIED,Vortioxetine,9.0,194.04,182.15944
2023-09,UNIDENTIFIED,Flupentixol hydrochloride,4.0,18.47,17.63343
2023-09,UNIDENTIFIED,Venlafaxine,123.0,685.78,652.37291
2023-09,UNIDENTIFIED,Mirtazapine,229.0,290.88,280.62113
2023-09,UNIDENTIFIED,Duloxetine hydrochloride,69.0,250.49,237.04408
2023-09,UNIDENTIFIED,Agomelatine,4.0,121.52,113.77689
2023-09,UNIDENTIFIED,Bupropion hydrochloride,1.0,1472.94,1377.36652
2023-10,EAST OF ENGLAND,Flupentixol hydrochloride,255.0,1330.72,1273.40271
2023-10,EAST OF ENGLAND,Flupentixol decanoate,293.0,4654.03,4368.9378
2023-10,EAST OF ENGLAND,Amitriptyline hydrochloride,168979.0,219720.97,209474.27191
2023-10,EAST OF ENGLAND,Clomipramine hydrochloride,2852.0,34682.63,32583.0991
2023-10,EAST OF ENGLAND,Dosulepin hydrochloride,3559.0,44525.2,41795.10718
2023-10,EAST OF ENGLAND,Doxepin,147.0,34444.0,32266.57913
2023-10,EAST OF ENGLAND,Imipramine hydrochloride,1037.0,6053.87,5692.82176
2023-10,EAST OF ENGLAND,Lofepramine hydrochloride,1155.0,16631.15,15658.07158
2023-10,EAST OF ENGLAND,Mianserin hydrochloride,9.0,460.64,431.79875
2023-10,EAST OF ENGLAND,Nortriptyline,9604.0,37133.73,35637.61843
2023-10,EAST OF ENGLAND,Trazodone hydrochloride,7973.0,29304.08,28078.64671
2023-10,EAST OF ENGLAND,Trimipramine maleate,151.0,57989.71,54323.14718
2023-10,EAST OF ENGLAND,Isocarboxazid,24.0,12036.87,11276.05668
2023-10,EAST OF ENGLAND,Moclobemide,71.0,1372.51,1290.76536
2023-10,EAST OF ENGLAND,Phenelzine sulfate,77.0,10174.14,9536.14707
2023-10,EAST OF ENGLAND,Tranylcypromine sulfate,26.0,34732.13,32534.38536
2023-10,EAST OF ENGLAND,Citalopram hydrobromide,167999.0,183339.59,175098.46198
2023-10,EAST OF ENGLAND,Fluoxetine hydrochloride,72095.0,193717.57,184788.90223
2023-10,EAST OF ENGLAND,Fluvoxamine maleate,122.0,2858.86,2684.51809
2023-10,EAST OF ENGLAND,Paroxetine hydrochloride,13810.0,37819.56,36104.99462
2023-10,EAST OF ENGLAND,Sertraline hydrochloride,225895.0,370777.0,352545.16504
2023-10,EAST OF ENGLAND,Escitalopram,18284.0,26816.03,25525.05437
2023-10,EAST OF ENGLAND,Citalopram hydrochloride,786.0,14545.39,13634.09624
2023-10,EAST OF ENGLAND,Vortioxetine,3392.0,86491.35,81144.56567
2023-10,EAST OF ENGLAND,Flupentixol hydrochloride,1541.0,4410.01,4260.09243
2023-10,EAST OF ENGLAND,Tryptophan,7.0,532.0,498.61772
2023-10,EAST OF ENGLAND,Reboxetine,182.0,3456.08,3251.71096
2023-10,EAST OF ENGLAND,Venlafaxine,69524.0,446722.58,421373.22639
2023-10,EAST OF ENGLAND,Mirtazapine,106639.0,116443.98,113233.68697
2023-10,EAST OF ENGLAND,Duloxetine hydrochloride,32436.0,106326.72,100616.28643
2023-10,EAST OF ENGLAND,Agomelatine,129.0,2965.92,2783.26466
2023-10,EAST OF ENGLAND,Bupropion hydrochloride,87.0,20115.67,18847.33647
2023-10,LONDON,Flupentixol hydrochloride,625.0,2876.0,2763.43477
2023-10,LONDON,Flupentixol decanoate,502.0,14604.32,13707.48169
2023-10,LONDON,Amitriptyline hydrochloride,118186.0,136403.65,133243.08683
2023-10,LONDON,Clomipramine hydrochloride,1828.0,24026.36,22595.97074
2023-10,LONDON,Dosulepin hydrochloride,2786.0,31664.8,29822.95352
2023-10,LONDON,Doxepin,156.0,32861.75,30789.23897
2023-10,LONDON,Imipramine hydrochloride,840.0,3220.37,3062.5758
2023-10,LONDON,Lofepramine hydrochloride,1112.0,13798.59,13021.79641
2023-10,LONDON,Mianserin hydrochloride,12.0,991.89,929.26435
2023-10,LONDON,Nortriptyline,8648.0,27984.98,27082.30774
2023-10,LONDON,Trazodone hydrochloride,5596.0,19479.27,18725.56234
2023-10,LONDON,Trimipramine maleate,276.0,114091.11,106883.06565
2023-10,LONDON,Isocarboxazid,20.0,5773.75,5410.1905
2023-10,LONDON,Moclobemide,69.0,1243.51,1169.86668
2023-10,LONDON,Phenelzine sulfate,63.0,9983.9,9357.32296
2023-10,LONDON,Tranylcypromine sulfate,53.0,80710.85,75605.00125
2023-10,LONDON,Citalopram hydrobromide,104959.0,119956.56,116839.73561
2023-10,LONDON,Fluoxetine hydrochloride,50301.0,135627.73,130685.32165
2023-10,LONDON,Fluvoxamine maleate,276.0,6414.29,6028.16665
2023-10,LONDON,Paroxetine hydrochloride,11330.0,30235.73,29196.47101
2023-10,LONDON,Sertraline hydrochloride,190401.0,332719.41,319947.10354
2023-10,LONDON,Escitalopram,17550.0,31724.32,30307.65888
2023-10,LONDON,Citalopram hydrochloride,406.0,7976.99,7477.17927
2023-10,LONDON,Vortioxetine,3026.0,86270.58,80950.83175
2023-10,LONDON,Flupentixol hydrochloride,857.0,2226.99,2167.67533
2023-10,LONDON,Oxitriptan,2.0,87.61,82.19017
2023-10,LONDON,Tryptophan,12.0,1024.0,980.14219
2023-10,LONDON,Reboxetine,126.0,2291.54,2156.67603
2023-10,LONDON,Venlafaxine,44460.0,305222.67,289133.9482
2023-10,LONDON,Mirtazapine,114510.0,113452.59,113417.56009
2023-10,LONDON,Duloxetine hydrochloride,27125.0,75896.2,72767.15429
2023-10,LONDON,Agomelatine,364.0,9214.72,8647.15525
2023-10,LONDON,Bupropion hydrochloride,245.0,34927.8,32785.13674
2023-10,MIDLANDS,Flupentixol hydrochloride,462.0,2980.87,2841.93511
2023-10,MIDLANDS,Flupentixol decanoate,474.0,11867.57,11150.36163
2023-10,MIDLANDS,Amitriptyline hydrochloride,269264.0,362814.07,345587.14584
2023-10,MIDLANDS,Clomipramine hydrochloride,3384.0,47947.43,45014.36694
2023-10,MIDLANDS,Dosulepin hydrochloride,5575.0,74155.62,69606.19095
2023-10,MIDLANDS,Doxepin,246.0,43692.58,40934.55349
2023-10,MIDLANDS,Imipramine hydrochloride,1888.0,9894.42,9307.85251
2023-10,MIDLANDS,Lofepramine hydrochloride,2338.0,40034.43,37657.95974
2023-10,MIDLANDS,Mianserin hydrochloride,9.0,1045.31,979.3663
2023-10,MIDLANDS,Nortriptyline,13249.0,45417.56,43812.5343
2023-10,MIDLANDS,Trazodone hydrochloride,12822.0,44225.21,42384.01207
2023-10,MIDLANDS,Trimipramine maleate,172.0,71305.52,66796.82831
2023-10,MIDLANDS,Isocarboxazid,22.0,10275.38,9626.14739
2023-10,MIDLANDS,Moclobemide,124.0,2647.26,2489.15938
2023-10,MIDLANDS,Phenelzine sulfate,56.0,6242.4,5852.67756
2023-10,MIDLANDS,Tranylcypromine sulfate,51.0,50004.61,46843.05206
2023-10,MIDLANDS,Citalopram hydrobromide,224821.0,262421.56,250116.17698
2023-10,MIDLANDS,Fluoxetine hydrochloride,120693.0,310931.61,298292.86504
2023-10,MIDLANDS,Fluvoxamine maleate,296.0,6395.78,6013.66529
2023-10,MIDLANDS,Paroxetine hydrochloride,20402.0,57255.19,54883.77738
2023-10,MIDLANDS,Sertraline hydrochloride,388322.0,618205.28,587792.58168
2023-10,MIDLANDS,Escitalopram,26730.0,40319.5,38335.15323
2023-10,MIDLANDS,Citalopram hydrochloride,1256.0,23346.49,21883.96113
2023-10,MIDLANDS,Vortioxetine,5160.0,125934.93,118175.67663
2023-10,MIDLANDS,Flupentixol hydrochloride,2289.0,7010.56,6775.97147
2023-10,MIDLANDS,Oxitriptan,3.0,80.36,75.5114
2023-10,MIDLANDS,Tryptophan,9.0,1389.18,1301.83637
2023-10,MIDLANDS,Reboxetine,299.0,5371.47,5054.13343
2023-10,MIDLANDS,Venlafaxine,92152.0,690892.41,651506.93604
2023-10,MIDLANDS,Mirtazapine,186400.0,214809.63,207908.30241
2023-10,MIDLANDS,Duloxetine hydrochloride,64372.0,214630.26,202926.82946
2023-10,MIDLANDS,Agomelatine,288.0,7409.03,6948.90168
2023-10,MIDLANDS,Bupropion hydrochloride,49.0,4410.34,4133.8271
2023-10,NORTH EAST AND YORKSHIRE,Flupentixol hydrochloride,766.0,3415.01,3283.76898
2023-10,NORTH EAST AND YORKSHIRE,Flupentixol decanoate,476.0,8423.91,7913.95507
2023-10,NORTH EAST AND YORKSHIRE,Amitriptyline hydrochloride,275318.0,341024.61,328624.10286
2023-10,NORTH EAST AND YORKSHIRE,Clomipramine hydrochloride,3348.0,39112.44,36796.79039
2023-10,NORTH EAST AND YORKSHIRE,Dosulepin hydrochloride,4396.0,50808.83,47773.33698
2023-10,NORTH EAST AND YORKSHIRE,Doxepin,321.0,57896.75,54244.81466
2023-10,NORTH EAST AND YORKSHIRE,Imipramine hydrochloride,1565.0,7301.73,6897.36745
2023-10,NORTH EAST AND YORKSHIRE,Lofepramine hydrochloride,2672.0,37224.6,35083.90313
2023-10,NORTH EAST AND YORKSHIRE,Mianserin hydrochloride,11.0,719.13,673.7047
2023-10,NORTH EAST AND YORKSHIRE,Nortriptyline,13378.0,36513.13,35545.94748
2023-10,NORTH EAST AND YORKSHIRE,Trazodone hydrochloride,39945.0,95360.12,92735.17497
2023-10,NORTH EAST AND YORKSHIRE,Trimipramine maleate,241.0,75487.31,70722.95353
2023-10,NORTH EAST AND YORKSHIRE,Isocarboxazid,3.0,959.05,898.69111
2023-10,NORTH EAST AND YORKSHIRE,Moclobemide,115.0,1948.77,1834.63799
2023-10,NORTH EAST AND YORKSHIRE,Phenelzine sulfate,72.0,15275.59,14315.18833
2023-10,NORTH EAST AND YORKSHIRE,Tranylcypromine sulfate,34.0,44361.57,41555.33646
2023-10,NORTH EAST AND YORKSHIRE,Citalopram hydrobromide,196565.0,209339.05,202033.06388
2023-10,NORTH EAST AND YORKSHIRE,Fluoxetine hydrochloride,144985.0,309951.52,300794.07343
2023-10,NORTH EAST AND YORKSHIRE,Fluvoxamine maleate,284.0,5366.04,5049.99519
2023-10,NORTH EAST AND YORKSHIRE,Paroxetine hydrochloride,19207.0,45406.75,43894.75
2023-10,NORTH EAST AND YORKSHIRE,Sertraline hydrochloride,378657.0,524030.44,503840.41198
2023-10,NORTH EAST AND YORKSHIRE,Escitalopram,19945.0,27648.0,26583.1883
2023-10,NORTH EAST AND YORKSHIRE,Citalopram hydrochloride,887.0,16445.26,15415.2037
2023-10,NORTH EAST AND YORKSHIRE,Vortioxetine,4335.0,84617.28,79537.98381
2023-10,NORTH EAST AND YORKSHIRE,Flupentixol hydrochloride,2221.0,5799.78,5648.59362
2023-10,NORTH EAST AND YORKSHIRE,Tryptophan,13.0,476.0,467.13626
2023-10,NORTH EAST AND YORKSHIRE,Reboxetine,449.0,6054.51,5715.8276
2023-10,NORTH EAST AND YORKSHIRE,Venlafaxine,78149.0,506298.39,479703.66189
2023-10,NORTH EAST AND YORKSHIRE,Mirtazapine,215297.0,205790.99,204198.63343
2023-10,NORTH EAST AND YORKSHIRE,Duloxetine hydrochloride,80925.0,225632.5,215236.19384
2023-10,NORTH EAST AND YORKSHIRE,Agomelatine,422.0,5225.05,4929.97677
2023-10,NORTH EAST AND YORKSHIRE,Bupropion hydrochloride,61.0,3448.54,3334.14605
2023-10,NORTH WEST,Flupentixol hydrochloride,443.0,2670.86,2551.2962
2023-10,NORTH WEST,Flupentixol decanoate,419.0,9687.16,9109.67132
2023-10,NORTH WEST,Amitriptyline hydrochloride,179379.0,234463.31,224232.25498
2023-10,NORTH WEST,Clomipramine hydrochloride,2868.0,39184.62,36802.09219
2023-10,NORTH WEST,Dosulepin hydrochloride,4180.0,53929.79,50646.38273
2023-10,NORTH WEST,Doxepin,164.0,34329.94,32161.1849
2023-10,NORTH WEST,Imipramine hydrochloride,965.0,4644.09,4381.06806
2023-10,NORTH WEST,Lofepramine hydrochloride,1173.0,19072.29,17954.68115
2023-10,NORTH WEST,Mianserin hydrochloride,10.0,589.53,552.44399
2023-10,NORTH WEST,Nortriptyline,12978.0,48367.85,46663.61022
2023-10,NORTH WEST,Trazodone hydrochloride,17060.0,69068.71,66146.51323
2023-10,NORTH WEST,Trimipramine maleate,99.0,38116.52,35706.61498
2023-10,NORTH WEST,Moclobemide,73.0,1614.04,1518.29634
2023-10,NORTH WEST,Phenelzine sulfate,33.0,4393.2,4118.47359
2023-10,NORTH WEST,Tranylcypromine sulfate,14.0,23393.66,21913.6021
2023-10,NORTH WEST,Citalopram hydrobromide,153129.0,171911.38,164381.66292
2023-10,NORTH WEST,Fluoxetine hydrochloride,91476.0,220419.77,213760.55617
2023-10,NORTH WEST,Fluvoxamine maleate,205.0,4127.72,3884.52808
2023-10,NORTH WEST,Paroxetine hydrochloride,16816.0,43083.01,41705.13138
2023-10,NORTH WEST,Sertraline hydrochloride,311159.0,454859.38,434617.72518
2023-10,NORTH WEST,Escitalopram,20402.0,30273.74,28902.70095
2023-10,NORTH WEST,Citalopram hydrochloride,749.0,14169.14,13282.39597
2023-10,NORTH WEST,Vortioxetine,4208.0,95227.11,89410.86203
2023-10,NORTH WEST,Flupentixol hydrochloride,1385.0,4061.28,3939.79314
2023-10,NORTH WEST,Tryptophan,6.0,560.0,525.03328
2023-10,NORTH WEST,Reboxetine,253.0,4030.86,3799.76826
2023-10,NORTH WEST,Venlafaxine,77396.0,521072.42,492589.18232
2023-10,NORTH WEST,Mirtazapine,185031.0,190835.21,186752.56535
2023-10,NORTH WEST,Duloxetine hydrochloride,54677.0,177970.43,168576.53616
2023-10,NORTH WEST,Agomelatine,176.0,3099.0,2912.82914
2023-10,NORTH WEST,Bupropion hydrochloride,62.0,6053.58,5674.31897
2023-10,SOUTH EAST,Flupentixol hydrochloride,250.0,1707.79,1626.97078
2023-10,SOUTH EAST,Flupentixol decanoate,468.0,8364.76,7853.5393
2023-10,SOUTH EAST,Amitriptyline hydrochloride,164663.0,247834.26,236192.83681
2023-10,SOUTH EAST,Clomipramine hydrochloride,2585.0,36948.71,34696.02826
2023-10,SOUTH EAST,Dosulepin hydrochloride,4308.0,59863.57,56205.38441
2023-10,SOUTH EAST,Doxepin,170.0,42302.57,39631.23289
2023-10,SOUTH EAST,Imipramine hydrochloride,1572.0,12854.51,12085.40435
2023-10,SOUTH EAST,Lofepramine hydrochloride,1110.0,19093.62,17955.42211
2023-10,SOUTH EAST,Mianserin hydrochloride,12.0,898.62,841.89719
2023-10,SOUTH EAST,Nortriptyline,10841.0,48881.87,46780.60851
2023-10,SOUTH EAST,Trazodone hydrochloride,14648.0,52553.03,50362.94497
2023-10,SOUTH EAST,Trimipramine maleate,255.0,118520.19,111025.57966
2023-10,SOUTH EAST,Isocarboxazid,11.0,5181.74,4854.63586
2023-10,SOUTH EAST,Moclobemide,110.0,2360.32,2218.34271
2023-10,SOUTH EAST,Phenelzine sulfate,96.0,13584.0,12732.56526
2023-10,SOUTH EAST,Tranylcypromine sulfate,96.0,154365.03,144598.59672
2023-10,SOUTH EAST,Citalopram hydrobromide,160193.0,207389.62,197856.14843
2023-10,SOUTH EAST,Fluoxetine hydrochloride,78898.0,229407.68,219561.08736
2023-10,SOUTH EAST,Fluvoxamine maleate,194.0,4695.97,4411.69159
2023-10,SOUTH EAST,Paroxetine hydrochloride,13902.0,42692.52,40871.79063
2023-10,SOUTH EAST,Sertraline hydrochloride,269863.0,498762.81,473954.04794
2023-10,SOUTH EAST,Escitalopram,31433.0,52227.39,49670.18914
2023-10,SOUTH EAST,Citalopram hydrochloride,1072.0,22397.06,20992.49761
2023-10,SOUTH EAST,Vortioxetine,6404.0,168806.88,158393.96369
2023-10,SOUTH EAST,Flupentixol hydrochloride,1095.0,3641.68,3502.14896
2023-10,SOUTH EAST,Tryptophan,13.0,1836.96,1748.627
2023-10,SOUTH EAST,Reboxetine,222.0,4490.56,4224.04188
2023-10,SOUTH EAST,Venlafaxine,69013.0,562199.76,530115.49766
2023-10,SOUTH EAST,Mirtazapine,134110.0,164078.22,159067.07188
2023-10,SOUTH EAST,Duloxetine hydrochloride,42373.0,157010.11,148510.81969
2023-10,SOUTH EAST,Agomelatine,721.0,16625.66,15602.3667
2023-10,SOUTH EAST,Bupropion hydrochloride,112.0,23823.51,22345.25044
2023-10,SOUTH WEST,Flupentixol hydrochloride,309.0,1918.97,1830.20564
2023-10,SOUTH WEST,Flupentixol decanoate,347.0,4890.41,4588.48585
2023-10,SOUTH WEST,Amitriptyline hydrochloride,147838.0,215111.93,205106.8318
2023-10,SOUTH WEST,Clomipramine hydrochloride,1720.0,23644.02,22211.05777
2023-10,SOUTH WEST,Dosulepin hydrochloride,2876.0,38662.37,36300.97605
2023-10,SOUTH WEST,Doxepin,173.0,35963.44,33694.57963
2023-10,SOUTH WEST,Imipramine hydrochloride,1141.0,6382.09,6010.96581
2023-10,SOUTH WEST,Lofepramine hydrochloride,1165.0,18395.68,17311.33773
2023-10,SOUTH WEST,Mianserin hydrochloride,11.0,794.22,744.29203
2023-10,SOUTH WEST,Nortriptyline,6420.0,20665.92,19946.09998
2023-10,SOUTH WEST,Trazodone hydrochloride,9013.0,30537.39,29279.70655
2023-10,SOUTH WEST,Trimipramine maleate,134.0,46553.61,43612.80114
2023-10,SOUTH WEST,Isocarboxazid,37.0,8827.05,8271.71529
2023-10,SOUTH WEST,Moclobemide,90.0,2014.5,1892.61127
2023-10,SOUTH WEST,Phenelzine sulfate,46.0,6602.88,6188.54519
2023-10,SOUTH WEST,Tranylcypromine sulfate,47.0,86738.43,81250.17307
2023-10,SOUTH WEST,Citalopram hydrobromide,125368.0,154861.74,147856.13083
2023-10,SOUTH WEST,Fluoxetine hydrochloride,58285.0,149657.76,143444.15966
2023-10,SOUTH WEST,Fluvoxamine maleate,127.0,2958.88,2779.89482
2023-10,SOUTH WEST,Paroxetine hydrochloride,10397.0,32215.1,30791.78909
2023-10,SOUTH WEST,Sertraline hydrochloride,187155.0,316104.59,300860.68149
2023-10,SOUTH WEST,Escitalopram,17646.0,27673.93,26354.93758
2023-10,SOUTH WEST,Citalopram hydrochloride,601.0,10990.7,10302.26642
2023-10,SOUTH WEST,Vortioxetine,1805.0,45603.36,42802.69696
2023-10,SOUTH WEST,Flupentixol hydrochloride,914.0,2946.36,2835.29487
2023-10,SOUTH WEST,Reboxetine,234.0,3467.12,3267.52271
2023-10,SOUTH WEST,Venlafaxine,55467.0,393533.57,371171.42781
2023-10,SOUTH WEST,Mirtazapine,109121.0,123393.67,120104.2592
2023-10,SOUTH WEST,Duloxetine hydrochloride,34111.0,113703.94,107730.84325
2023-10,SOUTH WEST,Agomelatine,216.0,4946.29,4642.56795
2023-10,SOUTH WEST,Bupropion hydrochloride,44.0,3932.16,3685.63564
2023-10,UNIDENTIFIED,Amitriptyline hydrochloride,138.0,157.25,150.28855
2023-10,UNIDENTIFIED,Clomipramine hydrochloride,5.0,99.21,93.09323
2023-10,UNIDENTIFIED,Dosulepin hydrochloride,1.0,2.97,2.79444
2023-10,UNIDENTIFIED,Nortriptyline,8.0,11.46,11.65455
2023-10,UNIDENTIFIED,Trazodone hydrochloride,20.0,53.75,51.88616
2023-10,UNIDENTIFIED,Citalopram hydrobromide,107.0,138.25,131.91682
2023-10,UNIDENTIFIED,Fluoxetine hydrochloride,98.0,311.81,300.9685
2023-10,UNIDENTIFIED,Paroxetine hydrochloride,5.0,60.94,57.25717
2023-10,UNIDENTIFIED,Sertraline hydrochloride,247.0,757.98,720.28951
2023-10,UNIDENTIFIED,Escitalopram,21.0,29.26,28.00116
2023-10,UNIDENTIFIED,Citalopram hydrochloride,1.0,15.61,14.63448
2023-10,UNIDENTIFIED,Vortioxetine,9.0,187.11,175.87983
2023-10,UNIDENTIFIED,Flupentixol hydrochloride,1.0,6.8,6.48204
2023-10,UNIDENTIFIED,Venlafaxine,75.0,436.16,414.10829
2023-10,UNIDENTIFIED,Mirtazapine,131.0,174.18,167.98492
2023-10,UNIDENTIFIED,Duloxetine hydrochloride,56.0,237.91,225.11647
2023-10,UNIDENTIFIED,Agomelatine,2.0,60.64,56.9384
2023-10,UNIDENTIFIED,Bupropion hydrochloride,1.0,9.74,9.23598
2023-11,EAST OF ENGLAND,Flupentixol hydrochloride,253.0,1368.11,1312.09052
2023-11,EAST OF ENGLAND,Flupentixol decanoate,272.0,3541.51,3336.45221
2023-11,EAST OF ENGLAND,Amitriptyline hydrochloride,169704.0,221060.17,211365.6726
2023-11,EAST OF ENGLAND,Clomipramine hydrochloride,2860.0,33916.39,31960.43278
2023-11,EAST OF ENGLAND,Dosulepin hydrochloride,3433.0,42372.31,39898.48845
2023-11,EAST OF ENGLAND,Doxepin,144.0,31587.25,29680.84102
2023-11,EAST OF ENGLAND,Imipramine hydrochloride,947.0,4117.57,3888.56716
2023-11,EAST OF ENGLAND,Lofepramine hydrochloride,1171.0,16492.28,15576.07156
2023-11,EAST OF ENGLAND,Mianserin hydrochloride,13.0,786.44,739.17188
2023-11,EAST OF ENGLAND,Nortriptyline,9591.0,37170.26,35771.51225
2023-11,EAST OF ENGLAND,Trazodone hydrochloride,8024.0,30141.28,28953.65851
2023-11,EAST OF ENGLAND,Trimipramine maleate,140.0,55961.11,52582.51647
2023-11,EAST OF ENGLAND,Isocarboxazid,17.0,8523.67,8008.93151
2023-11,EAST OF ENGLAND,Moclobemide,75.0,1480.41,1396.22025
2023-11,EAST OF ENGLAND,Phenelzine sulfate,74.0,8640.73,8124.41123
2023-11,EAST OF ENGLAND,Tranylcypromine sulfate,26.0,36274.37,34082.45082
2023-11,EAST OF ENGLAND,Citalopram hydrobromide,167128.0,182089.42,174435.45468
2023-11,EAST OF ENGLAND,Fluoxetine hydrochloride,72603.0,195674.73,187183.93278
2023-11,EAST OF ENGLAND,Fluvoxamine maleate,163.0,3525.19,3322.3137
2023-11,EAST OF ENGLAND,Paroxetine hydrochloride,13884.0,38519.75,36880.28932
2023-11,EAST OF ENGLAND,Sertraline hydrochloride,226346.0,385768.27,367651.09692
2023-11,EAST OF ENGLAND,Escitalopram,18351.0,26482.97,25284.21018
2023-11,EAST OF ENGLAND,Citalopram hydrochloride,799.0,15068.83,14167.50368
2023-11,EAST OF ENGLAND,Vortioxetine,3463.0,87575.4,82417.26268
2023-11,EAST OF ENGLAND,Flupentixol hydrochloride,1499.0,4259.96,4127.61761
2023-11,EAST OF ENGLAND,Tryptophan,11.0,1386.0,1322.35963
2023-11,EAST OF ENGLAND,Reboxetine,195.0,3496.07,3299.50078
2023-11,EAST OF ENGLAND,Venlafaxine,69591.0,441972.18,418177.86465
2023-11,EAST OF ENGLAND,Mirtazapine,107636.0,119768.83,116687.1607
2023-11,EAST OF ENGLAND,Duloxetine hydrochloride,33444.0,109202.78,103659.30228
2023-11,EAST OF ENGLAND,Agomelatine,152.0,3623.46,3410.40856
2023-11,EAST OF ENGLAND,Bupropion hydrochloride,139.0,14840.66,13981.46358
2023-11,LONDON,Flupentixol hydrochloride,629.0,3001.13,2889.35337
2023-11,LONDON,Flupentixol decanoate,479.0,13445.45,12659.24879
2023-11,LONDON,Amitriptyline hydrochloride,119045.0,136031.67,133309.37955
2023-11,LONDON,Clomipramine hydrochloride,1891.0,25198.12,23769.193
2023-11,LONDON,Dosulepin hydrochloride,2829.0,32001.74,30232.96143
2023-11,LONDON,Doxepin,150.0,29811.5,28017.47072
2023-11,LONDON,Imipramine hydrochloride,811.0,2936.22,2802.62316
2023-11,LONDON,Lofepramine hydrochloride,1076.0,14496.2,13711.44932
2023-11,LONDON,Mianserin hydrochloride,16.0,1017.04,955.77253
2023-11,LONDON,Nortriptyline,8820.0,28000.51,27195.33662
2023-11,LONDON,Trazodone hydrochloride,5906.0,19058.05,18409.19444
2023-11,LONDON,Trimipramine maleate,265.0,110089.84,103449.23118
2023-11,LONDON,Isocarboxazid,25.0,4266.67,4011.11933
2023-11,LONDON,Moclobemide,87.0,1616.08,1525.28927
2023-11,LONDON,Phenelzine sulfate,48.0,8177.19,7686.78817
2023-11,LONDON,Tranylcypromine sulfate,46.0,56947.5,53508.08856
2023-11,LONDON,Citalopram hydrobromide,105436.0,119810.23,117089.56513
2023-11,LONDON,Fluoxetine hydrochloride,51187.0,136993.24,132441.05769
2023-11,LONDON,Fluvoxamine maleate,286.0,6891.34,6496.10083
2023-11,LONDON,Paroxetine hydrochloride,11860.0,32645.31,31579.72117
2023-11,LONDON,Sertraline hydrochloride,193172.0,357297.18,344087.58483
2023-11,LONDON,Escitalopram,18047.0,33331.55,31914.80611
2023-11,LONDON,Citalopram hydrochloride,379.0,7789.04,7323.00066
2023-11,LONDON,Vortioxetine,3088.0,87239.79,82117.75425
2023-11,LONDON,Flupentixol hydrochloride,824.0,2209.28,2154.77745
2023-11,LONDON,Oxitriptan,2.0,87.61,82.44
2023-11,LONDON,Tryptophan,14.0,650.2,612.07808
2023-11,LONDON,Reboxetine,130.0,2220.3,2097.72574
2023-11,LONDON,Venlafaxine,45102.0,310990.2,295476.41655
2023-11,LONDON,Mirtazapine,117209.0,118937.73,119033.09997
2023-11,LONDON,Duloxetine hydrochloride,28078.0,78318.29,75321.00836
2023-11,LONDON,Agomelatine,347.0,8194.59,7714.9445
2023-11,LONDON,Bupropion hydrochloride,364.0,26325.88,24773.46132
2023-11,MIDLANDS,Flupentixol hydrochloride,514.0,3356.23,3208.86728
2023-11,MIDLANDS,Flupentixol decanoate,445.0,11969.35,11277.02288
2023-11,MIDLANDS,Amitriptyline hydrochloride,272113.0,365942.2,349629.44134
2023-11,MIDLANDS,Clomipramine hydrochloride,3333.0,47422.03,44656.96897
2023-11,MIDLANDS,Dosulepin hydrochloride,5627.0,74778.56,70405.72489
2023-11,MIDLANDS,Doxepin,208.0,38225.84,35920.24006
2023-11,MIDLANDS,Imipramine hydrochloride,1878.0,11274.39,10632.49129
2023-11,MIDLANDS,Lofepramine hydrochloride,2388.0,41415.6,39079.87688
2023-11,MIDLANDS,Mianserin hydrochloride,11.0,1014.6,953.41797
2023-11,MIDLANDS,Nortriptyline,13508.0,50418.85,48665.43798
2023-11,MIDLANDS,Trazodone hydrochloride,13100.0,44879.78,43142.37732
2023-11,MIDLANDS,Trimipramine maleate,155.0,65064.32,61135.15124
2023-11,MIDLANDS,Isocarboxazid,19.0,8357.3,7853.05344
2023-11,MIDLANDS,Moclobemide,111.0,2363.65,2228.84025
2023-11,MIDLANDS,Phenelzine sulfate,49.0,5481.6,5154.9966
2023-11,MIDLANDS,Tranylcypromine sulfate,45.0,43606.43,40973.47529
2023-11,MIDLANDS,Citalopram hydrobromide,227162.0,265628.61,253951.55341
2023-11,MIDLANDS,Fluoxetine hydrochloride,122008.0,316800.29,304782.28409
2023-11,MIDLANDS,Fluvoxamine maleate,295.0,5921.53,5587.64035
2023-11,MIDLANDS,Paroxetine hydrochloride,20253.0,56826.23,54637.71934
2023-11,MIDLANDS,Sertraline hydrochloride,393880.0,645009.78,614848.97785
2023-11,MIDLANDS,Escitalopram,27053.0,41529.37,39608.36688
2023-11,MIDLANDS,Citalopram hydrochloride,1279.0,23800.98,22377.75753
2023-11,MIDLANDS,Vortioxetine,5231.0,129349.44,121738.30582
2023-11,MIDLANDS,Flupentixol hydrochloride,2296.0,7047.35,6832.70351
2023-11,MIDLANDS,Oxitriptan,3.0,80.36,75.74056
2023-11,MIDLANDS,Tryptophan,10.0,812.0,763.42512
2023-11,MIDLANDS,Reboxetine,270.0,4528.66,4276.89185
2023-11,MIDLANDS,Venlafaxine,93117.0,702593.59,664503.4356
2023-11,MIDLANDS,Mirtazapine,190435.0,231921.96,224587.742
2023-11,MIDLANDS,Duloxetine hydrochloride,65598.0,221459.63,209961.09166
2023-11,MIDLANDS,Agomelatine,272.0,6699.65,6303.33595
2023-11,MIDLANDS,Bupropion hydrochloride,69.0,2795.01,2630.72145
2023-11,NORTH EAST AND YORKSHIRE,Flupentixol hydrochloride,809.0,3826.51,3684.90832
2023-11,NORTH EAST AND YORKSHIRE,Flupentixol decanoate,513.0,9148.23,8619.79503
2023-11,NORTH EAST AND YORKSHIRE,Amitriptyline hydrochloride,276118.0,341882.05,330469.27848
2023-11,NORTH EAST AND YORKSHIRE,Clomipramine hydrochloride,3494.0,40712.07,38417.0932
2023-11,NORTH EAST AND YORKSHIRE,Dosulepin hydrochloride,4413.0,51006.21,48100.81467
2023-11,NORTH EAST AND YORKSHIRE,Doxepin,292.0,56866.21,53440.15015
2023-11,NORTH EAST AND YORKSHIRE,Imipramine hydrochloride,1596.0,8744.32,8274.8444
2023-11,NORTH EAST AND YORKSHIRE,Lofepramine hydrochloride,2726.0,36376.45,34399.57327
2023-11,NORTH EAST AND YORKSHIRE,Mianserin hydrochloride,8.0,486.24,456.92798
2023-11,NORTH EAST AND YORKSHIRE,Nortriptyline,13154.0,36075.0,35213.61867
2023-11,NORTH EAST AND YORKSHIRE,Trazodone hydrochloride,41288.0,97279.48,94929.39713
2023-11,NORTH EAST AND YORKSHIRE,Trimipramine maleate,225.0,61769.75,58050.09565
2023-11,NORTH EAST AND YORKSHIRE,Isocarboxazid,8.0,3415.37,3209.75774
2023-11,NORTH EAST AND YORKSHIRE,Moclobemide,137.0,2229.21,2105.93456
2023-11,NORTH EAST AND YORKSHIRE,Phenelzine sulfate,74.0,9141.84,8596.53614
2023-11,NORTH EAST AND YORKSHIRE,Tranylcypromine sulfate,32.0,42301.75,39746.4838
2023-11,NORTH EAST AND YORKSHIRE,Citalopram hydrobromide,196575.0,208645.17,202051.63809
2023-11,NORTH EAST AND YORKSHIRE,Fluoxetine hydrochloride,144716.0,307519.48,299365.98776
2023-11,NORTH EAST AND YORKSHIRE,Fluvoxamine maleate,292.0,5889.89,5557.46211
2023-11,NORTH EAST AND YORKSHIRE,Paroxetine hydrochloride,19187.0,44664.51,43336.46668
2023-11,NORTH EAST AND YORKSHIRE,Sertraline hydrochloride,382294.0,548620.44,528685.52481
2023-11,NORTH EAST AND YORKSHIRE,Escitalopram,20174.0,27393.16,26440.58519
2023-11,NORTH EAST AND YORKSHIRE,Citalopram hydrochloride,877.0,16516.99,15529.35782
2023-11,NORTH EAST AND YORKSHIRE,Vortioxetine,4585.0,87940.71,82922.69972
2023-11,NORTH EAST AND YORKSHIRE,Flupentixol hydrochloride,2255.0,5719.99,5596.12527
2023-11,NORTH EAST AND YORKSHIRE,Oxitriptan,1.0,19.75,18.66879
2023-11,NORTH EAST AND YORKSHIRE,Tryptophan,9.0,504.0,494.35183
2023-11,NORTH EAST AND YORKSHIRE,Reboxetine,503.0,6516.8,6173.32618
2023-11,NORTH EAST AND YORKSHIRE,Venlafaxine,78879.0,513445.67,487884.04468
2023-11,NORTH EAST AND YORKSHIRE,Mirtazapine,217246.0,214973.36,213506.01629
2023-11,NORTH EAST AND YORKSHIRE,Duloxetine hydrochloride,82291.0,230084.86,220133.73782
2023-11,NORTH EAST AND YORKSHIRE,Agomelatine,425.0,5358.66,5070.23678
2023-11,NORTH EAST AND YORKSHIRE,Bupropion hydrochloride,87.0,2859.15,2692.09586
2023-11,NORTH WEST,Flupentixol hydrochloride,442.0,2697.92,2584.01213
2023-11,NORTH WEST,Flupentixol decanoate,428.0,9711.94,9161.78917
2023-11,NORTH WEST,Amitriptyline hydrochloride,181383.0,236549.9,226916.19147
2023-11,NORTH WEST,Clomipramine hydrochloride,2895.0,38835.29,36589.50376
2023-11,NORTH WEST,Dosulepin hydrochloride,4205.0,54970.89,51774.10231
2023-11,NORTH WEST,Doxepin,166.0,39082.32,36724.08508
2023-11,NORTH WEST,Imipramine hydrochloride,921.0,4301.58,4069.98209
2023-11,NORTH WEST,Lofepramine hydrochloride,1168.0,19716.85,18611.76428
2023-11,NORTH WEST,Mianserin hydrochloride,8.0,477.54,448.77857
2023-11,NORTH WEST,Nortriptyline,13220.0,45119.34,43776.12247
2023-11,NORTH WEST,Trazodone hydrochloride,17015.0,67724.47,65065.73644
2023-11,NORTH WEST,Trimipramine maleate,109.0,38897.42,36549.55288
2023-11,NORTH WEST,Isocarboxazid,2.0,2740.1,2574.52398
2023-11,NORTH WEST,Moclobemide,72.0,1746.52,1647.25997
2023-11,NORTH WEST,Phenelzine sulfate,32.0,4129.2,3882.4443
2023-11,NORTH WEST,Tranylcypromine sulfate,14.0,24091.03,22635.32455
2023-11,NORTH WEST,Citalopram hydrobromide,153737.0,172344.77,165302.29142
2023-11,NORTH WEST,Fluoxetine hydrochloride,92313.0,224615.24,218399.03381
2023-11,NORTH WEST,Fluvoxamine maleate,200.0,4052.47,3825.83458
2023-11,NORTH WEST,Paroxetine hydrochloride,17043.0,44632.91,43306.33778
2023-11,NORTH WEST,Sertraline hydrochloride,315797.0,485078.18,464410.42424
2023-11,NORTH WEST,Escitalopram,20464.0,29980.57,28707.99573
2023-11,NORTH WEST,Citalopram hydrochloride,715.0,13059.06,12279.59408
2023-11,NORTH WEST,Vortioxetine,4336.0,99324.72,93534.09738
2023-11,NORTH WEST,Flupentixol hydrochloride,1373.0,4189.39,4070.37015
2023-11,NORTH WEST,Tryptophan,3.0,280.0,263.2151
2023-11,NORTH WEST,Reboxetine,263.0,4151.21,3925.35108
2023-11,NORTH WEST,Venlafaxine,77977.0,511743.77,485275.37916
2023-11,NORTH WEST,Mirtazapine,187789.0,199425.1,195448.2854
2023-11,NORTH WEST,Duloxetine hydrochloride,56013.0,182665.99,173529.38071
2023-11,NORTH WEST,Agomelatine,156.0,2757.26,2599.3195
2023-11,NORTH WEST,Bupropion hydrochloride,128.0,6327.37,5952.45584
2023-11,SOUTH EAST,Flupentixol hydrochloride,262.0,1723.57,1647.84069
2023-11,SOUTH EAST,Flupentixol decanoate,393.0,6475.89,6100.6059
2023-11,SOUTH EAST,Amitriptyline hydrochloride,166749.0,251993.79,240875.69963
2023-11,SOUTH EAST,Clomipramine hydrochloride,2612.0,38348.02,36112.8693
2023-11,SOUTH EAST,Dosulepin hydrochloride,4389.0,61438.21,57857.71619
2023-11,SOUTH EAST,Doxepin,160.0,41467.4,38985.47222
2023-11,SOUTH EAST,Imipramine hydrochloride,1514.0,9500.5,8966.41128
2023-11,SOUTH EAST,Lofepramine hydrochloride,1130.0,19737.7,18616.48685
2023-11,SOUTH EAST,Mianserin hydrochloride,18.0,970.37,912.13545
2023-11,SOUTH EAST,Nortriptyline,10907.0,45997.29,44212.34855
2023-11,SOUTH EAST,Trazodone hydrochloride,14842.0,53689.86,51602.55734
2023-11,SOUTH EAST,Trimipramine maleate,253.0,109797.67,103170.67083
2023-11,SOUTH EAST,Isocarboxazid,11.0,5377.46,5053.10398
2023-11,SOUTH EAST,Moclobemide,108.0,2404.85,2266.33793
2023-11,SOUTH EAST,Phenelzine sulfate,83.0,11856.0,11147.27464
2023-11,SOUTH EAST,Tranylcypromine sulfate,91.0,141109.92,132585.2977
2023-11,SOUTH EAST,Citalopram hydrobromide,160829.0,209011.41,200014.59768
2023-11,SOUTH EAST,Fluoxetine hydrochloride,79747.0,235078.23,225647.20359
2023-11,SOUTH EAST,Fluvoxamine maleate,236.0,5503.95,5185.75247
2023-11,SOUTH EAST,Paroxetine hydrochloride,13969.0,43731.08,41975.36909
2023-11,SOUTH EAST,Sertraline hydrochloride,273008.0,531228.4,505943.58308
2023-11,SOUTH EAST,Escitalopram,31800.0,52654.33,50220.76826
2023-11,SOUTH EAST,Citalopram hydrochloride,1070.0,20637.05,19402.74895
2023-11,SOUTH EAST,Vortioxetine,6638.0,176590.26,166203.35606
2023-11,SOUTH EAST,Flupentixol hydrochloride,1182.0,3835.44,3703.13823
2023-11,SOUTH EAST,Tryptophan,22.0,5544.86,5260.52337
2023-11,SOUTH EAST,Reboxetine,258.0,4888.87,4615.13144
2023-11,SOUTH EAST,Venlafaxine,69812.0,568977.4,538165.21789
2023-11,SOUTH EAST,Mirtazapine,136606.0,172954.83,167995.63127
2023-11,SOUTH EAST,Duloxetine hydrochloride,44021.0,164322.56,155891.24083
2023-11,SOUTH EAST,Agomelatine,717.0,15404.47,14504.69227
2023-11,SOUTH EAST,Bupropion hydrochloride,187.0,15513.7,14605.09487
2023-11,SOUTH WEST,Flupentixol hydrochloride,324.0,1969.28,1884.73337
2023-11,SOUTH WEST,Flupentixol decanoate,348.0,5219.52,4912.3252
2023-11,SOUTH WEST,Amitriptyline hydrochloride,149486.0,216457.92,206991.67196
2023-11,SOUTH WEST,Clomipramine hydrochloride,1823.0,25755.8,24267.21298
2023-11,SOUTH WEST,Dosulepin hydrochloride,2987.0,39974.96,37650.30555
2023-11,SOUTH WEST,Doxepin,184.0,36704.13,34492.69871
2023-11,SOUTH WEST,Imipramine hydrochloride,1126.0,5185.91,4906.80625
2023-11,SOUTH WEST,Lofepramine hydrochloride,1127.0,19931.7,18800.39028
2023-11,SOUTH WEST,Mianserin hydrochloride,12.0,995.91,936.16996
2023-11,SOUTH WEST,Nortriptyline,6502.0,18696.14,18163.78721
2023-11,SOUTH WEST,Trazodone hydrochloride,9414.0,30296.84,29169.68474
2023-11,SOUTH WEST,Trimipramine maleate,122.0,41439.49,38939.6282
2023-11,SOUTH WEST,Isocarboxazid,41.0,12266.85,11528.8489
2023-11,SOUTH WEST,Moclobemide,83.0,1683.94,1588.0117
2023-11,SOUTH WEST,Phenelzine sulfate,45.0,5972.76,5614.69922
2023-11,SOUTH WEST,Tranylcypromine sulfate,45.0,80523.97,75658.81549
2023-11,SOUTH WEST,Citalopram hydrobromide,127032.0,157587.56,150864.7218
2023-11,SOUTH WEST,Fluoxetine hydrochloride,58698.0,151303.57,145430.06236
2023-11,SOUTH WEST,Fluvoxamine maleate,137.0,2976.56,2806.86799
2023-11,SOUTH WEST,Paroxetine hydrochloride,10440.0,31661.03,30355.96779
2023-11,SOUTH WEST,Sertraline hydrochloride,190298.0,328975.3,313882.7756
2023-11,SOUTH WEST,Escitalopram,18021.0,28000.1,26760.46585
2023-11,SOUTH WEST,Citalopram hydrochloride,617.0,11326.71,10649.49668
2023-11,SOUTH WEST,Vortioxetine,1847.0,45535.05,42871.59845
2023-11,SOUTH WEST,Flupentixol hydrochloride,921.0,2969.97,2871.66473
2023-11,SOUTH WEST,Tryptophan,3.0,196.0,184.29173
2023-11,SOUTH WEST,Reboxetine,237.0,3839.05,3627.37409
2023-11,SOUTH WEST,Venlafaxine,56555.0,404807.32,382936.67498
2023-11,SOUTH WEST,Mirtazapine,111149.0,129372.07,126110.18222
2023-11,SOUTH WEST,Duloxetine hydrochloride,35047.0,115569.77,109832.44724
2023-11,SOUTH WEST,Agomelatine,201.0,4804.13,4522.00553
2023-11,SOUTH WEST,Bupropion hydrochloride,60.0,3325.2,3126.96964
2023-11,UNIDENTIFIED,Flupentixol hydrochloride,1.0,3.9,3.7767
2023-11,UNIDENTIFIED,Flupentixol decanoate,1.0,31.26,29.48317
2023-11,UNIDENTIFIED,Amitriptyline hydrochloride,167.0,224.35,213.3806
2023-11,UNIDENTIFIED,Clomipramine hydrochloride,5.0,59.75,56.50094
2023-11,UNIDENTIFIED,Dosulepin hydrochloride,2.0,3.79,3.67335
2023-11,UNIDENTIFIED,Doxepin,1.0,43.66,41.13376
2023-11,UNIDENTIFIED,Nortriptyline,15.0,18.11,18.66427
2023-11,UNIDENTIFIED,Trazodone hydrochloride,29.0,111.23,106.32737
2023-11,UNIDENTIFIED,Moclobemide,1.0,9.33,8.77853
2023-11,UNIDENTIFIED,Citalopram hydrobromide,167.0,193.93,187.26459
2023-11,UNIDENTIFIED,Fluoxetine hydrochloride,117.0,391.2,376.74938
2023-11,UNIDENTIFIED,Paroxetine hydrochloride,11.0,20.48,19.8387
2023-11,UNIDENTIFIED,Sertraline hydrochloride,292.0,825.79,784.36115
2023-11,UNIDENTIFIED,Escitalopram,18.0,25.47,24.20973
2023-11,UNIDENTIFIED,Vortioxetine,7.0,170.28,160.59832
2023-11,UNIDENTIFIED,Flupentixol hydrochloride,5.0,18.8,18.01223
2023-11,UNIDENTIFIED,Tryptophan,1.0,28.0,26.42019
2023-11,UNIDENTIFIED,Venlafaxine,98.0,565.72,536.4565
2023-11,UNIDENTIFIED,Mirtazapine,164.0,202.42,195.16487
2023-11,UNIDENTIFIED,Duloxetine hydrochloride,41.0,130.96,124.57095
2023-11,UNIDENTIFIED,Agomelatine,6.0,181.68,170.60523
2023-12,EAST OF ENGLAND,Flupentixol hydrochloride,252.0,1298.84,1247.64812
2023-12,EAST OF ENGLAND,Flupentixol decanoate,276.0,3771.68,3554.24046
2023-12,EAST OF ENGLAND,Amitriptyline hydrochloride,169237.0,219504.41,210059.66911
2023-12,EAST OF ENGLAND,Clomipramine hydrochloride,2863.0,33975.95,32040.80023
2023-12,EAST OF ENGLAND,Dosulepin hydrochloride,3445.0,42824.45,40348.01944
2023-12,EAST OF ENGLAND,Doxepin,130.0,29817.58,28037.7805
2023-12,EAST OF ENGLAND,Imipramine hydrochloride,989.0,4645.12,4387.97729
2023-12,EAST OF ENGLAND,Lofepramine hydrochloride,1157.0,16139.73,15256.11345
2023-12,EAST OF ENGLAND,Mianserin hydrochloride,15.0,767.04,721.56816
2023-12,EAST OF ENGLAND,Nortriptyline,9678.0,36410.13,35090.40379
2023-12,EAST OF ENGLAND,Trazodone hydrochloride,7951.0,34119.11,32700.92165
2023-12,EAST OF ENGLAND,Trimipramine maleate,142.0,55284.01,51982.62278
2023-12,EAST OF ENGLAND,Isocarboxazid,17.0,7564.64,7112.99274
2023-12,EAST OF ENGLAND,Moclobemide,81.0,1597.51,1507.9703
2023-12,EAST OF ENGLAND,Phenelzine sulfate,65.0,7229.54,6802.59181
2023-12,EAST OF ENGLAND,Tranylcypromine sulfate,17.0,24440.65,22980.12301
2023-12,EAST OF ENGLAND,Citalopram hydrobromide,166209.0,181346.82,173822.46602
2023-12,EAST OF ENGLAND,Fluoxetine hydrochloride,71970.0,195739.43,187334.07193
2023-12,EAST OF ENGLAND,Fluvoxamine maleate,148.0,2994.26,2824.31931
2023-12,EAST OF ENGLAND,Paroxetine hydrochloride,13861.0,38761.54,37121.38659
2023-12,EAST OF ENGLAND,Sertraline hydrochloride,225639.0,396430.26,377948.65664
2023-12,EAST OF ENGLAND,Escitalopram,18408.0,27957.63,26686.22415
2023-12,EAST OF ENGLAND,Citalopram hydrochloride,784.0,14627.2,13762.30378
2023-12,EAST OF ENGLAND,Vortioxetine,3507.0,88997.04,83814.27527
2023-12,EAST OF ENGLAND,Flupentixol hydrochloride,1484.0,4219.14,4090.80269
2023-12,EAST OF ENGLAND,Tryptophan,6.0,518.0,507.21391
2023-12,EAST OF ENGLAND,Reboxetine,187.0,3533.91,3337.29839
2023-12,EAST OF ENGLAND,Venlafaxine,69607.0,449975.56,425994.56237
2023-12,EAST OF ENGLAND,Mirtazapine,106967.0,120705.64,117635.02325
2023-12,EAST OF ENGLAND,Duloxetine hydrochloride,33366.0,110511.48,104945.68255
2023-12,EAST OF ENGLAND,Agomelatine,137.0,2689.92,2535.10793
2023-12,EAST OF ENGLAND,Bupropion hydrochloride,206.0,7937.92,7513.18149
2023-12,LONDON,Flupentixol hydrochloride,598.0,2872.13,2766.68021
2023-12,LONDON,Flupentixol decanoate,526.0,15949.78,15022.87059
2023-12,LONDON,Amitriptyline hydrochloride,116353.0,137331.48,134491.44951
2023-12,LONDON,Clomipramine hydrochloride,1971.0,25604.19,24175.58595
2023-12,LONDON,Dosulepin hydrochloride,2701.0,30500.17,28834.18894
2023-12,LONDON,Doxepin,156.0,31509.48,29633.61483
2023-12,LONDON,Imipramine hydrochloride,776.0,2695.04,2577.38181
2023-12,LONDON,Lofepramine hydrochloride,1046.0,13883.53,13141.86463
2023-12,LONDON,Mianserin hydrochloride,12.0,832.13,782.54298
2023-12,LONDON,Nortriptyline,8781.0,28701.56,27872.01373
2023-12,LONDON,Trazodone hydrochloride,5772.0,19489.38,18812.28781
2023-12,LONDON,Trimipramine maleate,258.0,96048.77,90321.60123
2023-12,LONDON,Isocarboxazid,19.0,2387.75,2247.07145
2023-12,LONDON,Moclobemide,71.0,1264.49,1194.19266
2023-12,LONDON,Phenelzine sulfate,54.0,8213.41,7727.06981
2023-12,LONDON,Tranylcypromine sulfate,47.0,76115.2,71567.63042
2023-12,LONDON,Citalopram hydrobromide,103052.0,118351.54,115670.90734
2023-12,LONDON,Fluoxetine hydrochloride,50134.0,136579.81,132038.57362
2023-12,LONDON,Fluvoxamine maleate,251.0,5576.68,5261.97775
2023-12,LONDON,Paroxetine hydrochloride,11415.0,31880.84,30852.41353
2023-12,LONDON,Sertraline hydrochloride,188958.0,357863.27,344689.23298
2023-12,LONDON,Escitalopram,17787.0,33671.42,32247.86091
2023-12,LONDON,Citalopram hydrochloride,407.0,8371.16,7875.86792
2023-12,LONDON,Vortioxetine,3096.0,86704.2,81670.93742
2023-12,LONDON,Flupentixol hydrochloride,867.0,2163.23,2116.8856
2023-12,LONDON,Oxitriptan,1.0,25.11,23.62159
2023-12,LONDON,Tryptophan,12.0,2312.0,2194.96218
2023-12,LONDON,Reboxetine,115.0,2125.17,2007.77595
2023-12,LONDON,Venlafaxine,44973.0,312683.66,297242.0321
2023-12,LONDON,Mirtazapine,114261.0,114422.1,114732.91502
2023-12,LONDON,Duloxetine hydrochloride,27865.0,79328.08,76293.2214
2023-12,LONDON,Agomelatine,363.0,8323.74,7842.43735
2023-12,LONDON,Bupropion hydrochloride,479.0,23528.28,22146.45051
2023-12,MIDLANDS,Flupentixol hydrochloride,540.0,3347.5,3206.51939
2023-12,MIDLANDS,Flupentixol decanoate,446.0,10593.58,9990.63903
2023-12,MIDLANDS,Amitriptyline hydrochloride,270578.0,366347.48,350136.2557
2023-12,MIDLANDS,Clomipramine hydrochloride,3325.0,47753.97,44997.87637
2023-12,MIDLANDS,Dosulepin hydrochloride,5603.0,74733.32,70409.45066
2023-12,MIDLANDS,Doxepin,216.0,41821.42,39327.5631
2023-12,MIDLANDS,Imipramine hydrochloride,1897.0,11705.59,11046.58412
2023-12,MIDLANDS,Lofepramine hydrochloride,2386.0,40551.16,38284.65312
2023-12,MIDLANDS,Mianserin hydrochloride,7.0,796.41,748.99595
2023-12,MIDLANDS,Nortriptyline,13492.0,46609.68,45117.24805
2023-12,MIDLANDS,Trazodone hydrochloride,13087.0,46081.84,44297.27281
2023-12,MIDLANDS,Trimipramine maleate,149.0,65669.15,61745.93866
2023-12,MIDLANDS,Isocarboxazid,25.0,9590.34,9018.64207
2023-12,MIDLANDS,Moclobemide,109.0,2097.77,1980.02768
2023-12,MIDLANDS,Phenelzine sulfate,53.0,7618.78,7188.32084
2023-12,MIDLANDS,Tranylcypromine sulfate,51.0,59101.45,55571.31759
2023-12,MIDLANDS,Citalopram hydrobromide,224251.0,262673.12,251213.05575
2023-12,MIDLANDS,Fluoxetine hydrochloride,120612.0,313269.89,301564.49213
2023-12,MIDLANDS,Fluvoxamine maleate,284.0,5839.71,5513.20989
2023-12,MIDLANDS,Paroxetine hydrochloride,20509.0,57916.74,55704.88715
2023-12,MIDLANDS,Sertraline hydrochloride,390209.0,668223.8,636907.16727
2023-12,MIDLANDS,Escitalopram,27070.0,42677.07,40708.4366
2023-12,MIDLANDS,Citalopram hydrochloride,1266.0,23903.11,22489.57694
2023-12,MIDLANDS,Vortioxetine,5331.0,133295.58,125539.75523
2023-12,MIDLANDS,Flupentixol hydrochloride,2264.0,7010.65,6796.06243
2023-12,MIDLANDS,Oxitriptan,2.0,96.96,91.18956
2023-12,MIDLANDS,Tryptophan,16.0,2725.07,2563.68048
2023-12,MIDLANDS,Reboxetine,297.0,5239.38,4948.962
2023-12,MIDLANDS,Venlafaxine,92950.0,693294.66,656210.74457
2023-12,MIDLANDS,Mirtazapine,188075.0,228444.73,221363.11756
2023-12,MIDLANDS,Duloxetine hydrochloride,65543.0,222430.53,211006.89176
2023-12,MIDLANDS,Agomelatine,311.0,7690.08,7240.06957
2023-12,MIDLANDS,Bupropion hydrochloride,154.0,5963.44,5617.34447
2023-12,NORTH EAST AND YORKSHIRE,Flupentixol hydrochloride,778.0,3513.02,3389.87193
2023-12,NORTH EAST AND YORKSHIRE,Flupentixol decanoate,499.0,9079.46,8561.94568
2023-12,NORTH EAST AND YORKSHIRE,Amitriptyline hydrochloride,273415.0,343684.84,332237.93397
2023-12,NORTH EAST AND YORKSHIRE,Clomipramine hydrochloride,3344.0,39566.26,37354.32719
2023-12,NORTH EAST AND YORKSHIRE,Dosulepin hydrochloride,4314.0,50576.49,47728.10941
2023-12,NORTH EAST AND YORKSHIRE,Doxepin,304.0,61561.96,57893.22755
2023-12,NORTH EAST AND YORKSHIRE,Imipramine hydrochloride,1623.0,7336.98,6958.82179
2023-12,NORTH EAST AND YORKSHIRE,Lofepramine hydrochloride,2732.0,36066.66,34132.39012
2023-12,NORTH EAST AND YORKSHIRE,Mianserin hydrochloride,11.0,642.42,604.10982
2023-12,NORTH EAST AND YORKSHIRE,Nortriptyline,13438.0,35894.28,35097.76651
2023-12,NORTH EAST AND YORKSHIRE,Trazodone hydrochloride,40552.0,99951.69,97433.17673
2023-12,NORTH EAST AND YORKSHIRE,Trimipramine maleate,222.0,63547.99,59762.5989
2023-12,NORTH EAST AND YORKSHIRE,Isocarboxazid,5.0,1918.09,1803.9091
2023-12,NORTH EAST AND YORKSHIRE,Moclobemide,121.0,1868.28,1766.78974
2023-12,NORTH EAST AND YORKSHIRE,Phenelzine sulfate,70.0,7663.79,7212.7614
2023-12,NORTH EAST AND YORKSHIRE,Tranylcypromine sulfate,38.0,40758.94,38324.553
2023-12,NORTH EAST AND YORKSHIRE,Citalopram hydrobromide,194149.0,207697.12,201133.32881
2023-12,NORTH EAST AND YORKSHIRE,Fluoxetine hydrochloride,144427.0,309486.49,301372.72718
2023-12,NORTH EAST AND YORKSHIRE,Fluvoxamine maleate,255.0,5124.09,4838.83879
2023-12,NORTH EAST AND YORKSHIRE,Paroxetine hydrochloride,18990.0,44729.39,43399.69168
2023-12,NORTH EAST AND YORKSHIRE,Sertraline hydrochloride,378647.0,575394.63,553933.51532
2023-12,NORTH EAST AND YORKSHIRE,Escitalopram,20183.0,29096.21,28044.60782
2023-12,NORTH EAST AND YORKSHIRE,Citalopram hydrochloride,869.0,16239.04,15278.97057
2023-12,NORTH EAST AND YORKSHIRE,Vortioxetine,4447.0,86827.95,81921.34259
2023-12,NORTH EAST AND YORKSHIRE,Flupentixol hydrochloride,2310.0,5677.97,5566.3372
2023-12,NORTH EAST AND YORKSHIRE,Tryptophan,7.0,321.0,302.60085
2023-12,NORTH EAST AND YORKSHIRE,Reboxetine,473.0,6492.16,6151.36912
2023-12,NORTH EAST AND YORKSHIRE,Venlafaxine,77589.0,507899.1,482884.13436
2023-12,NORTH EAST AND YORKSHIRE,Mirtazapine,214824.0,218624.26,216889.03403
2023-12,NORTH EAST AND YORKSHIRE,Duloxetine hydrochloride,82479.0,232314.05,222384.39523
2023-12,NORTH EAST AND YORKSHIRE,Agomelatine,424.0,5221.32,4944.9784
2023-12,NORTH EAST AND YORKSHIRE,Bupropion hydrochloride,155.0,5639.7,5311.69132
2023-12,NORTH WEST,Flupentixol hydrochloride,434.0,2636.29,2527.4026
2023-12,NORTH WEST,Flupentixol decanoate,411.0,9880.15,9324.28505
2023-12,NORTH WEST,Amitriptyline hydrochloride,180110.0,234535.57,225150.90334
2023-12,NORTH WEST,Clomipramine hydrochloride,2893.0,39807.79,37525.03025
2023-12,NORTH WEST,Dosulepin hydrochloride,4113.0,54032.3,50924.40791
2023-12,NORTH WEST,Doxepin,165.0,34359.24,32310.93344
2023-12,NORTH WEST,Imipramine hydrochloride,915.0,4239.52,4014.22477
2023-12,NORTH WEST,Lofepramine hydrochloride,1106.0,17737.3,16757.3814
2023-12,NORTH WEST,Mianserin hydrochloride,8.0,488.62,459.51472
2023-12,NORTH WEST,Nortriptyline,13115.0,45905.41,44529.7121
2023-12,NORTH WEST,Trazodone hydrochloride,17025.0,64664.68,62237.25759
2023-12,NORTH WEST,Trimipramine maleate,102.0,36839.08,34640.08627
2023-12,NORTH WEST,Moclobemide,64.0,1442.23,1361.8225
2023-12,NORTH WEST,Phenelzine sulfate,28.0,3853.2,3625.64413
2023-12,NORTH WEST,Tranylcypromine sulfate,10.0,19019.61,17883.13279
2023-12,NORTH WEST,Citalopram hydrobromide,151156.0,170273.71,163370.84346
2023-12,NORTH WEST,Fluoxetine hydrochloride,91421.0,227190.79,220882.70238
2023-12,NORTH WEST,Fluvoxamine maleate,187.0,3694.22,3491.03762
2023-12,NORTH WEST,Paroxetine hydrochloride,16794.0,43864.64,42588.3272
2023-12,NORTH WEST,Sertraline hydrochloride,312112.0,480080.86,459841.26608
2023-12,NORTH WEST,Escitalopram,20638.0,31711.22,30359.16748
2023-12,NORTH WEST,Citalopram hydrochloride,704.0,13356.63,12568.87113
2023-12,NORTH WEST,Vortioxetine,4260.0,96088.41,90559.18481
2023-12,NORTH WEST,Flupentixol hydrochloride,1313.0,4092.28,3973.97029
2023-12,NORTH WEST,Tryptophan,2.0,112.0,105.43064
2023-12,NORTH WEST,Reboxetine,268.0,4038.75,3822.75489
2023-12,NORTH WEST,Venlafaxine,77605.0,509113.94,483180.41234
2023-12,NORTH WEST,Mirtazapine,185294.0,198974.34,195019.34914
2023-12,NORTH WEST,Duloxetine hydrochloride,56186.0,184599.94,175492.48716
2023-12,NORTH WEST,Agomelatine,172.0,3311.04,3121.93721
2023-12,NORTH WEST,Bupropion hydrochloride,205.0,7341.51,6915.65487
2023-12,SOUTH EAST,Flupentixol hydrochloride,239.0,1790.46,1709.38437
2023-12,SOUTH EAST,Flupentixol decanoate,414.0,6901.07,6503.56775
2023-12,SOUTH EAST,Amitriptyline hydrochloride,167251.0,255672.34,244493.24524
2023-12,SOUTH EAST,Clomipramine hydrochloride,2609.0,38236.32,36038.74111
2023-12,SOUTH EAST,Dosulepin hydrochloride,4381.0,62631.81,59016.30199
2023-12,SOUTH EAST,Doxepin,151.0,34999.06,32911.60189
2023-12,SOUTH EAST,Imipramine hydrochloride,1513.0,8369.03,7910.18913
2023-12,SOUTH EAST,Lofepramine hydrochloride,1066.0,16970.07,16027.29059
2023-12,SOUTH EAST,Mianserin hydrochloride,19.0,931.02,875.69681
2023-12,SOUTH EAST,Nortriptyline,11096.0,48367.46,46482.77811
2023-12,SOUTH EAST,Trazodone hydrochloride,14787.0,50527.99,48663.40042
2023-12,SOUTH EAST,Trimipramine maleate,252.0,110489.83,103893.3927
2023-12,SOUTH EAST,Isocarboxazid,10.0,5607.43,5272.90182
2023-12,SOUTH EAST,Moclobemide,102.0,2198.39,2074.87172
2023-12,SOUTH EAST,Phenelzine sulfate,88.0,14194.68,13354.35266
2023-12,SOUTH EAST,Tranylcypromine sulfate,95.0,148959.4,140059.77862
2023-12,SOUTH EAST,Citalopram hydrobromide,159995.0,209257.07,200311.0646
2023-12,SOUTH EAST,Fluoxetine hydrochloride,78958.0,231941.78,222737.11764
2023-12,SOUTH EAST,Fluvoxamine maleate,165.0,3785.66,3637.9279
2023-12,SOUTH EAST,Paroxetine hydrochloride,14094.0,44384.75,42622.87819
2023-12,SOUTH EAST,Sertraline hydrochloride,272000.0,546825.08,520873.03698
2023-12,SOUTH EAST,Escitalopram,32011.0,55685.22,53114.18447
2023-12,SOUTH EAST,Citalopram hydrochloride,1059.0,20278.65,19079.33065
2023-12,SOUTH EAST,Vortioxetine,6639.0,175838.85,165615.95854
2023-12,SOUTH EAST,Flupentixol hydrochloride,1061.0,3503.51,3382.86579
2023-12,SOUTH EAST,Tryptophan,7.0,1047.2,985.0964
2023-12,SOUTH EAST,Reboxetine,236.0,4134.04,3907.92865
2023-12,SOUTH EAST,Venlafaxine,69930.0,566247.93,536014.46247
2023-12,SOUTH EAST,Mirtazapine,134961.0,170582.67,165766.70943
2023-12,SOUTH EAST,Duloxetine hydrochloride,44004.0,166351.72,157897.95068
2023-12,SOUTH EAST,Agomelatine,718.0,16007.88,15079.55741
2023-12,SOUTH EAST,Bupropion hydrochloride,287.0,15803.65,14872.87354
2023-12,SOUTH WEST,Flupentixol hydrochloride,297.0,2016.15,1926.99263
2023-12,SOUTH WEST,Flupentixol decanoate,325.0,5246.76,4941.47999
2023-12,SOUTH WEST,Amitriptyline hydrochloride,148412.0,214920.44,205615.30747
2023-12,SOUTH WEST,Clomipramine hydrochloride,1777.0,24948.7,23520.39373
2023-12,SOUTH WEST,Dosulepin hydrochloride,2902.0,40197.3,37873.8688
2023-12,SOUTH WEST,Doxepin,178.0,34351.72,32305.57531
2023-12,SOUTH WEST,Imipramine hydrochloride,1168.0,9214.32,8699.4306
2023-12,SOUTH WEST,Lofepramine hydrochloride,1122.0,18872.45,17816.15102
2023-12,SOUTH WEST,Mianserin hydrochloride,10.0,500.77,471.16332
2023-12,SOUTH WEST,Nortriptyline,6516.0,21873.92,21156.81983
2023-12,SOUTH WEST,Trazodone hydrochloride,9209.0,29649.56,28561.9021
2023-12,SOUTH WEST,Trimipramine maleate,109.0,35692.74,33563.12574
2023-12,SOUTH WEST,Isocarboxazid,37.0,10803.84,10161.33604
2023-12,SOUTH WEST,Moclobemide,80.0,1769.39,1668.53996
2023-12,SOUTH WEST,Phenelzine sulfate,46.0,5646.36,5312.115
2023-12,SOUTH WEST,Tranylcypromine sulfate,44.0,69021.88,64897.89881
2023-12,SOUTH WEST,Citalopram hydrobromide,124774.0,155786.19,149184.26158
2023-12,SOUTH WEST,Fluoxetine hydrochloride,57823.0,152482.49,146571.95015
2023-12,SOUTH WEST,Fluvoxamine maleate,129.0,3021.01,2855.74169
2023-12,SOUTH WEST,Paroxetine hydrochloride,10336.0,31752.01,30462.23713
2023-12,SOUTH WEST,Sertraline hydrochloride,186614.0,327352.77,312415.51468
2023-12,SOUTH WEST,Escitalopram,18066.0,29629.32,28312.44888
2023-12,SOUTH WEST,Citalopram hydrochloride,602.0,11394.6,10720.68211
2023-12,SOUTH WEST,Vortioxetine,1804.0,45997.38,43329.77953
2023-12,SOUTH WEST,Flupentixol hydrochloride,903.0,2803.33,2711.98088
2023-12,SOUTH WEST,Tryptophan,1.0,42.0,39.50209
2023-12,SOUTH WEST,Reboxetine,218.0,3626.32,3427.98282
2023-12,SOUTH WEST,Venlafaxine,55344.0,397741.24,376456.60932
2023-12,SOUTH WEST,Mirtazapine,108705.0,129908.06,126543.02788
2023-12,SOUTH WEST,Duloxetine hydrochloride,34536.0,117331.78,111526.33186
2023-12,SOUTH WEST,Agomelatine,199.0,4443.36,4186.01485
2023-12,SOUTH WEST,Bupropion hydrochloride,138.0,5872.9,5527.41756
2023-12,UNIDENTIFIED,Flupentixol hydrochloride,1.0,7.8,7.4462
2023-12,UNIDENTIFIED,Flupentixol decanoate,1.0,62.51,58.78622
2023-12,UNIDENTIFIED,Amitriptyline hydrochloride,139.0,176.01,168.46057
2023-12,UNIDENTIFIED,Lofepramine hydrochloride,1.0,42.75,40.20726
2023-12,UNIDENTIFIED,Nortriptyline,8.0,7.55,7.98854
2023-12,UNIDENTIFIED,Trazodone hydrochloride,15.0,43.11,41.37351
2023-12,UNIDENTIFIED,Trimipramine maleate,2.0,635.5,597.5414
2023-12,UNIDENTIFIED,Citalopram hydrobromide,122.0,163.95,157.04307
2023-12,UNIDENTIFIED,Fluoxetine hydrochloride,96.0,329.7,317.64431
2023-12,UNIDENTIFIED,Paroxetine hydrochloride,10.0,40.06,38.26742
2023-12,UNIDENTIFIED,Sertraline hydrochloride,253.0,728.51,693.08636
2023-12,UNIDENTIFIED,Escitalopram,18.0,29.83,28.6176
2023-12,UNIDENTIFIED,Citalopram hydrochloride,1.0,15.61,14.65016
2023-12,UNIDENTIFIED,Vortioxetine,6.0,157.41,148.37611
2023-12,UNIDENTIFIED,Flupentixol hydrochloride,2.0,4.22,4.09257
2023-12,UNIDENTIFIED,Venlafaxine,72.0,446.53,424.20296
2023-12,UNIDENTIFIED,Mirtazapine,139.0,302.81,288.92528
2023-12,UNIDENTIFIED,Duloxetine hydrochloride,33.0,113.4,106.78392
2023-12,UNIDENTIFIED,Agomelatine,3.0,60.48,56.82635
2024-01,EAST OF ENGLAND,Flupentixol hydrochloride,304.0,1660.46,1597.65677
2024-01,EAST OF ENGLAND,Flupentixol decanoate,317.0,4596.8,4342.23119
2024-01,EAST OF ENGLAND,Amitriptyline hydrochloride,174216.0,227584.47,218274.06821
2024-01,EAST OF ENGLAND,Clomipramine hydrochloride,2852.0,34194.07,32328.13628
2024-01,EAST OF ENGLAND,Dosulepin hydrochloride,3397.0,36730.86,34705.2705
2024-01,EAST OF ENGLAND,Doxepin,159.0,36314.0,34234.65014
2024-01,EAST OF ENGLAND,Imipramine hydrochloride,1029.0,4679.55,4433.69808
2024-01,EAST OF ENGLAND,Lofepramine hydrochloride,1153.0,17964.4,17014.44681
2024-01,EAST OF ENGLAND,Mianserin hydrochloride,15.0,738.06,696.02532
2024-01,EAST OF ENGLAND,Nortriptyline,9921.0,40045.4,38637.03081
2024-01,EAST OF ENGLAND,Trazodone hydrochloride,8246.0,32180.72,30979.54526
2024-01,EAST OF ENGLAND,Trimipramine maleate,131.0,55302.92,52135.25287
2024-01,EAST OF ENGLAND,Isocarboxazid,19.0,10197.09,9613.02012
2024-01,EAST OF ENGLAND,Moclobemide,66.0,1516.56,1433.63136
2024-01,EAST OF ENGLAND,Phenelzine sulfate,80.0,9432.73,8898.52045
2024-01,EAST OF ENGLAND,Tranylcypromine sulfate,23.0,29586.05,27889.92124
2024-01,EAST OF ENGLAND,Citalopram hydrobromide,170934.0,179191.36,172330.19277
2024-01,EAST OF ENGLAND,Fluoxetine hydrochloride,74447.0,172340.6,165851.64185
2024-01,EAST OF ENGLAND,Fluvoxamine maleate,148.0,2958.92,2798.32836
2024-01,EAST OF ENGLAND,Paroxetine hydrochloride,14012.0,38488.13,36958.1453
2024-01,EAST OF ENGLAND,Sertraline hydrochloride,236005.0,431763.32,412419.51739
2024-01,EAST OF ENGLAND,Escitalopram,19222.0,28551.28,27334.93468
2024-01,EAST OF ENGLAND,Citalopram hydrochloride,796.0,8048.74,7596.72069
2024-01,EAST OF ENGLAND,Vortioxetine,3666.0,90430.56,85391.76306
2024-01,EAST OF ENGLAND,Flupentixol hydrochloride,1519.0,4398.87,4274.55962
2024-01,EAST OF ENGLAND,Tryptophan,7.0,616.0,600.9651
2024-01,EAST OF ENGLAND,Reboxetine,191.0,3736.32,3535.91055
2024-01,EAST OF ENGLAND,Venlafaxine,71806.0,448522.89,425799.7008
2024-01,EAST OF ENGLAND,Mirtazapine,111908.0,131950.22,128682.152
2024-01,EAST OF ENGLAND,Duloxetine hydrochloride,34566.0,118158.36,112449.07827
2024-01,EAST OF ENGLAND,Agomelatine,154.0,3579.48,3380.26715
2024-01,EAST OF ENGLAND,Bupropion hydrochloride,313.0,19528.91,18423.24683
2024-01,LONDON,Flupentixol hydrochloride,710.0,3544.57,3420.3265
2024-01,LONDON,Flupentixol decanoate,534.0,15520.46,14658.95879
2024-01,LONDON,Amitriptyline hydrochloride,122644.0,144430.83,141777.64032
2024-01,LONDON,Clomipramine hydrochloride,1941.0,25501.65,24135.64305
2024-01,LONDON,Dosulepin hydrochloride,2836.0,29206.61,27693.65784
2024-01,LONDON,Doxepin,156.0,35556.5,33525.30955
2024-01,LONDON,Imipramine hydrochloride,836.0,3676.51,3512.46366
2024-01,LONDON,Lofepramine hydrochloride,1094.0,16829.94,15957.87026
2024-01,LONDON,Mianserin hydrochloride,8.0,545.76,514.56509
2024-01,LONDON,Nortriptyline,9027.0,30674.54,29822.95853
2024-01,LONDON,Trazodone hydrochloride,5935.0,20027.52,19379.72865
2024-01,LONDON,Trimipramine maleate,284.0,104437.49,98463.62121
2024-01,LONDON,Isocarboxazid,30.0,7085.06,6681.57164
2024-01,LONDON,Moclobemide,80.0,1440.21,1364.01975
2024-01,LONDON,Phenelzine sulfate,41.0,6221.8,5868.44777
2024-01,LONDON,Tranylcypromine sulfate,50.0,67625.31,63749.96575
2024-01,LONDON,Citalopram hydrobromide,108128.0,119127.68,116874.22354
2024-01,LONDON,Fluoxetine hydrochloride,52119.0,122072.08,118840.49567
2024-01,LONDON,Fluvoxamine maleate,266.0,5714.88,5406.98486
2024-01,LONDON,Paroxetine hydrochloride,11897.0,31057.87,30184.87623
2024-01,LONDON,Sertraline hydrochloride,200490.0,394259.09,380281.84201
2024-01,LONDON,Escitalopram,18838.0,36494.79,35030.15869
2024-01,LONDON,Citalopram hydrochloride,389.0,4117.68,3886.3945
2024-01,LONDON,Vortioxetine,3412.0,94937.04,89660.01782
2024-01,LONDON,Flupentixol hydrochloride,921.0,2316.16,2272.57075
2024-01,LONDON,Oxitriptan,1.0,62.5,59.02862
2024-01,LONDON,Tryptophan,10.0,616.0,626.90229
2024-01,LONDON,Reboxetine,136.0,2199.47,2085.43779
2024-01,LONDON,Venlafaxine,45857.0,308659.94,294261.3025
2024-01,LONDON,Mirtazapine,120753.0,129904.51,129881.66386
2024-01,LONDON,Duloxetine hydrochloride,28912.0,85269.7,82130.85355
2024-01,LONDON,Agomelatine,372.0,8814.91,8326.77232
2024-01,LONDON,Bupropion hydrochloride,631.0,32489.67,30678.32252
2024-01,MIDLANDS,Flupentixol hydrochloride,530.0,3385.09,3248.52262
2024-01,MIDLANDS,Flupentixol decanoate,477.0,11953.77,11301.25085
2024-01,MIDLANDS,Amitriptyline hydrochloride,279310.0,381189.8,365224.41641
2024-01,MIDLANDS,Clomipramine hydrochloride,3390.0,47662.58,45028.0574
2024-01,MIDLANDS,Dosulepin hydrochloride,5528.0,64775.31,61203.69498
2024-01,MIDLANDS,Doxepin,236.0,42312.84,39892.01941
2024-01,MIDLANDS,Imipramine hydrochloride,1881.0,8142.8,7715.69214
2024-01,MIDLANDS,Lofepramine hydrochloride,2316.0,43817.25,41458.86118
2024-01,MIDLANDS,Mianserin hydrochloride,16.0,1173.32,1106.23973
2024-01,MIDLANDS,Nortriptyline,13589.0,47437.18,46045.24141
2024-01,MIDLANDS,Trazodone hydrochloride,13363.0,44267.22,42718.3612
2024-01,MIDLANDS,Trimipramine maleate,151.0,61581.9,58053.22981
2024-01,MIDLANDS,Isocarboxazid,24.0,10686.39,10074.62545
2024-01,MIDLANDS,Moclobemide,122.0,2352.91,2227.36948
2024-01,MIDLANDS,Phenelzine sulfate,58.0,6873.6,6485.05926
2024-01,MIDLANDS,Tranylcypromine sulfate,52.0,57593.2,54293.31363
2024-01,MIDLANDS,Citalopram hydrobromide,231200.0,260169.34,249660.33816
2024-01,MIDLANDS,Fluoxetine hydrochloride,124597.0,275950.35,267356.44558
2024-01,MIDLANDS,Fluvoxamine maleate,314.0,6295.74,5960.05966
2024-01,MIDLANDS,Paroxetine hydrochloride,20669.0,56734.86,54755.1861
2024-01,MIDLANDS,Sertraline hydrochloride,407202.0,736204.83,703137.10671
2024-01,MIDLANDS,Escitalopram,28017.0,43650.97,41754.89667
2024-01,MIDLANDS,Citalopram hydrochloride,1284.0,12817.35,12097.7375
2024-01,MIDLANDS,Vortioxetine,5528.0,136760.58,129135.93627
2024-01,MIDLANDS,Flupentixol hydrochloride,2347.0,7171.06,6974.31949
2024-01,MIDLANDS,Oxitriptan,2.0,102.79,145.10078
2024-01,MIDLANDS,Tryptophan,12.0,896.0,865.00977
2024-01,MIDLANDS,Reboxetine,305.0,5117.73,4849.0251
2024-01,MIDLANDS,Venlafaxine,95696.0,696607.47,661129.99176
2024-01,MIDLANDS,Mirtazapine,196431.0,250412.67,242898.16345
2024-01,MIDLANDS,Duloxetine hydrochloride,67909.0,238554.5,226804.37323
2024-01,MIDLANDS,Agomelatine,285.0,7185.38,6782.6146
2024-01,MIDLANDS,Bupropion hydrochloride,199.0,6710.29,6340.63779
2024-01,NORTH EAST AND YORKSHIRE,Flupentixol hydrochloride,775.0,3585.22,3465.33987
2024-01,NORTH EAST AND YORKSHIRE,Flupentixol decanoate,518.0,10136.39,9582.06029
2024-01,NORTH EAST AND YORKSHIRE,Amitriptyline hydrochloride,284090.0,355988.61,345090.00366
2024-01,NORTH EAST AND YORKSHIRE,Clomipramine hydrochloride,3517.0,40289.94,38150.14412
2024-01,NORTH EAST AND YORKSHIRE,Dosulepin hydrochloride,4365.0,44283.74,41925.52586
2024-01,NORTH EAST AND YORKSHIRE,Doxepin,330.0,61619.87,58100.10282
2024-01,NORTH EAST AND YORKSHIRE,Imipramine hydrochloride,1626.0,6468.47,6159.14475
2024-01,NORTH EAST AND YORKSHIRE,Lofepramine hydrochloride,2864.0,41079.21,38953.70797
2024-01,NORTH EAST AND YORKSHIRE,Mianserin hydrochloride,10.0,525.92,495.86272
2024-01,NORTH EAST AND YORKSHIRE,Nortriptyline,13699.0,36437.81,35724.0941
2024-01,NORTH EAST AND YORKSHIRE,Trazodone hydrochloride,42214.0,99964.85,97828.69231
2024-01,NORTH EAST AND YORKSHIRE,Trimipramine maleate,235.0,63285.34,59670.60827
2024-01,NORTH EAST AND YORKSHIRE,Isocarboxazid,4.0,1370.07,1291.95921
2024-01,NORTH EAST AND YORKSHIRE,Moclobemide,128.0,2015.05,1910.35612
2024-01,NORTH EAST AND YORKSHIRE,Phenelzine sulfate,58.0,5759.17,5434.61872
2024-01,NORTH EAST AND YORKSHIRE,Tranylcypromine sulfate,30.0,36532.36,34438.73844
2024-01,NORTH EAST AND YORKSHIRE,Citalopram hydrobromide,201049.0,205771.16,200072.30101
2024-01,NORTH EAST AND YORKSHIRE,Fluoxetine hydrochloride,148544.0,275899.44,270740.31764
2024-01,NORTH EAST AND YORKSHIRE,Fluvoxamine maleate,275.0,5756.19,5447.98809
2024-01,NORTH EAST AND YORKSHIRE,Paroxetine hydrochloride,19427.0,44480.31,43313.78764
2024-01,NORTH EAST AND YORKSHIRE,Sertraline hydrochloride,395968.0,620435.6,598594.63054
2024-01,NORTH EAST AND YORKSHIRE,Escitalopram,20897.0,29863.76,28876.56067
2024-01,NORTH EAST AND YORKSHIRE,Citalopram hydrochloride,929.0,9622.63,9082.08711
2024-01,NORTH EAST AND YORKSHIRE,Vortioxetine,4724.0,93596.58,88526.80229
2024-01,NORTH EAST AND YORKSHIRE,Flupentixol hydrochloride,2412.0,5999.65,5893.55263
2024-01,NORTH EAST AND YORKSHIRE,Tryptophan,24.0,1008.0,952.49846
2024-01,NORTH EAST AND YORKSHIRE,Reboxetine,445.0,5907.02,5612.91604
2024-01,NORTH EAST AND YORKSHIRE,Venlafaxine,80672.0,508558.94,484980.21746
2024-01,NORTH EAST AND YORKSHIRE,Mirtazapine,226253.0,234014.28,232530.11779
2024-01,NORTH EAST AND YORKSHIRE,Duloxetine hydrochloride,85898.0,247612.08,237532.29171
2024-01,NORTH EAST AND YORKSHIRE,Agomelatine,442.0,5657.84,5369.43596
2024-01,NORTH EAST AND YORKSHIRE,Bupropion hydrochloride,198.0,6903.66,6519.95703
2024-01,NORTH WEST,Flupentixol hydrochloride,449.0,2622.21,2522.00612
2024-01,NORTH WEST,Flupentixol decanoate,442.0,10487.87,9923.94019
2024-01,NORTH WEST,Amitriptyline hydrochloride,184933.0,240699.38,231663.81876
2024-01,NORTH WEST,Clomipramine hydrochloride,2958.0,40448.2,38229.89837
2024-01,NORTH WEST,Dosulepin hydrochloride,4076.0,46430.43,43890.56064
2024-01,NORTH WEST,Doxepin,155.0,33172.25,31274.63629
2024-01,NORTH WEST,Imipramine hydrochloride,951.0,5146.16,4882.89548
2024-01,NORTH WEST,Lofepramine hydrochloride,1166.0,20690.86,19590.71886
2024-01,NORTH WEST,Mianserin hydrochloride,12.0,702.04,661.93352
2024-01,NORTH WEST,Nortriptyline,13348.0,46318.97,45061.66791
2024-01,NORTH WEST,Trazodone hydrochloride,17782.0,70904.35,68346.40183
2024-01,NORTH WEST,Trimipramine maleate,111.0,43126.16,40656.05146
2024-01,NORTH WEST,Isocarboxazid,2.0,2740.1,2583.0063
2024-01,NORTH WEST,Moclobemide,80.0,1445.15,1369.37645
2024-01,NORTH WEST,Phenelzine sulfate,31.0,3346.8,3158.07746
2024-01,NORTH WEST,Tranylcypromine sulfate,14.0,22198.73,20926.10653
2024-01,NORTH WEST,Citalopram hydrobromide,155833.0,168233.43,161990.595
2024-01,NORTH WEST,Fluoxetine hydrochloride,94290.0,197188.57,193423.16284
2024-01,NORTH WEST,Fluvoxamine maleate,210.0,4083.81,3868.54661
2024-01,NORTH WEST,Paroxetine hydrochloride,17193.0,43185.86,42095.25572
2024-01,NORTH WEST,Sertraline hydrochloride,322965.0,514524.0,493793.78362
2024-01,NORTH WEST,Escitalopram,21327.0,32537.32,31238.7559
2024-01,NORTH WEST,Citalopram hydrochloride,734.0,7247.59,6841.93303
2024-01,NORTH WEST,Vortioxetine,4457.0,103076.82,97384.33038
2024-01,NORTH WEST,Flupentixol hydrochloride,1340.0,4078.11,3975.94932
2024-01,NORTH WEST,Tryptophan,6.0,644.0,607.54716
2024-01,NORTH WEST,Reboxetine,255.0,4103.74,3892.76694
2024-01,NORTH WEST,Venlafaxine,79250.0,505308.55,480873.00556
2024-01,NORTH WEST,Mirtazapine,193373.0,218701.18,214393.56024
2024-01,NORTH WEST,Duloxetine hydrochloride,57667.0,195504.05,186258.20829
2024-01,NORTH WEST,Agomelatine,180.0,3062.71,2897.51258
2024-01,NORTH WEST,Bupropion hydrochloride,263.0,10560.98,9970.76995
2024-01,SOUTH EAST,Flupentixol hydrochloride,299.0,1996.8,1914.47281
2024-01,SOUTH EAST,Flupentixol decanoate,424.0,7779.93,7347.50874
2024-01,SOUTH EAST,Amitriptyline hydrochloride,170604.0,264094.9,253180.64512
2024-01,SOUTH EAST,Clomipramine hydrochloride,2735.0,39896.35,37701.62984
2024-01,SOUTH EAST,Dosulepin hydrochloride,4286.0,51911.92,49065.21687
2024-01,SOUTH EAST,Doxepin,175.0,41181.26,38825.26739
2024-01,SOUTH EAST,Imipramine hydrochloride,1552.0,11219.84,10618.94461
2024-01,SOUTH EAST,Lofepramine hydrochloride,1093.0,21218.19,20072.22671
2024-01,SOUTH EAST,Mianserin hydrochloride,13.0,671.06,632.74234
2024-01,SOUTH EAST,Nortriptyline,11225.0,51897.77,49946.32604
2024-01,SOUTH EAST,Trazodone hydrochloride,15043.0,49699.91,48028.92943
2024-01,SOUTH EAST,Trimipramine maleate,282.0,118968.75,112156.52849
2024-01,SOUTH EAST,Isocarboxazid,12.0,5240.46,4940.7186
2024-01,SOUTH EAST,Moclobemide,129.0,2553.35,2416.32783
2024-01,SOUTH EAST,Phenelzine sulfate,80.0,10887.6,10270.67999
2024-01,SOUTH EAST,Tranylcypromine sulfate,74.0,128377.78,121018.4483
2024-01,SOUTH EAST,Citalopram hydrobromide,164569.0,205561.96,197482.17495
2024-01,SOUTH EAST,Fluoxetine hydrochloride,81479.0,206791.66,199787.39264
2024-01,SOUTH EAST,Fluvoxamine maleate,181.0,4219.44,3989.36564
2024-01,SOUTH EAST,Paroxetine hydrochloride,14260.0,42808.78,41255.26253
2024-01,SOUTH EAST,Sertraline hydrochloride,281893.0,587901.37,561230.34281
2024-01,SOUTH EAST,Escitalopram,33129.0,57188.02,54702.22081
2024-01,SOUTH EAST,Citalopram hydrochloride,1111.0,11246.9,10615.3783
2024-01,SOUTH EAST,Vortioxetine,6938.0,179654.31,169662.68768
2024-01,SOUTH EAST,Flupentixol hydrochloride,1148.0,3756.74,3639.33977
2024-01,SOUTH EAST,Tryptophan,7.0,798.0,772.60433
2024-01,SOUTH EAST,Reboxetine,239.0,4680.45,4432.12294
2024-01,SOUTH EAST,Venlafaxine,71877.0,559742.22,531404.2446
2024-01,SOUTH EAST,Mirtazapine,141146.0,183289.65,178444.32643
2024-01,SOUTH EAST,Duloxetine hydrochloride,45215.0,175103.1,166612.36692
2024-01,SOUTH EAST,Agomelatine,731.0,16133.77,15237.24633
2024-01,SOUTH EAST,Bupropion hydrochloride,363.0,17070.2,16223.28916
2024-01,SOUTH WEST,Flupentixol hydrochloride,328.0,1930.3,1854.55882
2024-01,SOUTH WEST,Flupentixol decanoate,348.0,5522.24,5212.52078
2024-01,SOUTH WEST,Amitriptyline hydrochloride,153139.0,221722.7,212659.81674
2024-01,SOUTH WEST,Clomipramine hydrochloride,1876.0,25203.99,23830.45795
2024-01,SOUTH WEST,Dosulepin hydrochloride,2948.0,35648.23,33685.186
2024-01,SOUTH WEST,Doxepin,166.0,32961.94,31079.1103
2024-01,SOUTH WEST,Imipramine hydrochloride,1173.0,4012.23,3817.06062
2024-01,SOUTH WEST,Lofepramine hydrochloride,1121.0,20409.54,19314.2706
2024-01,SOUTH WEST,Mianserin hydrochloride,11.0,993.47,936.9404
2024-01,SOUTH WEST,Nortriptyline,6587.0,22003.03,21343.65501
2024-01,SOUTH WEST,Trazodone hydrochloride,9575.0,30716.92,29670.16751
2024-01,SOUTH WEST,Trimipramine maleate,107.0,37983.04,35808.84254
2024-01,SOUTH WEST,Isocarboxazid,44.0,12247.28,11548.91174
2024-01,SOUTH WEST,Moclobemide,80.0,1759.43,1663.71152
2024-01,SOUTH WEST,Phenelzine sulfate,43.0,5415.96,5109.27773
2024-01,SOUTH WEST,Tranylcypromine sulfate,37.0,62590.13,59002.39437
2024-01,SOUTH WEST,Citalopram hydrobromide,129033.0,153728.34,147753.39706
2024-01,SOUTH WEST,Fluoxetine hydrochloride,60055.0,134845.97,130454.67483
2024-01,SOUTH WEST,Fluvoxamine maleate,134.0,2956.31,2796.34397
2024-01,SOUTH WEST,Paroxetine hydrochloride,10573.0,31801.35,30604.50774
2024-01,SOUTH WEST,Sertraline hydrochloride,195221.0,363321.39,347303.89754
2024-01,SOUTH WEST,Escitalopram,18504.0,30307.65,29012.49432
2024-01,SOUTH WEST,Citalopram hydrochloride,592.0,5877.27,5547.3209
2024-01,SOUTH WEST,Vortioxetine,1953.0,48693.15,45991.27277
2024-01,SOUTH WEST,Flupentixol hydrochloride,967.0,3027.24,2935.91755
2024-01,SOUTH WEST,Tryptophan,3.0,196.0,184.89847
2024-01,SOUTH WEST,Reboxetine,248.0,4043.23,3833.04212
2024-01,SOUTH WEST,Venlafaxine,56929.0,398210.11,377997.99739
2024-01,SOUTH WEST,Mirtazapine,114111.0,139100.32,135749.80759
2024-01,SOUTH WEST,Duloxetine hydrochloride,36117.0,125932.77,119972.5686
2024-01,SOUTH WEST,Agomelatine,210.0,5031.04,4750.07535
2024-01,SOUTH WEST,Bupropion hydrochloride,175.0,6747.76,6369.54924
2024-01,UNIDENTIFIED,Flupentixol decanoate,9.0,135.79,128.91534
2024-01,UNIDENTIFIED,Amitriptyline hydrochloride,169.0,391.96,372.04766
2024-01,UNIDENTIFIED,Dosulepin hydrochloride,2.0,11.48,11.3345
2024-01,UNIDENTIFIED,Doxepin,1.0,308.0,290.35155
2024-01,UNIDENTIFIED,Nortriptyline,17.0,23.93,24.32036
2024-01,UNIDENTIFIED,Trazodone hydrochloride,30.0,66.01,64.05017
2024-01,UNIDENTIFIED,Citalopram hydrobromide,128.0,156.96,149.79332
2024-01,UNIDENTIFIED,Fluoxetine hydrochloride,84.0,307.79,295.50235
2024-01,UNIDENTIFIED,Fluvoxamine maleate,1.0,8.55,8.17214
2024-01,UNIDENTIFIED,Paroxetine hydrochloride,9.0,68.06,64.36012
2024-01,UNIDENTIFIED,Sertraline hydrochloride,286.0,851.53,809.97321
2024-01,UNIDENTIFIED,Escitalopram,18.0,26.86,25.52983
2024-01,UNIDENTIFIED,Vortioxetine,8.0,145.53,137.68444
2024-01,UNIDENTIFIED,Flupentixol hydrochloride,3.0,5.59,5.48461
2024-01,UNIDENTIFIED,Reboxetine,1.0,26.47,25.0646
2024-01,UNIDENTIFIED,Venlafaxine,87.0,458.46,437.1254
2024-01,UNIDENTIFIED,Mirtazapine,165.0,456.79,437.03619
2024-01,UNIDENTIFIED,Duloxetine hydrochloride,47.0,238.25,225.94555
2024-01,UNIDENTIFIED,Agomelatine,1.0,30.2,28.34366
2024-01,UNIDENTIFIED,Bupropion hydrochloride,1.0,100.0,94.27836
2024-02,EAST OF ENGLAND,Flupentixol hydrochloride,312.0,1432.39,1382.91532
2024-02,EAST OF ENGLAND,Flupentixol decanoate,277.0,3358.37,3172.83757
2024-02,EAST OF ENGLAND,Amitriptyline hydrochloride,162519.0,213922.41,205078.66566
2024-02,EAST OF ENGLAND,Clomipramine hydrochloride,2666.0,30488.38,28817.86835
2024-02,EAST OF ENGLAND,Dosulepin hydrochloride,3231.0,35608.17,33632.02554
2024-02,EAST OF ENGLAND,Doxepin,131.0,29465.5,27767.96541
2024-02,EAST OF ENGLAND,Imipramine hydrochloride,959.0,6111.28,5779.31589
2024-02,EAST OF ENGLAND,Lofepramine hydrochloride,1070.0,17816.67,16863.63163
2024-02,EAST OF ENGLAND,Mianserin hydrochloride,9.0,545.76,514.37796
2024-02,EAST OF ENGLAND,Nortriptyline,9306.0,36570.4,35283.01729
2024-02,EAST OF ENGLAND,Trazodone hydrochloride,7571.0,29574.6,28458.3512
2024-02,EAST OF ENGLAND,Trimipramine maleate,130.0,50446.86,47538.32472
2024-02,EAST OF ENGLAND,Isocarboxazid,21.0,10735.32,10116.36326
2024-02,EAST OF ENGLAND,Moclobemide,85.0,1703.25,1610.7295
2024-02,EAST OF ENGLAND,Phenelzine sulfate,70.0,8286.43,7813.48412
2024-02,EAST OF ENGLAND,Tranylcypromine sulfate,19.0,24440.65,23030.57646
2024-02,EAST OF ENGLAND,Citalopram hydrobromide,158747.0,166646.02,160212.29164
2024-02,EAST OF ENGLAND,Fluoxetine hydrochloride,69298.0,160757.96,154637.72435
2024-02,EAST OF ENGLAND,Fluvoxamine maleate,148.0,3015.9,2850.58826
2024-02,EAST OF ENGLAND,Paroxetine hydrochloride,13230.0,35723.65,34320.5564
2024-02,EAST OF ENGLAND,Sertraline hydrochloride,220174.0,409050.92,390489.75599
2024-02,EAST OF ENGLAND,Escitalopram,17828.0,27351.05,26165.04796
2024-02,EAST OF ENGLAND,Citalopram hydrochloride,770.0,7656.74,7223.97766
2024-02,EAST OF ENGLAND,Vortioxetine,3395.0,85581.54,80776.04028
2024-02,EAST OF ENGLAND,Flupentixol hydrochloride,1415.0,4019.83,3907.95471
2024-02,EAST OF ENGLAND,Tryptophan,5.0,546.0,514.54212
2024-02,EAST OF ENGLAND,Reboxetine,184.0,3332.86,3155.32957
2024-02,EAST OF ENGLAND,Venlafaxine,66793.0,424949.17,403236.59688
2024-02,EAST OF ENGLAND,Mirtazapine,104498.0,120430.63,117511.9027
2024-02,EAST OF ENGLAND,Duloxetine hydrochloride,32465.0,145246.31,137877.91234
2024-02,EAST OF ENGLAND,Agomelatine,141.0,2749.09,2597.91261
2024-02,EAST OF ENGLAND,Bupropion hydrochloride,326.0,15489.36,14607.90108
2024-02,LONDON,Flupentixol hydrochloride,594.0,2813.59,2717.19445
2024-02,LONDON,Flupentixol decanoate,524.0,13620.28,12860.88554
2024-02,LONDON,Amitriptyline hydrochloride,115210.0,133213.47,130872.13601
2024-02,LONDON,Clomipramine hydrochloride,1865.0,22451.11,21250.37269
2024-02,LONDON,Dosulepin hydrochloride,2588.0,25324.79,24016.68805
2024-02,LONDON,Doxepin,142.0,28334.75,26706.72604
2024-02,LONDON,Imipramine hydrochloride,816.0,2810.77,2691.98996
2024-02,LONDON,Lofepramine hydrochloride,993.0,15520.24,14709.04261
2024-02,LONDON,Mianserin hydrochloride,20.0,1447.09,1363.93224
2024-02,LONDON,Nortriptyline,8662.0,27745.91,27018.71052
2024-02,LONDON,Trazodone hydrochloride,5732.0,19211.5,18589.95914
2024-02,LONDON,Trimipramine maleate,243.0,94306.26,88875.93692
2024-02,LONDON,Isocarboxazid,14.0,4501.58,4242.98546
2024-02,LONDON,Moclobemide,74.0,1308.78,1239.07318
2024-02,LONDON,Phenelzine sulfate,36.0,6206.72,5851.60146
2024-02,LONDON,Tranylcypromine sulfate,46.0,69554.78,65542.22289
2024-02,LONDON,Citalopram hydrobromide,100313.0,109497.36,107483.95427
2024-02,LONDON,Fluoxetine hydrochloride,49409.0,115025.34,111972.76998
2024-02,LONDON,Fluvoxamine maleate,241.0,5632.82,5325.76109
2024-02,LONDON,Paroxetine hydrochloride,11091.0,29814.49,28949.94417
2024-02,LONDON,Sertraline hydrochloride,190043.0,370166.46,357137.50573
2024-02,LONDON,Escitalopram,17619.0,33476.55,32125.82566
2024-02,LONDON,Citalopram hydrochloride,359.0,3848.88,3631.22853
2024-02,LONDON,Vortioxetine,3129.0,85855.77,81058.27725
2024-02,LONDON,Flupentixol hydrochloride,842.0,2158.74,2115.00844
2024-02,LONDON,Tryptophan,7.0,828.0,780.60625
2024-02,LONDON,Reboxetine,122.0,2131.76,2018.6575
2024-02,LONDON,Venlafaxine,44119.0,296578.92,282686.21404
2024-02,LONDON,Mirtazapine,114656.0,121201.83,121372.39233
2024-02,LONDON,Duloxetine hydrochloride,27747.0,106858.37,102414.56883
2024-02,LONDON,Agomelatine,385.0,9534.25,9000.54072
2024-02,LONDON,Bupropion hydrochloride,656.0,27674.56,26132.40718
2024-02,MIDLANDS,Flupentixol hydrochloride,516.0,3215.02,3085.60568
2024-02,MIDLANDS,Flupentixol decanoate,481.0,12665.96,11965.67357
2024-02,MIDLANDS,Amitriptyline hydrochloride,262718.0,355490.35,340513.08177
2024-02,MIDLANDS,Clomipramine hydrochloride,3198.0,44139.84,41686.26937
2024-02,MIDLANDS,Dosulepin hydrochloride,5170.0,60307.06,56959.86948
2024-02,MIDLANDS,Doxepin,204.0,38069.79,35878.11673
2024-02,MIDLANDS,Imipramine hydrochloride,1782.0,10351.85,9793.48599
2024-02,MIDLANDS,Lofepramine hydrochloride,2181.0,44957.05,42506.64042
2024-02,MIDLANDS,Mianserin hydrochloride,13.0,988.17,931.48306
2024-02,MIDLANDS,Nortriptyline,13072.0,48622.84,47072.54835
2024-02,MIDLANDS,Trazodone hydrochloride,12583.0,41805.34,40329.59734
2024-02,MIDLANDS,Trimipramine maleate,146.0,66159.37,62344.15278
2024-02,MIDLANDS,Isocarboxazid,17.0,7119.36,6709.44105
2024-02,MIDLANDS,Moclobemide,123.0,2566.43,2427.7825
2024-02,MIDLANDS,Phenelzine sulfate,52.0,6480.0,6130.53553
2024-02,MIDLANDS,Tranylcypromine sulfate,43.0,41127.91,38756.80401
2024-02,MIDLANDS,Citalopram hydrobromide,214996.0,241190.62,231378.84818
2024-02,MIDLANDS,Fluoxetine hydrochloride,116902.0,260909.27,252663.86325
2024-02,MIDLANDS,Fluvoxamine maleate,279.0,5799.26,5487.19399
2024-02,MIDLANDS,Paroxetine hydrochloride,19409.0,53835.55,51923.39725
2024-02,MIDLANDS,Sertraline hydrochloride,382781.0,705508.32,673348.11239
2024-02,MIDLANDS,Escitalopram,26276.0,40686.36,38902.85123
2024-02,MIDLANDS,Citalopram hydrochloride,1132.0,12079.06,11395.46856
2024-02,MIDLANDS,Vortioxetine,5072.0,126216.09,119131.05206
2024-02,MIDLANDS,Flupentixol hydrochloride,2129.0,6486.62,6305.8009
2024-02,MIDLANDS,Oxitriptan,2.0,56.92,53.76017
2024-02,MIDLANDS,Tryptophan,16.0,1428.0,1406.24464
2024-02,MIDLANDS,Reboxetine,295.0,5012.77,4746.48993
2024-02,MIDLANDS,Venlafaxine,89671.0,650841.89,617485.27969
2024-02,MIDLANDS,Mirtazapine,184950.0,230641.14,223785.72312
2024-02,MIDLANDS,Duloxetine hydrochloride,64498.0,301154.26,285633.34878
2024-02,MIDLANDS,Agomelatine,276.0,6837.36,6452.02648
2024-02,MIDLANDS,Bupropion hydrochloride,287.0,10479.91,9894.24194
2024-02,NORTH EAST AND YORKSHIRE,Flupentixol hydrochloride,759.0,3426.28,3312.58769
2024-02,NORTH EAST AND YORKSHIRE,Flupentixol decanoate,466.0,8029.87,7590.36047
2024-02,NORTH EAST AND YORKSHIRE,Amitriptyline hydrochloride,268026.0,335434.86,325081.74031
2024-02,NORTH EAST AND YORKSHIRE,Clomipramine hydrochloride,3254.0,36630.92,34670.95681
2024-02,NORTH EAST AND YORKSHIRE,Dosulepin hydrochloride,4080.0,40425.29,38265.95639
2024-02,NORTH EAST AND YORKSHIRE,Doxepin,305.0,57970.13,54636.68913
2024-02,NORTH EAST AND YORKSHIRE,Imipramine hydrochloride,1549.0,6734.4,6404.85953
2024-02,NORTH EAST AND YORKSHIRE,Lofepramine hydrochloride,2575.0,41175.85,39010.5063
2024-02,NORTH EAST AND YORKSHIRE,Mianserin hydrochloride,6.0,292.72,275.8779
2024-02,NORTH EAST AND YORKSHIRE,Nortriptyline,13289.0,38919.79,38010.24163
2024-02,NORTH EAST AND YORKSHIRE,Trazodone hydrochloride,40197.0,98399.57,96163.06298
2024-02,NORTH EAST AND YORKSHIRE,Trimipramine maleate,195.0,54027.11,50921.50286
2024-02,NORTH EAST AND YORKSHIRE,Isocarboxazid,8.0,3288.15,3099.10323
2024-02,NORTH EAST AND YORKSHIRE,Moclobemide,142.0,2297.39,2176.04045
2024-02,NORTH EAST AND YORKSHIRE,Phenelzine sulfate,70.0,8103.15,7642.39292
2024-02,NORTH EAST AND YORKSHIRE,Tranylcypromine sulfate,33.0,42706.84,40243.59628
2024-02,NORTH EAST AND YORKSHIRE,Citalopram hydrobromide,188348.0,192085.67,186783.36126
2024-02,NORTH EAST AND YORKSHIRE,Fluoxetine hydrochloride,140434.0,259361.63,254503.6786
2024-02,NORTH EAST AND YORKSHIRE,Fluvoxamine maleate,253.0,4613.94,4368.66324
2024-02,NORTH EAST AND YORKSHIRE,Paroxetine hydrochloride,18452.0,42739.52,41594.25419
2024-02,NORTH EAST AND YORKSHIRE,Sertraline hydrochloride,373442.0,580055.33,559628.20015
2024-02,NORTH EAST AND YORKSHIRE,Escitalopram,19882.0,28255.37,27316.29485
2024-02,NORTH EAST AND YORKSHIRE,Citalopram hydrochloride,794.0,7947.94,7498.9195
2024-02,NORTH EAST AND YORKSHIRE,Vortioxetine,4538.0,87607.08,82842.43587
2024-02,NORTH EAST AND YORKSHIRE,Flupentixol hydrochloride,2188.0,5480.76,5379.60943
2024-02,NORTH EAST AND YORKSHIRE,Oxitriptan,1.0,19.75,18.72271
2024-02,NORTH EAST AND YORKSHIRE,Tryptophan,22.0,2296.0,2204.87983
2024-02,NORTH EAST AND YORKSHIRE,Reboxetine,443.0,5957.48,5656.80494
2024-02,NORTH EAST AND YORKSHIRE,Venlafaxine,75867.0,476607.88,454388.80589
2024-02,NORTH EAST AND YORKSHIRE,Mirtazapine,213251.0,216852.22,215675.80244
2024-02,NORTH EAST AND YORKSHIRE,Duloxetine hydrochloride,82445.0,320150.92,305656.38716
2024-02,NORTH EAST AND YORKSHIRE,Agomelatine,396.0,5232.23,4961.54734
2024-02,NORTH EAST AND YORKSHIRE,Bupropion hydrochloride,251.0,7841.85,7405.76721
2024-02,NORTH WEST,Flupentixol hydrochloride,414.0,2466.91,2370.88806
2024-02,NORTH WEST,Flupentixol decanoate,395.0,9639.73,9116.6016
2024-02,NORTH WEST,Amitriptyline hydrochloride,174510.0,226666.14,218073.09974
2024-02,NORTH WEST,Clomipramine hydrochloride,2728.0,35866.69,33895.11768
2024-02,NORTH WEST,Dosulepin hydrochloride,3809.0,43750.2,41336.87398
2024-02,NORTH WEST,Doxepin,154.0,31064.39,29276.88584
2024-02,NORTH WEST,Imipramine hydrochloride,881.0,4219.42,4003.15998
2024-02,NORTH WEST,Lofepramine hydrochloride,1035.0,19043.4,18022.40702
2024-02,NORTH WEST,Mianserin hydrochloride,10.0,605.28,570.47572
2024-02,NORTH WEST,Nortriptyline,12767.0,44504.05,43276.03535
2024-02,NORTH WEST,Trazodone hydrochloride,16424.0,61681.86,59503.73675
2024-02,NORTH WEST,Trimipramine maleate,103.0,36068.13,33989.56003
2024-02,NORTH WEST,Moclobemide,70.0,1326.56,1256.57755
2024-02,NORTH WEST,Phenelzine sulfate,31.0,3828.0,3610.08583
2024-02,NORTH WEST,Tranylcypromine sulfate,18.0,29824.95,28104.28249
2024-02,NORTH WEST,Citalopram hydrobromide,145602.0,156916.46,151047.50617
2024-02,NORTH WEST,Fluoxetine hydrochloride,88961.0,187408.09,183696.57891
2024-02,NORTH WEST,Fluvoxamine maleate,165.0,3061.81,2900.97123
2024-02,NORTH WEST,Paroxetine hydrochloride,16296.0,40715.73,39680.03561
2024-02,NORTH WEST,Sertraline hydrochloride,304848.0,493885.62,473703.72573
2024-02,NORTH WEST,Escitalopram,20396.0,31283.48,30026.3054
2024-02,NORTH WEST,Citalopram hydrochloride,688.0,6739.18,6360.18878
2024-02,NORTH WEST,Vortioxetine,4371.0,99068.31,93565.90386
2024-02,NORTH WEST,Flupentixol hydrochloride,1294.0,3884.88,3788.59042
2024-02,NORTH WEST,Tryptophan,6.0,441.0,416.02606
2024-02,NORTH WEST,Reboxetine,254.0,3690.83,3502.17172
2024-02,NORTH WEST,Venlafaxine,74712.0,471566.63,448666.27338
2024-02,NORTH WEST,Mirtazapine,182679.0,199188.28,195474.58767
2024-02,NORTH WEST,Duloxetine hydrochloride,55084.0,246026.27,233701.06806
2024-02,NORTH WEST,Agomelatine,157.0,2997.34,2832.69753
2024-02,NORTH WEST,Bupropion hydrochloride,389.0,12692.97,11984.83342
2024-02,SOUTH EAST,Flupentixol hydrochloride,257.0,1702.96,1632.65094
2024-02,SOUTH EAST,Flupentixol decanoate,426.0,6096.62,5759.9663
2024-02,SOUTH EAST,Amitriptyline hydrochloride,160648.0,245151.99,234985.80176
2024-02,SOUTH EAST,Clomipramine hydrochloride,2460.0,34461.02,32553.84313
2024-02,SOUTH EAST,Dosulepin hydrochloride,3971.0,48545.36,45866.67641
2024-02,SOUTH EAST,Doxepin,146.0,34683.05,32706.46707
2024-02,SOUTH EAST,Imipramine hydrochloride,1481.0,7276.54,6897.60116
2024-02,SOUTH EAST,Lofepramine hydrochloride,1046.0,21477.82,20308.22224
2024-02,SOUTH EAST,Mianserin hydrochloride,18.0,1037.84,978.1612
2024-02,SOUTH EAST,Nortriptyline,10435.0,51194.08,49192.7342
2024-02,SOUTH EAST,Trazodone hydrochloride,14406.0,48854.63,47161.68201
2024-02,SOUTH EAST,Trimipramine maleate,239.0,108657.29,102394.0654
2024-02,SOUTH EAST,Isocarboxazid,9.0,3870.42,3647.98517
2024-02,SOUTH EAST,Moclobemide,128.0,2814.0,2660.04058
2024-02,SOUTH EAST,Phenelzine sulfate,81.0,11268.0,10624.97327
2024-02,SOUTH EAST,Tranylcypromine sulfate,85.0,140469.46,132365.37218
2024-02,SOUTH EAST,Citalopram hydrobromide,152139.0,189785.75,182272.39618
2024-02,SOUTH EAST,Fluoxetine hydrochloride,76654.0,193171.33,186598.73476
2024-02,SOUTH EAST,Fluvoxamine maleate,178.0,4106.58,3880.83867
2024-02,SOUTH EAST,Paroxetine hydrochloride,13285.0,41522.73,39966.20949
2024-02,SOUTH EAST,Sertraline hydrochloride,263161.0,556328.74,530827.41481
2024-02,SOUTH EAST,Escitalopram,31181.0,53677.74,51320.69083
2024-02,SOUTH EAST,Citalopram hydrochloride,948.0,9765.62,9213.39467
2024-02,SOUTH EAST,Vortioxetine,6589.0,170382.96,160847.72356
2024-02,SOUTH EAST,Flupentixol hydrochloride,1077.0,3602.52,3485.98998
2024-02,SOUTH EAST,Oxitriptan,1.0,792.0,746.30925
2024-02,SOUTH EAST,Tryptophan,18.0,1736.0,1636.7456
2024-02,SOUTH EAST,Reboxetine,218.0,3816.7,3615.49551
2024-02,SOUTH EAST,Venlafaxine,66910.0,531886.37,504704.22919
2024-02,SOUTH EAST,Mirtazapine,132041.0,171999.77,167424.42252
2024-02,SOUTH EAST,Duloxetine hydrochloride,42677.0,216787.19,205753.51131
2024-02,SOUTH EAST,Agomelatine,711.0,16210.94,15304.17899
2024-02,SOUTH EAST,Bupropion hydrochloride,371.0,14054.56,13262.44246
2024-02,SOUTH WEST,Flupentixol hydrochloride,282.0,1701.99,1633.7353
2024-02,SOUTH WEST,Flupentixol decanoate,341.0,5871.82,5540.63344
2024-02,SOUTH WEST,Amitriptyline hydrochloride,142279.0,207175.54,198642.98701
2024-02,SOUTH WEST,Clomipramine hydrochloride,1704.0,23212.83,21933.21603
2024-02,SOUTH WEST,Dosulepin hydrochloride,2731.0,32835.64,31021.59786
2024-02,SOUTH WEST,Doxepin,162.0,32720.94,30839.79334
2024-02,SOUTH WEST,Imipramine hydrochloride,1054.0,3634.72,3454.70408
2024-02,SOUTH WEST,Lofepramine hydrochloride,1079.0,20913.1,19776.16342
2024-02,SOUTH WEST,Mianserin hydrochloride,10.0,487.79,459.8656
2024-02,SOUTH WEST,Nortriptyline,6246.0,21991.78,21286.92031
2024-02,SOUTH WEST,Trazodone hydrochloride,8763.0,27942.54,26979.31777
2024-02,SOUTH WEST,Trimipramine maleate,116.0,40466.71,38136.45275
2024-02,SOUTH WEST,Isocarboxazid,53.0,14507.89,13675.08059
2024-02,SOUTH WEST,Moclobemide,90.0,1793.52,1695.53996
2024-02,SOUTH WEST,Phenelzine sulfate,38.0,4882.56,4604.02861
2024-02,SOUTH WEST,Tranylcypromine sulfate,45.0,79055.41,74494.85995
2024-02,SOUTH WEST,Citalopram hydrobromide,119618.0,142477.18,136899.87094
2024-02,SOUTH WEST,Fluoxetine hydrochloride,55490.0,126117.75,121894.29883
2024-02,SOUTH WEST,Fluvoxamine maleate,119.0,2643.1,2504.44965
2024-02,SOUTH WEST,Paroxetine hydrochloride,9787.0,29288.18,28164.22892
2024-02,SOUTH WEST,Sertraline hydrochloride,181669.0,341644.91,326515.26592
2024-02,SOUTH WEST,Escitalopram,17506.0,28190.16,27015.57562
2024-02,SOUTH WEST,Citalopram hydrochloride,558.0,5506.2,5195.05653
2024-02,SOUTH WEST,Vortioxetine,1758.0,44572.77,42076.85608
2024-02,SOUTH WEST,Flupentixol hydrochloride,905.0,2881.72,2791.05719
2024-02,SOUTH WEST,Reboxetine,196.0,3054.3,2895.16822
2024-02,SOUTH WEST,Venlafaxine,52737.0,365328.99,346635.09272
2024-02,SOUTH WEST,Mirtazapine,106652.0,129405.67,126262.15068
2024-02,SOUTH WEST,Duloxetine hydrochloride,34050.0,157121.1,149255.94878
2024-02,SOUTH WEST,Agomelatine,178.0,3871.02,3654.99733
2024-02,SOUTH WEST,Bupropion hydrochloride,213.0,9082.15,8587.36138
2024-02,UNIDENTIFIED,Flupentixol decanoate,2.0,32.02,30.39706
2024-02,UNIDENTIFIED,Amitriptyline hydrochloride,145.0,172.65,164.91757
2024-02,UNIDENTIFIED,Lofepramine hydrochloride,2.0,50.88,48.16872
2024-02,UNIDENTIFIED,Nortriptyline,11.0,16.33,16.48934
2024-02,UNIDENTIFIED,Trazodone hydrochloride,16.0,41.81,40.0847
2024-02,UNIDENTIFIED,Citalopram hydrobromide,141.0,187.91,179.4832
2024-02,UNIDENTIFIED,Fluoxetine hydrochloride,86.0,298.84,287.55643
2024-02,UNIDENTIFIED,Fluvoxamine maleate,1.0,17.1,16.12563
2024-02,UNIDENTIFIED,Paroxetine hydrochloride,9.0,17.24,16.82468
2024-02,UNIDENTIFIED,Sertraline hydrochloride,270.0,982.58,935.9617
2024-02,UNIDENTIFIED,Escitalopram,17.0,23.76,22.95288
2024-02,UNIDENTIFIED,Vortioxetine,3.0,69.3,65.53817
2024-02,UNIDENTIFIED,Flupentixol hydrochloride,4.0,18.79,17.92925
2024-02,UNIDENTIFIED,Venlafaxine,67.0,347.43,331.95009
2024-02,UNIDENTIFIED,Mirtazapine,133.0,179.24,173.0672
2024-02,UNIDENTIFIED,Duloxetine hydrochloride,45.0,213.35,202.37855
2024-02,UNIDENTIFIED,Agomelatine,2.0,60.36,56.73983
2024-03,EAST OF ENGLAND,Flupentixol hydrochloride,298.0,1409.72,1357.56642
2024-03,EAST OF ENGLAND,Flupentixol decanoate,270.0,3595.99,3393.79627
2024-03,EAST OF ENGLAND,Amitriptyline hydrochloride,166380.0,217337.13,208095.28829
2024-03,EAST OF ENGLAND,Clomipramine hydrochloride,2784.0,31076.53,29335.8015
2024-03,EAST OF ENGLAND,Dosulepin hydrochloride,3209.0,34560.43,32600.56045
2024-03,EAST OF ENGLAND,Doxepin,118.0,25692.0,24177.57756
2024-03,EAST OF ENGLAND,Imipramine hydrochloride,976.0,4666.09,4412.14406
2024-03,EAST OF ENGLAND,Lofepramine hydrochloride,1109.0,20655.86,19515.85083
2024-03,EAST OF ENGLAND,Mianserin hydrochloride,12.0,759.12,714.45365
2024-03,EAST OF ENGLAND,Nortriptyline,9636.0,39079.14,37633.42906
2024-03,EAST OF ENGLAND,Trazodone hydrochloride,7911.0,29674.03,28541.73628
2024-03,EAST OF ENGLAND,Trimipramine maleate,133.0,54286.87,51086.27124
2024-03,EAST OF ENGLAND,Isocarboxazid,19.0,8709.61,8196.39786
2024-03,EAST OF ENGLAND,Moclobemide,79.0,1574.94,1487.70574
2024-03,EAST OF ENGLAND,Phenelzine sulfate,65.0,6950.59,6545.76441
2024-03,EAST OF ENGLAND,Tranylcypromine sulfate,21.0,27013.35,25419.37594
2024-03,EAST OF ENGLAND,Citalopram hydrobromide,161894.0,169654.43,162887.05562
2024-03,EAST OF ENGLAND,Fluoxetine hydrochloride,70887.0,164518.34,158036.469
2024-03,EAST OF ENGLAND,Fluvoxamine maleate,160.0,2952.71,2788.91621
2024-03,EAST OF ENGLAND,Paroxetine hydrochloride,13459.0,36794.79,35276.24192
2024-03,EAST OF ENGLAND,Sertraline hydrochloride,226450.0,430182.42,410003.12618
2024-03,EAST OF ENGLAND,Escitalopram,18364.0,27734.89,26505.90785
2024-03,EAST OF ENGLAND,Citalopram hydrochloride,806.0,7980.84,7519.27709
2024-03,EAST OF ENGLAND,Vortioxetine,3553.0,88939.62,83829.81636
2024-03,EAST OF ENGLAND,Flupentixol hydrochloride,1461.0,4263.71,4135.9587
2024-03,EAST OF ENGLAND,Tryptophan,7.0,532.0,520.88851
2024-03,EAST OF ENGLAND,Reboxetine,197.0,3596.95,3399.9675
2024-03,EAST OF ENGLAND,Venlafaxine,68949.0,438330.3,415333.3857
2024-03,EAST OF ENGLAND,Mirtazapine,107290.0,122691.01,119618.00374
2024-03,EAST OF ENGLAND,Duloxetine hydrochloride,33496.0,133340.39,126509.10079
2024-03,EAST OF ENGLAND,Agomelatine,125.0,2904.65,2737.89601
2024-03,EAST OF ENGLAND,Bupropion hydrochloride,369.0,18726.75,17635.6381
2024-03,LONDON,Flupentixol hydrochloride,619.0,2930.03,2825.97714
2024-03,LONDON,Flupentixol decanoate,477.0,13583.07,12806.43478
2024-03,LONDON,Amitriptyline hydrochloride,117758.0,138532.05,135820.96301
2024-03,LONDON,Clomipramine hydrochloride,1872.0,25197.83,23799.58375
2024-03,LONDON,Dosulepin hydrochloride,2648.0,27036.29,25591.36122
2024-03,LONDON,Doxepin,140.0,30418.29,28629.95908
2024-03,LONDON,Imipramine hydrochloride,788.0,2758.18,2638.76557
2024-03,LONDON,Lofepramine hydrochloride,986.0,17038.94,16118.03952
2024-03,LONDON,Mianserin hydrochloride,15.0,847.18,797.36602
2024-03,LONDON,Nortriptyline,9119.0,32389.33,31400.41059
2024-03,LONDON,Trazodone hydrochloride,5751.0,18297.41,17704.62121
2024-03,LONDON,Trimipramine maleate,251.0,101828.19,95830.77136
2024-03,LONDON,Isocarboxazid,23.0,5582.92,5255.60503
2024-03,LONDON,Moclobemide,59.0,1359.54,1283.6325
2024-03,LONDON,Phenelzine sulfate,54.0,7909.2,7446.87393
2024-03,LONDON,Tranylcypromine sulfate,51.0,69040.28,64967.80172
2024-03,LONDON,Citalopram hydrobromide,101656.0,112007.48,109704.98213
2024-03,LONDON,Fluoxetine hydrochloride,49989.0,118892.86,115507.29644
2024-03,LONDON,Fluvoxamine maleate,216.0,4650.97,4392.95133
2024-03,LONDON,Paroxetine hydrochloride,11220.0,29103.55,28248.70751
2024-03,LONDON,Sertraline hydrochloride,193408.0,383061.3,368853.55519
2024-03,LONDON,Escitalopram,18114.0,34082.68,32666.9579
2024-03,LONDON,Citalopram hydrochloride,402.0,4308.64,4059.33164
2024-03,LONDON,Vortioxetine,3168.0,88082.28,83040.00463
2024-03,LONDON,Flupentixol hydrochloride,813.0,2074.62,2030.7583
2024-03,LONDON,Oxitriptan,2.0,87.61,82.56411
2024-03,LONDON,Tryptophan,13.0,632.0,595.861
2024-03,LONDON,Reboxetine,144.0,2313.59,2189.82903
2024-03,LONDON,Venlafaxine,44611.0,293629.06,279519.14584
2024-03,LONDON,Mirtazapine,115654.0,122170.88,122153.95408
2024-03,LONDON,Duloxetine hydrochloride,28375.0,97338.02,93337.73692
2024-03,LONDON,Agomelatine,370.0,8342.94,7868.33349
2024-03,LONDON,Bupropion hydrochloride,695.0,29011.95,27338.70214
2024-03,MIDLANDS,Flupentixol hydrochloride,502.0,3111.82,2982.25075
2024-03,MIDLANDS,Flupentixol decanoate,470.0,10014.61,9540.14735
2024-03,MIDLANDS,Amitriptyline hydrochloride,265487.0,364209.82,348320.92323
2024-03,MIDLANDS,Clomipramine hydrochloride,3251.0,43815.35,41327.18164
2024-03,MIDLANDS,Dosulepin hydrochloride,5224.0,60298.0,56874.67123
2024-03,MIDLANDS,Doxepin,208.0,37730.11,35508.57295
2024-03,MIDLANDS,Imipramine hydrochloride,1745.0,8976.43,8481.7762
2024-03,MIDLANDS,Lofepramine hydrochloride,2224.0,50175.69,47362.84089
2024-03,MIDLANDS,Mianserin hydrochloride,8.0,1014.6,954.8182
2024-03,MIDLANDS,Nortriptyline,13504.0,51531.91,49790.48307
2024-03,MIDLANDS,Trazodone hydrochloride,12636.0,42428.7,40862.59943
2024-03,MIDLANDS,Trimipramine maleate,174.0,61572.76,57945.27373
2024-03,MIDLANDS,Isocarboxazid,16.0,9967.12,9379.36569
2024-03,MIDLANDS,Moclobemide,108.0,2127.19,2010.50955
2024-03,MIDLANDS,Phenelzine sulfate,52.0,7165.95,6747.61559
2024-03,MIDLANDS,Tranylcypromine sulfate,41.0,51804.59,48748.71408
2024-03,MIDLANDS,Citalopram hydrobromide,216875.0,244010.11,233769.24944
2024-03,MIDLANDS,Fluoxetine hydrochloride,117899.0,264192.2,255441.3316
2024-03,MIDLANDS,Fluvoxamine maleate,269.0,5015.22,4741.32427
2024-03,MIDLANDS,Paroxetine hydrochloride,19643.0,55228.46,53167.84261
2024-03,MIDLANDS,Sertraline hydrochloride,389217.0,737427.6,702539.24516
2024-03,MIDLANDS,Escitalopram,27070.0,42274.31,40367.5333
2024-03,MIDLANDS,Citalopram hydrochloride,1167.0,11870.74,11184.13609
2024-03,MIDLANDS,Vortioxetine,5209.0,128843.55,121445.95942
2024-03,MIDLANDS,Flupentixol hydrochloride,2179.0,6639.42,6470.87074
2024-03,MIDLANDS,Oxitriptan,3.0,90.4,85.20186
2024-03,MIDLANDS,Tryptophan,19.0,1358.0,1279.15018
2024-03,MIDLANDS,Reboxetine,297.0,4682.79,4429.60159
2024-03,MIDLANDS,Venlafaxine,91468.0,663679.53,628780.57481
2024-03,MIDLANDS,Mirtazapine,187364.0,230896.69,223857.43932
2024-03,MIDLANDS,Duloxetine hydrochloride,65446.0,271036.66,256910.42495
2024-03,MIDLANDS,Agomelatine,283.0,7003.56,6599.30003
2024-03,MIDLANDS,Bupropion hydrochloride,298.0,10397.67,9802.7536
2024-03,NORTH EAST AND YORKSHIRE,Flupentixol hydrochloride,734.0,3255.17,3144.59163
2024-03,NORTH EAST AND YORKSHIRE,Flupentixol decanoate,432.0,7729.76,7297.11757
2024-03,NORTH EAST AND YORKSHIRE,Amitriptyline hydrochloride,271445.0,339737.85,328817.53927
2024-03,NORTH EAST AND YORKSHIRE,Clomipramine hydrochloride,3369.0,38053.01,35967.32041
2024-03,NORTH EAST AND YORKSHIRE,Dosulepin hydrochloride,3956.0,40816.81,38563.11534
2024-03,NORTH EAST AND YORKSHIRE,Doxepin,295.0,53844.04,50679.58484
2024-03,NORTH EAST AND YORKSHIRE,Imipramine hydrochloride,1550.0,8222.62,7797.43948
2024-03,NORTH EAST AND YORKSHIRE,Lofepramine hydrochloride,2548.0,43616.4,41244.91638
2024-03,NORTH EAST AND YORKSHIRE,Mianserin hydrochloride,14.0,884.42,832.34615
2024-03,NORTH EAST AND YORKSHIRE,Nortriptyline,13572.0,35182.21,34470.90226
2024-03,NORTH EAST AND YORKSHIRE,Trazodone hydrochloride,40190.0,97114.83,94824.78068
2024-03,NORTH EAST AND YORKSHIRE,Trimipramine maleate,198.0,54764.44,51544.31014
2024-03,NORTH EAST AND YORKSHIRE,Isocarboxazid,2.0,822.04,773.74856
2024-03,NORTH EAST AND YORKSHIRE,Moclobemide,131.0,1903.31,1802.77758
2024-03,NORTH EAST AND YORKSHIRE,Phenelzine sulfate,62.0,6265.63,5902.29311
2024-03,NORTH EAST AND YORKSHIRE,Tranylcypromine sulfate,34.0,42927.36,40395.2254
2024-03,NORTH EAST AND YORKSHIRE,Citalopram hydrobromide,189747.0,193542.73,187969.485
2024-03,NORTH EAST AND YORKSHIRE,Fluoxetine hydrochloride,142288.0,264469.41,259090.92233
2024-03,NORTH EAST AND YORKSHIRE,Fluvoxamine maleate,244.0,4963.59,4690.61814
2024-03,NORTH EAST AND YORKSHIRE,Paroxetine hydrochloride,18812.0,42425.57,41275.90188
2024-03,NORTH EAST AND YORKSHIRE,Sertraline hydrochloride,378939.0,623746.61,600183.61866
2024-03,NORTH EAST AND YORKSHIRE,Escitalopram,20384.0,28965.19,27964.09578
2024-03,NORTH EAST AND YORKSHIRE,Citalopram hydrochloride,823.0,8245.58,7768.97508
2024-03,NORTH EAST AND YORKSHIRE,Vortioxetine,4623.0,89230.68,84260.36783
2024-03,NORTH EAST AND YORKSHIRE,Flupentixol hydrochloride,2158.0,5531.42,5416.03528
2024-03,NORTH EAST AND YORKSHIRE,Oxitriptan,1.0,14.81,14.04832
2024-03,NORTH EAST AND YORKSHIRE,Tryptophan,42.0,1932.0,1822.08308
2024-03,NORTH EAST AND YORKSHIRE,Reboxetine,450.0,5944.24,5638.33374
2024-03,NORTH EAST AND YORKSHIRE,Venlafaxine,77190.0,483924.67,460687.25623
2024-03,NORTH EAST AND YORKSHIRE,Mirtazapine,215971.0,216296.17,215019.5732
2024-03,NORTH EAST AND YORKSHIRE,Duloxetine hydrochloride,84721.0,288437.96,275511.07198
2024-03,NORTH EAST AND YORKSHIRE,Agomelatine,424.0,5450.8,5164.19319
2024-03,NORTH EAST AND YORKSHIRE,Bupropion hydrochloride,318.0,10156.08,9577.03201
2024-03,NORTH WEST,Flupentixol hydrochloride,427.0,2451.69,2354.77508
2024-03,NORTH WEST,Flupentixol decanoate,394.0,9117.36,8611.95166
2024-03,NORTH WEST,Amitriptyline hydrochloride,177227.0,231333.66,222270.68537
2024-03,NORTH WEST,Clomipramine hydrochloride,2826.0,36434.79,34387.44415
2024-03,NORTH WEST,Dosulepin hydrochloride,3915.0,44241.44,41751.57581
2024-03,NORTH WEST,Doxepin,160.0,30830.29,29015.76644
2024-03,NORTH WEST,Imipramine hydrochloride,885.0,3909.58,3706.92749
2024-03,NORTH WEST,Lofepramine hydrochloride,1095.0,22861.26,21593.19607
2024-03,NORTH WEST,Mianserin hydrochloride,9.0,662.36,623.37956
2024-03,NORTH WEST,Nortriptyline,13016.0,45209.32,43901.69242
2024-03,NORTH WEST,Trazodone hydrochloride,16631.0,61807.57,59564.9439
2024-03,NORTH WEST,Trimipramine maleate,106.0,37306.03,35107.15533
2024-03,NORTH WEST,Isocarboxazid,1.0,1096.04,1031.36486
2024-03,NORTH WEST,Moclobemide,66.0,1191.99,1127.75802
2024-03,NORTH WEST,Phenelzine sulfate,33.0,4220.4,3974.524
2024-03,NORTH WEST,Tranylcypromine sulfate,12.0,10437.82,9822.12332
2024-03,NORTH WEST,Citalopram hydrobromide,147353.0,158816.26,152682.92531
2024-03,NORTH WEST,Fluoxetine hydrochloride,90089.0,192196.45,188051.62426
2024-03,NORTH WEST,Fluvoxamine maleate,203.0,3676.26,3478.10679
2024-03,NORTH WEST,Paroxetine hydrochloride,16288.0,41156.05,40040.82081
2024-03,NORTH WEST,Sertraline hydrochloride,309538.0,513806.62,491895.73998
2024-03,NORTH WEST,Escitalopram,20856.0,31251.54,29974.86562
2024-03,NORTH WEST,Citalopram hydrochloride,675.0,6687.8,6302.38567
2024-03,NORTH WEST,Vortioxetine,4517.0,101507.67,95740.9558
2024-03,NORTH WEST,Flupentixol hydrochloride,1274.0,3836.61,3735.13718
2024-03,NORTH WEST,Tryptophan,3.0,336.0,316.4067
2024-03,NORTH WEST,Reboxetine,252.0,3873.28,3668.7816
2024-03,NORTH WEST,Venlafaxine,76251.0,491575.54,466961.77337
2024-03,NORTH WEST,Mirtazapine,184459.0,201273.92,197318.05238
2024-03,NORTH WEST,Duloxetine hydrochloride,56524.0,223993.27,212721.05795
2024-03,NORTH WEST,Agomelatine,162.0,2958.16,2791.74314
2024-03,NORTH WEST,Bupropion hydrochloride,397.0,13113.41,12364.57558
2024-03,SOUTH EAST,Flupentixol hydrochloride,263.0,1829.49,1750.16348
2024-03,SOUTH EAST,Flupentixol decanoate,385.0,7031.71,6631.78479
2024-03,SOUTH EAST,Amitriptyline hydrochloride,163076.0,250160.33,239417.65023
2024-03,SOUTH EAST,Clomipramine hydrochloride,2579.0,36667.36,34591.14453
2024-03,SOUTH EAST,Dosulepin hydrochloride,4064.0,49017.24,46251.21415
2024-03,SOUTH EAST,Doxepin,153.0,37436.69,35231.55031
2024-03,SOUTH EAST,Imipramine hydrochloride,1463.0,11213.37,10592.95222
2024-03,SOUTH EAST,Lofepramine hydrochloride,1033.0,23305.53,21994.99208
2024-03,SOUTH EAST,Mianserin hydrochloride,18.0,904.26,851.10202
2024-03,SOUTH EAST,Nortriptyline,10738.0,48425.99,46548.628
2024-03,SOUTH EAST,Trazodone hydrochloride,14312.0,45847.14,44254.12365
2024-03,SOUTH EAST,Trimipramine maleate,235.0,101155.54,95193.53553
2024-03,SOUTH EAST,Isocarboxazid,11.0,5240.46,4931.90798
2024-03,SOUTH EAST,Moclobemide,127.0,2704.49,2554.34849
2024-03,SOUTH EAST,Phenelzine sulfate,82.0,11757.6,11071.16635
2024-03,SOUTH EAST,Tranylcypromine sulfate,85.0,154490.71,145375.31423
2024-03,SOUTH EAST,Citalopram hydrobromide,154742.0,193630.09,185683.82519
2024-03,SOUTH EAST,Fluoxetine hydrochloride,77997.0,197985.31,190953.52111
2024-03,SOUTH EAST,Fluvoxamine maleate,183.0,3830.41,3616.84898
2024-03,SOUTH EAST,Paroxetine hydrochloride,13478.0,40958.0,39392.90827
2024-03,SOUTH EAST,Sertraline hydrochloride,270626.0,589712.42,561701.38038
2024-03,SOUTH EAST,Escitalopram,31666.0,54168.48,51731.60861
2024-03,SOUTH EAST,Citalopram hydrochloride,954.0,9803.36,9236.26672
2024-03,SOUTH EAST,Vortioxetine,6555.0,171367.02,161539.41076
2024-03,SOUTH EAST,Flupentixol hydrochloride,1107.0,3485.24,3375.45993
2024-03,SOUTH EAST,Tryptophan,8.0,994.0,935.5092
2024-03,SOUTH EAST,Reboxetine,236.0,4394.68,4154.68648
2024-03,SOUTH EAST,Venlafaxine,68515.0,542506.01,514052.94622
2024-03,SOUTH EAST,Mirtazapine,133928.0,172353.06,167606.28844
2024-03,SOUTH EAST,Duloxetine hydrochloride,43734.0,199014.94,188773.96884
2024-03,SOUTH EAST,Agomelatine,711.0,15696.74,14798.14965
2024-03,SOUTH EAST,Bupropion hydrochloride,476.0,17979.35,16943.6496
2024-03,SOUTH WEST,Flupentixol hydrochloride,297.0,1961.73,1877.30879
2024-03,SOUTH WEST,Flupentixol decanoate,336.0,5560.22,5240.1004
2024-03,SOUTH WEST,Amitriptyline hydrochloride,146034.0,212507.88,203491.72797
2024-03,SOUTH WEST,Clomipramine hydrochloride,1793.0,23959.92,22608.59252
2024-03,SOUTH WEST,Dosulepin hydrochloride,2728.0,33191.43,31309.09064
2024-03,SOUTH WEST,Doxepin,164.0,32945.92,31009.10851
2024-03,SOUTH WEST,Imipramine hydrochloride,1102.0,4055.99,3847.54736
2024-03,SOUTH WEST,Lofepramine hydrochloride,1067.0,24037.5,22687.5618
2024-03,SOUTH WEST,Mianserin hydrochloride,7.0,658.14,619.58382
2024-03,SOUTH WEST,Nortriptyline,6579.0,22688.15,21957.9336
2024-03,SOUTH WEST,Trazodone hydrochloride,8907.0,25619.5,24768.53343
2024-03,SOUTH WEST,Trimipramine maleate,92.0,34135.8,32124.49532
2024-03,SOUTH WEST,Isocarboxazid,38.0,11131.66,10477.79853
2024-03,SOUTH WEST,Moclobemide,80.0,1927.41,1818.26081
2024-03,SOUTH WEST,Phenelzine sulfate,44.0,4683.36,4410.8224
2024-03,SOUTH WEST,Tranylcypromine sulfate,44.0,62994.43,59278.3373
2024-03,SOUTH WEST,Citalopram hydrobromide,121656.0,145583.91,139664.11795
2024-03,SOUTH WEST,Fluoxetine hydrochloride,57093.0,129156.3,124699.80294
2024-03,SOUTH WEST,Fluvoxamine maleate,118.0,2711.79,2559.91835
2024-03,SOUTH WEST,Paroxetine hydrochloride,10091.0,30523.79,29326.59796
2024-03,SOUTH WEST,Sertraline hydrochloride,186824.0,364219.68,347407.38212
2024-03,SOUTH WEST,Escitalopram,18016.0,29172.3,27889.20154
2024-03,SOUTH WEST,Citalopram hydrochloride,557.0,5548.62,5227.81517
2024-03,SOUTH WEST,Vortioxetine,1834.0,46605.24,43936.26117
2024-03,SOUTH WEST,Flupentixol hydrochloride,904.0,2864.95,2772.7032
2024-03,SOUTH WEST,Tryptophan,2.0,154.0,145.03583
2024-03,SOUTH WEST,Reboxetine,224.0,3772.58,3569.12964
2024-03,SOUTH WEST,Venlafaxine,54695.0,380129.23,360201.69695
2024-03,SOUTH WEST,Mirtazapine,108417.0,131038.49,127695.11981
2024-03,SOUTH WEST,Duloxetine hydrochloride,34849.0,143133.96,135907.31392
2024-03,SOUTH WEST,Agomelatine,192.0,4608.29,4343.88106
2024-03,SOUTH WEST,Bupropion hydrochloride,232.0,9292.35,8753.15044
2024-03,UNIDENTIFIED,Flupentixol hydrochloride,1.0,3.9,3.78222
2024-03,UNIDENTIFIED,Flupentixol decanoate,4.0,54.57,51.79892
2024-03,UNIDENTIFIED,Amitriptyline hydrochloride,134.0,163.07,155.8151
2024-03,UNIDENTIFIED,Lofepramine hydrochloride,1.0,28.8,27.21264
2024-03,UNIDENTIFIED,Nortriptyline,11.0,15.88,16.06538
2024-03,UNIDENTIFIED,Trazodone hydrochloride,15.0,34.69,33.70028
2024-03,UNIDENTIFIED,Citalopram hydrobromide,121.0,148.04,141.20681
2024-03,UNIDENTIFIED,Fluoxetine hydrochloride,77.0,319.07,305.64407
2024-03,UNIDENTIFIED,Paroxetine hydrochloride,15.0,25.29,24.76806
2024-03,UNIDENTIFIED,Sertraline hydrochloride,239.0,719.33,685.75994
2024-03,UNIDENTIFIED,Escitalopram,17.0,23.87,23.35387
2024-03,UNIDENTIFIED,Citalopram hydrochloride,1.0,8.26,7.77552
2024-03,UNIDENTIFIED,Vortioxetine,1.0,27.72,26.09638
2024-03,UNIDENTIFIED,Flupentixol hydrochloride,3.0,16.2,15.47557
2024-03,UNIDENTIFIED,Venlafaxine,77.0,543.54,515.81839
2024-03,UNIDENTIFIED,Mirtazapine,130.0,156.98,152.80617
2024-03,UNIDENTIFIED,Duloxetine hydrochloride,38.0,218.26,206.17341
2024-03,UNIDENTIFIED,Agomelatine,2.0,60.32,56.71623
2024-04,EAST OF ENGLAND,Flupentixol hydrochloride,352.0,1503.33,1460.77283
2024-04,EAST OF ENGLAND,Flupentixol decanoate,289.0,3573.15,3355.56761
2024-04,EAST OF ENGLAND,Amitriptyline hydrochloride,170758.0,217609.84,179976.276
2024-04,EAST OF ENGLAND,Clomipramine hydrochloride,2824.0,33573.65,27290.12076
2024-04,EAST OF ENGLAND,Dosulepin hydrochloride,3302.0,46497.87,37876.96114
2024-04,EAST OF ENGLAND,Doxepin,134.0,30150.7,29946.40727
2024-04,EAST OF ENGLAND,Imipramine hydrochloride,964.0,4255.78,3637.58162
2024-04,EAST OF ENGLAND,Lofepramine hydrochloride,1100.0,19685.72,19591.06621
2024-04,EAST OF ENGLAND,Mianserin hydrochloride,11.0,584.22,558.24377
2024-04,EAST OF ENGLAND,Nortriptyline,9823.0,37254.97,37077.44862
2024-04,EAST OF ENGLAND,Trazodone hydrochloride,8184.0,30671.48,28868.87491
2024-04,EAST OF ENGLAND,Trimipramine maleate,138.0,52123.42,51462.31608
2024-04,EAST OF ENGLAND,Isocarboxazid,16.0,8797.68,8798.0784
2024-04,EAST OF ENGLAND,Moclobemide,80.0,1651.69,1566.38061
2024-04,EAST OF ENGLAND,Phenelzine sulfate,74.0,8017.63,7959.98687
2024-04,EAST OF ENGLAND,Tranylcypromine sulfate,22.0,31282.5,30851.81774
2024-04,EAST OF ENGLAND,Citalopram hydrobromide,165547.0,148883.67,123936.05494
2024-04,EAST OF ENGLAND,Fluoxetine hydrochloride,72896.0,162942.17,143442.29981
2024-04,EAST OF ENGLAND,Fluvoxamine maleate,159.0,2852.1,2702.08524
2024-04,EAST OF ENGLAND,Paroxetine hydrochloride,13728.0,35420.1,30305.70839
2024-04,EAST OF ENGLAND,Sertraline hydrochloride,232377.0,418821.03,353575.89777
2024-04,EAST OF ENGLAND,Escitalopram,18859.0,35679.94,35416.9852
2024-04,EAST OF ENGLAND,Citalopram hydrochloride,781.0,13691.15,11049.91818
2024-04,EAST OF ENGLAND,Vortioxetine,3714.0,91202.76,86269.8207
2024-04,EAST OF ENGLAND,Flupentixol hydrochloride,1478.0,4185.06,4081.14428
2024-04,EAST OF ENGLAND,Tryptophan,7.0,518.0,489.71985
2024-04,EAST OF ENGLAND,Reboxetine,189.0,3636.36,3448.48732
2024-04,EAST OF ENGLAND,Venlafaxine,70648.0,450106.56,413510.76793
2024-04,EAST OF ENGLAND,Mirtazapine,109550.0,129367.68,111472.45581
2024-04,EAST OF ENGLAND,Duloxetine hydrochloride,34793.0,130154.78,125520.46821
2024-04,EAST OF ENGLAND,Agomelatine,140.0,3041.25,2507.80052
2024-04,EAST OF ENGLAND,Bupropion hydrochloride,360.0,13935.37,13200.0577
2024-04,LONDON,Flupentixol hydrochloride,598.0,2994.4,2911.46578
2024-04,LONDON,Flupentixol decanoate,469.0,14731.06,14005.93566
2024-04,LONDON,Amitriptyline hydrochloride,121256.0,133816.29,112722.7895
2024-04,LONDON,Clomipramine hydrochloride,1991.0,25716.65,20684.42258
2024-04,LONDON,Dosulepin hydrochloride,2651.0,33326.01,26888.13883
2024-04,LONDON,Doxepin,161.0,31385.82,31393.5164
2024-04,LONDON,Imipramine hydrochloride,830.0,3021.04,2564.45924
2024-04,LONDON,Lofepramine hydrochloride,1095.0,16836.67,16929.848
2024-04,LONDON,Mianserin hydrochloride,10.0,490.1,450.41828
2024-04,LONDON,Nortriptyline,9124.0,29433.95,29846.7866
2024-04,LONDON,Trazodone hydrochloride,5965.0,20628.64,19250.36512
2024-04,LONDON,Trimipramine maleate,231.0,90086.08,90097.1444
2024-04,LONDON,Isocarboxazid,18.0,4775.58,4777.2032
2024-04,LONDON,Moclobemide,83.0,1710.39,1630.94006
2024-04,LONDON,Phenelzine sulfate,53.0,7516.4,7486.09349
2024-04,LONDON,Tranylcypromine sulfate,46.0,61941.43,61943.2004
2024-04,LONDON,Citalopram hydrobromide,105289.0,98903.36,83757.5484
2024-04,LONDON,Fluoxetine hydrochloride,51943.0,118321.06,105852.13981
2024-04,LONDON,Fluvoxamine maleate,241.0,5444.73,5190.61051
2024-04,LONDON,Paroxetine hydrochloride,11722.0,30211.08,25741.56103
2024-04,LONDON,Sertraline hydrochloride,200087.0,386106.37,328506.53544
2024-04,LONDON,Escitalopram,18823.0,44112.36,44445.98299
2024-04,LONDON,Citalopram hydrochloride,384.0,7690.81,6185.30993
2024-04,LONDON,Vortioxetine,3371.0,94072.77,89534.45049
2024-04,LONDON,Flupentixol hydrochloride,883.0,2272.83,2244.29097
2024-04,LONDON,Oxitriptan,1.0,12.56,12.0447
2024-04,LONDON,Tryptophan,17.0,1190.0,1131.8389
2024-04,LONDON,Reboxetine,120.0,2023.03,1931.81436
2024-04,LONDON,Venlafaxine,46622.0,309069.87,281242.25619
2024-04,LONDON,Mirtazapine,120087.0,127862.1,111932.5613
2024-04,LONDON,Duloxetine hydrochloride,29733.0,94031.39,92985.43412
2024-04,LONDON,Agomelatine,396.0,9315.33,7543.7619
2024-04,LONDON,Bupropion hydrochloride,771.0,32752.38,31157.99521
2024-04,MIDLANDS,Flupentixol hydrochloride,540.0,3490.25,3366.13784
2024-04,MIDLANDS,Flupentixol decanoate,455.0,11138.63,10562.91753
2024-04,MIDLANDS,Amitriptyline hydrochloride,276350.0,356078.93,292889.93474
2024-04,MIDLANDS,Clomipramine hydrochloride,3365.0,47081.21,38024.69732
2024-04,MIDLANDS,Dosulepin hydrochloride,5253.0,79639.88,64543.79842
2024-04,MIDLANDS,Doxepin,217.0,37441.22,37289.38
2024-04,MIDLANDS,Imipramine hydrochloride,1797.0,8742.33,7533.55759
2024-04,MIDLANDS,Lofepramine hydrochloride,2304.0,47377.01,47203.4782
2024-04,MIDLANDS,Mianserin hydrochloride,12.0,781.72,751.69796
2024-04,MIDLANDS,Nortriptyline,13871.0,50110.0,50137.88959
2024-04,MIDLANDS,Trazodone hydrochloride,13365.0,43167.6,39705.86613
2024-04,MIDLANDS,Trimipramine maleate,152.0,56144.68,55270.15814
2024-04,MIDLANDS,Isocarboxazid,18.0,10275.39,10275.9132
2024-04,MIDLANDS,Moclobemide,121.0,2540.63,2415.46523
2024-04,MIDLANDS,Phenelzine sulfate,50.0,5973.6,5943.96826
2024-04,MIDLANDS,Tranylcypromine sulfate,42.0,41346.25,41240.20083
2024-04,MIDLANDS,Citalopram hydrobromide,224996.0,217595.18,180058.36066
2024-04,MIDLANDS,Fluoxetine hydrochloride,122697.0,259900.88,226949.60927
2024-04,MIDLANDS,Fluvoxamine maleate,298.0,6217.04,5905.48215
2024-04,MIDLANDS,Paroxetine hydrochloride,20483.0,52578.08,44852.39046
2024-04,MIDLANDS,Sertraline hydrochloride,403891.0,710736.48,601321.2075
2024-04,MIDLANDS,Escitalopram,28189.0,54506.27,54156.16957
2024-04,MIDLANDS,Citalopram hydrochloride,1165.0,21294.21,17129.08366
2024-04,MIDLANDS,Vortioxetine,5496.0,135746.82,128724.11289
2024-04,MIDLANDS,Flupentixol hydrochloride,2240.0,6814.1,6656.91096
2024-04,MIDLANDS,Oxitriptan,1.0,33.48,31.81919
2024-04,MIDLANDS,Tryptophan,14.0,1162.0,1078.87119
2024-04,MIDLANDS,Reboxetine,320.0,5141.01,4877.56642
2024-04,MIDLANDS,Venlafaxine,96419.0,701891.59,639641.86197
2024-04,MIDLANDS,Mirtazapine,194817.0,243183.18,206963.7244
2024-04,MIDLANDS,Duloxetine hydrochloride,68885.0,264342.67,257956.02559
2024-04,MIDLANDS,Agomelatine,300.0,7037.25,5726.95055
2024-04,MIDLANDS,Bupropion hydrochloride,346.0,12167.63,11509.99992
2024-04,NORTH EAST AND YORKSHIRE,Flupentixol hydrochloride,800.0,3691.89,3594.66346
2024-04,NORTH EAST AND YORKSHIRE,Flupentixol decanoate,511.0,9567.18,9053.53936
2024-04,NORTH EAST AND YORKSHIRE,Amitriptyline hydrochloride,282742.0,334042.88,277988.54492
2024-04,NORTH EAST AND YORKSHIRE,Clomipramine hydrochloride,3424.0,39546.78,31947.24611
2024-04,NORTH EAST AND YORKSHIRE,Dosulepin hydrochloride,4202.0,55736.16,45154.63928
2024-04,NORTH EAST AND YORKSHIRE,Doxepin,276.0,48440.06,48368.47694
2024-04,NORTH EAST AND YORKSHIRE,Imipramine hydrochloride,1556.0,8017.62,7145.01479
2024-04,NORTH EAST AND YORKSHIRE,Lofepramine hydrochloride,2592.0,44074.81,44126.39123
2024-04,NORTH EAST AND YORKSHIRE,Mianserin hydrochloride,7.0,389.48,362.49821
2024-04,NORTH EAST AND YORKSHIRE,Nortriptyline,13801.0,38661.02,38993.59595
2024-04,NORTH EAST AND YORKSHIRE,Trazodone hydrochloride,42005.0,98576.6,90005.84861
2024-04,NORTH EAST AND YORKSHIRE,Trimipramine maleate,206.0,51590.83,51469.50547
2024-04,NORTH EAST AND YORKSHIRE,Isocarboxazid,7.0,2466.12,2466.8068
2024-04,NORTH EAST AND YORKSHIRE,Moclobemide,120.0,2225.62,2117.75625
2024-04,NORTH EAST AND YORKSHIRE,Phenelzine sulfate,77.0,8980.8,8963.60127
2024-04,NORTH EAST AND YORKSHIRE,Tranylcypromine sulfate,35.0,40358.93,40144.72407
2024-04,NORTH EAST AND YORKSHIRE,Citalopram hydrobromide,196280.0,172135.62,144469.46625
2024-04,NORTH EAST AND YORKSHIRE,Fluoxetine hydrochloride,147325.0,258362.45,227610.5763
2024-04,NORTH EAST AND YORKSHIRE,Fluvoxamine maleate,249.0,4941.08,4709.83521
2024-04,NORTH EAST AND YORKSHIRE,Paroxetine hydrochloride,19614.0,42778.03,36683.23892
2024-04,NORTH EAST AND YORKSHIRE,Sertraline hydrochloride,394545.0,598112.66,509999.96106
2024-04,NORTH EAST AND YORKSHIRE,Escitalopram,21076.0,36972.71,37262.49011
2024-04,NORTH EAST AND YORKSHIRE,Citalopram hydrochloride,861.0,15373.26,12359.7073
2024-04,NORTH EAST AND YORKSHIRE,Vortioxetine,4991.0,96639.84,91972.05625
2024-04,NORTH EAST AND YORKSHIRE,Flupentixol hydrochloride,2355.0,5878.61,5811.57255
2024-04,NORTH EAST AND YORKSHIRE,Tryptophan,20.0,812.0,773.26718
2024-04,NORTH EAST AND YORKSHIRE,Reboxetine,504.0,6626.92,6325.7909
2024-04,NORTH EAST AND YORKSHIRE,Venlafaxine,80856.0,501247.06,452514.93937
2024-04,NORTH EAST AND YORKSHIRE,Mirtazapine,223711.0,224190.37,194847.15416
2024-04,NORTH EAST AND YORKSHIRE,Duloxetine hydrochloride,88467.0,278596.19,275210.31622
2024-04,NORTH EAST AND YORKSHIRE,Agomelatine,403.0,5335.61,4336.47487
2024-04,NORTH EAST AND YORKSHIRE,Bupropion hydrochloride,368.0,12132.04,11529.40218
2024-04,NORTH WEST,Flupentixol hydrochloride,454.0,2712.47,2627.11723
2024-04,NORTH WEST,Flupentixol decanoate,414.0,10017.24,9539.35966
2024-04,NORTH WEST,Amitriptyline hydrochloride,183175.0,227432.12,187020.79853
2024-04,NORTH WEST,Clomipramine hydrochloride,2896.0,38571.27,31022.18286
2024-04,NORTH WEST,Dosulepin hydrochloride,3894.0,57265.21,46089.31659
2024-04,NORTH WEST,Doxepin,158.0,30424.5,30360.97172
2024-04,NORTH WEST,Imipramine hydrochloride,892.0,3991.53,3429.7096
2024-04,NORTH WEST,Lofepramine hydrochloride,1115.0,21959.14,22000.15991
2024-04,NORTH WEST,Mianserin hydrochloride,9.0,525.92,498.2961
2024-04,NORTH WEST,Nortriptyline,13446.0,45787.98,46169.53589
2024-04,NORTH WEST,Trazodone hydrochloride,17387.0,66502.52,62898.3005
2024-04,NORTH WEST,Trimipramine maleate,113.0,37843.07,37803.36335
2024-04,NORTH WEST,Moclobemide,70.0,1336.2,1275.4896
2024-04,NORTH WEST,Phenelzine sulfate,27.0,3252.0,3254.6348
2024-04,NORTH WEST,Tranylcypromine sulfate,13.0,21894.29,21894.5512
2024-04,NORTH WEST,Citalopram hydrobromide,151173.0,140251.2,115826.09984
2024-04,NORTH WEST,Fluoxetine hydrochloride,92504.0,186750.47,165584.31207
2024-04,NORTH WEST,Fluvoxamine maleate,196.0,3767.46,3597.20642
2024-04,NORTH WEST,Paroxetine hydrochloride,16964.0,40226.52,34501.19838
2024-04,NORTH WEST,Sertraline hydrochloride,320956.0,504779.29,426159.98878
2024-04,NORTH WEST,Escitalopram,21391.0,40594.25,40846.99849
2024-04,NORTH WEST,Citalopram hydrochloride,697.0,12321.39,9883.48568
2024-04,NORTH WEST,Vortioxetine,4843.0,108451.53,103209.19586
2024-04,NORTH WEST,Flupentixol hydrochloride,1348.0,4029.72,3959.51649
2024-04,NORTH WEST,Tryptophan,5.0,434.0,412.67225
2024-04,NORTH WEST,Reboxetine,265.0,4002.22,3821.11538
2024-04,NORTH WEST,Venlafaxine,79135.0,509493.34,467113.95402
2024-04,NORTH WEST,Mirtazapine,191052.0,210711.6,179199.35932
2024-04,NORTH WEST,Duloxetine hydrochloride,58588.0,214801.78,210207.53494
2024-04,NORTH WEST,Agomelatine,182.0,3312.74,2705.3423
2024-04,NORTH WEST,Bupropion hydrochloride,408.0,13092.48,12464.04711
2024-04,SOUTH EAST,Flupentixol hydrochloride,247.0,1703.65,1639.64131
2024-04,SOUTH EAST,Flupentixol decanoate,404.0,6648.43,6260.9933
2024-04,SOUTH EAST,Amitriptyline hydrochloride,168052.0,244781.62,201231.98591
2024-04,SOUTH EAST,Clomipramine hydrochloride,2614.0,37110.68,29934.07443
2024-04,SOUTH EAST,Dosulepin hydrochloride,4091.0,65352.43,52855.73057
2024-04,SOUTH EAST,Doxepin,139.0,31630.02,31344.62119
2024-04,SOUTH EAST,Imipramine hydrochloride,1477.0,9337.47,8323.35838
2024-04,SOUTH EAST,Lofepramine hydrochloride,1052.0,21028.66,20986.27741
2024-04,SOUTH EAST,Mianserin hydrochloride,19.0,1239.46,1217.21287
2024-04,SOUTH EAST,Nortriptyline,10961.0,54218.69,54230.56398
2024-04,SOUTH EAST,Trazodone hydrochloride,14941.0,52743.01,49190.21061
2024-04,SOUTH EAST,Trimipramine maleate,236.0,101899.12,101574.16265
2024-04,SOUTH EAST,Isocarboxazid,12.0,4829.45,4830.2988
2024-04,SOUTH EAST,Moclobemide,98.0,2096.17,1992.52058
2024-04,SOUTH EAST,Phenelzine sulfate,84.0,13010.4,13002.0322
2024-04,SOUTH EAST,Tranylcypromine sulfate,88.0,136163.75,136058.37123
2024-04,SOUTH EAST,Citalopram hydrobromide,158455.0,170218.19,140720.33349
2024-04,SOUTH EAST,Fluoxetine hydrochloride,79571.0,193089.78,169718.14827
2024-04,SOUTH EAST,Fluvoxamine maleate,196.0,4578.25,4357.02237
2024-04,SOUTH EAST,Paroxetine hydrochloride,13995.0,41442.67,35305.7762
2024-04,SOUTH EAST,Sertraline hydrochloride,276503.0,582109.95,494284.13896
2024-04,SOUTH EAST,Escitalopram,32540.0,70418.5,70338.41531
2024-04,SOUTH EAST,Citalopram hydrochloride,1026.0,19736.82,15886.69117
2024-04,SOUTH EAST,Vortioxetine,7064.0,184662.72,175271.33379
2024-04,SOUTH EAST,Flupentixol hydrochloride,1107.0,3720.04,3620.25594
2024-04,SOUTH EAST,Tryptophan,11.0,1204.0,1156.5521
2024-04,SOUTH EAST,Reboxetine,237.0,4401.02,4188.27931
2024-04,SOUTH EAST,Venlafaxine,70527.0,551980.74,504813.37616
2024-04,SOUTH EAST,Mirtazapine,138673.0,181534.15,155340.50848
2024-04,SOUTH EAST,Duloxetine hydrochloride,45521.0,193753.01,187950.5287
2024-04,SOUTH EAST,Agomelatine,717.0,15885.57,12943.05688
2024-04,SOUTH EAST,Bupropion hydrochloride,468.0,18120.41,17226.86747
2024-04,SOUTH WEST,Flupentixol hydrochloride,314.0,1875.08,1812.57145
2024-04,SOUTH WEST,Flupentixol decanoate,346.0,5950.65,5561.11487
2024-04,SOUTH WEST,Amitriptyline hydrochloride,148480.0,206982.27,170894.58727
2024-04,SOUTH WEST,Clomipramine hydrochloride,1744.0,23772.87,19247.6804
2024-04,SOUTH WEST,Dosulepin hydrochloride,2759.0,42137.88,34212.64659
2024-04,SOUTH WEST,Doxepin,178.0,32621.5,32404.33608
2024-04,SOUTH WEST,Imipramine hydrochloride,1154.0,9758.96,8523.52639
2024-04,SOUTH WEST,Lofepramine hydrochloride,1090.0,22953.93,22859.06482
2024-04,SOUTH WEST,Mianserin hydrochloride,9.0,583.66,536.42504
2024-04,SOUTH WEST,Nortriptyline,6504.0,21534.66,21576.98747
2024-04,SOUTH WEST,Trazodone hydrochloride,9086.0,27810.62,25283.03262
2024-04,SOUTH WEST,Trimipramine maleate,121.0,39671.18,39300.70613
2024-04,SOUTH WEST,Isocarboxazid,43.0,10862.54,10744.5631
2024-04,SOUTH WEST,Moclobemide,88.0,1980.2,1877.68429
2024-04,SOUTH WEST,Phenelzine sulfate,52.0,6312.96,6224.57808
2024-04,SOUTH WEST,Tranylcypromine sulfate,45.0,67449.64,66858.98179
2024-04,SOUTH WEST,Citalopram hydrobromide,123464.0,125882.18,104541.59903
2024-04,SOUTH WEST,Fluoxetine hydrochloride,57623.0,124690.1,108930.64885
2024-04,SOUTH WEST,Fluvoxamine maleate,132.0,2638.26,2505.67998
2024-04,SOUTH WEST,Paroxetine hydrochloride,10069.0,28759.6,24648.67575
2024-04,SOUTH WEST,Sertraline hydrochloride,189898.0,350104.47,297269.97311
2024-04,SOUTH WEST,Escitalopram,18406.0,37165.98,37056.69233
2024-04,SOUTH WEST,Citalopram hydrochloride,602.0,10587.83,8556.28858
2024-04,SOUTH WEST,Vortioxetine,1801.0,46497.33,44021.23535
2024-04,SOUTH WEST,Flupentixol hydrochloride,993.0,3139.38,3052.41507
2024-04,SOUTH WEST,Tryptophan,1.0,42.0,39.91339
2024-04,SOUTH WEST,Reboxetine,223.0,3545.98,3368.70256
2024-04,SOUTH WEST,Venlafaxine,55675.0,386365.71,347763.05075
2024-04,SOUTH WEST,Mirtazapine,110887.0,133859.1,114469.67778
2024-04,SOUTH WEST,Duloxetine hydrochloride,35921.0,137932.97,134257.99944
2024-04,SOUTH WEST,Agomelatine,181.0,3698.71,3017.73681
2024-04,SOUTH WEST,Bupropion hydrochloride,191.0,7474.39,7063.28436
2024-04,UNIDENTIFIED,Flupentixol decanoate,1.0,19.52,18.65686
2024-04,UNIDENTIFIED,Amitriptyline hydrochloride,119.0,124.74,106.57024
2024-04,UNIDENTIFIED,Nortriptyline,2.0,4.17,3.99146
2024-04,UNIDENTIFIED,Trazodone hydrochloride,12.0,27.83,26.49226
2024-04,UNIDENTIFIED,Citalopram hydrobromide,65.0,61.18,54.28503
2024-04,UNIDENTIFIED,Fluoxetine hydrochloride,54.0,445.34,394.43225
2024-04,UNIDENTIFIED,Paroxetine hydrochloride,8.0,25.38,23.23519
2024-04,UNIDENTIFIED,Sertraline hydrochloride,146.0,720.01,599.56522
2024-04,UNIDENTIFIED,Escitalopram,19.0,32.85,33.03814
2024-04,UNIDENTIFIED,Vortioxetine,3.0,110.88,104.07993
2024-04,UNIDENTIFIED,Venlafaxine,36.0,248.73,222.94101
2024-04,UNIDENTIFIED,Mirtazapine,77.0,101.39,88.15917
2024-04,UNIDENTIFIED,Duloxetine hydrochloride,22.0,97.03,88.22743
2024-04,UNIDENTIFIED,Agomelatine,5.0,47.7,41.98482
2024-04,UNIDENTIFIED,Bupropion hydrochloride,4.0,135.02,124.51732
2024-05,EAST OF ENGLAND,Flupentixol hydrochloride,340.0,1435.38,1397.03833
2024-05,EAST OF ENGLAND,Flupentixol decanoate,282.0,3516.78,3304.18992
2024-05,EAST OF ENGLAND,Amitriptyline hydrochloride,175142.0,215530.48,178374.9358
2024-05,EAST OF ENGLAND,Clomipramine hydrochloride,2810.0,32414.8,26328.63276
2024-05,EAST OF ENGLAND,Dosulepin hydrochloride,3299.0,47161.51,38519.44512
2024-05,EAST OF ENGLAND,Doxepin,138.0,30926.57,30575.47969
2024-05,EAST OF ENGLAND,Imipramine hydrochloride,948.0,3844.58,3238.83771
2024-05,EAST OF ENGLAND,Lofepramine hydrochloride,1094.0,22379.8,22251.19286
2024-05,EAST OF ENGLAND,Mianserin hydrochloride,15.0,801.24,741.54836
2024-05,EAST OF ENGLAND,Nortriptyline,10201.0,48155.9,47814.07802
2024-05,EAST OF ENGLAND,Trazodone hydrochloride,8291.0,31905.27,30124.27586
2024-05,EAST OF ENGLAND,Trimipramine maleate,144.0,56579.97,56084.20801
2024-05,EAST OF ENGLAND,Isocarboxazid,19.0,9545.82,9514.5847
2024-05,EAST OF ENGLAND,Moclobemide,74.0,1395.78,1325.10341
2024-05,EAST OF ENGLAND,Phenelzine sulfate,68.0,8208.0,8194.29057
2024-05,EAST OF ENGLAND,Tranylcypromine sulfate,22.0,26432.5,26163.48179
2024-05,EAST OF ENGLAND,Citalopram hydrobromide,169201.0,152191.9,126659.16744
2024-05,EAST OF ENGLAND,Fluoxetine hydrochloride,74110.0,163864.32,144109.89629
2024-05,EAST OF ENGLAND,Fluvoxamine maleate,185.0,3415.84,3241.82944
2024-05,EAST OF ENGLAND,Paroxetine hydrochloride,14057.0,35879.37,30677.79805
2024-05,EAST OF ENGLAND,Sertraline hydrochloride,239433.0,433204.41,365509.89909
2024-05,EAST OF ENGLAND,Escitalopram,19698.0,66248.08,65552.77048
2024-05,EAST OF ENGLAND,Citalopram hydrochloride,780.0,14148.75,11413.45883
2024-05,EAST OF ENGLAND,Vortioxetine,3781.0,92999.61,87971.84158
2024-05,EAST OF ENGLAND,Flupentixol hydrochloride,1532.0,4336.67,4230.28622
2024-05,EAST OF ENGLAND,Tryptophan,6.0,476.0,449.80519
2024-05,EAST OF ENGLAND,Reboxetine,190.0,3532.36,3348.19751
2024-05,EAST OF ENGLAND,Venlafaxine,73268.0,464821.67,427645.5409
2024-05,EAST OF ENGLAND,Mirtazapine,112191.0,128839.82,110577.6574
2024-05,EAST OF ENGLAND,Duloxetine hydrochloride,35803.0,132685.53,127785.62029
2024-05,EAST OF ENGLAND,Agomelatine,146.0,3047.97,2538.50814
2024-05,EAST OF ENGLAND,Bupropion hydrochloride,384.0,14203.36,13468.20199
2024-05,LONDON,Flupentixol hydrochloride,628.0,2905.83,2830.2827
2024-05,LONDON,Flupentixol decanoate,567.0,17525.85,16757.03881
2024-05,LONDON,Amitriptyline hydrochloride,124340.0,138303.26,116496.66889
2024-05,LONDON,Clomipramine hydrochloride,2047.0,25358.68,20402.4424
2024-05,LONDON,Dosulepin hydrochloride,2747.0,35620.91,28746.88402
2024-05,LONDON,Doxepin,151.0,34476.97,34483.6424
2024-05,LONDON,Imipramine hydrochloride,809.0,2817.55,2349.34363
2024-05,LONDON,Lofepramine hydrochloride,1100.0,20046.63,20144.27
2024-05,LONDON,Mianserin hydrochloride,11.0,808.03,729.04121
2024-05,LONDON,Nortriptyline,9413.0,38532.1,38954.49142
2024-05,LONDON,Trazodone hydrochloride,6183.0,21576.91,20175.06196
2024-05,LONDON,Trimipramine maleate,258.0,90183.21,90197.2092
2024-05,LONDON,Isocarboxazid,29.0,7028.41,7031.2696
2024-05,LONDON,Moclobemide,66.0,1546.43,1473.75718
2024-05,LONDON,Phenelzine sulfate,44.0,6409.71,6401.75465
2024-05,LONDON,Tranylcypromine sulfate,43.0,56346.61,56348.5432
2024-05,LONDON,Citalopram hydrobromide,106216.0,100095.7,84737.90816
2024-05,LONDON,Fluoxetine hydrochloride,52946.0,120008.34,107404.30926
2024-05,LONDON,Fluvoxamine maleate,293.0,6792.21,6475.16567
2024-05,LONDON,Paroxetine hydrochloride,11984.0,29628.84,25205.75449
2024-05,LONDON,Sertraline hydrochloride,205310.0,394807.35,335464.81655
2024-05,LONDON,Escitalopram,19261.0,79499.58,79815.74832
2024-05,LONDON,Citalopram hydrochloride,430.0,8360.4,6717.61586
2024-05,LONDON,Vortioxetine,3350.0,95535.0,90916.46179
2024-05,LONDON,Flupentixol hydrochloride,840.0,2261.16,2228.26273
2024-05,LONDON,Oxitriptan,2.0,87.61,83.35601
2024-05,LONDON,Tryptophan,9.0,828.0,787.12781
2024-05,LONDON,Reboxetine,147.0,2292.77,2191.09928
2024-05,LONDON,Venlafaxine,47667.0,316552.02,288499.70872
2024-05,LONDON,Mirtazapine,122916.0,133008.4,116924.83349
2024-05,LONDON,Duloxetine hydrochloride,30683.0,95595.57,94372.60395
2024-05,LONDON,Agomelatine,411.0,8786.59,7197.34691
2024-05,LONDON,Bupropion hydrochloride,837.0,35104.77,33427.68578
2024-05,MIDLANDS,Flupentixol hydrochloride,554.0,3499.69,3379.75434
2024-05,MIDLANDS,Flupentixol decanoate,464.0,11869.13,11258.76524
2024-05,MIDLANDS,Amitriptyline hydrochloride,282247.0,363631.42,299060.15861
2024-05,MIDLANDS,Clomipramine hydrochloride,3384.0,47288.22,38223.03283
2024-05,MIDLANDS,Dosulepin hydrochloride,5375.0,83032.78,67280.63153
2024-05,MIDLANDS,Doxepin,221.0,40717.58,40620.50136
2024-05,MIDLANDS,Imipramine hydrochloride,1893.0,9776.85,8460.29711
2024-05,MIDLANDS,Lofepramine hydrochloride,2330.0,57716.85,57449.34693
2024-05,MIDLANDS,Mianserin hydrochloride,10.0,970.53,885.40342
2024-05,MIDLANDS,Nortriptyline,14321.0,64704.8,64514.57338
2024-05,MIDLANDS,Trazodone hydrochloride,13618.0,45081.23,41557.46989
2024-05,MIDLANDS,Trimipramine maleate,143.0,56477.17,55823.1578
2024-05,MIDLANDS,Isocarboxazid,23.0,10727.48,10728.9652
2024-05,MIDLANDS,Moclobemide,112.0,2348.5,2233.17116
2024-05,MIDLANDS,Phenelzine sulfate,49.0,7243.34,7162.00609
2024-05,MIDLANDS,Tranylcypromine sulfate,46.0,48411.41,48197.96263
2024-05,MIDLANDS,Citalopram hydrobromide,229011.0,221072.99,182713.26147
2024-05,MIDLANDS,Fluoxetine hydrochloride,124607.0,263713.67,230482.38897
2024-05,MIDLANDS,Fluvoxamine maleate,297.0,5927.79,5628.64315
2024-05,MIDLANDS,Paroxetine hydrochloride,20868.0,54703.58,46581.8279
2024-05,MIDLANDS,Sertraline hydrochloride,414192.0,743073.38,630240.67889
2024-05,MIDLANDS,Escitalopram,29048.0,96890.63,96078.5216
2024-05,MIDLANDS,Citalopram hydrochloride,1224.0,21816.61,17557.34723
2024-05,MIDLANDS,Vortioxetine,5725.0,142748.1,135362.46535
2024-05,MIDLANDS,Flupentixol hydrochloride,2281.0,6882.14,6727.91645
2024-05,MIDLANDS,Oxitriptan,3.0,167.16,158.84248
2024-05,MIDLANDS,Tryptophan,13.0,1162.0,1108.94997
2024-05,MIDLANDS,Reboxetine,315.0,5124.26,4861.08941
2024-05,MIDLANDS,Venlafaxine,98754.0,711280.26,649070.58992
2024-05,MIDLANDS,Mirtazapine,198482.0,249253.76,212441.43335
2024-05,MIDLANDS,Duloxetine hydrochloride,71114.0,268925.92,262245.48668
2024-05,MIDLANDS,Agomelatine,299.0,6724.82,5480.58291
2024-05,MIDLANDS,Bupropion hydrochloride,393.0,13709.98,12988.26954
2024-05,NORTH EAST AND YORKSHIRE,Flupentixol hydrochloride,786.0,3413.5,3329.08879
2024-05,NORTH EAST AND YORKSHIRE,Flupentixol decanoate,486.0,8381.03,7922.1419
2024-05,NORTH EAST AND YORKSHIRE,Amitriptyline hydrochloride,287446.0,341795.77,284361.59152
2024-05,NORTH EAST AND YORKSHIRE,Clomipramine hydrochloride,3503.0,40576.68,32795.90244
2024-05,NORTH EAST AND YORKSHIRE,Dosulepin hydrochloride,4142.0,54108.51,43764.42847
2024-05,NORTH EAST AND YORKSHIRE,Doxepin,288.0,52579.11,52505.00617
2024-05,NORTH EAST AND YORKSHIRE,Imipramine hydrochloride,1643.0,6567.19,5637.73454
2024-05,NORTH EAST AND YORKSHIRE,Lofepramine hydrochloride,2715.0,52609.7,52635.02802
2024-05,NORTH EAST AND YORKSHIRE,Mianserin hydrochloride,9.0,574.3,532.16702
2024-05,NORTH EAST AND YORKSHIRE,Nortriptyline,14430.0,52253.4,52412.25381
2024-05,NORTH EAST AND YORKSHIRE,Trazodone hydrochloride,42626.0,103329.93,94602.69799
2024-05,NORTH EAST AND YORKSHIRE,Trimipramine maleate,207.0,52302.94,52270.75432
2024-05,NORTH EAST AND YORKSHIRE,Isocarboxazid,4.0,1438.57,1439.0196
2024-05,NORTH EAST AND YORKSHIRE,Moclobemide,135.0,1908.03,1818.81805
2024-05,NORTH EAST AND YORKSHIRE,Phenelzine sulfate,71.0,6592.8,6575.32939
2024-05,NORTH EAST AND YORKSHIRE,Tranylcypromine sulfate,37.0,36963.93,36857.52991
2024-05,NORTH EAST AND YORKSHIRE,Citalopram hydrobromide,199468.0,174925.43,146806.63956
2024-05,NORTH EAST AND YORKSHIRE,Fluoxetine hydrochloride,149902.0,265307.27,233622.22925
2024-05,NORTH EAST AND YORKSHIRE,Fluvoxamine maleate,288.0,5558.41,5296.55679
2024-05,NORTH EAST AND YORKSHIRE,Paroxetine hydrochloride,19563.0,42703.67,36634.5749
2024-05,NORTH EAST AND YORKSHIRE,Sertraline hydrochloride,402886.0,621659.94,531490.40076
2024-05,NORTH EAST AND YORKSHIRE,Escitalopram,21694.0,65099.67,65314.17529
2024-05,NORTH EAST AND YORKSHIRE,Citalopram hydrochloride,898.0,16113.29,12978.72881
2024-05,NORTH EAST AND YORKSHIRE,Vortioxetine,4981.0,96890.31,92194.53758
2024-05,NORTH EAST AND YORKSHIRE,Flupentixol hydrochloride,2304.0,5845.72,5774.6934
2024-05,NORTH EAST AND YORKSHIRE,Tryptophan,13.0,406.0,386.96916
2024-05,NORTH EAST AND YORKSHIRE,Reboxetine,457.0,5906.35,5642.92551
2024-05,NORTH EAST AND YORKSHIRE,Venlafaxine,82224.0,519221.04,470351.25139
2024-05,NORTH EAST AND YORKSHIRE,Mirtazapine,227326.0,232729.35,202858.84744
2024-05,NORTH EAST AND YORKSHIRE,Duloxetine hydrochloride,91137.0,285601.12,281799.89425
2024-05,NORTH EAST AND YORKSHIRE,Agomelatine,371.0,4764.8,3873.78934
2024-05,NORTH EAST AND YORKSHIRE,Bupropion hydrochloride,390.0,13164.26,12499.49763
2024-05,NORTH WEST,Flupentixol hydrochloride,463.0,2818.51,2729.13027
2024-05,NORTH WEST,Flupentixol decanoate,398.0,9446.01,8995.84502
2024-05,NORTH WEST,Amitriptyline hydrochloride,187703.0,233913.78,192408.46933
2024-05,NORTH WEST,Clomipramine hydrochloride,2931.0,39802.38,32032.55308
2024-05,NORTH WEST,Dosulepin hydrochloride,4011.0,58044.96,46716.89193
2024-05,NORTH WEST,Doxepin,162.0,32765.51,32728.09326
2024-05,NORTH WEST,Imipramine hydrochloride,896.0,4099.37,3565.87907
2024-05,NORTH WEST,Lofepramine hydrochloride,1105.0,25783.26,25826.65678
2024-05,NORTH WEST,Mianserin hydrochloride,8.0,481.89,458.32164
2024-05,NORTH WEST,Nortriptyline,13911.0,56179.31,56521.33268
2024-05,NORTH WEST,Trazodone hydrochloride,17881.0,67490.38,63763.47022
2024-05,NORTH WEST,Trimipramine maleate,106.0,36199.22,36202.7344
2024-05,NORTH WEST,Moclobemide,85.0,1678.68,1602.53285
2024-05,NORTH WEST,Phenelzine sulfate,38.0,4690.8,4694.5712
2024-05,NORTH WEST,Tranylcypromine sulfate,13.0,18014.29,17906.79231
2024-05,NORTH WEST,Citalopram hydrobromide,154889.0,143528.92,118565.32542
2024-05,NORTH WEST,Fluoxetine hydrochloride,95851.0,192469.55,170852.86724
2024-05,NORTH WEST,Fluvoxamine maleate,203.0,3695.66,3529.96664
2024-05,NORTH WEST,Paroxetine hydrochloride,17454.0,41380.46,35530.1782
2024-05,NORTH WEST,Sertraline hydrochloride,330785.0,522390.76,441178.40885
2024-05,NORTH WEST,Escitalopram,22352.0,73381.5,73662.82723
2024-05,NORTH WEST,Citalopram hydrochloride,708.0,12736.22,10219.60575
2024-05,NORTH WEST,Vortioxetine,4995.0,112547.16,107114.91878
2024-05,NORTH WEST,Flupentixol hydrochloride,1366.0,4020.54,3954.21608
2024-05,NORTH WEST,Tryptophan,7.0,616.0,585.69887
2024-05,NORTH WEST,Reboxetine,241.0,3632.75,3471.27479
2024-05,NORTH WEST,Venlafaxine,81812.0,517063.87,474701.355
2024-05,NORTH WEST,Mirtazapine,196047.0,213039.99,180874.06057
2024-05,NORTH WEST,Duloxetine hydrochloride,60985.0,219697.33,214842.44045
2024-05,NORTH WEST,Agomelatine,161.0,3102.01,2532.12581
2024-05,NORTH WEST,Bupropion hydrochloride,447.0,14656.37,13950.98154
2024-05,SOUTH EAST,Flupentixol hydrochloride,247.0,1668.02,1608.41917
2024-05,SOUTH EAST,Flupentixol decanoate,417.0,6973.4,6559.16042
2024-05,SOUTH EAST,Amitriptyline hydrochloride,171780.0,250600.34,205859.85702
2024-05,SOUTH EAST,Clomipramine hydrochloride,2631.0,37232.04,30011.2218
2024-05,SOUTH EAST,Dosulepin hydrochloride,4188.0,66496.63,53805.7315
2024-05,SOUTH EAST,Doxepin,151.0,37097.85,36821.38856
2024-05,SOUTH EAST,Imipramine hydrochloride,1493.0,9542.1,8514.23692
2024-05,SOUTH EAST,Lofepramine hydrochloride,1035.0,25901.37,25819.83983
2024-05,SOUTH EAST,Mianserin hydrochloride,21.0,865.14,838.17159
2024-05,SOUTH EAST,Nortriptyline,11380.0,59799.84,59691.02779
2024-05,SOUTH EAST,Trazodone hydrochloride,15152.0,51911.66,48371.42374
2024-05,SOUTH EAST,Trimipramine maleate,254.0,104031.94,103685.28995
2024-05,SOUTH EAST,Isocarboxazid,10.0,5502.48,5503.204
2024-05,SOUTH EAST,Moclobemide,113.0,2361.69,2244.85547
2024-05,SOUTH EAST,Phenelzine sulfate,80.0,11689.2,11640.98346
2024-05,SOUTH EAST,Tranylcypromine sulfate,86.0,128005.36,127900.16751
2024-05,SOUTH EAST,Citalopram hydrobromide,162080.0,174056.61,143820.16534
2024-05,SOUTH EAST,Fluoxetine hydrochloride,81913.0,196821.71,172918.31416
2024-05,SOUTH EAST,Fluvoxamine maleate,194.0,4156.17,3959.07647
2024-05,SOUTH EAST,Paroxetine hydrochloride,14163.0,41035.26,34908.46414
2024-05,SOUTH EAST,Sertraline hydrochloride,284922.0,593162.08,502880.4349
2024-05,SOUTH EAST,Escitalopram,34107.0,131991.85,131560.28097
2024-05,SOUTH EAST,Citalopram hydrochloride,1004.0,18594.66,14964.95589
2024-05,SOUTH EAST,Vortioxetine,7165.0,186764.49,177273.95777
2024-05,SOUTH EAST,Flupentixol hydrochloride,1142.0,3679.97,3588.13367
2024-05,SOUTH EAST,Tryptophan,6.0,644.0,612.08701
2024-05,SOUTH EAST,Reboxetine,242.0,4594.88,4365.55787
2024-05,SOUTH EAST,Venlafaxine,72861.0,574852.42,527359.75289
2024-05,SOUTH EAST,Mirtazapine,140751.0,183971.81,157377.63388
2024-05,SOUTH EAST,Duloxetine hydrochloride,46563.0,196265.81,190153.93557
2024-05,SOUTH EAST,Agomelatine,789.0,16719.25,13651.92361
2024-05,SOUTH EAST,Bupropion hydrochloride,576.0,22342.4,21209.55779
2024-05,SOUTH WEST,Flupentixol hydrochloride,300.0,1837.93,1775.65948
2024-05,SOUTH WEST,Flupentixol decanoate,388.0,5801.27,5436.19859
2024-05,SOUTH WEST,Amitriptyline hydrochloride,153360.0,214261.56,176780.10109
2024-05,SOUTH WEST,Clomipramine hydrochloride,1857.0,25336.22,20483.2197
2024-05,SOUTH WEST,Dosulepin hydrochloride,2792.0,43267.04,35111.50502
2024-05,SOUTH WEST,Doxepin,168.0,31841.63,31662.09963
2024-05,SOUTH WEST,Imipramine hydrochloride,1117.0,6167.03,5275.87491
2024-05,SOUTH WEST,Lofepramine hydrochloride,1153.0,27270.36,27140.28266
2024-05,SOUTH WEST,Mianserin hydrochloride,11.0,780.92,742.73413
2024-05,SOUTH WEST,Nortriptyline,6787.0,28161.29,28094.67871
2024-05,SOUTH WEST,Trazodone hydrochloride,9470.0,26022.68,23446.28775
2024-05,SOUTH WEST,Trimipramine maleate,107.0,33639.58,33265.80967
2024-05,SOUTH WEST,Isocarboxazid,32.0,9720.54,9579.17341
2024-05,SOUTH WEST,Moclobemide,92.0,1946.95,1842.7646
2024-05,SOUTH WEST,Phenelzine sulfate,34.0,4265.82,4168.26681
2024-05,SOUTH WEST,Tranylcypromine sulfate,43.0,65786.78,65195.45793
2024-05,SOUTH WEST,Citalopram hydrobromide,127079.0,130671.33,108461.2402
2024-05,SOUTH WEST,Fluoxetine hydrochloride,59518.0,128372.32,112098.15611
2024-05,SOUTH WEST,Fluvoxamine maleate,113.0,2514.85,2383.69133
2024-05,SOUTH WEST,Paroxetine hydrochloride,10555.0,30273.86,25982.95742
2024-05,SOUTH WEST,Sertraline hydrochloride,196914.0,355235.38,299740.82062
2024-05,SOUTH WEST,Escitalopram,19030.0,68074.94,67669.21616
2024-05,SOUTH WEST,Citalopram hydrochloride,631.0,11349.86,9172.09727
2024-05,SOUTH WEST,Vortioxetine,1954.0,50692.95,48032.53751
2024-05,SOUTH WEST,Flupentixol hydrochloride,939.0,3028.32,2949.05658
2024-05,SOUTH WEST,Tryptophan,2.0,154.0,146.42781
2024-05,SOUTH WEST,Reboxetine,209.0,3578.74,3402.67756
2024-05,SOUTH WEST,Venlafaxine,57950.0,401498.34,361871.5645
2024-05,SOUTH WEST,Mirtazapine,113324.0,138549.15,118470.68117
2024-05,SOUTH WEST,Duloxetine hydrochloride,37638.0,140990.97,137383.86878
2024-05,SOUTH WEST,Agomelatine,199.0,4405.66,3587.14229
2024-05,SOUTH WEST,Bupropion hydrochloride,229.0,8788.41,8316.67578
2024-05,UNIDENTIFIED,Amitriptyline hydrochloride,112.0,120.64,102.26185
2024-05,UNIDENTIFIED,Clomipramine hydrochloride,2.0,12.54,10.06106
2024-05,UNIDENTIFIED,Lofepramine hydrochloride,1.0,32.0,32.1124
2024-05,UNIDENTIFIED,Nortriptyline,4.0,9.18,9.00116
2024-05,UNIDENTIFIED,Trazodone hydrochloride,14.0,36.68,33.87692
2024-05,UNIDENTIFIED,Moclobemide,1.0,6.53,6.31603
2024-05,UNIDENTIFIED,Citalopram hydrobromide,59.0,64.21,56.35212
2024-05,UNIDENTIFIED,Fluoxetine hydrochloride,43.0,135.84,129.1242
2024-05,UNIDENTIFIED,Paroxetine hydrochloride,4.0,11.32,9.57745
2024-05,UNIDENTIFIED,Sertraline hydrochloride,148.0,332.2,291.52269
2024-05,UNIDENTIFIED,Escitalopram,10.0,45.65,44.56001
2024-05,UNIDENTIFIED,Citalopram hydrochloride,3.0,46.83,44.52662
2024-05,UNIDENTIFIED,Vortioxetine,3.0,83.16,79.04083
2024-05,UNIDENTIFIED,Flupentixol hydrochloride,4.0,24.06,23.20708
2024-05,UNIDENTIFIED,Venlafaxine,47.0,269.71,246.06641
2024-05,UNIDENTIFIED,Mirtazapine,98.0,98.55,88.13627
2024-05,UNIDENTIFIED,Duloxetine hydrochloride,18.0,131.71,121.93395
2024-05,UNIDENTIFIED,Agomelatine,1.0,14.21,11.38523
2024-06,EAST OF ENGLAND,Flupentixol hydrochloride,294.0,1363.98,1319.20479
2024-06,EAST OF ENGLAND,Flupentixol decanoate,282.0,3664.25,3431.10189
2024-06,EAST OF ENGLAND,Amitriptyline hydrochloride,162959.0,203370.76,168270.78186
2024-06,EAST OF ENGLAND,Clomipramine hydrochloride,2718.0,32171.76,26129.17614
2024-06,EAST OF ENGLAND,Dosulepin hydrochloride,3103.0,43967.7,35808.20637
2024-06,EAST OF ENGLAND,Doxepin,130.0,27401.33,27154.75978
2024-06,EAST OF ENGLAND,Imipramine hydrochloride,940.0,4843.88,4254.94471
2024-06,EAST OF ENGLAND,Lofepramine hydrochloride,1027.0,21171.84,21061.17645
2024-06,EAST OF ENGLAND,Mianserin hydrochloride,9.0,583.0,563.30752
2024-06,EAST OF ENGLAND,Nortriptyline,9611.0,48635.74,48372.79551
2024-06,EAST OF ENGLAND,Trazodone hydrochloride,7852.0,32605.34,30924.06877
2024-06,EAST OF ENGLAND,Trimipramine maleate,104.0,38239.99,37743.85442
2024-06,EAST OF ENGLAND,Isocarboxazid,17.0,9494.44,9494.8508
2024-06,EAST OF ENGLAND,Moclobemide,80.0,1523.25,1446.12022
2024-06,EAST OF ENGLAND,Phenelzine sulfate,50.0,5440.55,5422.7232
2024-06,EAST OF ENGLAND,Tranylcypromine sulfate,18.0,23522.5,23253.64445
2024-06,EAST OF ENGLAND,Citalopram hydrobromide,157139.0,141323.48,117665.8169
2024-06,EAST OF ENGLAND,Fluoxetine hydrochloride,69453.0,155692.03,137067.35127
2024-06,EAST OF ENGLAND,Fluvoxamine maleate,161.0,3013.97,2856.74097
2024-06,EAST OF ENGLAND,Paroxetine hydrochloride,13344.0,34337.2,29312.64254
2024-06,EAST OF ENGLAND,Sertraline hydrochloride,223352.0,511495.65,491136.8068
2024-06,EAST OF ENGLAND,Escitalopram,18514.0,40318.23,39987.17038
2024-06,EAST OF ENGLAND,Citalopram hydrochloride,767.0,13373.52,10782.38069
2024-06,EAST OF ENGLAND,Vortioxetine,3588.0,88762.41,83956.33759
2024-06,EAST OF ENGLAND,Flupentixol hydrochloride,1399.0,3958.88,3858.52638
2024-06,EAST OF ENGLAND,Tryptophan,6.0,565.11,537.04117
2024-06,EAST OF ENGLAND,Reboxetine,205.0,3591.98,3397.32928
2024-06,EAST OF ENGLAND,Venlafaxine,68358.0,432044.51,397353.49299
2024-06,EAST OF ENGLAND,Mirtazapine,105073.0,121537.51,104447.1795
2024-06,EAST OF ENGLAND,Duloxetine hydrochloride,33936.0,115311.45,105683.52539
2024-06,EAST OF ENGLAND,Agomelatine,145.0,3053.74,2509.78729
2024-06,EAST OF ENGLAND,Bupropion hydrochloride,391.0,14768.79,14030.42681
2024-06,LONDON,Flupentixol hydrochloride,591.0,2991.56,2907.67515
2024-06,LONDON,Flupentixol decanoate,511.0,14932.47,14199.65528
2024-06,LONDON,Amitriptyline hydrochloride,116384.0,129770.69,109284.48763
2024-06,LONDON,Clomipramine hydrochloride,1853.0,24334.61,19570.41497
2024-06,LONDON,Dosulepin hydrochloride,2553.0,32716.1,26416.09895
2024-06,LONDON,Doxepin,153.0,31391.91,31399.2072
2024-06,LONDON,Imipramine hydrochloride,797.0,2404.37,1969.14914
2024-06,LONDON,Lofepramine hydrochloride,1031.0,18876.16,18963.8444
2024-06,LONDON,Mianserin hydrochloride,23.0,1775.5,1720.3503
2024-06,LONDON,Nortriptyline,9066.0,38813.49,39187.75873
2024-06,LONDON,Trazodone hydrochloride,5799.0,20552.31,19191.80253
2024-06,LONDON,Trimipramine maleate,279.0,102190.96,102204.9196
2024-06,LONDON,Isocarboxazid,13.0,4438.98,4440.0412
2024-06,LONDON,Moclobemide,69.0,1604.19,1528.271
2024-06,LONDON,Phenelzine sulfate,47.0,7063.59,7040.00506
2024-06,LONDON,Tranylcypromine sulfate,51.0,68956.61,68958.8424
2024-06,LONDON,Citalopram hydrobromide,99427.0,93322.01,79038.20811
2024-06,LONDON,Fluoxetine hydrochloride,50168.0,113966.13,101877.02289
2024-06,LONDON,Fluvoxamine maleate,250.0,5646.16,5382.47451
2024-06,LONDON,Paroxetine hydrochloride,11275.0,28491.69,24212.34549
2024-06,LONDON,Sertraline hydrochloride,192981.0,456433.76,444036.624
2024-06,LONDON,Escitalopram,18128.0,48817.5,49123.12285
2024-06,LONDON,Citalopram hydrochloride,362.0,7269.54,5854.43237
2024-06,LONDON,Vortioxetine,3229.0,91647.27,87216.93335
2024-06,LONDON,Flupentixol hydrochloride,834.0,2070.63,2048.58544
2024-06,LONDON,Oxitriptan,3.0,95.98,91.32028
2024-06,LONDON,Tryptophan,19.0,1023.34,973.83083
2024-06,LONDON,Reboxetine,103.0,1734.69,1656.87036
2024-06,LONDON,Venlafaxine,45131.0,296696.62,270584.61878
2024-06,LONDON,Mirtazapine,116139.0,123643.11,108522.21644
2024-06,LONDON,Duloxetine hydrochloride,29064.0,82846.62,77172.56236
2024-06,LONDON,Agomelatine,378.0,8394.14,6793.50543
2024-06,LONDON,Bupropion hydrochloride,806.0,33313.64,31705.96513
2024-06,MIDLANDS,Flupentixol hydrochloride,497.0,3208.37,3097.97249
2024-06,MIDLANDS,Flupentixol decanoate,424.0,10648.49,10182.36426
2024-06,MIDLANDS,Amitriptyline hydrochloride,260593.0,337593.86,277737.36719
2024-06,MIDLANDS,Clomipramine hydrochloride,3181.0,45066.67,36427.75049
2024-06,MIDLANDS,Dosulepin hydrochloride,4901.0,72897.09,59093.60241
2024-06,MIDLANDS,Doxepin,207.0,36436.61,36328.00706
2024-06,MIDLANDS,Imipramine hydrochloride,1660.0,8366.93,7218.85428
2024-06,MIDLANDS,Lofepramine hydrochloride,2179.0,52252.69,52056.0276
2024-06,MIDLANDS,Mianserin hydrochloride,6.0,906.7,851.32297
2024-06,MIDLANDS,Nortriptyline,13595.0,65256.72,65132.27904
2024-06,MIDLANDS,Trazodone hydrochloride,12649.0,42901.08,39696.87566
2024-06,MIDLANDS,Trimipramine maleate,138.0,51509.88,50551.66114
2024-06,MIDLANDS,Isocarboxazid,16.0,8631.31,8632.2084
2024-06,MIDLANDS,Moclobemide,106.0,2066.75,1963.42194
2024-06,MIDLANDS,Phenelzine sulfate,47.0,6361.34,6307.57259
2024-06,MIDLANDS,Tranylcypromine sulfate,43.0,43528.75,43423.40922
2024-06,MIDLANDS,Citalopram hydrobromide,210693.0,203387.91,168114.43691
2024-06,MIDLANDS,Fluoxetine hydrochloride,116193.0,250779.06,219339.04576
2024-06,MIDLANDS,Fluvoxamine maleate,297.0,5916.38,5625.88416
2024-06,MIDLANDS,Paroxetine hydrochloride,19147.0,49499.19,42187.28656
2024-06,MIDLANDS,Sertraline hydrochloride,383451.0,866549.87,844950.58281
2024-06,MIDLANDS,Escitalopram,26942.0,58477.3,58075.73461
2024-06,MIDLANDS,Citalopram hydrochloride,1106.0,20584.63,16559.85345
2024-06,MIDLANDS,Vortioxetine,5300.0,131376.96,124575.69555
2024-06,MIDLANDS,Flupentixol hydrochloride,2071.0,6363.56,6215.61856
2024-06,MIDLANDS,Oxitriptan,4.0,103.8,98.96186
2024-06,MIDLANDS,Tryptophan,12.0,1221.87,1164.44095
2024-06,MIDLANDS,Reboxetine,298.0,4777.64,4525.52315
2024-06,MIDLANDS,Venlafaxine,91050.0,657568.25,600459.43552
2024-06,MIDLANDS,Mirtazapine,183753.0,229794.68,195621.40186
2024-06,MIDLANDS,Duloxetine hydrochloride,66430.0,225522.73,208244.05981
2024-06,MIDLANDS,Agomelatine,282.0,6790.13,5527.51769
2024-06,MIDLANDS,Bupropion hydrochloride,358.0,12551.09,11875.37752
2024-06,NORTH EAST AND YORKSHIRE,Flupentixol hydrochloride,758.0,3322.51,3240.66927
2024-06,NORTH EAST AND YORKSHIRE,Flupentixol decanoate,449.0,8164.98,7735.45645
2024-06,NORTH EAST AND YORKSHIRE,Amitriptyline hydrochloride,265815.0,314993.55,262140.87197
2024-06,NORTH EAST AND YORKSHIRE,Clomipramine hydrochloride,3184.0,37849.63,30573.65412
2024-06,NORTH EAST AND YORKSHIRE,Dosulepin hydrochloride,3768.0,50056.69,40471.68439
2024-06,NORTH EAST AND YORKSHIRE,Doxepin,279.0,50114.97,50001.47917
2024-06,NORTH EAST AND YORKSHIRE,Imipramine hydrochloride,1467.0,7180.9,6319.60309
2024-06,NORTH EAST AND YORKSHIRE,Lofepramine hydrochloride,2490.0,47636.0,47680.64466
2024-06,NORTH EAST AND YORKSHIRE,Mianserin hydrochloride,9.0,583.0,556.06069
2024-06,NORTH EAST AND YORKSHIRE,Nortriptyline,13792.0,53573.89,53795.78455
2024-06,NORTH EAST AND YORKSHIRE,Trazodone hydrochloride,39455.0,90464.07,82457.09097
2024-06,NORTH EAST AND YORKSHIRE,Trimipramine maleate,194.0,51586.11,51528.88463
2024-06,NORTH EAST AND YORKSHIRE,Isocarboxazid,5.0,2157.84,2158.202
2024-06,NORTH EAST AND YORKSHIRE,Moclobemide,126.0,2065.77,1967.07545
2024-06,NORTH EAST AND YORKSHIRE,Phenelzine sulfate,62.0,6621.6,6589.70576
2024-06,NORTH EAST AND YORKSHIRE,Tranylcypromine sulfate,35.0,42783.93,42677.59002
2024-06,NORTH EAST AND YORKSHIRE,Citalopram hydrobromide,183838.0,161073.41,135210.48135
2024-06,NORTH EAST AND YORKSHIRE,Fluoxetine hydrochloride,139269.0,244389.04,215300.13368
2024-06,NORTH EAST AND YORKSHIRE,Fluvoxamine maleate,245.0,4920.57,4689.66416
2024-06,NORTH EAST AND YORKSHIRE,Paroxetine hydrochloride,18285.0,40008.08,34323.02937
2024-06,NORTH EAST AND YORKSHIRE,Sertraline hydrochloride,373798.0,715026.69,706263.15777
2024-06,NORTH EAST AND YORKSHIRE,Escitalopram,20402.0,40249.89,40522.38307
2024-06,NORTH EAST AND YORKSHIRE,Citalopram hydrochloride,797.0,14245.5,11459.26682
2024-06,NORTH EAST AND YORKSHIRE,Vortioxetine,4836.0,94326.21,89757.84428
2024-06,NORTH EAST AND YORKSHIRE,Flupentixol hydrochloride,2130.0,5422.98,5357.47089
2024-06,NORTH EAST AND YORKSHIRE,Tryptophan,15.0,992.75,964.42008
2024-06,NORTH EAST AND YORKSHIRE,Reboxetine,439.0,6122.33,5841.48456
2024-06,NORTH EAST AND YORKSHIRE,Venlafaxine,76896.0,471878.15,426792.55473
2024-06,NORTH EAST AND YORKSHIRE,Mirtazapine,210651.0,213764.7,186433.95534
2024-06,NORTH EAST AND YORKSHIRE,Duloxetine hydrochloride,85763.0,240705.12,224382.5922
2024-06,NORTH EAST AND YORKSHIRE,Agomelatine,390.0,5230.75,4247.76087
2024-06,NORTH EAST AND YORKSHIRE,Bupropion hydrochloride,367.0,12704.15,12059.27691
2024-06,NORTH WEST,Flupentixol hydrochloride,396.0,2467.89,2388.85928
2024-06,NORTH WEST,Flupentixol decanoate,371.0,9307.5,8867.03506
2024-06,NORTH WEST,Amitriptyline hydrochloride,173660.0,214948.82,176776.77096
2024-06,NORTH WEST,Clomipramine hydrochloride,2787.0,36381.91,29272.3626
2024-06,NORTH WEST,Dosulepin hydrochloride,3668.0,54654.78,43955.53121
2024-06,NORTH WEST,Doxepin,143.0,26965.76,26901.30689
2024-06,NORTH WEST,Imipramine hydrochloride,862.0,3894.29,3351.9352
2024-06,NORTH WEST,Lofepramine hydrochloride,1050.0,24341.24,24379.87505
2024-06,NORTH WEST,Mianserin hydrochloride,6.0,426.72,418.87277
2024-06,NORTH WEST,Nortriptyline,13143.0,54408.46,54753.22429
2024-06,NORTH WEST,Trazodone hydrochloride,16627.0,66220.45,62828.67716
2024-06,NORTH WEST,Trimipramine maleate,106.0,31482.66,31443.60484
2024-06,NORTH WEST,Isocarboxazid,1.0,1150.84,1150.8524
2024-06,NORTH WEST,Moclobemide,66.0,1310.81,1251.71642
2024-06,NORTH WEST,Phenelzine sulfate,31.0,3620.4,3623.3844
2024-06,NORTH WEST,Tranylcypromine sulfate,9.0,14065.0,13957.43762
2024-06,NORTH WEST,Citalopram hydrobromide,142323.0,132159.36,109164.3669
2024-06,NORTH WEST,Fluoxetine hydrochloride,88490.0,179000.96,158797.87651
2024-06,NORTH WEST,Fluvoxamine maleate,173.0,2907.91,2779.42279
2024-06,NORTH WEST,Paroxetine hydrochloride,16206.0,38947.3,33491.47564
2024-06,NORTH WEST,Sertraline hydrochloride,305969.0,621280.35,612865.37436
2024-06,NORTH WEST,Escitalopram,20707.0,44920.91,45150.24853
2024-06,NORTH WEST,Citalopram hydrochloride,633.0,11297.16,9060.93125
2024-06,NORTH WEST,Vortioxetine,4552.0,101859.12,96942.98207
2024-06,NORTH WEST,Flupentixol hydrochloride,1234.0,3819.68,3748.59805
2024-06,NORTH WEST,Tryptophan,6.0,595.66,566.36433
2024-06,NORTH WEST,Reboxetine,244.0,3783.17,3613.73213
2024-06,NORTH WEST,Venlafaxine,75536.0,483498.62,444534.91187
2024-06,NORTH WEST,Mirtazapine,180780.0,199723.11,170019.81776
2024-06,NORTH WEST,Duloxetine hydrochloride,57183.0,186665.3,173580.58142
2024-06,NORTH WEST,Agomelatine,146.0,3024.55,2465.02027
2024-06,NORTH WEST,Bupropion hydrochloride,363.0,12137.61,11555.78165
2024-06,SOUTH EAST,Flupentixol hydrochloride,236.0,1745.88,1680.75888
2024-06,SOUTH EAST,Flupentixol decanoate,366.0,5900.37,5562.96091
2024-06,SOUTH EAST,Amitriptyline hydrochloride,160144.0,235733.05,193667.96859
2024-06,SOUTH EAST,Clomipramine hydrochloride,2457.0,36919.15,29760.33798
2024-06,SOUTH EAST,Dosulepin hydrochloride,3908.0,62643.41,50729.04578
2024-06,SOUTH EAST,Doxepin,153.0,35071.67,34767.21689
2024-06,SOUTH EAST,Imipramine hydrochloride,1427.0,5820.78,4822.27626
2024-06,SOUTH EAST,Lofepramine hydrochloride,998.0,24255.28,24214.01893
2024-06,SOUTH EAST,Mianserin hydrochloride,21.0,922.9,895.70062
2024-06,SOUTH EAST,Nortriptyline,10952.0,63249.26,63116.16661
2024-06,SOUTH EAST,Trazodone hydrochloride,14011.0,48559.04,45190.05825
2024-06,SOUTH EAST,Trimipramine maleate,200.0,90945.56,90641.94892
2024-06,SOUTH EAST,Isocarboxazid,9.0,5358.62,5359.2316
2024-06,SOUTH EAST,Moclobemide,118.0,2698.16,2566.74346
2024-06,SOUTH EAST,Phenelzine sulfate,69.0,9244.8,9218.9653
2024-06,SOUTH EAST,Tranylcypromine sulfate,85.0,115551.25,115338.45604
2024-06,SOUTH EAST,Citalopram hydrobromide,151186.0,162252.34,134088.98755
2024-06,SOUTH EAST,Fluoxetine hydrochloride,76483.0,187827.51,165172.46682
2024-06,SOUTH EAST,Fluvoxamine maleate,182.0,4356.81,4143.69776
2024-06,SOUTH EAST,Paroxetine hydrochloride,13344.0,39775.83,33788.81084
2024-06,SOUTH EAST,Sertraline hydrochloride,266195.0,687054.73,666153.06444
2024-06,SOUTH EAST,Escitalopram,31823.0,79242.51,79088.14023
2024-06,SOUTH EAST,Citalopram hydrochloride,925.0,16891.57,13589.94848
2024-06,SOUTH EAST,Vortioxetine,6674.0,176071.5,167175.81987
2024-06,SOUTH EAST,Flupentixol hydrochloride,1011.0,3322.01,3236.15139
2024-06,SOUTH EAST,Tryptophan,9.0,1038.59,1048.1954
2024-06,SOUTH EAST,Reboxetine,189.0,3510.96,3336.6881
2024-06,SOUTH EAST,Venlafaxine,68333.0,531904.74,488115.14181
2024-06,SOUTH EAST,Mirtazapine,131369.0,171904.41,147144.80795
2024-06,SOUTH EAST,Duloxetine hydrochloride,44283.0,169562.47,156180.65874
2024-06,SOUTH EAST,Agomelatine,660.0,14000.01,11380.78096
2024-06,SOUTH EAST,Bupropion hydrochloride,531.0,20639.2,19591.98678
2024-06,SOUTH WEST,Flupentixol hydrochloride,319.0,1712.96,1659.6114
2024-06,SOUTH WEST,Flupentixol decanoate,319.0,5049.78,4759.06052
2024-06,SOUTH WEST,Amitriptyline hydrochloride,142863.0,202710.47,167329.21961
2024-06,SOUTH WEST,Clomipramine hydrochloride,1736.0,23860.87,19329.60205
2024-06,SOUTH WEST,Dosulepin hydrochloride,2642.0,41557.07,33802.34142
2024-06,SOUTH WEST,Doxepin,150.0,27864.93,27624.21635
2024-06,SOUTH WEST,Imipramine hydrochloride,1111.0,5933.32,5041.36141
2024-06,SOUTH WEST,Lofepramine hydrochloride,1053.0,24038.9,23912.55396
2024-06,SOUTH WEST,Mianserin hydrochloride,9.0,601.95,574.43588
2024-06,SOUTH WEST,Nortriptyline,6508.0,29693.04,29645.40854
2024-06,SOUTH WEST,Trazodone hydrochloride,8886.0,25713.55,23288.82512
2024-06,SOUTH WEST,Trimipramine maleate,106.0,31609.15,31129.93941
2024-06,SOUTH WEST,Isocarboxazid,29.0,6591.63,6546.06428
2024-06,SOUTH WEST,Moclobemide,89.0,1826.22,1731.61715
2024-06,SOUTH WEST,Phenelzine sulfate,39.0,5065.02,4986.44967
2024-06,SOUTH WEST,Tranylcypromine sulfate,37.0,62599.64,62008.51051
2024-06,SOUTH WEST,Citalopram hydrobromide,118873.0,121582.2,100967.10388
2024-06,SOUTH WEST,Fluoxetine hydrochloride,56219.0,121391.46,105927.73832
2024-06,SOUTH WEST,Fluvoxamine maleate,128.0,2893.62,2742.7727
2024-06,SOUTH WEST,Paroxetine hydrochloride,9862.0,28881.67,24708.23913
2024-06,SOUTH WEST,Sertraline hydrochloride,184522.0,424662.63,414127.42331
2024-06,SOUTH WEST,Escitalopram,18051.0,42183.82,41981.37837
2024-06,SOUTH WEST,Citalopram hydrochloride,582.0,10456.0,8434.54562
2024-06,SOUTH WEST,Vortioxetine,1845.0,47962.53,45475.25839
2024-06,SOUTH WEST,Flupentixol hydrochloride,931.0,2859.99,2784.0673
2024-06,SOUTH WEST,Tryptophan,2.0,168.01,159.73795
2024-06,SOUTH WEST,Reboxetine,210.0,3304.81,3142.67921
2024-06,SOUTH WEST,Venlafaxine,54674.0,373693.73,336675.36439
2024-06,SOUTH WEST,Mirtazapine,106553.0,127617.72,109011.83809
2024-06,SOUTH WEST,Duloxetine hydrochloride,35550.0,120630.24,111656.65637
2024-06,SOUTH WEST,Agomelatine,179.0,3593.05,2922.18588
2024-06,SOUTH WEST,Bupropion hydrochloride,251.0,9415.48,8896.82955
2024-06,UNIDENTIFIED,Flupentixol decanoate,2.0,44.91,42.79027
2024-06,UNIDENTIFIED,Amitriptyline hydrochloride,62.0,62.94,52.26693
2024-06,UNIDENTIFIED,Clomipramine hydrochloride,2.0,24.84,20.00579
2024-06,UNIDENTIFIED,Lofepramine hydrochloride,1.0,31.91,32.0224
2024-06,UNIDENTIFIED,Nortriptyline,1.0,1.26,1.25119
2024-06,UNIDENTIFIED,Trazodone hydrochloride,5.0,5.96,5.27664
2024-06,UNIDENTIFIED,Citalopram hydrobromide,43.0,40.06,34.41938
2024-06,UNIDENTIFIED,Fluoxetine hydrochloride,37.0,166.67,142.97779
2024-06,UNIDENTIFIED,Paroxetine hydrochloride,6.0,6.94,6.02891
2024-06,UNIDENTIFIED,Sertraline hydrochloride,117.0,251.78,242.78296
2024-06,UNIDENTIFIED,Escitalopram,13.0,25.59,25.76159
2024-06,UNIDENTIFIED,Vortioxetine,2.0,55.44,52.694
2024-06,UNIDENTIFIED,Flupentixol hydrochloride,2.0,2.94,3.01786
2024-06,UNIDENTIFIED,Venlafaxine,26.0,163.17,150.25316
2024-06,UNIDENTIFIED,Mirtazapine,44.0,43.83,39.33632
2024-06,UNIDENTIFIED,Duloxetine hydrochloride,15.0,72.05,63.47129
2024-06,UNIDENTIFIED,Bupropion hydrochloride,2.0,19.48,18.73122
2024-07,EAST OF ENGLAND,Flupentixol hydrochloride,314.0,1392.39,1352.42878
2024-07,EAST OF ENGLAND,Flupentixol decanoate,267.0,3973.61,3721.06865
2024-07,EAST OF ENGLAND,Amitriptyline hydrochloride,175953.0,268656.68,221440.50777
2024-07,EAST OF ENGLAND,Clomipramine hydrochloride,2761.0,32814.8,30596.54641
2024-07,EAST OF ENGLAND,Dosulepin hydrochloride,3312.0,44411.79,36221.69416
2024-07,EAST OF ENGLAND,Doxepin,133.0,25122.96,24901.09919
2024-07,EAST OF ENGLAND,Imipramine hydrochloride,1040.0,5860.25,5181.08546
2024-07,EAST OF ENGLAND,Lofepramine hydrochloride,1089.0,24995.21,24846.72923
2024-07,EAST OF ENGLAND,Mianserin hydrochloride,11.0,635.26,605.27236
2024-07,EAST OF ENGLAND,Nortriptyline,10632.0,48459.9,48111.33323
2024-07,EAST OF ENGLAND,Trazodone hydrochloride,8411.0,34900.25,33127.82912
2024-07,EAST OF ENGLAND,Trimipramine maleate,141.0,48222.73,47607.86121
2024-07,EAST OF ENGLAND,Isocarboxazid,22.0,11713.92,11682.69982
2024-07,EAST OF ENGLAND,Moclobemide,83.0,1787.21,1693.53436
2024-07,EAST OF ENGLAND,Phenelzine sulfate,68.0,7767.42,7717.34714
2024-07,EAST OF ENGLAND,Tranylcypromine sulfate,18.0,22067.5,22013.90033
2024-07,EAST OF ENGLAND,Citalopram hydrobromide,169650.0,175755.39,145752.9794
2024-07,EAST OF ENGLAND,Fluoxetine hydrochloride,75313.0,171123.97,148762.84886
2024-07,EAST OF ENGLAND,Fluvoxamine maleate,197.0,3482.57,3308.18674
2024-07,EAST OF ENGLAND,Paroxetine hydrochloride,14212.0,35589.01,30408.23
2024-07,EAST OF ENGLAND,Sertraline hydrochloride,243504.0,645462.36,620675.08433
2024-07,EAST OF ENGLAND,Escitalopram,19985.0,53951.63,53420.62223
2024-07,EAST OF ENGLAND,Citalopram hydrochloride,839.0,13620.37,10975.71228
2024-07,EAST OF ENGLAND,Vortioxetine,4099.0,100827.54,95366.21272
2024-07,EAST OF ENGLAND,Flupentixol hydrochloride,1501.0,4297.29,4188.20163
2024-07,EAST OF ENGLAND,Tryptophan,6.0,519.29,490.69731
2024-07,EAST OF ENGLAND,Reboxetine,199.0,3745.7,3550.2876
2024-07,EAST OF ENGLAND,Venlafaxine,74075.0,580817.64,538667.43173
2024-07,EAST OF ENGLAND,Mirtazapine,113764.0,152882.25,130963.30261
2024-07,EAST OF ENGLAND,Duloxetine hydrochloride,36750.0,128350.67,105422.20143
2024-07,EAST OF ENGLAND,Agomelatine,152.0,3067.33,3018.88318
2024-07,EAST OF ENGLAND,Bupropion hydrochloride,431.0,15346.19,14525.66527
2024-07,LONDON,Flupentixol hydrochloride,653.0,3036.35,2957.80656
2024-07,LONDON,Flupentixol decanoate,498.0,13784.61,13107.30217
2024-07,LONDON,Amitriptyline hydrochloride,127339.0,171582.36,143248.92136
2024-07,LONDON,Clomipramine hydrochloride,2011.0,26204.75,25024.89696
2024-07,LONDON,Dosulepin hydrochloride,2723.0,32858.77,26510.07443
2024-07,LONDON,Doxepin,172.0,26149.13,26158.7628
2024-07,LONDON,Imipramine hydrochloride,828.0,3342.44,2815.64325
2024-07,LONDON,Lofepramine hydrochloride,1070.0,22698.16,22791.728
2024-07,LONDON,Mianserin hydrochloride,22.0,1251.8,1193.1078
2024-07,LONDON,Nortriptyline,10174.0,40746.83,41216.84918
2024-07,LONDON,Trazodone hydrochloride,6189.0,27151.92,25762.12072
2024-07,LONDON,Trimipramine maleate,232.0,71522.76,71535.6368
2024-07,LONDON,Isocarboxazid,38.0,5261.07,5264.8412
2024-07,LONDON,Moclobemide,93.0,1693.16,1616.59797
2024-07,LONDON,Phenelzine sulfate,50.0,7234.11,7226.23036
2024-07,LONDON,Tranylcypromine sulfate,49.0,76231.61,76233.4176
2024-07,LONDON,Citalopram hydrobromide,108048.0,118323.27,99434.02193
2024-07,LONDON,Fluoxetine hydrochloride,54103.0,129025.45,114228.6722
2024-07,LONDON,Fluvoxamine maleate,305.0,6374.9,6079.19774
2024-07,LONDON,Paroxetine hydrochloride,12193.0,29827.96,25341.54865
2024-07,LONDON,Sertraline hydrochloride,213151.0,592252.14,577084.894
2024-07,LONDON,Escitalopram,19997.0,65827.55,66196.90011
2024-07,LONDON,Citalopram hydrochloride,394.0,6965.28,5608.04462
2024-07,LONDON,Vortioxetine,3655.0,104148.0,99118.55163
2024-07,LONDON,Flupentixol hydrochloride,876.0,2319.22,2287.77967
2024-07,LONDON,Oxitriptan,2.0,41.85,39.78335
2024-07,LONDON,Tryptophan,8.0,964.42,916.92253
2024-07,LONDON,Reboxetine,124.0,2132.41,2036.28106
2024-07,LONDON,Venlafaxine,49319.0,354149.12,325991.73505
2024-07,LONDON,Mirtazapine,126861.0,151360.34,131360.86493
2024-07,LONDON,Duloxetine hydrochloride,31823.0,93720.85,77381.44992
2024-07,LONDON,Agomelatine,426.0,8766.33,8751.13056
2024-07,LONDON,Bupropion hydrochloride,909.0,40959.17,39140.07579
2024-07,MIDLANDS,Flupentixol hydrochloride,526.0,3176.26,3069.83009
2024-07,MIDLANDS,Flupentixol decanoate,475.0,12220.16,11604.42275
2024-07,MIDLANDS,Amitriptyline hydrochloride,285436.0,453315.09,371468.68897
2024-07,MIDLANDS,Clomipramine hydrochloride,3478.0,47520.68,44885.94592
2024-07,MIDLANDS,Dosulepin hydrochloride,5378.0,77905.36,63112.1812
2024-07,MIDLANDS,Doxepin,215.0,34319.57,34140.20615
2024-07,MIDLANDS,Imipramine hydrochloride,1866.0,10449.05,9098.26829
2024-07,MIDLANDS,Lofepramine hydrochloride,2282.0,63107.59,62790.39146
2024-07,MIDLANDS,Mianserin hydrochloride,15.0,1056.99,970.19581
2024-07,MIDLANDS,Nortriptyline,14873.0,66252.32,66071.644
2024-07,MIDLANDS,Trazodone hydrochloride,13859.0,45304.73,41832.91884
2024-07,MIDLANDS,Trimipramine maleate,140.0,47791.08,47283.60265
2024-07,MIDLANDS,Isocarboxazid,20.0,9961.97,9962.818
2024-07,MIDLANDS,Moclobemide,126.0,2670.16,2537.76706
2024-07,MIDLANDS,Phenelzine sulfate,51.0,5966.4,5948.89863
2024-07,MIDLANDS,Tranylcypromine sulfate,42.0,45121.33,45015.21746
2024-07,MIDLANDS,Citalopram hydrobromide,230036.0,255132.54,210216.38981
2024-07,MIDLANDS,Fluoxetine hydrochloride,126593.0,281295.64,243569.98249
2024-07,MIDLANDS,Fluvoxamine maleate,326.0,5956.6,5665.60758
2024-07,MIDLANDS,Paroxetine hydrochloride,21268.0,55925.65,47811.75923
2024-07,MIDLANDS,Sertraline hydrochloride,421292.0,1109199.89,1082291.20651
2024-07,MIDLANDS,Escitalopram,29432.0,79579.05,78972.08016
2024-07,MIDLANDS,Citalopram hydrochloride,1279.0,20009.43,16104.67295
2024-07,MIDLANDS,Vortioxetine,5885.0,146074.5,138529.28831
2024-07,MIDLANDS,Flupentixol hydrochloride,2319.0,7228.06,7060.44849
2024-07,MIDLANDS,Oxitriptan,5.0,197.39,235.86748
2024-07,MIDLANDS,Tryptophan,11.0,733.13,680.27136
2024-07,MIDLANDS,Reboxetine,300.0,4998.95,4740.00962
2024-07,MIDLANDS,Venlafaxine,100686.0,854397.9,788069.28023
2024-07,MIDLANDS,Mirtazapine,201417.0,286499.21,242548.49498
2024-07,MIDLANDS,Duloxetine hydrochloride,73999.0,260115.0,212564.41012
2024-07,MIDLANDS,Agomelatine,312.0,6846.28,6816.10106
2024-07,MIDLANDS,Bupropion hydrochloride,386.0,13497.0,12787.23128
2024-07,NORTH EAST AND YORKSHIRE,Flupentixol hydrochloride,897.0,3712.88,3626.20179
2024-07,NORTH EAST AND YORKSHIRE,Flupentixol decanoate,477.0,8496.22,8011.61494
2024-07,NORTH EAST AND YORKSHIRE,Amitriptyline hydrochloride,291990.0,423304.82,350047.83764
2024-07,NORTH EAST AND YORKSHIRE,Clomipramine hydrochloride,3477.0,41794.18,39732.04207
2024-07,NORTH EAST AND YORKSHIRE,Dosulepin hydrochloride,4227.0,53597.04,43386.38581
2024-07,NORTH EAST AND YORKSHIRE,Doxepin,318.0,49613.01,49537.40784
2024-07,NORTH EAST AND YORKSHIRE,Imipramine hydrochloride,1580.0,8827.13,7844.93923
2024-07,NORTH EAST AND YORKSHIRE,Lofepramine hydrochloride,2638.0,56823.04,56843.74004
2024-07,NORTH EAST AND YORKSHIRE,Mianserin hydrochloride,8.0,519.92,491.0797
2024-07,NORTH EAST AND YORKSHIRE,Nortriptyline,14902.0,53419.85,53777.57508
2024-07,NORTH EAST AND YORKSHIRE,Trazodone hydrochloride,43166.0,99428.79,90791.37086
2024-07,NORTH EAST AND YORKSHIRE,Trimipramine maleate,204.0,46864.5,46830.84558
2024-07,NORTH EAST AND YORKSHIRE,Isocarboxazid,6.0,2733.27,2733.8444
2024-07,NORTH EAST AND YORKSHIRE,Moclobemide,140.0,2179.59,2079.46738
2024-07,NORTH EAST AND YORKSHIRE,Phenelzine sulfate,72.0,6086.4,6055.67376
2024-07,NORTH EAST AND YORKSHIRE,Tranylcypromine sulfate,32.0,35508.93,35402.39346
2024-07,NORTH EAST AND YORKSHIRE,Citalopram hydrobromide,201096.0,203130.71,169558.14092
2024-07,NORTH EAST AND YORKSHIRE,Fluoxetine hydrochloride,151802.0,281812.36,245393.09418
2024-07,NORTH EAST AND YORKSHIRE,Fluvoxamine maleate,259.0,4892.96,4664.91203
2024-07,NORTH EAST AND YORKSHIRE,Paroxetine hydrochloride,19955.0,43139.58,36966.68103
2024-07,NORTH EAST AND YORKSHIRE,Sertraline hydrochloride,412189.0,962269.58,949611.4792
2024-07,NORTH EAST AND YORKSHIRE,Escitalopram,22199.0,53982.53,54254.42017
2024-07,NORTH EAST AND YORKSHIRE,Citalopram hydrochloride,906.0,14572.93,11718.67284
2024-07,NORTH EAST AND YORKSHIRE,Vortioxetine,5169.0,102911.49,97932.76661
2024-07,NORTH EAST AND YORKSHIRE,Flupentixol hydrochloride,2336.0,5852.41,5784.13685
2024-07,NORTH EAST AND YORKSHIRE,Tryptophan,17.0,687.28,674.34413
2024-07,NORTH EAST AND YORKSHIRE,Reboxetine,509.0,6219.79,5936.49315
2024-07,NORTH EAST AND YORKSHIRE,Venlafaxine,83994.0,561392.83,513883.55668
2024-07,NORTH EAST AND YORKSHIRE,Mirtazapine,231861.0,265024.65,228465.14652
2024-07,NORTH EAST AND YORKSHIRE,Duloxetine hydrochloride,94760.0,275034.47,225767.16552
2024-07,NORTH EAST AND YORKSHIRE,Agomelatine,396.0,5036.35,5041.18714
2024-07,NORTH EAST AND YORKSHIRE,Bupropion hydrochloride,351.0,12523.93,11879.06221
2024-07,NORTH WEST,Flupentixol hydrochloride,432.0,2623.69,2540.57789
2024-07,NORTH WEST,Flupentixol decanoate,417.0,10232.38,9748.42763
2024-07,NORTH WEST,Amitriptyline hydrochloride,189215.0,291751.53,238701.31176
2024-07,NORTH WEST,Clomipramine hydrochloride,2965.0,40190.58,38304.96369
2024-07,NORTH WEST,Dosulepin hydrochloride,3953.0,54167.0,43620.74291
2024-07,NORTH WEST,Doxepin,158.0,28134.35,28096.34924
2024-07,NORTH WEST,Imipramine hydrochloride,885.0,4006.55,3444.0721
2024-07,NORTH WEST,Lofepramine hydrochloride,1125.0,28885.63,28924.89213
2024-07,NORTH WEST,Mianserin hydrochloride,12.0,803.6,746.70187
2024-07,NORTH WEST,Nortriptyline,14250.0,56259.81,56623.75414
2024-07,NORTH WEST,Trazodone hydrochloride,18135.0,64157.86,60601.26235
2024-07,NORTH WEST,Trimipramine maleate,101.0,27066.77,27053.58783
2024-07,NORTH WEST,Isocarboxazid,2.0,2877.1,2877.1248
2024-07,NORTH WEST,Moclobemide,84.0,1688.92,1612.35826
2024-07,NORTH WEST,Phenelzine sulfate,37.0,4557.6,4561.0588
2024-07,NORTH WEST,Tranylcypromine sulfate,11.0,15104.29,15104.5264
2024-07,NORTH WEST,Citalopram hydrobromide,154406.0,165253.87,135958.73077
2024-07,NORTH WEST,Fluoxetine hydrochloride,96113.0,202828.02,178091.97594
2024-07,NORTH WEST,Fluvoxamine maleate,206.0,3509.85,3353.70036
2024-07,NORTH WEST,Paroxetine hydrochloride,17567.0,41677.82,35797.51641
2024-07,NORTH WEST,Sertraline hydrochloride,332868.0,772391.31,761630.39496
2024-07,NORTH WEST,Escitalopram,22694.0,61265.64,61524.7613
2024-07,NORTH WEST,Citalopram hydrochloride,703.0,11083.76,8892.29866
2024-07,NORTH WEST,Vortioxetine,5196.0,118968.3,113221.25349
2024-07,NORTH WEST,Flupentixol hydrochloride,1353.0,4137.95,4065.43688
2024-07,NORTH WEST,Tryptophan,12.0,893.47,849.86786
2024-07,NORTH WEST,Reboxetine,265.0,4007.5,3829.81121
2024-07,NORTH WEST,Venlafaxine,82846.0,620853.47,575838.47718
2024-07,NORTH WEST,Mirtazapine,197481.0,244991.57,206609.87051
2024-07,NORTH WEST,Duloxetine hydrochloride,62820.0,212166.9,173391.5616
2024-07,NORTH WEST,Agomelatine,150.0,2982.0,2974.46314
2024-07,NORTH WEST,Bupropion hydrochloride,405.0,13445.4,12799.49091
2024-07,SOUTH EAST,Flupentixol hydrochloride,224.0,1637.36,1576.41171
2024-07,SOUTH EAST,Flupentixol decanoate,384.0,6628.88,6263.16603
2024-07,SOUTH EAST,Amitriptyline hydrochloride,173417.0,312757.13,255957.5747
2024-07,SOUTH EAST,Clomipramine hydrochloride,2709.0,39190.4,37065.20837
2024-07,SOUTH EAST,Dosulepin hydrochloride,4155.0,62015.54,50185.00132
2024-07,SOUTH EAST,Doxepin,146.0,31092.35,30847.23113
2024-07,SOUTH EAST,Imipramine hydrochloride,1542.0,11270.28,10189.04511
2024-07,SOUTH EAST,Lofepramine hydrochloride,1127.0,29360.03,29283.52018
2024-07,SOUTH EAST,Mianserin hydrochloride,25.0,1230.88,1191.57548
2024-07,SOUTH EAST,Nortriptyline,11932.0,62820.88,62721.63027
2024-07,SOUTH EAST,Trazodone hydrochloride,15426.0,52009.64,48502.77748
2024-07,SOUTH EAST,Trimipramine maleate,266.0,92582.93,92249.43407
2024-07,SOUTH EAST,Isocarboxazid,14.0,6365.61,6366.3836
2024-07,SOUTH EAST,Moclobemide,111.0,2124.62,2017.57264
2024-07,SOUTH EAST,Phenelzine sulfate,85.0,13484.4,13451.92558
2024-07,SOUTH EAST,Tranylcypromine sulfate,99.0,154108.75,154003.84426
2024-07,SOUTH EAST,Citalopram hydrobromide,163248.0,201582.0,166044.70923
2024-07,SOUTH EAST,Fluoxetine hydrochloride,83654.0,211021.71,183606.05974
2024-07,SOUTH EAST,Fluvoxamine maleate,185.0,3842.96,3655.4463
2024-07,SOUTH EAST,Paroxetine hydrochloride,14335.0,41566.62,35429.05002
2024-07,SOUTH EAST,Sertraline hydrochloride,290224.0,863929.83,838054.74897
2024-07,SOUTH EAST,Escitalopram,34562.0,106934.43,106614.82314
2024-07,SOUTH EAST,Citalopram hydrochloride,1022.0,17748.36,14301.14479
2024-07,SOUTH EAST,Vortioxetine,7403.0,194216.22,184353.48916
2024-07,SOUTH EAST,Flupentixol hydrochloride,1133.0,3741.15,3647.92113
2024-07,SOUTH EAST,Tryptophan,9.0,1038.59,978.676
2024-07,SOUTH EAST,Reboxetine,252.0,4475.08,4259.34885
2024-07,SOUTH EAST,Venlafaxine,74523.0,672892.12,622926.32283
2024-07,SOUTH EAST,Mirtazapine,142775.0,210553.01,179014.29707
2024-07,SOUTH EAST,Duloxetine hydrochloride,48380.0,193121.02,158147.55449
2024-07,SOUTH EAST,Agomelatine,830.0,17154.34,17049.41697
2024-07,SOUTH EAST,Bupropion hydrochloride,594.0,21692.95,20597.01755
2024-07,SOUTH WEST,Flupentixol hydrochloride,343.0,1990.85,1925.84012
2024-07,SOUTH WEST,Flupentixol decanoate,349.0,5331.29,4987.08073
2024-07,SOUTH WEST,Amitriptyline hydrochloride,153013.0,262692.31,216014.21903
2024-07,SOUTH WEST,Clomipramine hydrochloride,1847.0,24555.1,23172.55948
2024-07,SOUTH WEST,Dosulepin hydrochloride,2803.0,40056.22,32551.31555
2024-07,SOUTH WEST,Doxepin,173.0,29582.83,29461.34089
2024-07,SOUTH WEST,Imipramine hydrochloride,1122.0,5340.44,4526.53403
2024-07,SOUTH WEST,Lofepramine hydrochloride,1155.0,30042.34,29887.04571
2024-07,SOUTH WEST,Mianserin hydrochloride,12.0,691.62,641.83751
2024-07,SOUTH WEST,Nortriptyline,7088.0,29351.43,29346.79199
2024-07,SOUTH WEST,Trazodone hydrochloride,9397.0,27671.37,25178.46129
2024-07,SOUTH WEST,Trimipramine maleate,122.0,33564.79,33197.07791
2024-07,SOUTH WEST,Isocarboxazid,44.0,14046.47,13938.34581
2024-07,SOUTH WEST,Moclobemide,134.0,2002.33,1901.38182
2024-07,SOUTH WEST,Phenelzine sulfate,41.0,5187.42,5095.4383
2024-07,SOUTH WEST,Tranylcypromine sulfate,36.0,55186.07,54594.05163
2024-07,SOUTH WEST,Citalopram hydrobromide,126337.0,148673.03,122995.27866
2024-07,SOUTH WEST,Fluoxetine hydrochloride,59885.0,135464.57,117108.18856
2024-07,SOUTH WEST,Fluvoxamine maleate,124.0,2626.57,2494.89384
2024-07,SOUTH WEST,Paroxetine hydrochloride,10421.0,29833.92,25604.85856
2024-07,SOUTH WEST,Sertraline hydrochloride,198334.0,530172.3,517757.46101
2024-07,SOUTH WEST,Escitalopram,19529.0,56238.23,56000.44186
2024-07,SOUTH WEST,Citalopram hydrochloride,650.0,10239.36,8262.2904
2024-07,SOUTH WEST,Vortioxetine,1894.0,49293.09,46690.46825
2024-07,SOUTH WEST,Flupentixol hydrochloride,1000.0,3123.14,3042.62867
2024-07,SOUTH WEST,Tryptophan,4.0,183.28,176.46007
2024-07,SOUTH WEST,Reboxetine,198.0,3385.5,3219.32286
2024-07,SOUTH WEST,Venlafaxine,58976.0,472521.1,431379.39425
2024-07,SOUTH WEST,Mirtazapine,114260.0,158252.21,134497.81702
2024-07,SOUTH WEST,Duloxetine hydrochloride,38703.0,135468.95,111032.62451
2024-07,SOUTH WEST,Agomelatine,201.0,4438.92,4411.9089
2024-07,SOUTH WEST,Bupropion hydrochloride,273.0,9941.65,9388.50798
2024-07,UNIDENTIFIED,Flupentixol hydrochloride,13.0,3.64,4.91929
2024-07,UNIDENTIFIED,Flupentixol decanoate,2.0,21.04,20.21333
2024-07,UNIDENTIFIED,Amitriptyline hydrochloride,131.0,167.78,141.13438
2024-07,UNIDENTIFIED,Clomipramine hydrochloride,1.0,47.94,47.9524
2024-07,UNIDENTIFIED,Dosulepin hydrochloride,9.0,2.16,2.7403
2024-07,UNIDENTIFIED,Doxepin,1.0,96.19,96.19
2024-07,UNIDENTIFIED,Lofepramine hydrochloride,1.0,35.85,35.9624
2024-07,UNIDENTIFIED,Nortriptyline,4.0,9.32,9.1768
2024-07,UNIDENTIFIED,Trazodone hydrochloride,14.0,108.92,103.81903
2024-07,UNIDENTIFIED,Moclobemide,1.0,6.53,6.31606
2024-07,UNIDENTIFIED,Citalopram hydrobromide,63.0,67.16,57.22468
2024-07,UNIDENTIFIED,Fluoxetine hydrochloride,49.0,162.47,152.77145
2024-07,UNIDENTIFIED,Fluvoxamine maleate,2.0,42.75,40.73838
2024-07,UNIDENTIFIED,Paroxetine hydrochloride,7.0,9.07,8.04596
2024-07,UNIDENTIFIED,Sertraline hydrochloride,150.0,399.96,380.65914
2024-07,UNIDENTIFIED,Escitalopram,15.0,47.35,47.836
2024-07,UNIDENTIFIED,Vortioxetine,8.0,214.83,203.08373
2024-07,UNIDENTIFIED,Flupentixol hydrochloride,3.0,4.74,4.84032
2024-07,UNIDENTIFIED,Tryptophan,1.0,15.27,14.61929
2024-07,UNIDENTIFIED,Venlafaxine,48.0,225.13,209.67013
2024-07,UNIDENTIFIED,Mirtazapine,108.0,108.06,96.25882
2024-07,UNIDENTIFIED,Duloxetine hydrochloride,27.0,107.78,92.46581
2024-08,EAST OF ENGLAND,Flupentixol hydrochloride,303.0,1441.36,1397.85477
2024-08,EAST OF ENGLAND,Flupentixol decanoate,268.0,3849.6,3609.07866
2024-08,EAST OF ENGLAND,Amitriptyline hydrochloride,170104.0,224462.94,185482.70929
2024-08,EAST OF ENGLAND,Clomipramine hydrochloride,2791.0,32979.25,30717.56932
2024-08,EAST OF ENGLAND,Dosulepin hydrochloride,3182.0,42754.96,34827.36174
2024-08,EAST OF ENGLAND,Doxepin,129.0,23777.51,23520.82408
2024-08,EAST OF ENGLAND,Imipramine hydrochloride,932.0,4827.04,4241.72915
2024-08,EAST OF ENGLAND,Lofepramine hydrochloride,1091.0,28575.28,28411.77254
2024-08,EAST OF ENGLAND,Mianserin hydrochloride,8.0,521.16,484.49725
2024-08,EAST OF ENGLAND,Nortriptyline,10249.0,48532.99,48294.68984
2024-08,EAST OF ENGLAND,Trazodone hydrochloride,8158.0,37616.23,35990.73049
2024-08,EAST OF ENGLAND,Trimipramine maleate,129.0,42085.7,41613.27089
2024-08,EAST OF ENGLAND,Isocarboxazid,19.0,9802.7,9739.26081
2024-08,EAST OF ENGLAND,Moclobemide,85.0,1612.2,1530.78724
2024-08,EAST OF ENGLAND,Phenelzine sulfate,59.0,6439.31,6413.40154
2024-08,EAST OF ENGLAND,Tranylcypromine sulfate,20.0,24977.5,24708.31791
2024-08,EAST OF ENGLAND,Citalopram hydrobromide,163242.0,144930.69,120666.76974
2024-08,EAST OF ENGLAND,Fluoxetine hydrochloride,72656.0,153122.81,133925.02924
2024-08,EAST OF ENGLAND,Fluvoxamine maleate,176.0,3525.23,3337.59867
2024-08,EAST OF ENGLAND,Paroxetine hydrochloride,13795.0,33611.08,28953.30801
2024-08,EAST OF ENGLAND,Sertraline hydrochloride,234238.0,557695.8,533726.61896
2024-08,EAST OF ENGLAND,Escitalopram,19501.0,41812.87,41493.95193
2024-08,EAST OF ENGLAND,Citalopram hydrochloride,811.0,12746.79,10280.88223
2024-08,EAST OF ENGLAND,Vortioxetine,3895.0,94566.78,89485.69897
2024-08,EAST OF ENGLAND,Flupentixol hydrochloride,1441.0,4282.07,4164.50952
2024-08,EAST OF ENGLAND,Tryptophan,6.0,565.11,537.04752
2024-08,EAST OF ENGLAND,Reboxetine,211.0,3785.73,3583.36544
2024-08,EAST OF ENGLAND,Venlafaxine,71675.0,565995.06,528636.29575
2024-08,EAST OF ENGLAND,Mirtazapine,110290.0,136310.04,117204.48578
2024-08,EAST OF ENGLAND,Duloxetine hydrochloride,35882.0,123199.08,101276.24788
2024-08,EAST OF ENGLAND,Agomelatine,136.0,2571.18,2144.67435
2024-08,EAST OF ENGLAND,Bupropion hydrochloride,390.0,14912.55,14133.44208
2024-08,LONDON,Flupentixol hydrochloride,688.0,3321.97,3232.71243
2024-08,LONDON,Flupentixol decanoate,530.0,15324.77,14574.65553
2024-08,LONDON,Amitriptyline hydrochloride,121387.0,139988.07,117780.17505
2024-08,LONDON,Clomipramine hydrochloride,2034.0,25691.26,24439.83868
2024-08,LONDON,Dosulepin hydrochloride,2675.0,31434.25,25369.33135
2024-08,LONDON,Doxepin,156.0,26259.04,26267.2744
2024-08,LONDON,Imipramine hydrochloride,769.0,2309.18,1891.15738
2024-08,LONDON,Lofepramine hydrochloride,1026.0,24641.8,24730.2224
2024-08,LONDON,Mianserin hydrochloride,17.0,1180.37,1079.88742
2024-08,LONDON,Nortriptyline,9539.0,36074.86,36535.74019
2024-08,LONDON,Trazodone hydrochloride,5904.0,24894.48,23648.04772
2024-08,LONDON,Trimipramine maleate,263.0,82972.1,82986.1612
2024-08,LONDON,Isocarboxazid,20.0,7172.23,7173.678
2024-08,LONDON,Moclobemide,74.0,1485.1,1416.21157
2024-08,LONDON,Phenelzine sulfate,54.0,8263.79,8258.9757
2024-08,LONDON,Tranylcypromine sulfate,41.0,44654.66,44656.6684
2024-08,LONDON,Citalopram hydrobromide,102186.0,95751.67,81201.20027
2024-08,LONDON,Fluoxetine hydrochloride,51633.0,112405.4,100226.18598
2024-08,LONDON,Fluvoxamine maleate,269.0,6349.83,6052.78339
2024-08,LONDON,Paroxetine hydrochloride,11743.0,27728.66,23701.78995
2024-08,LONDON,Sertraline hydrochloride,201059.0,496061.07,481513.87941
2024-08,LONDON,Escitalopram,19013.0,50629.51,50964.10587
2024-08,LONDON,Citalopram hydrochloride,395.0,6799.59,5472.2253
2024-08,LONDON,Vortioxetine,3467.0,97424.91,92722.56637
2024-08,LONDON,Flupentixol hydrochloride,913.0,2353.25,2324.68597
2024-08,LONDON,Tryptophan,7.0,549.86,523.07193
2024-08,LONDON,Reboxetine,129.0,2105.6,2011.48892
2024-08,LONDON,Venlafaxine,47015.0,342540.93,319315.85379
2024-08,LONDON,Mirtazapine,121910.0,136525.75,119676.96745
2024-08,LONDON,Duloxetine hydrochloride,30581.0,87198.13,72098.33227
2024-08,LONDON,Agomelatine,414.0,7791.28,6290.88266
2024-08,LONDON,Bupropion hydrochloride,906.0,39716.03,37916.94336
2024-08,MIDLANDS,Flupentixol hydrochloride,507.0,3282.75,3169.73079
2024-08,MIDLANDS,Flupentixol decanoate,450.0,9676.94,9186.88389
2024-08,MIDLANDS,Amitriptyline hydrochloride,274621.0,369991.69,304097.50331
2024-08,MIDLANDS,Clomipramine hydrochloride,3392.0,47576.08,44562.00677
2024-08,MIDLANDS,Dosulepin hydrochloride,5068.0,74089.11,60313.71345
2024-08,MIDLANDS,Doxepin,213.0,36027.91,35922.96905
2024-08,MIDLANDS,Imipramine hydrochloride,1755.0,8117.77,6922.87856
2024-08,MIDLANDS,Lofepramine hydrochloride,2303.0,69228.49,68923.60005
2024-08,MIDLANDS,Mianserin hydrochloride,7.0,1065.33,987.29765
2024-08,MIDLANDS,Nortriptyline,14244.0,62819.52,62797.1971
2024-08,MIDLANDS,Trazodone hydrochloride,13485.0,42591.99,39383.37659
2024-08,MIDLANDS,Trimipramine maleate,150.0,48039.28,47352.99606
2024-08,MIDLANDS,Isocarboxazid,18.0,7768.19,7769.3132
2024-08,MIDLANDS,Moclobemide,106.0,1937.0,1839.86182
2024-08,MIDLANDS,Phenelzine sulfate,56.0,7495.48,7446.77144
2024-08,MIDLANDS,Tranylcypromine sulfate,43.0,45622.66,45408.76417
2024-08,MIDLANDS,Citalopram hydrobromide,220478.0,209870.83,173573.49739
2024-08,MIDLANDS,Fluoxetine hydrochloride,121095.0,247723.56,215922.09447
2024-08,MIDLANDS,Fluvoxamine maleate,313.0,6516.04,6197.04238
2024-08,MIDLANDS,Paroxetine hydrochloride,20430.0,50306.72,43091.10965
2024-08,MIDLANDS,Sertraline hydrochloride,403990.0,950304.34,923825.54529
2024-08,MIDLANDS,Escitalopram,28449.0,62101.53,61718.75514
2024-08,MIDLANDS,Citalopram hydrochloride,1215.0,19925.01,16050.18911
2024-08,MIDLANDS,Vortioxetine,5704.0,141414.57,134103.56965
2024-08,MIDLANDS,Flupentixol hydrochloride,2261.0,7257.17,7076.09716
2024-08,MIDLANDS,Tryptophan,15.0,1452.6,1352.71419
2024-08,MIDLANDS,Reboxetine,289.0,5001.4,4741.0041
2024-08,MIDLANDS,Venlafaxine,97021.0,830099.63,771604.97882
2024-08,MIDLANDS,Mirtazapine,194582.0,254893.4,216569.66685
2024-08,MIDLANDS,Duloxetine hydrochloride,71538.0,244991.52,200172.4519
2024-08,MIDLANDS,Agomelatine,321.0,6836.71,5596.19526
2024-08,MIDLANDS,Bupropion hydrochloride,329.0,11772.36,11145.1835
2024-08,NORTH EAST AND YORKSHIRE,Flupentixol hydrochloride,866.0,3662.89,3574.5647
2024-08,NORTH EAST AND YORKSHIRE,Flupentixol decanoate,500.0,8742.66,8257.88268
2024-08,NORTH EAST AND YORKSHIRE,Amitriptyline hydrochloride,280318.0,343796.46,285853.84473
2024-08,NORTH EAST AND YORKSHIRE,Clomipramine hydrochloride,3281.0,38207.38,35933.27796
2024-08,NORTH EAST AND YORKSHIRE,Dosulepin hydrochloride,3937.0,50288.97,40716.20687
2024-08,NORTH EAST AND YORKSHIRE,Doxepin,279.0,44141.88,44034.34812
2024-08,NORTH EAST AND YORKSHIRE,Imipramine hydrochloride,1572.0,7506.18,6637.98115
2024-08,NORTH EAST AND YORKSHIRE,Lofepramine hydrochloride,2532.0,62421.51,62406.06763
2024-08,NORTH EAST AND YORKSHIRE,Mianserin hydrochloride,13.0,914.42,860.94711
2024-08,NORTH EAST AND YORKSHIRE,Nortriptyline,14414.0,50061.11,50450.08981
2024-08,NORTH EAST AND YORKSHIRE,Trazodone hydrochloride,41700.0,96979.34,89074.77016
2024-08,NORTH EAST AND YORKSHIRE,Trimipramine maleate,182.0,43030.53,42993.51076
2024-08,NORTH EAST AND YORKSHIRE,Isocarboxazid,5.0,2013.99,2014.452
2024-08,NORTH EAST AND YORKSHIRE,Moclobemide,125.0,1947.61,1858.01021
2024-08,NORTH EAST AND YORKSHIRE,Phenelzine sulfate,61.0,6093.6,6074.89273
2024-08,NORTH EAST AND YORKSHIRE,Tranylcypromine sulfate,34.0,42420.18,42313.58709
2024-08,NORTH EAST AND YORKSHIRE,Citalopram hydrobromide,191855.0,166317.49,139669.01043
2024-08,NORTH EAST AND YORKSHIRE,Fluoxetine hydrochloride,146281.0,244870.54,214802.67101
2024-08,NORTH EAST AND YORKSHIRE,Fluvoxamine maleate,280.0,5338.98,5088.6516
2024-08,NORTH EAST AND YORKSHIRE,Paroxetine hydrochloride,18959.0,40177.76,34714.86126
2024-08,NORTH EAST AND YORKSHIRE,Sertraline hydrochloride,393326.0,788456.38,776356.18368
2024-08,NORTH EAST AND YORKSHIRE,Escitalopram,21109.0,41867.07,42180.22725
2024-08,NORTH EAST AND YORKSHIRE,Citalopram hydrochloride,860.0,13761.26,11071.07639
2024-08,NORTH EAST AND YORKSHIRE,Vortioxetine,5152.0,99737.55,94908.68066
2024-08,NORTH EAST AND YORKSHIRE,Flupentixol hydrochloride,2233.0,5829.78,5750.99205
2024-08,NORTH EAST AND YORKSHIRE,Tryptophan,16.0,1267.67,1225.62669
2024-08,NORTH EAST AND YORKSHIRE,Reboxetine,456.0,6012.37,5743.53615
2024-08,NORTH EAST AND YORKSHIRE,Venlafaxine,81103.0,552031.7,510431.72627
2024-08,NORTH EAST AND YORKSHIRE,Mirtazapine,222285.0,234907.41,203841.53453
2024-08,NORTH EAST AND YORKSHIRE,Duloxetine hydrochloride,92112.0,261423.3,214714.5629
2024-08,NORTH EAST AND YORKSHIRE,Agomelatine,431.0,5392.07,4393.97573
2024-08,NORTH EAST AND YORKSHIRE,Bupropion hydrochloride,360.0,12919.93,12245.8253
2024-08,NORTH WEST,Flupentixol hydrochloride,437.0,2619.29,2537.33096
2024-08,NORTH WEST,Flupentixol decanoate,385.0,9581.1,9125.46569
2024-08,NORTH WEST,Amitriptyline hydrochloride,182368.0,236884.65,194609.02286
2024-08,NORTH WEST,Clomipramine hydrochloride,2875.0,37835.38,35749.00798
2024-08,NORTH WEST,Dosulepin hydrochloride,3786.0,53675.0,43520.67564
2024-08,NORTH WEST,Doxepin,146.0,26133.81,26097.36878
2024-08,NORTH WEST,Imipramine hydrochloride,859.0,4795.47,4268.5664
2024-08,NORTH WEST,Lofepramine hydrochloride,1092.0,31436.91,31469.71593
2024-08,NORTH WEST,Mianserin hydrochloride,10.0,835.23,803.18729
2024-08,NORTH WEST,Nortriptyline,13702.0,54223.32,54619.91099
2024-08,NORTH WEST,Trazodone hydrochloride,17629.0,64468.46,61190.69088
2024-08,NORTH WEST,Trimipramine maleate,113.0,31560.61,31515.31615
2024-08,NORTH WEST,Isocarboxazid,3.0,5178.78,5178.8172
2024-08,NORTH WEST,Moclobemide,68.0,1323.37,1263.48832
2024-08,NORTH WEST,Phenelzine sulfate,35.0,4416.0,4419.534
2024-08,NORTH WEST,Tranylcypromine sulfate,14.0,19469.29,19361.74909
2024-08,NORTH WEST,Citalopram hydrobromide,148279.0,135927.76,112329.99922
2024-08,NORTH WEST,Fluoxetine hydrochloride,92832.0,182566.92,161659.31494
2024-08,NORTH WEST,Fluvoxamine maleate,210.0,3723.04,3557.11478
2024-08,NORTH WEST,Paroxetine hydrochloride,16863.0,37442.52,32267.5611
2024-08,NORTH WEST,Sertraline hydrochloride,321056.0,655899.45,644655.87624
2024-08,NORTH WEST,Escitalopram,21881.0,47201.15,47457.83386
2024-08,NORTH WEST,Citalopram hydrochloride,665.0,10650.78,8545.63701
2024-08,NORTH WEST,Vortioxetine,4882.0,110219.67,104904.71736
2024-08,NORTH WEST,Flupentixol hydrochloride,1324.0,4156.96,4079.89898
2024-08,NORTH WEST,Tryptophan,6.0,198.55,189.20343
2024-08,NORTH WEST,Reboxetine,262.0,3946.93,3772.26156
2024-08,NORTH WEST,Venlafaxine,79946.0,598161.2,559666.6305
2024-08,NORTH WEST,Mirtazapine,191700.0,221489.81,188084.45166
2024-08,NORTH WEST,Duloxetine hydrochloride,61017.0,201243.7,164439.97459
2024-08,NORTH WEST,Agomelatine,157.0,2878.84,2379.2876
2024-08,NORTH WEST,Bupropion hydrochloride,399.0,13260.31,12621.18993
2024-08,SOUTH EAST,Flupentixol hydrochloride,218.0,1600.9,1542.56575
2024-08,SOUTH EAST,Flupentixol decanoate,376.0,6349.7,5987.38729
2024-08,SOUTH EAST,Amitriptyline hydrochloride,167066.0,254038.62,208574.31278
2024-08,SOUTH EAST,Clomipramine hydrochloride,2646.0,38807.17,36579.25565
2024-08,SOUTH EAST,Dosulepin hydrochloride,4000.0,60833.85,49260.05011
2024-08,SOUTH EAST,Doxepin,155.0,29768.27,29474.74772
2024-08,SOUTH EAST,Imipramine hydrochloride,1490.0,10901.87,9904.8418
2024-08,SOUTH EAST,Lofepramine hydrochloride,1025.0,31421.83,31324.14804
2024-08,SOUTH EAST,Mianserin hydrochloride,22.0,804.65,771.45748
2024-08,SOUTH EAST,Nortriptyline,11254.0,60279.27,60221.06703
2024-08,SOUTH EAST,Trazodone hydrochloride,14776.0,48811.62,45622.79739
2024-08,SOUTH EAST,Trimipramine maleate,217.0,78819.97,78598.51587
2024-08,SOUTH EAST,Isocarboxazid,10.0,5214.77,5215.494
2024-08,SOUTH EAST,Moclobemide,128.0,2734.37,2600.54698
2024-08,SOUTH EAST,Phenelzine sulfate,72.0,10341.6,10266.53342
2024-08,SOUTH EAST,Tranylcypromine sulfate,81.0,108882.5,108777.08989
2024-08,SOUTH EAST,Citalopram hydrobromide,156061.0,165983.21,137252.96996
2024-08,SOUTH EAST,Fluoxetine hydrochloride,79279.0,183920.54,161068.23108
2024-08,SOUTH EAST,Fluvoxamine maleate,191.0,4353.14,4143.37901
2024-08,SOUTH EAST,Paroxetine hydrochloride,13857.0,38124.71,32541.11978
2024-08,SOUTH EAST,Sertraline hydrochloride,277713.0,731928.77,708709.17934
2024-08,SOUTH EAST,Escitalopram,33162.0,81509.32,81393.45497
2024-08,SOUTH EAST,Citalopram hydrochloride,958.0,16064.37,12936.31768
2024-08,SOUTH EAST,Vortioxetine,6968.0,184790.43,175427.62222
2024-08,SOUTH EAST,Flupentixol hydrochloride,1097.0,3698.21,3599.6535
2024-08,SOUTH EAST,Tryptophan,8.0,1008.05,949.65923
2024-08,SOUTH EAST,Reboxetine,204.0,3708.59,3520.54472
2024-08,SOUTH EAST,Venlafaxine,71374.0,647911.0,606884.73416
2024-08,SOUTH EAST,Mirtazapine,137515.0,186018.18,158577.7775
2024-08,SOUTH EAST,Duloxetine hydrochloride,46959.0,181127.75,148263.43274
2024-08,SOUTH EAST,Agomelatine,726.0,13981.53,11413.56532
2024-08,SOUTH EAST,Bupropion hydrochloride,582.0,22127.18,21006.40278
2024-08,SOUTH WEST,Flupentixol hydrochloride,361.0,1770.29,1716.12426
2024-08,SOUTH WEST,Flupentixol decanoate,345.0,6238.44,5865.16354
2024-08,SOUTH WEST,Amitriptyline hydrochloride,147659.0,216535.68,178610.79763
2024-08,SOUTH WEST,Clomipramine hydrochloride,1853.0,25163.56,23661.78292
2024-08,SOUTH WEST,Dosulepin hydrochloride,2676.0,38572.36,31361.47454
2024-08,SOUTH WEST,Doxepin,151.0,25883.38,25670.73018
2024-08,SOUTH WEST,Imipramine hydrochloride,1089.0,4023.4,3379.60979
2024-08,SOUTH WEST,Lofepramine hydrochloride,1118.0,32337.21,32160.01199
2024-08,SOUTH WEST,Mianserin hydrochloride,19.0,1290.6,1184.81334
2024-08,SOUTH WEST,Nortriptyline,6591.0,26456.74,26463.44197
2024-08,SOUTH WEST,Trazodone hydrochloride,9181.0,25996.69,23620.34901
2024-08,SOUTH WEST,Trimipramine maleate,126.0,31511.81,31124.56891
2024-08,SOUTH WEST,Isocarboxazid,37.0,10809.71,10540.70638
2024-08,SOUTH WEST,Moclobemide,103.0,2254.98,2134.24859
2024-08,SOUTH WEST,Phenelzine sulfate,41.0,4732.8,4658.9956
2024-08,SOUTH WEST,Tranylcypromine sulfate,38.0,65544.28,64952.48997
2024-08,SOUTH WEST,Citalopram hydrobromide,122032.0,123732.16,102776.03333
2024-08,SOUTH WEST,Fluoxetine hydrochloride,57496.0,118996.97,103533.84875
2024-08,SOUTH WEST,Fluvoxamine maleate,124.0,2516.56,2387.92756
2024-08,SOUTH WEST,Paroxetine hydrochloride,10135.0,27089.23,23247.72256
2024-08,SOUTH WEST,Sertraline hydrochloride,190580.0,448699.02,437181.89801
2024-08,SOUTH WEST,Escitalopram,18783.0,43449.46,43315.98807
2024-08,SOUTH WEST,Citalopram hydrochloride,651.0,10617.5,8575.06412
2024-08,SOUTH WEST,Vortioxetine,1953.0,50777.1,48090.83386
2024-08,SOUTH WEST,Flupentixol hydrochloride,955.0,3040.93,2960.38097
2024-08,SOUTH WEST,Tryptophan,3.0,213.83,203.28275
2024-08,SOUTH WEST,Reboxetine,239.0,3844.07,3655.90852
2024-08,SOUTH WEST,Venlafaxine,56850.0,459669.87,422931.39252
2024-08,SOUTH WEST,Mirtazapine,110256.0,139917.22,119330.0705
2024-08,SOUTH WEST,Duloxetine hydrochloride,37695.0,128691.68,105568.56576
2024-08,SOUTH WEST,Agomelatine,194.0,3622.24,2949.88412
2024-08,SOUTH WEST,Bupropion hydrochloride,299.0,10928.64,10317.91053
2024-08,UNIDENTIFIED,Flupentixol hydrochloride,1.0,7.8,7.52266
2024-08,UNIDENTIFIED,Amitriptyline hydrochloride,81.0,87.65,72.29169
2024-08,UNIDENTIFIED,Clomipramine hydrochloride,1.0,28.17,28.17
2024-08,UNIDENTIFIED,Lofepramine hydrochloride,1.0,26.95,26.9624
2024-08,UNIDENTIFIED,Nortriptyline,2.0,1.79,1.84113
2024-08,UNIDENTIFIED,Trazodone hydrochloride,12.0,28.78,29.8471
2024-08,UNIDENTIFIED,Phenelzine sulfate,1.0,240.0,240.0124
2024-08,UNIDENTIFIED,Citalopram hydrobromide,43.0,38.58,32.35544
2024-08,UNIDENTIFIED,Fluoxetine hydrochloride,50.0,153.48,132.5733
2024-08,UNIDENTIFIED,Paroxetine hydrochloride,6.0,11.36,9.7327
2024-08,UNIDENTIFIED,Sertraline hydrochloride,104.0,305.46,287.57772
2024-08,UNIDENTIFIED,Escitalopram,15.0,35.9,35.81184
2024-08,UNIDENTIFIED,Vortioxetine,2.0,138.6,131.69937
2024-08,UNIDENTIFIED,Venlafaxine,30.0,278.82,261.47922
2024-08,UNIDENTIFIED,Mirtazapine,66.0,68.85,60.15363
2024-08,UNIDENTIFIED,Duloxetine hydrochloride,20.0,143.96,132.16777
2024-09,EAST OF ENGLAND,Flupentixol hydrochloride,300.0,1409.07,1366.40525
2024-09,EAST OF ENGLAND,Flupentixol decanoate,268.0,4359.16,4078.86524
2024-09,EAST OF ENGLAND,Amitriptyline hydrochloride,165823.0,215426.28,178189.69477
2024-09,EAST OF ENGLAND,Clomipramine hydrochloride,2697.0,31309.97,28816.35019
2024-09,EAST OF ENGLAND,Dosulepin hydrochloride,3023.0,40654.73,33113.43147
2024-09,EAST OF ENGLAND,Doxepin,136.0,27306.83,27038.678
2024-09,EAST OF ENGLAND,Imipramine hydrochloride,929.0,3700.58,3128.69035
2024-09,EAST OF ENGLAND,Lofepramine hydrochloride,1037.0,24673.8,24533.64725
2024-09,EAST OF ENGLAND,Mianserin hydrochloride,11.0,701.58,675.41932
2024-09,EAST OF ENGLAND,Nortriptyline,10135.0,46938.69,46678.1931
2024-09,EAST OF ENGLAND,Trazodone hydrochloride,8018.0,34938.19,33331.84801
2024-09,EAST OF ENGLAND,Trimipramine maleate,129.0,43667.04,43203.9066
2024-09,EAST OF ENGLAND,Isocarboxazid,15.0,6905.06,6873.68425
2024-09,EAST OF ENGLAND,Moclobemide,82.0,1573.0,1493.12024
2024-09,EAST OF ENGLAND,Phenelzine sulfate,62.0,7718.4,7677.44548
2024-09,EAST OF ENGLAND,Tranylcypromine sulfate,24.0,29827.5,29343.13991
2024-09,EAST OF ENGLAND,Citalopram hydrobromide,159506.0,154013.7,151999.9105
2024-09,EAST OF ENGLAND,Fluoxetine hydrochloride,70934.0,150940.03,132294.70455
2024-09,EAST OF ENGLAND,Fluvoxamine maleate,212.0,3941.38,3735.58825
2024-09,EAST OF ENGLAND,Paroxetine hydrochloride,13503.0,32401.16,27821.92776
2024-09,EAST OF ENGLAND,Sertraline hydrochloride,230152.0,443104.09,374464.95007
2024-09,EAST OF ENGLAND,Escitalopram,18990.0,37620.41,37319.79342
2024-09,EAST OF ENGLAND,Citalopram hydrochloride,762.0,12034.89,9703.95923
2024-09,EAST OF ENGLAND,Vortioxetine,3750.0,93855.96,88778.75662
2024-09,EAST OF ENGLAND,Flupentixol hydrochloride,1455.0,4073.21,3974.35197
2024-09,EAST OF ENGLAND,Tryptophan,9.0,931.67,885.32974
2024-09,EAST OF ENGLAND,Reboxetine,165.0,2820.67,2676.86049
2024-09,EAST OF ENGLAND,Venlafaxine,70412.0,556493.34,519479.34767
2024-09,EAST OF ENGLAND,Mirtazapine,107956.0,132162.79,113484.12587
2024-09,EAST OF ENGLAND,Duloxetine hydrochloride,35498.0,121177.71,99591.70876
2024-09,EAST OF ENGLAND,Agomelatine,128.0,2556.4,2115.79252
2024-09,EAST OF ENGLAND,Bupropion hydrochloride,368.0,13803.09,13074.74518
2024-09,LONDON,Flupentixol hydrochloride,639.0,3080.03,2997.65627
2024-09,LONDON,Flupentixol decanoate,488.0,14921.16,14183.56765
2024-09,LONDON,Amitriptyline hydrochloride,120939.0,139874.42,117583.89767
2024-09,LONDON,Clomipramine hydrochloride,1928.0,25483.24,24130.7123
2024-09,LONDON,Dosulepin hydrochloride,2481.0,30144.36,24317.80711
2024-09,LONDON,Doxepin,132.0,25837.53,25843.1668
2024-09,LONDON,Imipramine hydrochloride,828.0,3040.69,2578.18832
2024-09,LONDON,Lofepramine hydrochloride,1024.0,20257.96,20347.6576
2024-09,LONDON,Mianserin hydrochloride,20.0,931.89,848.413
2024-09,LONDON,Nortriptyline,9372.0,38600.54,39067.20264
2024-09,LONDON,Trazodone hydrochloride,5935.0,22295.32,21033.43376
2024-09,LONDON,Trimipramine maleate,243.0,77016.05,77027.1632
2024-09,LONDON,Isocarboxazid,26.0,4310.58,4313.4024
2024-09,LONDON,Moclobemide,92.0,1669.2,1593.63748
2024-09,LONDON,Phenelzine sulfate,54.0,7410.0,7414.4696
2024-09,LONDON,Tranylcypromine sulfate,54.0,70636.79,70639.5596
2024-09,LONDON,Citalopram hydrobromide,100522.0,101617.29,102612.11514
2024-09,LONDON,Fluoxetine hydrochloride,51243.0,113712.99,101450.22085
2024-09,LONDON,Fluvoxamine maleate,271.0,6532.82,6226.16097
2024-09,LONDON,Paroxetine hydrochloride,11522.0,26937.53,22996.87375
2024-09,LONDON,Sertraline hydrochloride,200498.0,403626.39,342863.11254
2024-09,LONDON,Escitalopram,19018.0,45701.52,46068.70642
2024-09,LONDON,Citalopram hydrochloride,363.0,6216.84,4999.23569
2024-09,LONDON,Vortioxetine,3458.0,95927.04,91304.96794
2024-09,LONDON,Flupentixol hydrochloride,826.0,2223.15,2192.4109
2024-09,LONDON,Oxitriptan,2.0,79.24,75.40549
2024-09,LONDON,Tryptophan,6.0,549.85,522.75057
2024-09,LONDON,Reboxetine,98.0,1808.11,1725.68107
2024-09,LONDON,Venlafaxine,46388.0,341761.51,317832.02418
2024-09,LONDON,Mirtazapine,120630.0,135325.06,118332.75271
2024-09,LONDON,Duloxetine hydrochloride,31031.0,87850.99,72545.77519
2024-09,LONDON,Agomelatine,402.0,8199.26,6666.32001
2024-09,LONDON,Bupropion hydrochloride,868.0,37406.91,35707.11726
2024-09,MIDLANDS,Flupentixol hydrochloride,480.0,3044.25,2939.99187
2024-09,MIDLANDS,Flupentixol decanoate,460.0,11095.75,10532.88583
2024-09,MIDLANDS,Amitriptyline hydrochloride,269599.0,362653.24,298080.91953
2024-09,MIDLANDS,Clomipramine hydrochloride,3368.0,46628.15,43828.88144
2024-09,MIDLANDS,Dosulepin hydrochloride,4913.0,70423.08,57367.78659
2024-09,MIDLANDS,Doxepin,214.0,33465.23,33368.47048
2024-09,MIDLANDS,Imipramine hydrochloride,1748.0,9128.2,7937.9932
2024-09,MIDLANDS,Lofepramine hydrochloride,2105.0,57909.16,57644.48107
2024-09,MIDLANDS,Mianserin hydrochloride,11.0,970.7,924.25193
2024-09,MIDLANDS,Nortriptyline,14043.0,62591.79,62566.38033
2024-09,MIDLANDS,Trazodone hydrochloride,13072.0,44548.53,41455.83397
2024-09,MIDLANDS,Trimipramine maleate,149.0,46025.58,45361.72378
2024-09,MIDLANDS,Isocarboxazid,16.0,7624.32,7625.1184
2024-09,MIDLANDS,Moclobemide,111.0,2354.91,2235.85313
2024-09,MIDLANDS,Phenelzine sulfate,54.0,6253.2,6237.55679
2024-09,MIDLANDS,Tranylcypromine sulfate,43.0,48152.58,47938.65707
2024-09,MIDLANDS,Citalopram hydrobromide,214602.0,221964.21,219032.95222
2024-09,MIDLANDS,Fluoxetine hydrochloride,119564.0,245515.51,214128.69237
2024-09,MIDLANDS,Fluvoxamine maleate,288.0,5448.45,5178.86384
2024-09,MIDLANDS,Paroxetine hydrochloride,19722.0,50124.56,43038.35643
2024-09,MIDLANDS,Sertraline hydrochloride,397466.0,754662.89,641285.49218
2024-09,MIDLANDS,Escitalopram,28017.0,56279.35,55886.17857
2024-09,MIDLANDS,Citalopram hydrochloride,1175.0,18652.41,15003.83091
2024-09,MIDLANDS,Vortioxetine,5639.0,141620.49,134287.79802
2024-09,MIDLANDS,Flupentixol hydrochloride,2185.0,6827.44,6666.23771
2024-09,MIDLANDS,Oxitriptan,4.0,113.84,108.40146
2024-09,MIDLANDS,Tryptophan,10.0,763.67,714.9167
2024-09,MIDLANDS,Reboxetine,281.0,4578.4,4336.96132
2024-09,MIDLANDS,Venlafaxine,94925.0,807409.24,749357.61097
2024-09,MIDLANDS,Mirtazapine,190892.0,249371.47,211801.64616
2024-09,MIDLANDS,Duloxetine hydrochloride,70366.0,240876.38,196845.21194
2024-09,MIDLANDS,Agomelatine,287.0,6348.97,5187.02972
2024-09,MIDLANDS,Bupropion hydrochloride,328.0,10960.06,10383.70335
2024-09,NORTH EAST AND YORKSHIRE,Flupentixol hydrochloride,808.0,3316.83,3239.59886
2024-09,NORTH EAST AND YORKSHIRE,Flupentixol decanoate,446.0,8388.49,7932.50074
2024-09,NORTH EAST AND YORKSHIRE,Amitriptyline hydrochloride,275578.0,336779.64,280086.12677
2024-09,NORTH EAST AND YORKSHIRE,Clomipramine hydrochloride,3282.0,39312.89,36978.32266
2024-09,NORTH EAST AND YORKSHIRE,Dosulepin hydrochloride,3849.0,47900.52,38786.36722
2024-09,NORTH EAST AND YORKSHIRE,Doxepin,278.0,44906.49,44778.98642
2024-09,NORTH EAST AND YORKSHIRE,Imipramine hydrochloride,1526.0,8348.99,7504.91228
2024-09,NORTH EAST AND YORKSHIRE,Lofepramine hydrochloride,2534.0,52241.9,52277.82767
2024-09,NORTH EAST AND YORKSHIRE,Mianserin hydrochloride,10.0,608.29,568.80728
2024-09,NORTH EAST AND YORKSHIRE,Nortriptyline,14457.0,51667.93,52060.98279
2024-09,NORTH EAST AND YORKSHIRE,Trazodone hydrochloride,41102.0,92068.24,84379.62128
2024-09,NORTH EAST AND YORKSHIRE,Trimipramine maleate,221.0,44617.29,44586.29098
2024-09,NORTH EAST AND YORKSHIRE,Isocarboxazid,5.0,1870.14,1870.702
2024-09,NORTH EAST AND YORKSHIRE,Moclobemide,124.0,1997.7,1904.99228
2024-09,NORTH EAST AND YORKSHIRE,Phenelzine sulfate,66.0,5954.4,5936.4744
2024-09,NORTH EAST AND YORKSHIRE,Tranylcypromine sulfate,32.0,41086.43,40979.79874
2024-09,NORTH EAST AND YORKSHIRE,Citalopram hydrobromide,187565.0,175572.83,176201.78638
2024-09,NORTH EAST AND YORKSHIRE,Fluoxetine hydrochloride,143712.0,244025.55,214172.74259
2024-09,NORTH EAST AND YORKSHIRE,Fluvoxamine maleate,276.0,5261.47,5017.03522
2024-09,NORTH EAST AND YORKSHIRE,Paroxetine hydrochloride,18917.0,38374.32,32992.53588
2024-09,NORTH EAST AND YORKSHIRE,Sertraline hydrochloride,388581.0,642075.71,552119.40292
2024-09,NORTH EAST AND YORKSHIRE,Escitalopram,20934.0,38755.77,39020.81099
2024-09,NORTH EAST AND YORKSHIRE,Citalopram hydrochloride,821.0,13401.28,10808.87113
2024-09,NORTH EAST AND YORKSHIRE,Vortioxetine,5139.0,98897.04,94098.76918
2024-09,NORTH EAST AND YORKSHIRE,Flupentixol hydrochloride,2177.0,5692.03,5617.09448
2024-09,NORTH EAST AND YORKSHIRE,Oxitriptan,2.0,20.43,19.63399
2024-09,NORTH EAST AND YORKSHIRE,Tryptophan,14.0,488.73,465.58368
2024-09,NORTH EAST AND YORKSHIRE,Reboxetine,461.0,5649.26,5400.36666
2024-09,NORTH EAST AND YORKSHIRE,Venlafaxine,79999.0,538289.06,496842.13467
2024-09,NORTH EAST AND YORKSHIRE,Mirtazapine,219434.0,229506.2,198809.59632
2024-09,NORTH EAST AND YORKSHIRE,Duloxetine hydrochloride,91394.0,259402.5,213167.84957
2024-09,NORTH EAST AND YORKSHIRE,Agomelatine,398.0,4354.68,3559.1114
2024-09,NORTH EAST AND YORKSHIRE,Bupropion hydrochloride,318.0,11039.31,10468.81654
2024-09,NORTH WEST,Flupentixol hydrochloride,408.0,2550.23,2467.81316
2024-09,NORTH WEST,Flupentixol decanoate,414.0,9617.11,9164.53368
2024-09,NORTH WEST,Amitriptyline hydrochloride,178007.0,232712.94,191119.62974
2024-09,NORTH WEST,Clomipramine hydrochloride,2829.0,37692.74,35545.81727
2024-09,NORTH WEST,Dosulepin hydrochloride,3587.0,49434.29,39827.52535
2024-09,NORTH WEST,Doxepin,142.0,23773.34,23711.62186
2024-09,NORTH WEST,Imipramine hydrochloride,778.0,3466.2,3002.22337
2024-09,NORTH WEST,Lofepramine hydrochloride,1033.0,26391.25,26416.79635
2024-09,NORTH WEST,Mianserin hydrochloride,9.0,636.96,615.0907
2024-09,NORTH WEST,Nortriptyline,13625.0,55430.0,55857.44018
2024-09,NORTH WEST,Trazodone hydrochloride,17117.0,66418.89,63184.61442
2024-09,NORTH WEST,Trimipramine maleate,95.0,25717.85,25705.00956
2024-09,NORTH WEST,Moclobemide,74.0,1364.97,1303.8855
2024-09,NORTH WEST,Phenelzine sulfate,36.0,4262.4,4265.8464
2024-09,NORTH WEST,Tranylcypromine sulfate,13.0,17529.29,17421.82314
2024-09,NORTH WEST,Citalopram hydrobromide,144171.0,143299.1,142197.15464
2024-09,NORTH WEST,Fluoxetine hydrochloride,90391.0,177352.61,157110.14682
2024-09,NORTH WEST,Fluvoxamine maleate,202.0,3556.33,3397.53884
2024-09,NORTH WEST,Paroxetine hydrochloride,16511.0,37431.16,32259.35445
2024-09,NORTH WEST,Sertraline hydrochloride,314577.0,514319.16,433804.70127
2024-09,NORTH WEST,Escitalopram,21511.0,42608.23,42875.47054
2024-09,NORTH WEST,Citalopram hydrochloride,654.0,10716.93,8598.13311
2024-09,NORTH WEST,Vortioxetine,4913.0,113232.24,107761.09477
2024-09,NORTH WEST,Flupentixol hydrochloride,1218.0,3857.39,3785.18977
2024-09,NORTH WEST,Tryptophan,9.0,885.85,842.39919
2024-09,NORTH WEST,Reboxetine,237.0,3815.86,3645.63874
2024-09,NORTH WEST,Venlafaxine,77643.0,587569.02,549337.27583
2024-09,NORTH WEST,Mirtazapine,187366.0,215603.45,182833.07992
2024-09,NORTH WEST,Duloxetine hydrochloride,59763.0,198327.7,161964.64127
2024-09,NORTH WEST,Agomelatine,148.0,2739.08,2227.8113
2024-09,NORTH WEST,Bupropion hydrochloride,381.0,12260.79,11670.30079
2024-09,SOUTH EAST,Flupentixol hydrochloride,213.0,1580.88,1522.30989
2024-09,SOUTH EAST,Flupentixol decanoate,381.0,6188.95,5833.24285
2024-09,SOUTH EAST,Amitriptyline hydrochloride,164208.0,249563.19,204916.00982
2024-09,SOUTH EAST,Clomipramine hydrochloride,2613.0,38617.54,36338.10056
2024-09,SOUTH EAST,Dosulepin hydrochloride,3909.0,58233.04,47098.0247
2024-09,SOUTH EAST,Doxepin,153.0,28414.02,28197.95705
2024-09,SOUTH EAST,Imipramine hydrochloride,1418.0,7677.08,6704.60177
2024-09,SOUTH EAST,Lofepramine hydrochloride,1007.0,25890.97,25843.56531
2024-09,SOUTH EAST,Mianserin hydrochloride,25.0,1449.74,1393.23766
2024-09,SOUTH EAST,Nortriptyline,11221.0,60020.52,59970.01555
2024-09,SOUTH EAST,Trazodone hydrochloride,14707.0,52953.99,49797.48367
2024-09,SOUTH EAST,Trimipramine maleate,224.0,83083.65,82771.91144
2024-09,SOUTH EAST,Isocarboxazid,9.0,4973.3,4974.0116
2024-09,SOUTH EAST,Moclobemide,116.0,2397.0,2273.89303
2024-09,SOUTH EAST,Phenelzine sulfate,81.0,12698.4,12689.50122
2024-09,SOUTH EAST,Tranylcypromine sulfate,86.0,126186.61,126081.74834
2024-09,SOUTH EAST,Citalopram hydrobromide,152735.0,175514.59,173509.72082
2024-09,SOUTH EAST,Fluoxetine hydrochloride,78092.0,181927.09,159388.3199
2024-09,SOUTH EAST,Fluvoxamine maleate,163.0,4018.25,3824.68971
2024-09,SOUTH EAST,Paroxetine hydrochloride,13437.0,37187.87,31780.47992
2024-09,SOUTH EAST,Sertraline hydrochloride,274211.0,590914.29,499067.63409
2024-09,SOUTH EAST,Escitalopram,32903.0,74475.69,74357.37192
2024-09,SOUTH EAST,Citalopram hydrochloride,968.0,15817.41,12743.95882
2024-09,SOUTH EAST,Vortioxetine,6959.0,186736.77,177265.75021
2024-09,SOUTH EAST,Flupentixol hydrochloride,1060.0,3462.19,3374.27009
2024-09,SOUTH EAST,Tryptophan,7.0,885.86,833.47529
2024-09,SOUTH EAST,Reboxetine,208.0,4258.55,4052.67925
2024-09,SOUTH EAST,Venlafaxine,70213.0,635105.59,593503.92248
2024-09,SOUTH EAST,Mirtazapine,135135.0,182804.03,155783.31779
2024-09,SOUTH EAST,Duloxetine hydrochloride,46380.0,178534.31,146082.63751
2024-09,SOUTH EAST,Agomelatine,743.0,14735.93,11992.85498
2024-09,SOUTH EAST,Bupropion hydrochloride,540.0,19943.25,18949.06694
2024-09,SOUTH WEST,Flupentixol hydrochloride,324.0,1926.25,1862.63312
2024-09,SOUTH WEST,Flupentixol decanoate,387.0,4657.82,4366.07172
2024-09,SOUTH WEST,Amitriptyline hydrochloride,144189.0,210257.37,173431.53218
2024-09,SOUTH WEST,Clomipramine hydrochloride,1825.0,24583.19,23128.60673
2024-09,SOUTH WEST,Dosulepin hydrochloride,2610.0,38115.05,31004.58547
2024-09,SOUTH WEST,Doxepin,166.0,28646.69,28421.83731
2024-09,SOUTH WEST,Imipramine hydrochloride,1049.0,3474.93,2838.50044
2024-09,SOUTH WEST,Lofepramine hydrochloride,1048.0,27062.42,26928.39559
2024-09,SOUTH WEST,Mianserin hydrochloride,11.0,603.27,550.00552
2024-09,SOUTH WEST,Nortriptyline,6674.0,28607.94,28596.16546
2024-09,SOUTH WEST,Trazodone hydrochloride,8899.0,26504.81,24185.85875
2024-09,SOUTH WEST,Trimipramine maleate,97.0,26000.68,25728.56182
2024-09,SOUTH WEST,Isocarboxazid,44.0,9941.43,9801.65336
2024-09,SOUTH WEST,Moclobemide,93.0,1587.12,1509.03801
2024-09,SOUTH WEST,Phenelzine sulfate,49.0,5440.8,5360.66921
2024-09,SOUTH WEST,Tranylcypromine sulfate,36.0,56675.71,56084.27064
2024-09,SOUTH WEST,Citalopram hydrobromide,118503.0,130062.31,128629.62699
2024-09,SOUTH WEST,Fluoxetine hydrochloride,56299.0,120116.5,104693.17337
2024-09,SOUTH WEST,Fluvoxamine maleate,134.0,2674.17,2535.0165
2024-09,SOUTH WEST,Paroxetine hydrochloride,9862.0,27138.05,23379.83801
2024-09,SOUTH WEST,Sertraline hydrochloride,187682.0,353646.66,298981.47618
2024-09,SOUTH WEST,Escitalopram,18472.0,39866.47,39712.04617
2024-09,SOUTH WEST,Citalopram hydrochloride,626.0,10221.12,8259.31598
2024-09,SOUTH WEST,Vortioxetine,1896.0,50665.23,47976.31431
2024-09,SOUTH WEST,Flupentixol hydrochloride,954.0,2841.22,2776.13658
2024-09,SOUTH WEST,Tryptophan,2.0,168.01,159.74001
2024-09,SOUTH WEST,Reboxetine,207.0,3610.25,3433.07442
2024-09,SOUTH WEST,Venlafaxine,55869.0,450573.68,414302.03541
2024-09,SOUTH WEST,Mirtazapine,108044.0,138441.8,118184.67026
2024-09,SOUTH WEST,Duloxetine hydrochloride,36864.0,126029.67,103385.08446
2024-09,SOUTH WEST,Agomelatine,182.0,3499.96,2849.85031
2024-09,SOUTH WEST,Bupropion hydrochloride,325.0,12565.61,11887.6562
2024-09,UNIDENTIFIED,Flupentixol decanoate,1.0,19.52,18.65706
2024-09,UNIDENTIFIED,Amitriptyline hydrochloride,80.0,90.36,76.3797
2024-09,UNIDENTIFIED,Clomipramine hydrochloride,3.0,34.41,34.18739
2024-09,UNIDENTIFIED,Imipramine hydrochloride,1.0,8.8,8.8
2024-09,UNIDENTIFIED,Lofepramine hydrochloride,1.0,34.68,34.7924
2024-09,UNIDENTIFIED,Nortriptyline,3.0,2.88,3.16727
2024-09,UNIDENTIFIED,Trazodone hydrochloride,6.0,32.38,31.10472
2024-09,UNIDENTIFIED,Citalopram hydrobromide,43.0,40.0,39.6926
2024-09,UNIDENTIFIED,Fluoxetine hydrochloride,36.0,94.29,83.5957
2024-09,UNIDENTIFIED,Paroxetine hydrochloride,3.0,14.32,14.12522
2024-09,UNIDENTIFIED,Sertraline hydrochloride,136.0,326.28,278.54121
2024-09,UNIDENTIFIED,Escitalopram,24.0,51.15,51.61585
2024-09,UNIDENTIFIED,Citalopram hydrochloride,1.0,13.23,10.59988
2024-09,UNIDENTIFIED,Vortioxetine,3.0,166.32,158.04685
2024-09,UNIDENTIFIED,Flupentixol hydrochloride,2.0,6.59,6.48553
2024-09,UNIDENTIFIED,Venlafaxine,23.0,183.9,175.79356
2024-09,UNIDENTIFIED,Mirtazapine,54.0,55.72,48.89696
2024-09,UNIDENTIFIED,Duloxetine hydrochloride,23.0,112.36,96.83463
2024-10,EAST OF ENGLAND,Flupentixol hydrochloride,330.0,1511.35,1465.23651
2024-10,EAST OF ENGLAND,Flupentixol decanoate,282.0,3603.25,3360.99891
2024-10,EAST OF ENGLAND,Amitriptyline hydrochloride,176063.0,202721.74,168439.09438
2024-10,EAST OF ENGLAND,Clomipramine hydrochloride,2840.0,33658.11,31017.78011
2024-10,EAST OF ENGLAND,Dosulepin hydrochloride,3171.0,41226.75,33591.51057
2024-10,EAST OF ENGLAND,Doxepin,127.0,18602.73,18475.32907
2024-10,EAST OF ENGLAND,Imipramine hydrochloride,951.0,4754.16,4196.388
2024-10,EAST OF ENGLAND,Lofepramine hydrochloride,1074.0,27764.7,27602.93398
2024-10,EAST OF ENGLAND,Mianserin hydrochloride,15.0,836.74,817.13383
2024-10,EAST OF ENGLAND,Nortriptyline,10810.0,45311.63,45137.42124
2024-10,EAST OF ENGLAND,Trazodone hydrochloride,8489.0,33478.96,32062.18775
2024-10,EAST OF ENGLAND,Trimipramine maleate,144.0,36524.84,36041.78668
2024-10,EAST OF ENGLAND,Isocarboxazid,21.0,12083.82,12052.56593
2024-10,EAST OF ENGLAND,Moclobemide,91.0,1868.31,1774.335
2024-10,EAST OF ENGLAND,Phenelzine sulfate,64.0,6571.2,6570.65767
2024-10,EAST OF ENGLAND,Tranylcypromine sulfate,19.0,23280.0,23009.83441
2024-10,EAST OF ENGLAND,Citalopram hydrobromide,167270.0,130815.63,109313.66802
2024-10,EAST OF ENGLAND,Fluoxetine hydrochloride,75117.0,150367.8,132596.66253
2024-10,EAST OF ENGLAND,Fluvoxamine maleate,208.0,3573.79,3389.86503
2024-10,EAST OF ENGLAND,Paroxetine hydrochloride,14103.0,33137.81,28565.84536
2024-10,EAST OF ENGLAND,Sertraline hydrochloride,244835.0,504503.56,426517.43018
2024-10,EAST OF ENGLAND,Escitalopram,20196.0,43106.47,41057.60863
2024-10,EAST OF ENGLAND,Citalopram hydrochloride,822.0,12216.24,9849.22319
2024-10,EAST OF ENGLAND,Vortioxetine,4177.0,100376.1,95010.53447
2024-10,EAST OF ENGLAND,Flupentixol hydrochloride,1467.0,4271.53,4160.72062
2024-10,EAST OF ENGLAND,Tryptophan,6.0,519.29,490.68424
2024-10,EAST OF ENGLAND,Reboxetine,210.0,3928.16,3718.25358
2024-10,EAST OF ENGLAND,Venlafaxine,74426.0,570355.28,527532.08717
2024-10,EAST OF ENGLAND,Mirtazapine,115381.0,132829.98,114442.90735
2024-10,EAST OF ENGLAND,Duloxetine hydrochloride,37598.0,135664.8,111429.31259
2024-10,EAST OF ENGLAND,Agomelatine,143.0,2998.73,2951.46767
2024-10,EAST OF ENGLAND,Bupropion hydrochloride,390.0,13975.03,13241.05052
2024-10,LONDON,Flupentixol hydrochloride,701.0,3337.24,3248.69891
2024-10,LONDON,Flupentixol decanoate,551.0,18727.48,17745.85819
2024-10,LONDON,Amitriptyline hydrochloride,127771.0,131457.53,111413.58966
2024-10,LONDON,Clomipramine hydrochloride,1988.0,25423.98,23981.37513
2024-10,LONDON,Dosulepin hydrochloride,2633.0,30605.96,24707.01358
2024-10,LONDON,Doxepin,146.0,21114.91,21121.9204
2024-10,LONDON,Imipramine hydrochloride,857.0,3175.64,2736.9604
2024-10,LONDON,Lofepramine hydrochloride,1062.0,23671.72,23763.3888
2024-10,LONDON,Mianserin hydrochloride,22.0,1202.33,1182.32832
2024-10,LONDON,Nortriptyline,10111.0,35232.12,35728.78681
2024-10,LONDON,Trazodone hydrochloride,6343.0,30449.49,29321.39352
2024-10,LONDON,Trimipramine maleate,235.0,64533.32,64545.434
2024-10,LONDON,Isocarboxazid,19.0,4187.25,4189.0856
2024-10,LONDON,Moclobemide,83.0,1820.0,1735.49937
2024-10,LONDON,Phenelzine sulfate,37.0,4741.79,4736.46584
2024-10,LONDON,Tranylcypromine sulfate,56.0,63535.0,63537.6944
2024-10,LONDON,Citalopram hydrobromide,106398.0,87544.33,74774.75331
2024-10,LONDON,Fluoxetine hydrochloride,53372.0,111634.32,100295.51692
2024-10,LONDON,Fluvoxamine maleate,329.0,7098.32,6768.25714
2024-10,LONDON,Paroxetine hydrochloride,12084.0,26727.28,22865.70117
2024-10,LONDON,Sertraline hydrochloride,213613.0,454439.45,385141.35286
2024-10,LONDON,Escitalopram,20310.0,54164.45,52273.28917
2024-10,LONDON,Citalopram hydrochloride,393.0,6421.44,5180.16258
2024-10,LONDON,Vortioxetine,3722.0,104368.77,99334.60853
2024-10,LONDON,Flupentixol hydrochloride,870.0,2311.0,2280.62676
2024-10,LONDON,Oxitriptan,2.0,79.24,75.40586
2024-10,LONDON,Tryptophan,9.0,964.42,916.94776
2024-10,LONDON,Reboxetine,116.0,2135.24,2038.29872
2024-10,LONDON,Venlafaxine,48882.0,349142.43,320355.68772
2024-10,LONDON,Mirtazapine,128214.0,135372.15,118979.81065
2024-10,LONDON,Duloxetine hydrochloride,32639.0,97908.91,80693.29362
2024-10,LONDON,Agomelatine,399.0,8046.32,8038.4884
2024-10,LONDON,Bupropion hydrochloride,1044.0,43127.03,41120.62442
2024-10,MIDLANDS,Flupentixol hydrochloride,521.0,3255.11,3144.40193
2024-10,MIDLANDS,Flupentixol decanoate,484.0,12176.39,11525.20749
2024-10,MIDLANDS,Amitriptyline hydrochloride,286153.0,340938.88,281648.11915
2024-10,MIDLANDS,Clomipramine hydrochloride,3412.0,47727.94,44639.60299
2024-10,MIDLANDS,Dosulepin hydrochloride,5082.0,73238.36,59649.81214
2024-10,MIDLANDS,Doxepin,216.0,28251.81,28046.47827
2024-10,MIDLANDS,Imipramine hydrochloride,1832.0,7657.04,6512.52655
2024-10,MIDLANDS,Lofepramine hydrochloride,2300.0,64747.6,64471.14697
2024-10,MIDLANDS,Mianserin hydrochloride,13.0,1339.06,1313.09214
2024-10,MIDLANDS,Nortriptyline,15088.0,59477.26,59520.11558
2024-10,MIDLANDS,Trazodone hydrochloride,13991.0,42159.05,39332.38042
2024-10,MIDLANDS,Trimipramine maleate,135.0,34948.8,34522.50131
2024-10,MIDLANDS,Isocarboxazid,17.0,7444.51,7445.6208
2024-10,MIDLANDS,Moclobemide,117.0,2206.64,2099.28544
2024-10,MIDLANDS,Phenelzine sulfate,61.0,6828.0,6821.68477
2024-10,MIDLANDS,Tranylcypromine sulfate,37.0,40392.58,40285.79585
2024-10,MIDLANDS,Citalopram hydrobromide,227404.0,191070.09,158599.80465
2024-10,MIDLANDS,Fluoxetine hydrochloride,126275.0,240051.25,210629.85194
2024-10,MIDLANDS,Fluvoxamine maleate,333.0,6647.69,6317.16663
2024-10,MIDLANDS,Paroxetine hydrochloride,21007.0,47660.7,40821.52379
2024-10,MIDLANDS,Sertraline hydrochloride,423462.0,817702.51,690082.24418
2024-10,MIDLANDS,Escitalopram,29752.0,64749.91,61686.14449
2024-10,MIDLANDS,Citalopram hydrochloride,1287.0,19855.36,15985.92944
2024-10,MIDLANDS,Vortioxetine,6022.0,150134.49,142373.87061
2024-10,MIDLANDS,Flupentixol hydrochloride,2284.0,7116.5,6951.82945
2024-10,MIDLANDS,Oxitriptan,1.0,33.48,31.81969
2024-10,MIDLANDS,Tryptophan,11.0,840.04,767.47646
2024-10,MIDLANDS,Reboxetine,306.0,5121.55,4856.04263
2024-10,MIDLANDS,Venlafaxine,101422.0,845843.22,778900.838
2024-10,MIDLANDS,Mirtazapine,204188.0,249189.54,212011.12342
2024-10,MIDLANDS,Duloxetine hydrochloride,75612.0,271229.94,221423.85391
2024-10,MIDLANDS,Agomelatine,304.0,6704.07,6668.92011
2024-10,MIDLANDS,Bupropion hydrochloride,369.0,13075.96,12400.60585
2024-10,NORTH EAST AND YORKSHIRE,Flupentixol hydrochloride,859.0,3637.99,3550.10693
2024-10,NORTH EAST AND YORKSHIRE,Flupentixol decanoate,483.0,7819.12,7355.42034
2024-10,NORTH EAST AND YORKSHIRE,Amitriptyline hydrochloride,291654.0,313372.21,262693.86949
2024-10,NORTH EAST AND YORKSHIRE,Clomipramine hydrochloride,3450.0,40845.22,38332.30319
2024-10,NORTH EAST AND YORKSHIRE,Dosulepin hydrochloride,3947.0,47396.05,38379.82034
2024-10,NORTH EAST AND YORKSHIRE,Doxepin,303.0,36056.61,35970.9323
2024-10,NORTH EAST AND YORKSHIRE,Imipramine hydrochloride,1617.0,6620.48,5782.47515
2024-10,NORTH EAST AND YORKSHIRE,Lofepramine hydrochloride,2617.0,57655.99,57663.19234
2024-10,NORTH EAST AND YORKSHIRE,Mianserin hydrochloride,11.0,623.36,581.20571
2024-10,NORTH EAST AND YORKSHIRE,Nortriptyline,15244.0,50040.64,50487.10164
2024-10,NORTH EAST AND YORKSHIRE,Trazodone hydrochloride,43422.0,89888.29,83093.70603
2024-10,NORTH EAST AND YORKSHIRE,Trimipramine maleate,235.0,35301.6,35271.35648
2024-10,NORTH EAST AND YORKSHIRE,Isocarboxazid,8.0,3452.55,3453.2492
2024-10,NORTH EAST AND YORKSHIRE,Moclobemide,161.0,2443.5,2327.04462
2024-10,NORTH EAST AND YORKSHIRE,Phenelzine sulfate,62.0,5920.8,5891.04815
2024-10,NORTH EAST AND YORKSHIRE,Tranylcypromine sulfate,34.0,41813.93,41598.76569
2024-10,NORTH EAST AND YORKSHIRE,Citalopram hydrobromide,198307.0,150973.91,127573.95486
2024-10,NORTH EAST AND YORKSHIRE,Fluoxetine hydrochloride,151914.0,238474.09,211243.53876
2024-10,NORTH EAST AND YORKSHIRE,Fluvoxamine maleate,271.0,4729.69,4509.33949
2024-10,NORTH EAST AND YORKSHIRE,Paroxetine hydrochloride,19861.0,38316.75,33158.88532
2024-10,NORTH EAST AND YORKSHIRE,Sertraline hydrochloride,413280.0,692764.89,592699.35683
2024-10,NORTH EAST AND YORKSHIRE,Escitalopram,22382.0,44537.05,42808.13205
2024-10,NORTH EAST AND YORKSHIRE,Citalopram hydrochloride,870.0,13181.01,10618.79428
2024-10,NORTH EAST AND YORKSHIRE,Vortioxetine,5608.0,108046.62,102819.98967
2024-10,NORTH EAST AND YORKSHIRE,Flupentixol hydrochloride,2286.0,5851.9,5779.93525
2024-10,NORTH EAST AND YORKSHIRE,Oxitriptan,1.0,21.54,20.57623
2024-10,NORTH EAST AND YORKSHIRE,Tryptophan,14.0,610.92,581.57114
2024-10,NORTH EAST AND YORKSHIRE,Reboxetine,515.0,6444.83,6157.9642
2024-10,NORTH EAST AND YORKSHIRE,Venlafaxine,85127.0,552500.71,504426.16044
2024-10,NORTH EAST AND YORKSHIRE,Mirtazapine,233781.0,234000.47,204270.19957
2024-10,NORTH EAST AND YORKSHIRE,Duloxetine hydrochloride,97500.0,289119.69,237177.79034
2024-10,NORTH EAST AND YORKSHIRE,Agomelatine,471.0,5544.2,5555.53512
2024-10,NORTH EAST AND YORKSHIRE,Bupropion hydrochloride,359.0,12432.68,11805.19887
2024-10,NORTH WEST,Flupentixol hydrochloride,450.0,2745.9,2657.84504
2024-10,NORTH WEST,Flupentixol decanoate,412.0,9546.5,9084.06786
2024-10,NORTH WEST,Amitriptyline hydrochloride,191392.0,220198.34,181990.3413
2024-10,NORTH WEST,Clomipramine hydrochloride,3081.0,40628.84,38063.5238
2024-10,NORTH WEST,Dosulepin hydrochloride,3802.0,50813.46,40911.5052
2024-10,NORTH WEST,Doxepin,146.0,20854.37,20827.73819
2024-10,NORTH WEST,Imipramine hydrochloride,897.0,3784.31,3265.07861
2024-10,NORTH WEST,Lofepramine hydrochloride,1138.0,30018.65,30057.0528
2024-10,NORTH WEST,Mianserin hydrochloride,9.0,845.39,839.75353
2024-10,NORTH WEST,Nortriptyline,14886.0,53890.13,54419.02206
2024-10,NORTH WEST,Trazodone hydrochloride,18696.0,67438.17,64612.99138
2024-10,NORTH WEST,Trimipramine maleate,101.0,20538.72,20531.64713
2024-10,NORTH WEST,Isocarboxazid,1.0,1150.84,1150.8524
2024-10,NORTH WEST,Moclobemide,78.0,1343.0,1283.86898
2024-10,NORTH WEST,Phenelzine sulfate,33.0,4278.0,4281.2092
2024-10,NORTH WEST,Tranylcypromine sulfate,13.0,16559.29,16451.30825
2024-10,NORTH WEST,Citalopram hydrobromide,153335.0,123949.41,102867.63182
2024-10,NORTH WEST,Fluoxetine hydrochloride,97039.0,178832.54,159987.50944
2024-10,NORTH WEST,Fluvoxamine maleate,207.0,3614.76,3453.82803
2024-10,NORTH WEST,Paroxetine hydrochloride,17518.0,36714.94,31797.43545
2024-10,NORTH WEST,Sertraline hydrochloride,338229.0,584526.43,494470.40034
2024-10,NORTH WEST,Escitalopram,23367.0,49848.89,47958.24934
2024-10,NORTH WEST,Citalopram hydrochloride,697.0,10483.31,8403.43972
2024-10,NORTH WEST,Vortioxetine,5420.0,124376.67,118362.79012
2024-10,NORTH WEST,Flupentixol hydrochloride,1371.0,4169.4,4095.38138
2024-10,NORTH WEST,Tryptophan,6.0,565.11,537.25067
2024-10,NORTH WEST,Reboxetine,287.0,4076.2,3898.58495
2024-10,NORTH WEST,Venlafaxine,84156.0,615084.08,569230.55296
2024-10,NORTH WEST,Mirtazapine,202747.0,219095.34,186544.36078
2024-10,NORTH WEST,Duloxetine hydrochloride,64474.0,224737.01,183380.34545
2024-10,NORTH WEST,Agomelatine,152.0,2866.52,2856.43065
2024-10,NORTH WEST,Bupropion hydrochloride,476.0,15190.31,14461.19666
2024-10,SOUTH EAST,Flupentixol hydrochloride,240.0,1724.99,1662.03343
2024-10,SOUTH EAST,Flupentixol decanoate,490.0,6188.14,5767.08496
2024-10,SOUTH EAST,Amitriptyline hydrochloride,173107.0,234132.68,193215.73566
2024-10,SOUTH EAST,Clomipramine hydrochloride,2565.0,37310.77,35002.44754
2024-10,SOUTH EAST,Dosulepin hydrochloride,3969.0,57390.36,46422.65832
2024-10,SOUTH EAST,Doxepin,156.0,27678.53,27464.27978
2024-10,SOUTH EAST,Imipramine hydrochloride,1530.0,8347.27,7413.87434
2024-10,SOUTH EAST,Lofepramine hydrochloride,1048.0,31307.63,31212.45637
2024-10,SOUTH EAST,Mianserin hydrochloride,13.0,688.38,682.71808
2024-10,SOUTH EAST,Nortriptyline,11660.0,56115.69,56074.11337
2024-10,SOUTH EAST,Trazodone hydrochloride,15516.0,49776.38,46967.40039
2024-10,SOUTH EAST,Trimipramine maleate,240.0,72243.95,71976.44895
2024-10,SOUTH EAST,Isocarboxazid,14.0,6894.8,6895.7736
2024-10,SOUTH EAST,Moclobemide,107.0,2477.55,2352.64255
2024-10,SOUTH EAST,Phenelzine sulfate,91.0,12528.0,12497.44228
2024-10,SOUTH EAST,Tranylcypromine sulfate,71.0,116885.0,116778.83745
2024-10,SOUTH EAST,Citalopram hydrobromide,159784.0,149702.48,124287.4338
2024-10,SOUTH EAST,Fluoxetine hydrochloride,82174.0,179729.62,158714.994
2024-10,SOUTH EAST,Fluvoxamine maleate,216.0,4819.38,4587.12231
2024-10,SOUTH EAST,Paroxetine hydrochloride,14183.0,36870.94,31590.16231
2024-10,SOUTH EAST,Sertraline hydrochloride,288485.0,649334.88,548754.29475
2024-10,SOUTH EAST,Escitalopram,34675.0,86077.09,82190.99475
2024-10,SOUTH EAST,Citalopram hydrochloride,967.0,15404.98,12407.31459
2024-10,SOUTH EAST,Vortioxetine,7338.0,191266.02,181563.64188
2024-10,SOUTH EAST,Flupentixol hydrochloride,1188.0,3927.49,3824.93533
2024-10,SOUTH EAST,Tryptophan,6.0,840.04,798.34477
2024-10,SOUTH EAST,Reboxetine,235.0,4387.44,4164.17107
2024-10,SOUTH EAST,Venlafaxine,73855.0,650463.87,600746.15022
2024-10,SOUTH EAST,Mirtazapine,143724.0,184432.65,158049.62813
2024-10,SOUTH EAST,Duloxetine hydrochloride,49118.0,199682.55,163154.13681
2024-10,SOUTH EAST,Agomelatine,752.0,15345.95,15255.0936
2024-10,SOUTH EAST,Bupropion hydrochloride,583.0,23089.63,21930.96452
2024-10,SOUTH WEST,Flupentixol hydrochloride,373.0,1933.12,1873.84923
2024-10,SOUTH WEST,Flupentixol decanoate,358.0,5982.02,5536.90334
2024-10,SOUTH WEST,Amitriptyline hydrochloride,154185.0,199303.5,165124.76417
2024-10,SOUTH WEST,Clomipramine hydrochloride,1883.0,24839.2,23124.49366
2024-10,SOUTH WEST,Dosulepin hydrochloride,2755.0,38410.29,31218.96159
2024-10,SOUTH WEST,Doxepin,164.0,23497.6,23369.22007
2024-10,SOUTH WEST,Imipramine hydrochloride,1145.0,5085.5,4372.3222
2024-10,SOUTH WEST,Lofepramine hydrochloride,1141.0,30739.59,30570.72642
2024-10,SOUTH WEST,Mianserin hydrochloride,11.0,839.54,814.81758
2024-10,SOUTH WEST,Nortriptyline,6909.0,24945.3,24998.78092
2024-10,SOUTH WEST,Trazodone hydrochloride,9604.0,24616.59,22505.97629
2024-10,SOUTH WEST,Trimipramine maleate,111.0,24124.14,23941.64295
2024-10,SOUTH WEST,Isocarboxazid,38.0,9484.19,9294.88563
2024-10,SOUTH WEST,Moclobemide,96.0,2038.4,1927.29345
2024-10,SOUTH WEST,Phenelzine sulfate,45.0,4689.6,4621.19352
2024-10,SOUTH WEST,Tranylcypromine sulfate,43.0,72265.0,71670.61555
2024-10,SOUTH WEST,Citalopram hydrobromide,126132.0,112215.0,93542.27466
2024-10,SOUTH WEST,Fluoxetine hydrochloride,59758.0,116918.58,102571.53148
2024-10,SOUTH WEST,Fluvoxamine maleate,139.0,3020.72,2868.81733
2024-10,SOUTH WEST,Paroxetine hydrochloride,10493.0,26862.83,23193.93864
2024-10,SOUTH WEST,Sertraline hydrochloride,200651.0,400218.2,339129.60395
2024-10,SOUTH WEST,Escitalopram,19707.0,45753.72,43699.53238
2024-10,SOUTH WEST,Citalopram hydrochloride,687.0,10337.52,8345.61782
2024-10,SOUTH WEST,Vortioxetine,2059.0,53132.31,50319.3763
2024-10,SOUTH WEST,Flupentixol hydrochloride,936.0,2880.57,2807.70824
2024-10,SOUTH WEST,Tryptophan,2.0,61.09,58.16266
2024-10,SOUTH WEST,Reboxetine,231.0,3659.69,3484.54766
2024-10,SOUTH WEST,Venlafaxine,59331.0,474045.05,432274.00125
2024-10,SOUTH WEST,Mirtazapine,116584.0,138092.94,118114.47752
2024-10,SOUTH WEST,Duloxetine hydrochloride,39756.0,142553.17,116762.91855
2024-10,SOUTH WEST,Agomelatine,195.0,4029.91,4013.23545
2024-10,SOUTH WEST,Bupropion hydrochloride,331.0,11993.45,11335.87895
2024-10,UNIDENTIFIED,Flupentixol hydrochloride,2.0,11.7,11.34025
2024-10,UNIDENTIFIED,Flupentixol decanoate,1.0,195.18,185.44092
2024-10,UNIDENTIFIED,Amitriptyline hydrochloride,87.0,86.06,74.72103
2024-10,UNIDENTIFIED,Clomipramine hydrochloride,5.0,27.93,26.279
2024-10,UNIDENTIFIED,Imipramine hydrochloride,2.0,8.8,7.24889
2024-10,UNIDENTIFIED,Lofepramine hydrochloride,1.0,36.75,36.8624
2024-10,UNIDENTIFIED,Nortriptyline,1.0,0.52,0.58235
2024-10,UNIDENTIFIED,Trazodone hydrochloride,9.0,3.53,4.22589
2024-10,UNIDENTIFIED,Citalopram hydrobromide,48.0,42.97,38.35641
2024-10,UNIDENTIFIED,Fluoxetine hydrochloride,46.0,122.63,111.26047
2024-10,UNIDENTIFIED,Paroxetine hydrochloride,4.0,4.88,4.40954
2024-10,UNIDENTIFIED,Sertraline hydrochloride,108.0,314.37,283.95109
2024-10,UNIDENTIFIED,Escitalopram,6.0,11.89,11.03172
2024-10,UNIDENTIFIED,Vortioxetine,2.0,55.44,51.41174
2024-10,UNIDENTIFIED,Flupentixol hydrochloride,3.0,8.15,8.08001
2024-10,UNIDENTIFIED,Venlafaxine,27.0,200.2,186.04275
2024-10,UNIDENTIFIED,Mirtazapine,53.0,51.49,46.60523
2024-10,UNIDENTIFIED,Duloxetine hydrochloride,18.0,137.78,121.03658
2024-10,UNIDENTIFIED,Bupropion hydrochloride,1.0,19.49,18.62865
2024-11,EAST OF ENGLAND,Flupentixol hydrochloride,303.0,1304.56,1267.38
2024-11,EAST OF ENGLAND,Flupentixol decanoate,239.0,3657.41,3411.47661
2024-11,EAST OF ENGLAND,Amitriptyline hydrochloride,168646.0,193004.42,160720.68753
2024-11,EAST OF ENGLAND,Clomipramine hydrochloride,2818.0,35061.06,32446.35672
2024-11,EAST OF ENGLAND,Dosulepin hydrochloride,3038.0,39381.22,32089.52311
2024-11,EAST OF ENGLAND,Doxepin,143.0,20058.8,19863.13118
2024-11,EAST OF ENGLAND,Imipramine hydrochloride,917.0,3966.5,3400.59874
2024-11,EAST OF ENGLAND,Lofepramine hydrochloride,1048.0,25885.34,25738.42821
2024-11,EAST OF ENGLAND,Mianserin hydrochloride,12.0,665.51,654.4505
2024-11,EAST OF ENGLAND,Nortriptyline,10338.0,42876.43,42708.71221
2024-11,EAST OF ENGLAND,Trazodone hydrochloride,8052.0,32486.74,31132.87183
2024-11,EAST OF ENGLAND,Trimipramine maleate,118.0,31174.3,30774.66002
2024-11,EAST OF ENGLAND,Isocarboxazid,18.0,9237.56,9206.15898
2024-11,EAST OF ENGLAND,Moclobemide,79.0,1393.44,1323.17963
2024-11,EAST OF ENGLAND,Phenelzine sulfate,55.0,6639.6,6624.99779
2024-11,EAST OF ENGLAND,Tranylcypromine sulfate,20.0,25462.5,25193.00755
2024-11,EAST OF ENGLAND,Citalopram hydrobromide,160350.0,125423.47,104807.37354
2024-11,EAST OF ENGLAND,Fluoxetine hydrochloride,71758.0,146458.23,129246.22181
2024-11,EAST OF ENGLAND,Fluvoxamine maleate,222.0,4119.52,3905.34509
2024-11,EAST OF ENGLAND,Paroxetine hydrochloride,13551.0,31235.09,26947.59568
2024-11,EAST OF ENGLAND,Sertraline hydrochloride,235314.0,489077.49,413258.05064
2024-11,EAST OF ENGLAND,Escitalopram,19916.0,42905.39,40917.93372
2024-11,EAST OF ENGLAND,Citalopram hydrochloride,801.0,12093.12,9740.97124
2024-11,EAST OF ENGLAND,Vortioxetine,3919.0,95359.77,90230.9699
2024-11,EAST OF ENGLAND,Flupentixol hydrochloride,1441.0,4081.95,3977.99493
2024-11,EAST OF ENGLAND,Tryptophan,7.0,656.75,624.0899
2024-11,EAST OF ENGLAND,Reboxetine,195.0,3394.24,3209.51799
2024-11,EAST OF ENGLAND,Venlafaxine,71167.0,550195.34,512980.89607
2024-11,EAST OF ENGLAND,Mirtazapine,110441.0,127049.12,109340.19331
2024-11,EAST OF ENGLAND,Duloxetine hydrochloride,36417.0,132782.36,108982.72979
2024-11,EAST OF ENGLAND,Agomelatine,129.0,2314.76,1920.86643
2024-11,EAST OF ENGLAND,Bupropion hydrochloride,397.0,14760.1,13980.2373
2024-11,LONDON,Flupentixol hydrochloride,670.0,3138.55,3056.48558
2024-11,LONDON,Flupentixol decanoate,455.0,15138.45,14375.82399
2024-11,LONDON,Amitriptyline hydrochloride,125294.0,127936.8,109106.07196
2024-11,LONDON,Clomipramine hydrochloride,2069.0,28188.29,26751.60072
2024-11,LONDON,Dosulepin hydrochloride,2595.0,30166.0,24368.4304
2024-11,LONDON,Doxepin,160.0,23995.06,24002.044
2024-11,LONDON,Imipramine hydrochloride,811.0,2813.96,2395.79074
2024-11,LONDON,Lofepramine hydrochloride,1029.0,22568.21,22658.8696
2024-11,LONDON,Mianserin hydrochloride,24.0,1426.47,1408.10449
2024-11,LONDON,Nortriptyline,9856.0,34342.78,34843.71659
2024-11,LONDON,Trazodone hydrochloride,6160.0,21749.48,20610.75947
2024-11,LONDON,Trimipramine maleate,226.0,58065.5,58076.7024
2024-11,LONDON,Isocarboxazid,19.0,4058.81,4060.5456
2024-11,LONDON,Moclobemide,95.0,1329.59,1271.86946
2024-11,LONDON,Phenelzine sulfate,61.0,8460.36,8456.93606
2024-11,LONDON,Tranylcypromine sulfate,40.0,62807.5,62808.896
2024-11,LONDON,Citalopram hydrobromide,102272.0,83871.86,71685.54239
2024-11,LONDON,Fluoxetine hydrochloride,52272.0,109495.19,98539.39415
2024-11,LONDON,Fluvoxamine maleate,292.0,6465.58,6162.22952
2024-11,LONDON,Paroxetine hydrochloride,11672.0,25791.37,22138.7998
2024-11,LONDON,Sertraline hydrochloride,207823.0,444014.99,375667.42861
2024-11,LONDON,Escitalopram,20073.0,53173.3,51227.95788
2024-11,LONDON,Citalopram hydrochloride,352.0,5963.84,4791.98309
2024-11,LONDON,Vortioxetine,3692.0,101332.44,96447.34766
2024-11,LONDON,Flupentixol hydrochloride,906.0,2247.31,2222.24678
2024-11,LONDON,Oxitriptan,1.0,16.74,15.91516
2024-11,LONDON,Tryptophan,7.0,641.49,609.79312
2024-11,LONDON,Reboxetine,100.0,1847.53,1763.26705
2024-11,LONDON,Venlafaxine,47824.0,343284.82,319843.35925
2024-11,LONDON,Mirtazapine,125274.0,131681.01,115921.20856
2024-11,LONDON,Duloxetine hydrochloride,31925.0,96356.99,79465.80613
2024-11,LONDON,Agomelatine,410.0,8008.46,6508.23655
2024-11,LONDON,Bupropion hydrochloride,1043.0,41964.66,39958.75815
2024-11,MIDLANDS,Flupentixol hydrochloride,512.0,3299.01,3186.8892
2024-11,MIDLANDS,Flupentixol decanoate,420.0,10532.85,9988.64314
2024-11,MIDLANDS,Amitriptyline hydrochloride,273497.0,324026.72,268709.08606
2024-11,MIDLANDS,Clomipramine hydrochloride,3373.0,48557.21,45683.68906
2024-11,MIDLANDS,Dosulepin hydrochloride,4848.0,66820.65,54402.72292
2024-11,MIDLANDS,Doxepin,203.0,26532.42,26377.74143
2024-11,MIDLANDS,Imipramine hydrochloride,1746.0,9399.91,8304.42338
2024-11,MIDLANDS,Lofepramine hydrochloride,2085.0,58466.25,58174.6089
2024-11,MIDLANDS,Mianserin hydrochloride,10.0,1055.17,1032.00648
2024-11,MIDLANDS,Nortriptyline,14378.0,52628.9,52731.21941
2024-11,MIDLANDS,Trazodone hydrochloride,13339.0,43403.35,40652.27239
2024-11,MIDLANDS,Trimipramine maleate,147.0,36561.84,36025.4481
2024-11,MIDLANDS,Isocarboxazid,23.0,7336.6,7338.2852
2024-11,MIDLANDS,Moclobemide,112.0,2267.33,2152.71098
2024-11,MIDLANDS,Phenelzine sulfate,55.0,7316.73,7268.91304
2024-11,MIDLANDS,Tranylcypromine sulfate,49.0,54215.08,54109.04894
2024-11,MIDLANDS,Citalopram hydrobromide,215325.0,180441.66,149718.45011
2024-11,MIDLANDS,Fluoxetine hydrochloride,120434.0,230259.18,202245.95228
2024-11,MIDLANDS,Fluvoxamine maleate,306.0,5768.46,5488.88778
2024-11,MIDLANDS,Paroxetine hydrochloride,19731.0,49343.99,42763.93694
2024-11,MIDLANDS,Sertraline hydrochloride,405140.0,797928.77,675606.30984
2024-11,MIDLANDS,Escitalopram,28364.0,61617.82,58676.12148
2024-11,MIDLANDS,Citalopram hydrochloride,1142.0,17574.4,14137.01792
2024-11,MIDLANDS,Vortioxetine,5765.0,143650.98,136214.74557
2024-11,MIDLANDS,Flupentixol hydrochloride,2179.0,6668.15,6510.07965
2024-11,MIDLANDS,Oxitriptan,2.0,56.92,54.19798
2024-11,MIDLANDS,Tryptophan,13.0,1359.33,1263.67855
2024-11,MIDLANDS,Reboxetine,295.0,4952.91,4694.41144
2024-11,MIDLANDS,Venlafaxine,96247.0,808760.34,751373.43732
2024-11,MIDLANDS,Mirtazapine,194934.0,239772.15,204188.91261
2024-11,MIDLANDS,Duloxetine hydrochloride,72052.0,259416.16,211673.51077
2024-11,MIDLANDS,Agomelatine,299.0,6610.67,5387.45818
2024-11,MIDLANDS,Bupropion hydrochloride,422.0,14969.8,14185.49287
2024-11,NORTH EAST AND YORKSHIRE,Flupentixol hydrochloride,809.0,3481.49,3394.94586
2024-11,NORTH EAST AND YORKSHIRE,Flupentixol decanoate,437.0,8063.21,7609.23511
2024-11,NORTH EAST AND YORKSHIRE,Amitriptyline hydrochloride,279650.0,303546.07,254878.95501
2024-11,NORTH EAST AND YORKSHIRE,Clomipramine hydrochloride,3322.0,39898.48,37617.07685
2024-11,NORTH EAST AND YORKSHIRE,Dosulepin hydrochloride,3698.0,45184.06,36594.82085
2024-11,NORTH EAST AND YORKSHIRE,Doxepin,266.0,33501.95,33412.1843
2024-11,NORTH EAST AND YORKSHIRE,Imipramine hydrochloride,1524.0,6575.12,5790.197
2024-11,NORTH EAST AND YORKSHIRE,Lofepramine hydrochloride,2531.0,55706.63,55686.9041
2024-11,NORTH EAST AND YORKSHIRE,Mianserin hydrochloride,13.0,768.89,743.34857
2024-11,NORTH EAST AND YORKSHIRE,Nortriptyline,14845.0,45604.83,46009.02502
2024-11,NORTH EAST AND YORKSHIRE,Trazodone hydrochloride,41528.0,87272.04,80821.03474
2024-11,NORTH EAST AND YORKSHIRE,Trimipramine maleate,213.0,35100.03,35068.34257
2024-11,NORTH EAST AND YORKSHIRE,Isocarboxazid,4.0,1870.13,1870.4796
2024-11,NORTH EAST AND YORKSHIRE,Moclobemide,110.0,1704.14,1625.41909
2024-11,NORTH EAST AND YORKSHIRE,Phenelzine sulfate,69.0,7460.4,7456.02777
2024-11,NORTH EAST AND YORKSHIRE,Tranylcypromine sulfate,32.0,34538.93,34540.6268
2024-11,NORTH EAST AND YORKSHIRE,Citalopram hydrobromide,188404.0,143428.77,121203.60655
2024-11,NORTH EAST AND YORKSHIRE,Fluoxetine hydrochloride,145156.0,227873.46,201708.7842
2024-11,NORTH EAST AND YORKSHIRE,Fluvoxamine maleate,272.0,5027.22,4792.02504
2024-11,NORTH EAST AND YORKSHIRE,Paroxetine hydrochloride,18916.0,36047.57,31140.26047
2024-11,NORTH EAST AND YORKSHIRE,Sertraline hydrochloride,395614.0,665212.07,568531.33712
2024-11,NORTH EAST AND YORKSHIRE,Escitalopram,21404.0,42313.62,40649.3367
2024-11,NORTH EAST AND YORKSHIRE,Citalopram hydrochloride,826.0,12623.28,10158.65143
2024-11,NORTH EAST AND YORKSHIRE,Vortioxetine,5374.0,102691.71,97736.19017
2024-11,NORTH EAST AND YORKSHIRE,Flupentixol hydrochloride,2200.0,5678.6,5603.03149
2024-11,NORTH EAST AND YORKSHIRE,Oxitriptan,1.0,21.54,20.57509
2024-11,NORTH EAST AND YORKSHIRE,Tryptophan,16.0,985.12,937.1483
2024-11,NORTH EAST AND YORKSHIRE,Reboxetine,471.0,5756.73,5501.83489
2024-11,NORTH EAST AND YORKSHIRE,Venlafaxine,81560.0,535583.57,495146.3876
2024-11,NORTH EAST AND YORKSHIRE,Mirtazapine,222703.0,222034.52,193658.06622
2024-11,NORTH EAST AND YORKSHIRE,Duloxetine hydrochloride,93725.0,281529.86,230913.08213
2024-11,NORTH EAST AND YORKSHIRE,Agomelatine,454.0,5018.63,4086.99104
2024-11,NORTH EAST AND YORKSHIRE,Bupropion hydrochloride,333.0,11218.15,10648.04723
2024-11,NORTH WEST,Flupentixol hydrochloride,390.0,2522.13,2438.83329
2024-11,NORTH WEST,Flupentixol decanoate,395.0,10367.72,9861.96739
2024-11,NORTH WEST,Amitriptyline hydrochloride,180472.0,208762.79,173249.02787
2024-11,NORTH WEST,Clomipramine hydrochloride,2946.0,41357.85,39007.39223
2024-11,NORTH WEST,Dosulepin hydrochloride,3541.0,47568.99,38280.52373
2024-11,NORTH WEST,Doxepin,156.0,22333.63,22260.18581
2024-11,NORTH WEST,Imipramine hydrochloride,799.0,3565.09,3129.29418
2024-11,NORTH WEST,Lofepramine hydrochloride,1021.0,28063.49,28089.87553
2024-11,NORTH WEST,Mianserin hydrochloride,9.0,676.85,671.20745
2024-11,NORTH WEST,Nortriptyline,13995.0,46064.24,46536.86794
2024-11,NORTH WEST,Trazodone hydrochloride,17344.0,60668.56,58023.87949
2024-11,NORTH WEST,Trimipramine maleate,84.0,16971.27,16964.21589
2024-11,NORTH WEST,Isocarboxazid,1.0,1150.84,1150.8524
2024-11,NORTH WEST,Moclobemide,85.0,1549.19,1479.76238
2024-11,NORTH WEST,Phenelzine sulfate,30.0,3532.8,3535.972
2024-11,NORTH WEST,Tranylcypromine sulfate,11.0,17529.29,17421.58774
2024-11,NORTH WEST,Citalopram hydrobromide,144931.0,117394.71,97364.33844
2024-11,NORTH WEST,Fluoxetine hydrochloride,91528.0,166668.11,148814.69644
2024-11,NORTH WEST,Fluvoxamine maleate,200.0,3555.75,3395.89168
2024-11,NORTH WEST,Paroxetine hydrochloride,16384.0,34952.75,30267.30433
2024-11,NORTH WEST,Sertraline hydrochloride,320085.0,557318.07,470669.08101
2024-11,NORTH WEST,Escitalopram,22278.0,47207.34,45435.65347
2024-11,NORTH WEST,Citalopram hydrochloride,672.0,9990.32,8004.98124
2024-11,NORTH WEST,Vortioxetine,5185.0,118651.5,112899.05079
2024-11,NORTH WEST,Flupentixol hydrochloride,1216.0,3959.71,3880.72191
2024-11,NORTH WEST,Tryptophan,6.0,427.65,406.83577
2024-11,NORTH WEST,Reboxetine,266.0,4141.4,3957.46463
2024-11,NORTH WEST,Venlafaxine,78986.0,595230.88,557010.43488
2024-11,NORTH WEST,Mirtazapine,190272.0,206960.68,176221.54846
2024-11,NORTH WEST,Duloxetine hydrochloride,61016.0,214160.48,174625.76587
2024-11,NORTH WEST,Agomelatine,155.0,2637.16,2131.20686
2024-11,NORTH WEST,Bupropion hydrochloride,500.0,16500.13,15706.68659
2024-11,SOUTH EAST,Flupentixol hydrochloride,216.0,1597.44,1538.19594
2024-11,SOUTH EAST,Flupentixol decanoate,392.0,7113.67,6655.69559
2024-11,SOUTH EAST,Amitriptyline hydrochloride,167166.0,225985.0,187528.00285
2024-11,SOUTH EAST,Clomipramine hydrochloride,2752.0,41597.36,39120.21891
2024-11,SOUTH EAST,Dosulepin hydrochloride,3828.0,56383.61,45624.0989
2024-11,SOUTH EAST,Doxepin,156.0,23676.52,23491.10686
2024-11,SOUTH EAST,Imipramine hydrochloride,1462.0,9610.18,8682.274
2024-11,SOUTH EAST,Lofepramine hydrochloride,986.0,28648.79,28579.93265
2024-11,SOUTH EAST,Mianserin hydrochloride,23.0,1361.35,1353.80373
2024-11,SOUTH EAST,Nortriptyline,11311.0,50337.22,50333.61671
2024-11,SOUTH EAST,Trazodone hydrochloride,14548.0,46196.62,43488.91919
2024-11,SOUTH EAST,Trimipramine maleate,215.0,67343.08,67088.21743
2024-11,SOUTH EAST,Isocarboxazid,9.0,4639.35,4640.0616
2024-11,SOUTH EAST,Moclobemide,123.0,2607.48,2477.40608
2024-11,SOUTH EAST,Phenelzine sulfate,82.0,12232.8,12201.6391
2024-11,SOUTH EAST,Tranylcypromine sulfate,71.0,106215.0,106109.14174
2024-11,SOUTH EAST,Citalopram hydrobromide,152940.0,143293.08,118882.05889
2024-11,SOUTH EAST,Fluoxetine hydrochloride,79008.0,171611.64,151465.80811
2024-11,SOUTH EAST,Fluvoxamine maleate,186.0,4146.21,3946.90414
2024-11,SOUTH EAST,Paroxetine hydrochloride,13387.0,35688.77,30565.42225
2024-11,SOUTH EAST,Sertraline hydrochloride,278983.0,632764.27,534934.82695
2024-11,SOUTH EAST,Escitalopram,33535.0,82002.18,78390.41126
2024-11,SOUTH EAST,Citalopram hydrochloride,967.0,15836.48,12749.32061
2024-11,SOUTH EAST,Vortioxetine,7047.0,187300.08,177790.0513
2024-11,SOUTH EAST,Flupentixol hydrochloride,1089.0,3516.64,3431.21527
2024-11,SOUTH EAST,Tryptophan,11.0,1160.78,1095.02896
2024-11,SOUTH EAST,Reboxetine,222.0,4203.7,3995.26941
2024-11,SOUTH EAST,Venlafaxine,71637.0,642858.73,601424.75507
2024-11,SOUTH EAST,Mirtazapine,138644.0,177936.66,152354.10678
2024-11,SOUTH EAST,Duloxetine hydrochloride,47447.0,195625.94,159856.65812
2024-11,SOUTH EAST,Agomelatine,747.0,14433.05,11742.32967
2024-11,SOUTH EAST,Bupropion hydrochloride,639.0,24061.36,22835.80002
2024-11,SOUTH WEST,Flupentixol hydrochloride,342.0,1792.02,1735.15091
2024-11,SOUTH WEST,Flupentixol decanoate,300.0,4690.93,4362.10016
2024-11,SOUTH WEST,Amitriptyline hydrochloride,147190.0,192038.66,159371.19578
2024-11,SOUTH WEST,Clomipramine hydrochloride,1906.0,26499.81,24828.44944
2024-11,SOUTH WEST,Dosulepin hydrochloride,2623.0,37311.95,30334.86472
2024-11,SOUTH WEST,Doxepin,155.0,23443.07,23203.13338
2024-11,SOUTH WEST,Imipramine hydrochloride,1078.0,5262.3,4447.27486
2024-11,SOUTH WEST,Lofepramine hydrochloride,1075.0,27566.59,27413.33367
2024-11,SOUTH WEST,Mianserin hydrochloride,8.0,434.5,414.2471
2024-11,SOUTH WEST,Nortriptyline,6807.0,24956.01,24966.25823
2024-11,SOUTH WEST,Trazodone hydrochloride,8952.0,24675.01,22697.52743
2024-11,SOUTH WEST,Trimipramine maleate,104.0,22191.88,21853.22047
2024-11,SOUTH WEST,Isocarboxazid,41.0,10547.68,10342.94901
2024-11,SOUTH WEST,Moclobemide,108.0,2053.11,1945.11492
2024-11,SOUTH WEST,Phenelzine sulfate,42.0,4761.6,4706.32371
2024-11,SOUTH WEST,Tranylcypromine sulfate,34.0,50128.21,49481.71204
2024-11,SOUTH WEST,Citalopram hydrobromide,120220.0,106995.15,89209.65519
2024-11,SOUTH WEST,Fluoxetine hydrochloride,57416.0,113900.92,99991.08894
2024-11,SOUTH WEST,Fluvoxamine maleate,135.0,2598.93,2473.64526
2024-11,SOUTH WEST,Paroxetine hydrochloride,10002.0,25775.14,22210.07661
2024-11,SOUTH WEST,Sertraline hydrochloride,192416.0,379685.25,320270.22848
2024-11,SOUTH WEST,Escitalopram,19253.0,44634.47,42655.32315
2024-11,SOUTH WEST,Citalopram hydrochloride,626.0,9461.46,7630.17405
2024-11,SOUTH WEST,Vortioxetine,1973.0,51328.53,48628.20717
2024-11,SOUTH WEST,Flupentixol hydrochloride,972.0,2933.49,2863.96217
2024-11,SOUTH WEST,Tryptophan,2.0,168.01,159.73189
2024-11,SOUTH WEST,Reboxetine,205.0,3535.24,3358.71187
2024-11,SOUTH WEST,Venlafaxine,56595.0,457995.08,422151.27201
2024-11,SOUTH WEST,Mirtazapine,111225.0,132974.94,113923.52347
2024-11,SOUTH WEST,Duloxetine hydrochloride,38184.0,136882.81,112110.7523
2024-11,SOUTH WEST,Agomelatine,189.0,3654.81,2972.34182
2024-11,SOUTH WEST,Bupropion hydrochloride,352.0,12660.25,11988.54993
2024-11,UNIDENTIFIED,Flupentixol hydrochloride,1.0,7.8,7.52229
2024-11,UNIDENTIFIED,Amitriptyline hydrochloride,68.0,59.22,50.94781
2024-11,UNIDENTIFIED,Clomipramine hydrochloride,1.0,28.17,28.17
2024-11,UNIDENTIFIED,Nortriptyline,3.0,6.4,6.6372
2024-11,UNIDENTIFIED,Trazodone hydrochloride,8.0,16.14,14.51551
2024-11,UNIDENTIFIED,Moclobemide,2.0,13.06,12.63161
2024-11,UNIDENTIFIED,Citalopram hydrobromide,34.0,27.62,25.91837
2024-11,UNIDENTIFIED,Fluoxetine hydrochloride,15.0,78.11,74.23702
2024-11,UNIDENTIFIED,Paroxetine hydrochloride,3.0,2.21,2.00517
2024-11,UNIDENTIFIED,Sertraline hydrochloride,76.0,412.3,381.10729
2024-11,UNIDENTIFIED,Escitalopram,8.0,19.02,18.35273
2024-11,UNIDENTIFIED,Vortioxetine,5.0,131.67,126.63301
2024-11,UNIDENTIFIED,Venlafaxine,20.0,150.37,143.15964
2024-11,UNIDENTIFIED,Mirtazapine,51.0,56.07,49.62896
2024-11,UNIDENTIFIED,Duloxetine hydrochloride,10.0,35.27,32.75939
2024-11,UNIDENTIFIED,Agomelatine,1.0,25.44,20.36403
2024-11,UNIDENTIFIED,Bupropion hydrochloride,1.0,4.87,4.73883
2024-12,EAST OF ENGLAND,Flupentixol hydrochloride,339.0,1604.46,1554.19834
2024-12,EAST OF ENGLAND,Flupentixol decanoate,255.0,2743.24,2558.09883
2024-12,EAST OF ENGLAND,Amitriptyline hydrochloride,173066.0,200011.76,166257.758
2024-12,EAST OF ENGLAND,Clomipramine hydrochloride,2712.0,33206.18,30906.65448
2024-12,EAST OF ENGLAND,Dosulepin hydrochloride,3156.0,41107.93,33559.70193
2024-12,EAST OF ENGLAND,Doxepin,148.0,21878.64,21760.48058
2024-12,EAST OF ENGLAND,Imipramine hydrochloride,966.0,3312.32,2759.37362
2024-12,EAST OF ENGLAND,Lofepramine hydrochloride,1029.0,24740.44,24596.14567
2024-12,EAST OF ENGLAND,Mianserin hydrochloride,20.0,1136.76,1099.49666
2024-12,EAST OF ENGLAND,Nortriptyline,10736.0,41555.75,41388.77277
2024-12,EAST OF ENGLAND,Trazodone hydrochloride,8304.0,30768.66,29394.02712
2024-12,EAST OF ENGLAND,Trimipramine maleate,123.0,33502.59,33013.4812
2024-12,EAST OF ENGLAND,Isocarboxazid,24.0,13409.35,13345.95274
2024-12,EAST OF ENGLAND,Moclobemide,76.0,1499.99,1421.55664
2024-12,EAST OF ENGLAND,Phenelzine sulfate,58.0,5839.2,5824.95085
2024-12,EAST OF ENGLAND,Tranylcypromine sulfate,19.0,24977.5,24708.22094
2024-12,EAST OF ENGLAND,Citalopram hydrobromide,162429.0,127221.37,106292.0749
2024-12,EAST OF ENGLAND,Fluoxetine hydrochloride,73559.0,148522.49,130939.31284
2024-12,EAST OF ENGLAND,Fluvoxamine maleate,230.0,3919.99,3718.07255
2024-12,EAST OF ENGLAND,Paroxetine hydrochloride,13752.0,32121.09,27710.34764
2024-12,EAST OF ENGLAND,Sertraline hydrochloride,240612.0,512435.61,434786.82552
2024-12,EAST OF ENGLAND,Escitalopram,20217.0,41339.84,39283.03868
2024-12,EAST OF ENGLAND,Citalopram hydrochloride,777.0,11912.16,9592.6555
2024-12,EAST OF ENGLAND,Vortioxetine,4104.0,100698.84,95317.31783
2024-12,EAST OF ENGLAND,Flupentixol hydrochloride,1475.0,4164.7,4054.52476
2024-12,EAST OF ENGLAND,Tryptophan,5.0,504.02,476.06094
2024-12,EAST OF ENGLAND,Reboxetine,188.0,3469.89,3291.30095
2024-12,EAST OF ENGLAND,Venlafaxine,73588.0,577250.38,538969.34652
2024-12,EAST OF ENGLAND,Mirtazapine,113828.0,129551.2,111437.81026
2024-12,EAST OF ENGLAND,Duloxetine hydrochloride,37562.0,137697.92,113092.81142
2024-12,EAST OF ENGLAND,Agomelatine,149.0,2979.45,2468.55007
2024-12,EAST OF ENGLAND,Bupropion hydrochloride,426.0,15843.83,15002.3568
2024-12,LONDON,Flupentixol hydrochloride,722.0,3234.21,3152.61891
2024-12,LONDON,Flupentixol decanoate,489.0,11495.58,10889.79431
2024-12,LONDON,Amitriptyline hydrochloride,125314.0,129174.47,109592.75496
2024-12,LONDON,Clomipramine hydrochloride,2029.0,27675.41,26319.049
2024-12,LONDON,Dosulepin hydrochloride,2548.0,29115.01,23531.02007
2024-12,LONDON,Doxepin,158.0,21795.75,21803.7092
2024-12,LONDON,Imipramine hydrochloride,817.0,2397.02,1962.21521
2024-12,LONDON,Lofepramine hydrochloride,1055.0,22483.17,22575.052
2024-12,LONDON,Mianserin hydrochloride,24.0,1403.58,1376.12507
2024-12,LONDON,Nortriptyline,9973.0,32087.05,32572.42
2024-12,LONDON,Trazodone hydrochloride,6309.0,26538.47,25410.49768
2024-12,LONDON,Trimipramine maleate,219.0,58844.19,58854.9056
2024-12,LONDON,Isocarboxazid,18.0,6129.29,6130.9132
2024-12,LONDON,Moclobemide,83.0,1483.51,1416.24816
2024-12,LONDON,Phenelzine sulfate,45.0,7041.64,7025.81201
2024-12,LONDON,Tranylcypromine sulfate,48.0,61110.0,61112.5952
2024-12,LONDON,Citalopram hydrobromide,103518.0,85708.86,73267.6733
2024-12,LONDON,Fluoxetine hydrochloride,52798.0,109235.24,98148.76235
2024-12,LONDON,Fluvoxamine maleate,283.0,6512.59,6207.20145
2024-12,LONDON,Paroxetine hydrochloride,11866.0,26181.6,22422.35673
2024-12,LONDON,Sertraline hydrochloride,209354.0,445569.5,377921.55102
2024-12,LONDON,Escitalopram,20375.0,52078.81,50160.05109
2024-12,LONDON,Citalopram hydrochloride,400.0,6612.32,5329.50642
2024-12,LONDON,Vortioxetine,3768.0,104408.37,99373.68268
2024-12,LONDON,Flupentixol hydrochloride,957.0,2422.31,2395.23626
2024-12,LONDON,Oxitriptan,2.0,79.24,75.40197
2024-12,LONDON,Tryptophan,6.0,750.59,713.62704
2024-12,LONDON,Reboxetine,124.0,2347.03,2240.09152
2024-12,LONDON,Venlafaxine,48552.0,358192.63,334191.48715
2024-12,LONDON,Mirtazapine,126425.0,131687.77,115599.51303
2024-12,LONDON,Duloxetine hydrochloride,32278.0,100652.18,82928.98297
2024-12,LONDON,Agomelatine,421.0,8214.42,6720.451
2024-12,LONDON,Bupropion hydrochloride,1073.0,43999.73,41878.78805
2024-12,MIDLANDS,Flupentixol hydrochloride,506.0,3184.57,3075.64775
2024-12,MIDLANDS,Flupentixol decanoate,449.0,10676.08,10119.95339
2024-12,MIDLANDS,Amitriptyline hydrochloride,280732.0,336521.02,278071.26898
2024-12,MIDLANDS,Clomipramine hydrochloride,3389.0,48008.23,45147.22079
2024-12,MIDLANDS,Dosulepin hydrochloride,5030.0,70868.35,57447.32304
2024-12,MIDLANDS,Doxepin,222.0,29217.52,29044.51473
2024-12,MIDLANDS,Imipramine hydrochloride,1714.0,8252.64,7132.00054
2024-12,MIDLANDS,Lofepramine hydrochloride,2209.0,62588.5,62264.73426
2024-12,MIDLANDS,Mianserin hydrochloride,8.0,506.97,504.2921
2024-12,MIDLANDS,Nortriptyline,14902.0,56209.68,56254.99748
2024-12,MIDLANDS,Trazodone hydrochloride,13658.0,40884.2,38062.97131
2024-12,MIDLANDS,Trimipramine maleate,159.0,35249.13,34804.18769
2024-12,MIDLANDS,Isocarboxazid,15.0,6761.19,6761.976
2024-12,MIDLANDS,Moclobemide,127.0,2483.64,2363.8444
2024-12,MIDLANDS,Phenelzine sulfate,58.0,6943.71,6915.45897
2024-12,MIDLANDS,Tranylcypromine sulfate,39.0,49728.83,49622.16525
2024-12,MIDLANDS,Citalopram hydrobromide,221118.0,186260.26,154535.96617
2024-12,MIDLANDS,Fluoxetine hydrochloride,123186.0,236110.8,207287.2786
2024-12,MIDLANDS,Fluvoxamine maleate,328.0,6216.76,5903.43834
2024-12,MIDLANDS,Paroxetine hydrochloride,20554.0,48650.15,41779.80589
2024-12,MIDLANDS,Sertraline hydrochloride,414712.0,849343.33,722288.48745
2024-12,MIDLANDS,Escitalopram,29412.0,60996.45,57965.60746
2024-12,MIDLANDS,Citalopram hydrochloride,1199.0,18147.36,14613.23042
2024-12,MIDLANDS,Vortioxetine,5950.0,146959.56,139398.57047
2024-12,MIDLANDS,Flupentixol hydrochloride,2215.0,6995.36,6828.46148
2024-12,MIDLANDS,Oxitriptan,2.0,56.92,54.1982
2024-12,MIDLANDS,Tryptophan,13.0,992.77,924.11604
2024-12,MIDLANDS,Reboxetine,287.0,4505.05,4262.65359
2024-12,MIDLANDS,Venlafaxine,100076.0,853740.53,794199.68054
2024-12,MIDLANDS,Mirtazapine,200302.0,246034.76,209396.74589
2024-12,MIDLANDS,Duloxetine hydrochloride,74831.0,272191.51,222181.30935
2024-12,MIDLANDS,Agomelatine,297.0,6327.66,5163.95824
2024-12,MIDLANDS,Bupropion hydrochloride,488.0,16146.77,15336.39267
2024-12,NORTH EAST AND YORKSHIRE,Flupentixol hydrochloride,843.0,3645.73,3553.54498
2024-12,NORTH EAST AND YORKSHIRE,Flupentixol decanoate,461.0,7371.09,6963.12685
2024-12,NORTH EAST AND YORKSHIRE,Amitriptyline hydrochloride,286115.0,313745.52,262967.94521
2024-12,NORTH EAST AND YORKSHIRE,Clomipramine hydrochloride,3345.0,41445.07,39229.26889
2024-12,NORTH EAST AND YORKSHIRE,Dosulepin hydrochloride,3945.0,45997.1,37248.67555
2024-12,NORTH EAST AND YORKSHIRE,Doxepin,303.0,40165.85,40058.70262
2024-12,NORTH EAST AND YORKSHIRE,Imipramine hydrochloride,1557.0,5727.03,4913.72251
2024-12,NORTH EAST AND YORKSHIRE,Lofepramine hydrochloride,2571.0,56036.74,56076.27542
2024-12,NORTH EAST AND YORKSHIRE,Mianserin hydrochloride,11.0,712.71,671.82855
2024-12,NORTH EAST AND YORKSHIRE,Nortriptyline,15206.0,44941.29,45396.36229
2024-12,NORTH EAST AND YORKSHIRE,Trazodone hydrochloride,42766.0,81058.07,74428.33183
2024-12,NORTH EAST AND YORKSHIRE,Trimipramine maleate,242.0,36781.97,36752.98043
2024-12,NORTH EAST AND YORKSHIRE,Isocarboxazid,2.0,575.43,575.6548
2024-12,NORTH EAST AND YORKSHIRE,Moclobemide,141.0,2254.79,2143.27328
2024-12,NORTH EAST AND YORKSHIRE,Phenelzine sulfate,65.0,5676.0,5657.73463
2024-12,NORTH EAST AND YORKSHIRE,Tranylcypromine sulfate,31.0,39388.93,39390.6144
2024-12,NORTH EAST AND YORKSHIRE,Citalopram hydrobromide,192179.0,146964.8,124145.1104
2024-12,NORTH EAST AND YORKSHIRE,Fluoxetine hydrochloride,148035.0,235407.86,208291.54657
2024-12,NORTH EAST AND YORKSHIRE,Fluvoxamine maleate,282.0,5359.21,5112.16129
2024-12,NORTH EAST AND YORKSHIRE,Paroxetine hydrochloride,19395.0,37654.63,32540.16289
2024-12,NORTH EAST AND YORKSHIRE,Sertraline hydrochloride,404961.0,697836.66,597849.05539
2024-12,NORTH EAST AND YORKSHIRE,Escitalopram,21985.0,42206.51,40468.89458
2024-12,NORTH EAST AND YORKSHIRE,Citalopram hydrochloride,875.0,13195.92,10625.29136
2024-12,NORTH EAST AND YORKSHIRE,Vortioxetine,5702.0,107940.69,102707.12846
2024-12,NORTH EAST AND YORKSHIRE,Flupentixol hydrochloride,2230.0,5681.26,5611.29845
2024-12,NORTH EAST AND YORKSHIRE,Oxitriptan,1.0,20.79,19.86268
2024-12,NORTH EAST AND YORKSHIRE,Tryptophan,19.0,901.11,877.78067
2024-12,NORTH EAST AND YORKSHIRE,Reboxetine,479.0,6221.0,5933.96098
2024-12,NORTH EAST AND YORKSHIRE,Venlafaxine,84055.0,566450.47,524842.16784
2024-12,NORTH EAST AND YORKSHIRE,Mirtazapine,228214.0,227983.84,198773.29444
2024-12,NORTH EAST AND YORKSHIRE,Duloxetine hydrochloride,97176.0,291482.22,239042.23689
2024-12,NORTH EAST AND YORKSHIRE,Agomelatine,458.0,5066.85,4142.73866
2024-12,NORTH EAST AND YORKSHIRE,Bupropion hydrochloride,332.0,10584.16,10053.95966
2024-12,NORTH WEST,Flupentixol hydrochloride,403.0,2542.33,2459.04409
2024-12,NORTH WEST,Flupentixol decanoate,374.0,9295.54,8854.28041
2024-12,NORTH WEST,Amitriptyline hydrochloride,187482.0,219708.15,181541.10313
2024-12,NORTH WEST,Clomipramine hydrochloride,2940.0,40348.63,38178.94504
2024-12,NORTH WEST,Dosulepin hydrochloride,3690.0,49203.14,39613.45111
2024-12,NORTH WEST,Doxepin,144.0,19796.86,19771.21652
2024-12,NORTH WEST,Imipramine hydrochloride,844.0,4564.19,4082.45586
2024-12,NORTH WEST,Lofepramine hydrochloride,1056.0,27576.53,27600.45515
2024-12,NORTH WEST,Mianserin hydrochloride,12.0,802.06,793.00288
2024-12,NORTH WEST,Nortriptyline,14568.0,46664.09,47170.27267
2024-12,NORTH WEST,Trazodone hydrochloride,18310.0,66661.39,63869.01972
2024-12,NORTH WEST,Trimipramine maleate,102.0,21245.67,21238.54786
2024-12,NORTH WEST,Isocarboxazid,1.0,1726.26,1726.2724
2024-12,NORTH WEST,Moclobemide,75.0,1372.74,1311.3187
2024-12,NORTH WEST,Phenelzine sulfate,35.0,4164.0,4167.234
2024-12,NORTH WEST,Tranylcypromine sulfate,14.0,15104.29,14996.71525
2024-12,NORTH WEST,Citalopram hydrobromide,149778.0,121482.63,100755.33133
2024-12,NORTH WEST,Fluoxetine hydrochloride,94862.0,176885.63,158124.98023
2024-12,NORTH WEST,Fluvoxamine maleate,221.0,3987.84,3808.94668
2024-12,NORTH WEST,Paroxetine hydrochloride,16992.0,35500.59,30689.44737
2024-12,NORTH WEST,Sertraline hydrochloride,329452.0,584136.88,493727.67877
2024-12,NORTH WEST,Escitalopram,22899.0,46845.66,44963.06236
2024-12,NORTH WEST,Citalopram hydrochloride,683.0,10186.32,8166.53066
2024-12,NORTH WEST,Vortioxetine,5304.0,122448.15,116511.19898
2024-12,NORTH WEST,Flupentixol hydrochloride,1252.0,3884.35,3815.08393
2024-12,NORTH WEST,Tryptophan,3.0,274.92,261.40832
2024-12,NORTH WEST,Reboxetine,248.0,3670.02,3507.85557
2024-12,NORTH WEST,Venlafaxine,82217.0,620300.31,580916.53822
2024-12,NORTH WEST,Mirtazapine,197556.0,214912.76,182926.62045
2024-12,NORTH WEST,Duloxetine hydrochloride,64057.0,226099.73,184408.67533
2024-12,NORTH WEST,Agomelatine,157.0,2836.26,2322.01915
2024-12,NORTH WEST,Bupropion hydrochloride,445.0,14303.55,13615.37419
2024-12,SOUTH EAST,Flupentixol hydrochloride,227.0,1731.74,1667.61538
2024-12,SOUTH EAST,Flupentixol decanoate,378.0,7359.61,6889.09679
2024-12,SOUTH EAST,Amitriptyline hydrochloride,171613.0,232489.94,191964.56419
2024-12,SOUTH EAST,Clomipramine hydrochloride,2670.0,41197.11,38884.99598
2024-12,SOUTH EAST,Dosulepin hydrochloride,4015.0,58183.47,47113.4904
2024-12,SOUTH EAST,Doxepin,179.0,26686.25,26409.24462
2024-12,SOUTH EAST,Imipramine hydrochloride,1525.0,7170.61,6201.57256
2024-12,SOUTH EAST,Lofepramine hydrochloride,1041.0,28801.27,28739.66076
2024-12,SOUTH EAST,Mianserin hydrochloride,13.0,722.89,715.39602
2024-12,SOUTH EAST,Nortriptyline,11587.0,51677.78,51638.14023
2024-12,SOUTH EAST,Trazodone hydrochloride,15172.0,52235.5,49407.71675
2024-12,SOUTH EAST,Trimipramine maleate,228.0,71437.34,71099.19666
2024-12,SOUTH EAST,Isocarboxazid,10.0,4495.49,4496.114
2024-12,SOUTH EAST,Moclobemide,116.0,2497.17,2365.85395
2024-12,SOUTH EAST,Phenelzine sulfate,76.0,11995.2,11963.59687
2024-12,SOUTH EAST,Tranylcypromine sulfate,89.0,126515.74,126302.94691
2024-12,SOUTH EAST,Citalopram hydrobromide,156699.0,147176.94,122053.71467
2024-12,SOUTH EAST,Fluoxetine hydrochloride,81018.0,179863.53,158896.41907
2024-12,SOUTH EAST,Fluvoxamine maleate,221.0,4318.68,4112.53423
2024-12,SOUTH EAST,Paroxetine hydrochloride,13954.0,36252.75,30976.6756
2024-12,SOUTH EAST,Sertraline hydrochloride,286163.0,675169.95,573307.43937
2024-12,SOUTH EAST,Escitalopram,34824.0,81480.33,77679.81667
2024-12,SOUTH EAST,Citalopram hydrochloride,1003.0,16398.88,13193.87728
2024-12,SOUTH EAST,Vortioxetine,7181.0,190116.63,180405.54242
2024-12,SOUTH EAST,Flupentixol hydrochloride,1133.0,3624.73,3534.13438
2024-12,SOUTH EAST,Tryptophan,8.0,885.86,853.43738
2024-12,SOUTH EAST,Reboxetine,212.0,3591.34,3417.81076
2024-12,SOUTH EAST,Venlafaxine,73282.0,661381.63,619281.83549
2024-12,SOUTH EAST,Mirtazapine,141985.0,184568.78,158228.26066
2024-12,SOUTH EAST,Duloxetine hydrochloride,49399.0,204143.68,166852.50895
2024-12,SOUTH EAST,Agomelatine,770.0,14807.26,12046.65631
2024-12,SOUTH EAST,Bupropion hydrochloride,682.0,25158.92,23892.71738
2024-12,SOUTH WEST,Flupentixol hydrochloride,350.0,1824.28,1769.13543
2024-12,SOUTH WEST,Flupentixol decanoate,314.0,3982.1,3690.55809
2024-12,SOUTH WEST,Amitriptyline hydrochloride,151619.0,198984.02,164805.02291
2024-12,SOUTH WEST,Clomipramine hydrochloride,1906.0,27350.85,25837.37614
2024-12,SOUTH WEST,Dosulepin hydrochloride,2665.0,37216.36,30238.08936
2024-12,SOUTH WEST,Doxepin,161.0,21337.03,21254.51522
2024-12,SOUTH WEST,Imipramine hydrochloride,1126.0,4651.01,3920.06098
2024-12,SOUTH WEST,Lofepramine hydrochloride,1087.0,29831.74,29683.40759
2024-12,SOUTH WEST,Mianserin hydrochloride,13.0,918.73,888.6585
2024-12,SOUTH WEST,Nortriptyline,6853.0,23091.69,23123.2784
2024-12,SOUTH WEST,Trazodone hydrochloride,9256.0,26467.84,24415.93417
2024-12,SOUTH WEST,Trimipramine maleate,108.0,20159.67,19821.64611
2024-12,SOUTH WEST,Isocarboxazid,41.0,8965.27,8712.82265
2024-12,SOUTH WEST,Moclobemide,92.0,1888.41,1785.37883
2024-12,SOUTH WEST,Phenelzine sulfate,48.0,5572.8,5518.24727
2024-12,SOUTH WEST,Tranylcypromine sulfate,42.0,66063.93,65310.23718
2024-12,SOUTH WEST,Citalopram hydrobromide,122715.0,109569.29,91339.18947
2024-12,SOUTH WEST,Fluoxetine hydrochloride,58659.0,116198.2,102070.04879
2024-12,SOUTH WEST,Fluvoxamine maleate,157.0,3282.43,3111.27666
2024-12,SOUTH WEST,Paroxetine hydrochloride,10244.0,27297.45,23603.97237
2024-12,SOUTH WEST,Sertraline hydrochloride,196750.0,404301.33,343245.868
2024-12,SOUTH WEST,Escitalopram,19546.0,43618.11,41611.44405
2024-12,SOUTH WEST,Citalopram hydrochloride,663.0,9981.49,8043.62364
2024-12,SOUTH WEST,Vortioxetine,2008.0,52280.91,49495.04162
2024-12,SOUTH WEST,Flupentixol hydrochloride,1016.0,2949.22,2879.26141
2024-12,SOUTH WEST,Tryptophan,6.0,137.46,131.15996
2024-12,SOUTH WEST,Reboxetine,202.0,3458.35,3287.22686
2024-12,SOUTH WEST,Venlafaxine,58127.0,475037.75,437438.4454
2024-12,SOUTH WEST,Mirtazapine,114119.0,135308.6,115574.31497
2024-12,SOUTH WEST,Duloxetine hydrochloride,39641.0,144003.27,117938.74428
2024-12,SOUTH WEST,Agomelatine,196.0,3763.36,3054.28173
2024-12,SOUTH WEST,Bupropion hydrochloride,345.0,12999.94,12291.64351
2024-12,UNIDENTIFIED,Flupentixol hydrochloride,1.0,7.8,7.52232
2024-12,UNIDENTIFIED,Flupentixol decanoate,1.0,195.18,185.43136
2024-12,UNIDENTIFIED,Amitriptyline hydrochloride,61.0,62.25,54.49828
2024-12,UNIDENTIFIED,Clomipramine hydrochloride,1.0,8.11,8.1224
2024-12,UNIDENTIFIED,Nortriptyline,3.0,7.07,6.93935
2024-12,UNIDENTIFIED,Trazodone hydrochloride,9.0,33.34,29.24209
2024-12,UNIDENTIFIED,Trimipramine maleate,1.0,188.44,188.4524
2024-12,UNIDENTIFIED,Citalopram hydrobromide,35.0,36.17,32.06746
2024-12,UNIDENTIFIED,Fluoxetine hydrochloride,40.0,68.44,62.65373
2024-12,UNIDENTIFIED,Paroxetine hydrochloride,5.0,59.81,53.78294
2024-12,UNIDENTIFIED,Sertraline hydrochloride,80.0,278.46,248.79649
2024-12,UNIDENTIFIED,Escitalopram,8.0,15.47,14.88103
2024-12,UNIDENTIFIED,Vortioxetine,3.0,55.44,50.47295
2024-12,UNIDENTIFIED,Flupentixol hydrochloride,1.0,2.27,2.26888
2024-12,UNIDENTIFIED,Venlafaxine,27.0,188.34,174.92921
2024-12,UNIDENTIFIED,Mirtazapine,57.0,63.77,55.96794
2024-12,UNIDENTIFIED,Duloxetine hydrochloride,14.0,79.33,70.96209
2024-12,UNIDENTIFIED,Agomelatine,1.0,25.44,20.36407
2024-12,UNIDENTIFIED,Bupropion hydrochloride,1.0,41.76,39.68396
2025-01,EAST OF ENGLAND,Flupentixol hydrochloride,351.0,1501.1,1459.00576
2025-01,EAST OF ENGLAND,Flupentixol decanoate,290.0,5172.96,4850.09094
2025-01,EAST OF ENGLAND,Amitriptyline hydrochloride,177612.0,205964.42,170653.99446
2025-01,EAST OF ENGLAND,Clomipramine hydrochloride,2799.0,32727.41,26549.85556
2025-01,EAST OF ENGLAND,Dosulepin hydrochloride,3082.0,36886.32,30081.74654
2025-01,EAST OF ENGLAND,Doxepin,141.0,13161.95,13047.52329
2025-01,EAST OF ENGLAND,Imipramine hydrochloride,944.0,4031.52,3500.67661
2025-01,EAST OF ENGLAND,Lofepramine hydrochloride,1022.0,25267.71,25140.4453
2025-01,EAST OF ENGLAND,Mianserin hydrochloride,14.0,638.44,615.94608
2025-01,EAST OF ENGLAND,Nortriptyline,10895.0,40482.67,36839.7883
2025-01,EAST OF ENGLAND,Trazodone hydrochloride,8544.0,30244.06,28775.62168
2025-01,EAST OF ENGLAND,Trimipramine maleate,117.0,22463.86,21986.73226
2025-01,EAST OF ENGLAND,Isocarboxazid,17.0,8682.68,8619.217
2025-01,EAST OF ENGLAND,Moclobemide,88.0,1742.61,1656.66075
2025-01,EAST OF ENGLAND,Phenelzine sulfate,58.0,6654.0,6639.45708
2025-01,EAST OF ENGLAND,Tranylcypromine sulfate,18.0,22552.5,22283.29727
2025-01,EAST OF ENGLAND,Citalopram hydrobromide,166686.0,134608.31,112330.83877
2025-01,EAST OF ENGLAND,Fluoxetine hydrochloride,76041.0,144900.86,126667.99993
2025-01,EAST OF ENGLAND,Fluvoxamine maleate,222.0,4166.52,3938.13777
2025-01,EAST OF ENGLAND,Paroxetine hydrochloride,14200.0,30668.08,26358.49155
2025-01,EAST OF ENGLAND,Sertraline hydrochloride,249404.0,568327.49,480313.18218
2025-01,EAST OF ENGLAND,Escitalopram,20864.0,42256.34,35335.74434
2025-01,EAST OF ENGLAND,Citalopram hydrochloride,842.0,12593.14,10145.74624
2025-01,EAST OF ENGLAND,Vortioxetine,4314.0,103959.9,98411.62682
2025-01,EAST OF ENGLAND,Flupentixol hydrochloride,1571.0,4479.25,4366.17595
2025-01,EAST OF ENGLAND,Tryptophan,7.0,504.01,479.18728
2025-01,EAST OF ENGLAND,Reboxetine,212.0,3422.65,3234.17155
2025-01,EAST OF ENGLAND,Venlafaxine,75808.0,571434.83,534954.46886
2025-01,EAST OF ENGLAND,Mirtazapine,117553.0,131468.75,113007.82471
2025-01,EAST OF ENGLAND,Duloxetine hydrochloride,38915.0,123495.29,101501.07763
2025-01,EAST OF ENGLAND,Agomelatine,138.0,3126.97,2595.18365
2025-01,EAST OF ENGLAND,Bupropion hydrochloride,466.0,17331.86,16417.82787
2025-01,LONDON,Flupentixol hydrochloride,711.0,3192.15,3111.60166
2025-01,LONDON,Flupentixol decanoate,536.0,17487.7,16614.65619
2025-01,LONDON,Amitriptyline hydrochloride,130561.0,135703.92,114698.38744
2025-01,LONDON,Clomipramine hydrochloride,2088.0,26612.33,21394.60889
2025-01,LONDON,Dosulepin hydrochloride,2516.0,26783.41,21628.80669
2025-01,LONDON,Doxepin,159.0,15274.94,15282.4116
2025-01,LONDON,Imipramine hydrochloride,870.0,2539.78,2130.77345
2025-01,LONDON,Lofepramine hydrochloride,986.0,21097.08,21182.9064
2025-01,LONDON,Mianserin hydrochloride,19.0,903.23,892.1254
2025-01,LONDON,Nortriptyline,10426.0,32294.81,28967.11575
2025-01,LONDON,Trazodone hydrochloride,6650.0,23229.21,22035.02166
2025-01,LONDON,Trimipramine maleate,236.0,45763.72,45774.6464
2025-01,LONDON,Isocarboxazid,23.0,4146.16,4148.3452
2025-01,LONDON,Moclobemide,77.0,1350.47,1288.97718
2025-01,LONDON,Phenelzine sulfate,51.0,6458.4,6462.3324
2025-01,LONDON,Tranylcypromine sulfate,39.0,61837.5,61838.6836
2025-01,LONDON,Citalopram hydrobromide,106290.0,91041.22,77798.47694
2025-01,LONDON,Fluoxetine hydrochloride,54345.0,106922.17,95288.33427
2025-01,LONDON,Fluvoxamine maleate,301.0,6510.07,6206.08221
2025-01,LONDON,Paroxetine hydrochloride,12157.0,25888.31,22255.82328
2025-01,LONDON,Sertraline hydrochloride,217930.0,506050.98,427226.226
2025-01,LONDON,Escitalopram,20923.0,51067.89,42484.11374
2025-01,LONDON,Citalopram hydrochloride,404.0,6624.18,5335.9941
2025-01,LONDON,Vortioxetine,3774.0,104521.23,99477.5947
2025-01,LONDON,Flupentixol hydrochloride,989.0,2569.46,2537.80495
2025-01,LONDON,Tryptophan,7.0,610.94,580.66886
2025-01,LONDON,Reboxetine,103.0,1852.84,1768.64196
2025-01,LONDON,Venlafaxine,50058.0,341354.07,320391.13081
2025-01,LONDON,Mirtazapine,132416.0,137722.84,121271.58911
2025-01,LONDON,Duloxetine hydrochloride,33992.0,88725.12,73504.8024
2025-01,LONDON,Agomelatine,430.0,10155.57,8277.41699
2025-01,LONDON,Bupropion hydrochloride,1115.0,43799.32,41671.99634
2025-01,MIDLANDS,Flupentixol hydrochloride,518.0,3351.7,3235.17538
2025-01,MIDLANDS,Flupentixol decanoate,456.0,9745.51,9246.52724
2025-01,MIDLANDS,Amitriptyline hydrochloride,290255.0,349926.47,288178.04935
2025-01,MIDLANDS,Clomipramine hydrochloride,3498.0,47607.45,38450.45834
2025-01,MIDLANDS,Dosulepin hydrochloride,5093.0,63451.65,51443.49667
2025-01,MIDLANDS,Doxepin,227.0,20258.56,20168.95418
2025-01,MIDLANDS,Imipramine hydrochloride,1830.0,10850.03,9710.67825
2025-01,MIDLANDS,Lofepramine hydrochloride,2330.0,64298.98,64017.89983
2025-01,MIDLANDS,Mianserin hydrochloride,10.0,916.45,895.79916
2025-01,MIDLANDS,Nortriptyline,15390.0,53608.24,48083.98112
2025-01,MIDLANDS,Trazodone hydrochloride,14191.0,42340.41,39420.56081
2025-01,MIDLANDS,Trimipramine maleate,164.0,31751.28,31393.87235
2025-01,MIDLANDS,Isocarboxazid,20.0,8883.05,8883.998
2025-01,MIDLANDS,Moclobemide,115.0,2298.32,2181.20516
2025-01,MIDLANDS,Phenelzine sulfate,62.0,6988.62,6945.55147
2025-01,MIDLANDS,Tranylcypromine sulfate,50.0,49486.33,49381.03715
2025-01,MIDLANDS,Citalopram hydrobromide,227688.0,196974.5,163238.4503
2025-01,MIDLANDS,Fluoxetine hydrochloride,128068.0,236925.73,206449.93357
2025-01,MIDLANDS,Fluvoxamine maleate,356.0,6781.95,6452.73892
2025-01,MIDLANDS,Paroxetine hydrochloride,20860.0,47064.28,40506.99108
2025-01,MIDLANDS,Sertraline hydrochloride,433321.0,933014.77,788307.91772
2025-01,MIDLANDS,Escitalopram,30587.0,62102.46,51945.2186
2025-01,MIDLANDS,Citalopram hydrochloride,1231.0,18966.12,15250.832
2025-01,MIDLANDS,Vortioxetine,6237.0,155324.07,147293.00698
2025-01,MIDLANDS,Flupentixol hydrochloride,2386.0,7460.88,7291.91556
2025-01,MIDLANDS,Oxitriptan,3.0,140.47,173.66118
2025-01,MIDLANDS,Tryptophan,12.0,1130.23,1051.89459
2025-01,MIDLANDS,Reboxetine,318.0,5403.01,5118.35176
2025-01,MIDLANDS,Venlafaxine,103369.0,836541.17,781761.63601
2025-01,MIDLANDS,Mirtazapine,209875.0,251984.31,214378.21985
2025-01,MIDLANDS,Duloxetine hydrochloride,77976.0,241880.08,197876.62228
2025-01,MIDLANDS,Agomelatine,319.0,7886.62,6407.85883
2025-01,MIDLANDS,Bupropion hydrochloride,536.0,18820.07,17837.25609
2025-01,NORTH EAST AND YORKSHIRE,Flupentixol hydrochloride,889.0,3784.1,3690.44105
2025-01,NORTH EAST AND YORKSHIRE,Flupentixol decanoate,498.0,8660.02,8163.82723
2025-01,NORTH EAST AND YORKSHIRE,Amitriptyline hydrochloride,294225.0,321973.48,268747.41361
2025-01,NORTH EAST AND YORKSHIRE,Clomipramine hydrochloride,3393.0,38664.53,31236.30625
2025-01,NORTH EAST AND YORKSHIRE,Dosulepin hydrochloride,3877.0,42370.92,34332.40579
2025-01,NORTH EAST AND YORKSHIRE,Doxepin,292.0,25203.1,25162.56222
2025-01,NORTH EAST AND YORKSHIRE,Imipramine hydrochloride,1582.0,7358.77,6565.48505
2025-01,NORTH EAST AND YORKSHIRE,Lofepramine hydrochloride,2569.0,56417.12,56432.18343
2025-01,NORTH EAST AND YORKSHIRE,Mianserin hydrochloride,13.0,653.54,631.86703
2025-01,NORTH EAST AND YORKSHIRE,Nortriptyline,15917.0,46132.65,41509.29237
2025-01,NORTH EAST AND YORKSHIRE,Trazodone hydrochloride,44293.0,79700.7,72701.22056
2025-01,NORTH EAST AND YORKSHIRE,Trimipramine maleate,223.0,27744.36,27712.84986
2025-01,NORTH EAST AND YORKSHIRE,Isocarboxazid,6.0,2445.56,2446.1344
2025-01,NORTH EAST AND YORKSHIRE,Moclobemide,137.0,2215.14,2112.41189
2025-01,NORTH EAST AND YORKSHIRE,Phenelzine sulfate,59.0,5436.0,5428.48306
2025-01,NORTH EAST AND YORKSHIRE,Tranylcypromine sulfate,26.0,31628.93,31630.1524
2025-01,NORTH EAST AND YORKSHIRE,Citalopram hydrobromide,197630.0,155768.17,131418.68687
2025-01,NORTH EAST AND YORKSHIRE,Fluoxetine hydrochloride,152735.0,236707.21,207754.20939
2025-01,NORTH EAST AND YORKSHIRE,Fluvoxamine maleate,293.0,5843.12,5567.23508
2025-01,NORTH EAST AND YORKSHIRE,Paroxetine hydrochloride,19943.0,36600.6,31720.52877
2025-01,NORTH EAST AND YORKSHIRE,Sertraline hydrochloride,419678.0,772158.94,657211.43944
2025-01,NORTH EAST AND YORKSHIRE,Escitalopram,22833.0,41917.33,35073.62725
2025-01,NORTH EAST AND YORKSHIRE,Citalopram hydrochloride,875.0,13422.7,10812.24895
2025-01,NORTH EAST AND YORKSHIRE,Vortioxetine,5813.0,107713.98,102510.57413
2025-01,NORTH EAST AND YORKSHIRE,Flupentixol hydrochloride,2274.0,5775.47,5702.78589
2025-01,NORTH EAST AND YORKSHIRE,Tryptophan,17.0,1252.4,1210.96839
2025-01,NORTH EAST AND YORKSHIRE,Reboxetine,489.0,6243.14,5957.13998
2025-01,NORTH EAST AND YORKSHIRE,Venlafaxine,86042.0,539266.81,503101.66367
2025-01,NORTH EAST AND YORKSHIRE,Mirtazapine,236710.0,232199.34,202495.57346
2025-01,NORTH EAST AND YORKSHIRE,Duloxetine hydrochloride,100792.0,255284.12,210045.3593
2025-01,NORTH EAST AND YORKSHIRE,Agomelatine,489.0,6258.51,5085.40881
2025-01,NORTH EAST AND YORKSHIRE,Bupropion hydrochloride,352.0,11089.33,10512.92039
2025-01,NORTH WEST,Flupentixol hydrochloride,422.0,2781.35,2688.57635
2025-01,NORTH WEST,Flupentixol decanoate,419.0,9965.87,9492.55287
2025-01,NORTH WEST,Amitriptyline hydrochloride,189950.0,221717.1,182527.78559
2025-01,NORTH WEST,Clomipramine hydrochloride,2962.0,38782.31,31176.84941
2025-01,NORTH WEST,Dosulepin hydrochloride,3601.0,43180.2,34727.84845
2025-01,NORTH WEST,Doxepin,148.0,13245.87,13204.21267
2025-01,NORTH WEST,Imipramine hydrochloride,864.0,3752.22,3284.76078
2025-01,NORTH WEST,Lofepramine hydrochloride,1031.0,26937.49,26967.94174
2025-01,NORTH WEST,Mianserin hydrochloride,12.0,788.57,785.88375
2025-01,NORTH WEST,Nortriptyline,15025.0,45197.23,40454.65248
2025-01,NORTH WEST,Trazodone hydrochloride,18723.0,66925.49,64011.85564
2025-01,NORTH WEST,Trimipramine maleate,96.0,16011.47,16009.40361
2025-01,NORTH WEST,Isocarboxazid,6.0,3308.66,3309.1344
2025-01,NORTH WEST,Moclobemide,87.0,1608.12,1536.16403
2025-01,NORTH WEST,Phenelzine sulfate,32.0,4111.2,4114.2968
2025-01,NORTH WEST,Tranylcypromine sulfate,13.0,18014.29,17906.73835
2025-01,NORTH WEST,Citalopram hydrobromide,151712.0,126568.8,104849.08624
2025-01,NORTH WEST,Fluoxetine hydrochloride,96711.0,173632.17,153973.2109
2025-01,NORTH WEST,Fluvoxamine maleate,222.0,3812.28,3642.85051
2025-01,NORTH WEST,Paroxetine hydrochloride,17284.0,34864.69,30222.67232
2025-01,NORTH WEST,Sertraline hydrochloride,337434.0,651204.52,549568.04437
2025-01,NORTH WEST,Escitalopram,23635.0,46622.26,38681.81915
2025-01,NORTH WEST,Citalopram hydrochloride,713.0,10775.36,8645.12008
2025-01,NORTH WEST,Vortioxetine,5409.0,127399.14,121215.73104
2025-01,NORTH WEST,Flupentixol hydrochloride,1298.0,4091.02,4013.31448
2025-01,NORTH WEST,Tryptophan,6.0,427.66,406.74375
2025-01,NORTH WEST,Reboxetine,304.0,4710.93,4500.72404
2025-01,NORTH WEST,Venlafaxine,83456.0,601548.06,565799.00514
2025-01,NORTH WEST,Mirtazapine,202715.0,214495.55,182281.58496
2025-01,NORTH WEST,Duloxetine hydrochloride,65011.0,197487.59,161496.65021
2025-01,NORTH WEST,Agomelatine,172.0,3562.4,2893.31629
2025-01,NORTH WEST,Bupropion hydrochloride,423.0,14249.99,13561.61589
2025-01,SOUTH EAST,Flupentixol hydrochloride,231.0,1604.8,1546.40767
2025-01,SOUTH EAST,Flupentixol decanoate,360.0,6819.96,6401.75075
2025-01,SOUTH EAST,Amitriptyline hydrochloride,175338.0,239304.74,196870.31423
2025-01,SOUTH EAST,Clomipramine hydrochloride,2684.0,38064.99,30696.1893
2025-01,SOUTH EAST,Dosulepin hydrochloride,3858.0,50868.59,41162.81089
2025-01,SOUTH EAST,Doxepin,167.0,17662.99,17516.40303
2025-01,SOUTH EAST,Imipramine hydrochloride,1474.0,10404.11,9485.34258
2025-01,SOUTH EAST,Lofepramine hydrochloride,1011.0,29072.67,28997.25506
2025-01,SOUTH EAST,Mianserin hydrochloride,20.0,1047.49,1039.43285
2025-01,SOUTH EAST,Nortriptyline,11868.0,47749.79,43046.97377
2025-01,SOUTH EAST,Trazodone hydrochloride,15629.0,50263.82,47339.28524
2025-01,SOUTH EAST,Trimipramine maleate,213.0,49492.09,49224.29758
2025-01,SOUTH EAST,Isocarboxazid,11.0,4639.35,4640.0864
2025-01,SOUTH EAST,Moclobemide,121.0,2391.71,2270.88974
2025-01,SOUTH EAST,Phenelzine sulfate,73.0,10948.8,10916.57232
2025-01,SOUTH EAST,Tranylcypromine sulfate,83.0,115447.33,115450.2592
2025-01,SOUTH EAST,Citalopram hydrobromide,159665.0,154106.6,127744.96474
2025-01,SOUTH EAST,Fluoxetine hydrochloride,83447.0,173886.39,152258.48802
2025-01,SOUTH EAST,Fluvoxamine maleate,206.0,4601.61,4380.759
2025-01,SOUTH EAST,Paroxetine hydrochloride,14112.0,34600.14,29660.11634
2025-01,SOUTH EAST,Sertraline hydrochloride,294574.0,731099.54,616896.10384
2025-01,SOUTH EAST,Escitalopram,35612.0,81158.82,67257.71353
2025-01,SOUTH EAST,Citalopram hydrochloride,1029.0,16187.08,13035.47424
2025-01,SOUTH EAST,Vortioxetine,7387.0,194339.97,184465.51901
2025-01,SOUTH EAST,Flupentixol hydrochloride,1171.0,3735.99,3644.96691
2025-01,SOUTH EAST,Tryptophan,11.0,1466.25,1384.93417
2025-01,SOUTH EAST,Reboxetine,228.0,4169.03,3964.30639
2025-01,SOUTH EAST,Venlafaxine,75079.0,649089.32,610359.15611
2025-01,SOUTH EAST,Mirtazapine,146660.0,186369.52,159730.26248
2025-01,SOUTH EAST,Duloxetine hydrochloride,50416.0,179316.42,146669.29955
2025-01,SOUTH EAST,Agomelatine,783.0,17844.59,14497.47948
2025-01,SOUTH EAST,Bupropion hydrochloride,761.0,27739.72,26335.15709
2025-01,SOUTH WEST,Flupentixol hydrochloride,333.0,1707.08,1655.76549
2025-01,SOUTH WEST,Flupentixol decanoate,353.0,4563.29,4253.12015
2025-01,SOUTH WEST,Amitriptyline hydrochloride,154731.0,202029.18,166978.92126
2025-01,SOUTH WEST,Clomipramine hydrochloride,1893.0,25233.93,20408.3113
2025-01,SOUTH WEST,Dosulepin hydrochloride,2691.0,34726.42,28245.70145
2025-01,SOUTH WEST,Doxepin,158.0,14673.75,14564.01503
2025-01,SOUTH WEST,Imipramine hydrochloride,1101.0,3153.1,2581.94958
2025-01,SOUTH WEST,Lofepramine hydrochloride,1076.0,27598.84,27442.25593
2025-01,SOUTH WEST,Mianserin hydrochloride,11.0,690.86,674.87913
2025-01,SOUTH WEST,Nortriptyline,7073.0,23972.37,21337.55809
2025-01,SOUTH WEST,Trazodone hydrochloride,9540.0,26085.7,23948.27279
2025-01,SOUTH WEST,Trimipramine maleate,118.0,18375.24,17963.13431
2025-01,SOUTH WEST,Isocarboxazid,49.0,9792.46,9653.44458
2025-01,SOUTH WEST,Moclobemide,89.0,2054.53,1941.72532
2025-01,SOUTH WEST,Phenelzine sulfate,61.0,6220.8,6097.28442
2025-01,SOUTH WEST,Tranylcypromine sulfate,34.0,54458.57,53812.63929
2025-01,SOUTH WEST,Citalopram hydrobromide,124929.0,114798.31,95570.76173
2025-01,SOUTH WEST,Fluoxetine hydrochloride,60471.0,116425.51,101520.84033
2025-01,SOUTH WEST,Fluvoxamine maleate,187.0,3039.66,2881.06571
2025-01,SOUTH WEST,Paroxetine hydrochloride,10424.0,24621.58,21218.37601
2025-01,SOUTH WEST,Sertraline hydrochloride,203136.0,437677.11,368472.92792
2025-01,SOUTH WEST,Escitalopram,20168.0,43515.46,36175.45548
2025-01,SOUTH WEST,Citalopram hydrochloride,677.0,10342.66,8352.98005
2025-01,SOUTH WEST,Vortioxetine,2046.0,53579.79,50758.6794
2025-01,SOUTH WEST,Flupentixol hydrochloride,1007.0,2942.24,2877.08696
2025-01,SOUTH WEST,Tryptophan,6.0,259.65,247.23725
2025-01,SOUTH WEST,Reboxetine,226.0,3669.5,3494.76449
2025-01,SOUTH WEST,Venlafaxine,59663.0,464297.45,430466.04355
2025-01,SOUTH WEST,Mirtazapine,117632.0,137947.13,118013.02659
2025-01,SOUTH WEST,Duloxetine hydrochloride,41016.0,126409.27,103797.05207
2025-01,SOUTH WEST,Agomelatine,208.0,4455.91,3594.89649
2025-01,SOUTH WEST,Bupropion hydrochloride,305.0,11264.78,10640.39981
2025-01,UNIDENTIFIED,Flupentixol hydrochloride,1.0,7.8,7.52226
2025-01,UNIDENTIFIED,Flupentixol decanoate,1.0,39.04,37.1997
2025-01,UNIDENTIFIED,Amitriptyline hydrochloride,107.0,123.94,111.91735
2025-01,UNIDENTIFIED,Clomipramine hydrochloride,1.0,28.17,28.17
2025-01,UNIDENTIFIED,Nortriptyline,7.0,24.35,22.82127
2025-01,UNIDENTIFIED,Trazodone hydrochloride,38.0,67.1,65.55748
2025-01,UNIDENTIFIED,Citalopram hydrobromide,66.0,61.24,55.81541
2025-01,UNIDENTIFIED,Fluoxetine hydrochloride,58.0,147.74,136.53212
2025-01,UNIDENTIFIED,Paroxetine hydrochloride,4.0,17.33,14.35223
2025-01,UNIDENTIFIED,Sertraline hydrochloride,143.0,578.92,519.79992
2025-01,UNIDENTIFIED,Escitalopram,7.0,13.0,11.16246
2025-01,UNIDENTIFIED,Vortioxetine,4.0,83.16,77.99682
2025-01,UNIDENTIFIED,Flupentixol hydrochloride,1.0,2.27,2.26886
2025-01,UNIDENTIFIED,Venlafaxine,38.0,558.06,540.91416
2025-01,UNIDENTIFIED,Mirtazapine,79.0,100.29,89.99014
2025-01,UNIDENTIFIED,Duloxetine hydrochloride,26.0,104.03,95.05534
2025-02,EAST OF ENGLAND,Flupentixol hydrochloride,303.0,1547.89,1496.95217
2025-02,EAST OF ENGLAND,Flupentixol decanoate,237.0,3352.45,3139.61307
2025-02,EAST OF ENGLAND,Amitriptyline hydrochloride,158694.0,184541.48,152966.83156
2025-02,EAST OF ENGLAND,Clomipramine hydrochloride,2571.0,29210.16,23711.38192
2025-02,EAST OF ENGLAND,Dosulepin hydrochloride,2706.0,31428.27,25626.93097
2025-02,EAST OF ENGLAND,Doxepin,145.0,13270.9,13190.47721
2025-02,EAST OF ENGLAND,Imipramine hydrochloride,857.0,4047.14,3552.60586
2025-02,EAST OF ENGLAND,Lofepramine hydrochloride,980.0,23087.27,22942.37583
2025-02,EAST OF ENGLAND,Mianserin hydrochloride,15.0,742.22,727.18727
2025-02,EAST OF ENGLAND,Nortriptyline,9854.0,36937.51,33614.06719
2025-02,EAST OF ENGLAND,Trazodone hydrochloride,7537.0,29368.44,28079.29316
2025-02,EAST OF ENGLAND,Trimipramine maleate,114.0,25197.29,24850.75848
2025-02,EAST OF ENGLAND,Isocarboxazid,16.0,9669.12,9637.69431
2025-02,EAST OF ENGLAND,Moclobemide,83.0,1485.83,1411.40154
2025-02,EAST OF ENGLAND,Phenelzine sulfate,52.0,6081.6,6079.74222
2025-02,EAST OF ENGLAND,Tranylcypromine sulfate,24.0,24977.5,24709.20106
2025-02,EAST OF ENGLAND,Citalopram hydrobromide,148632.0,119359.56,99676.78622
2025-02,EAST OF ENGLAND,Fluoxetine hydrochloride,67461.0,128991.38,112577.47441
2025-02,EAST OF ENGLAND,Fluvoxamine maleate,181.0,3656.64,3459.15396
2025-02,EAST OF ENGLAND,Paroxetine hydrochloride,12663.0,27312.99,23539.08568
2025-02,EAST OF ENGLAND,Sertraline hydrochloride,223403.0,510096.77,432582.71801
2025-02,EAST OF ENGLAND,Escitalopram,18946.0,37694.02,31510.71716
2025-02,EAST OF ENGLAND,Citalopram hydrochloride,681.0,10226.2,8246.76794
2025-02,EAST OF ENGLAND,Vortioxetine,3816.0,91932.39,86953.11817
2025-02,EAST OF ENGLAND,Flupentixol hydrochloride,1288.0,3732.31,3628.65979
2025-02,EAST OF ENGLAND,Tryptophan,4.0,458.2,435.32743
2025-02,EAST OF ENGLAND,Reboxetine,179.0,3088.91,2925.94043
2025-02,EAST OF ENGLAND,Venlafaxine,67523.0,515413.54,483030.37741
2025-02,EAST OF ENGLAND,Mirtazapine,105213.0,118255.87,101838.19159
2025-02,EAST OF ENGLAND,Duloxetine hydrochloride,34738.0,110267.94,90648.01525
2025-02,EAST OF ENGLAND,Agomelatine,121.0,2757.0,2289.99627
2025-02,EAST OF ENGLAND,Bupropion hydrochloride,365.0,13373.68,12668.94578
2025-02,LONDON,Flupentixol hydrochloride,710.0,3018.51,2946.50833
2025-02,LONDON,Flupentixol decanoate,506.0,16260.38,15446.06406
2025-02,LONDON,Amitriptyline hydrochloride,117835.0,122312.02,103409.73394
2025-02,LONDON,Clomipramine hydrochloride,1816.0,22916.94,18427.39775
2025-02,LONDON,Dosulepin hydrochloride,2397.0,24219.72,19582.51572
2025-02,LONDON,Doxepin,139.0,14682.35,14688.2736
2025-02,LONDON,Imipramine hydrochloride,745.0,2702.65,2352.59559
2025-02,LONDON,Lofepramine hydrochloride,967.0,20355.06,20438.8508
2025-02,LONDON,Mianserin hydrochloride,24.0,1318.27,1300.99494
2025-02,LONDON,Nortriptyline,9599.0,29990.37,26936.48465
2025-02,LONDON,Trazodone hydrochloride,5969.0,17684.01,16603.99505
2025-02,LONDON,Trimipramine maleate,230.0,47599.73,47611.882
2025-02,LONDON,Isocarboxazid,20.0,5153.14,5154.988
2025-02,LONDON,Moclobemide,78.0,1535.74,1464.27943
2025-02,LONDON,Phenelzine sulfate,44.0,6285.92,6282.04609
2025-02,LONDON,Tranylcypromine sulfate,38.0,54077.5,54079.0712
2025-02,LONDON,Citalopram hydrobromide,96157.0,81518.47,69623.89099
2025-02,LONDON,Fluoxetine hydrochloride,49107.0,96338.81,85913.32728
2025-02,LONDON,Fluvoxamine maleate,273.0,5673.55,5410.00724
2025-02,LONDON,Paroxetine hydrochloride,11098.0,23225.37,19880.38162
2025-02,LONDON,Sertraline hydrochloride,197165.0,454648.77,385139.78274
2025-02,LONDON,Escitalopram,18897.0,46911.02,39152.71423
2025-02,LONDON,Citalopram hydrochloride,343.0,5823.38,4679.40343
2025-02,LONDON,Vortioxetine,3562.0,97589.25,92885.56354
2025-02,LONDON,Flupentixol hydrochloride,908.0,2265.89,2241.89435
2025-02,LONDON,Oxitriptan,2.0,79.24,75.4007
2025-02,LONDON,Tryptophan,6.0,720.04,684.4933
2025-02,LONDON,Reboxetine,95.0,1711.67,1634.01914
2025-02,LONDON,Venlafaxine,45721.0,312172.63,293374.12031
2025-02,LONDON,Mirtazapine,119399.0,122869.58,108217.24541
2025-02,LONDON,Duloxetine hydrochloride,30617.0,81267.69,67250.32884
2025-02,LONDON,Agomelatine,360.0,8244.2,6676.76231
2025-02,LONDON,Bupropion hydrochloride,1028.0,39874.51,37936.77214
2025-02,MIDLANDS,Flupentixol hydrochloride,454.0,2853.52,2757.63981
2025-02,MIDLANDS,Flupentixol decanoate,436.0,10687.71,10159.99662
2025-02,MIDLANDS,Amitriptyline hydrochloride,258153.0,308767.49,254409.88075
2025-02,MIDLANDS,Clomipramine hydrochloride,3108.0,41792.07,33754.02663
2025-02,MIDLANDS,Dosulepin hydrochloride,4435.0,57993.64,47561.72937
2025-02,MIDLANDS,Doxepin,196.0,17878.32,17794.7705
2025-02,MIDLANDS,Imipramine hydrochloride,1591.0,7526.28,6540.93414
2025-02,MIDLANDS,Lofepramine hydrochloride,2136.0,52770.04,52515.39903
2025-02,MIDLANDS,Mianserin hydrochloride,9.0,899.44,878.54339
2025-02,MIDLANDS,Nortriptyline,13513.0,47380.43,42580.56498
2025-02,MIDLANDS,Trazodone hydrochloride,12699.0,35739.32,33123.31842
2025-02,MIDLANDS,Trimipramine maleate,123.0,23294.55,23004.46717
2025-02,MIDLANDS,Isocarboxazid,17.0,9350.58,9351.3908
2025-02,MIDLANDS,Moclobemide,103.0,2172.7,2063.14832
2025-02,MIDLANDS,Phenelzine sulfate,56.0,6373.0,6347.47912
2025-02,MIDLANDS,Tranylcypromine sulfate,33.0,41362.58,41255.8881
2025-02,MIDLANDS,Citalopram hydrobromide,200678.0,173141.49,143553.34076
2025-02,MIDLANDS,Fluoxetine hydrochloride,113067.0,208387.63,181160.46154
2025-02,MIDLANDS,Fluvoxamine maleate,298.0,5669.0,5397.42991
2025-02,MIDLANDS,Paroxetine hydrochloride,18565.0,41502.2,35575.83013
2025-02,MIDLANDS,Sertraline hydrochloride,384424.0,875838.61,749336.92474
2025-02,MIDLANDS,Escitalopram,27042.0,54329.58,45380.04183
2025-02,MIDLANDS,Citalopram hydrochloride,1076.0,16246.36,13076.92247
2025-02,MIDLANDS,Vortioxetine,5510.0,139594.95,132345.45375
2025-02,MIDLANDS,Flupentixol hydrochloride,1965.0,5994.76,5850.17864
2025-02,MIDLANDS,Oxitriptan,1.0,33.48,31.81751
2025-02,MIDLANDS,Tryptophan,13.0,1191.32,1115.70661
2025-02,MIDLANDS,Reboxetine,270.0,4082.73,3863.97665
2025-02,MIDLANDS,Venlafaxine,92082.0,749779.21,701411.56475
2025-02,MIDLANDS,Mirtazapine,186052.0,222459.67,189173.08138
2025-02,MIDLANDS,Duloxetine hydrochloride,69290.0,213415.42,174548.97636
2025-02,MIDLANDS,Agomelatine,294.0,7185.79,5850.25362
2025-02,MIDLANDS,Bupropion hydrochloride,412.0,14482.47,13696.85104
2025-02,NORTH EAST AND YORKSHIRE,Flupentixol hydrochloride,771.0,3345.74,3261.38765
2025-02,NORTH EAST AND YORKSHIRE,Flupentixol decanoate,407.0,7336.62,6944.56852
2025-02,NORTH EAST AND YORKSHIRE,Amitriptyline hydrochloride,262744.0,284571.53,237670.39679
2025-02,NORTH EAST AND YORKSHIRE,Clomipramine hydrochloride,2995.0,33728.88,27267.07418
2025-02,NORTH EAST AND YORKSHIRE,Dosulepin hydrochloride,3381.0,36899.4,29897.46529
2025-02,NORTH EAST AND YORKSHIRE,Doxepin,259.0,20775.42,20728.03268
2025-02,NORTH EAST AND YORKSHIRE,Imipramine hydrochloride,1408.0,6256.68,5525.90364
2025-02,NORTH EAST AND YORKSHIRE,Lofepramine hydrochloride,2257.0,45075.84,45096.8355
2025-02,NORTH EAST AND YORKSHIRE,Mianserin hydrochloride,8.0,375.67,355.92026
2025-02,NORTH EAST AND YORKSHIRE,Nortriptyline,14283.0,41224.24,37125.30982
2025-02,NORTH EAST AND YORKSHIRE,Trazodone hydrochloride,39315.0,76796.08,70554.83651
2025-02,NORTH EAST AND YORKSHIRE,Trimipramine maleate,197.0,23725.77,23693.42716
2025-02,NORTH EAST AND YORKSHIRE,Isocarboxazid,4.0,1438.57,1439.0196
2025-02,NORTH EAST AND YORKSHIRE,Moclobemide,107.0,1656.77,1576.81305
2025-02,NORTH EAST AND YORKSHIRE,Phenelzine sulfate,62.0,5193.6,5161.83137
2025-02,NORTH EAST AND YORKSHIRE,Tranylcypromine sulfate,29.0,32235.18,32236.7396
2025-02,NORTH EAST AND YORKSHIRE,Citalopram hydrobromide,175181.0,137473.46,116000.8901
2025-02,NORTH EAST AND YORKSHIRE,Fluoxetine hydrochloride,136350.0,208126.06,181799.60544
2025-02,NORTH EAST AND YORKSHIRE,Fluvoxamine maleate,278.0,5132.93,4893.53468
2025-02,NORTH EAST AND YORKSHIRE,Paroxetine hydrochloride,17558.0,32145.29,27739.86702
2025-02,NORTH EAST AND YORKSHIRE,Sertraline hydrochloride,374673.0,711480.64,610982.53992
2025-02,NORTH EAST AND YORKSHIRE,Escitalopram,20615.0,38174.56,31946.47428
2025-02,NORTH EAST AND YORKSHIRE,Citalopram hydrochloride,766.0,11743.26,9449.71097
2025-02,NORTH EAST AND YORKSHIRE,Vortioxetine,5391.0,100495.89,95641.24549
2025-02,NORTH EAST AND YORKSHIRE,Flupentixol hydrochloride,2007.0,5034.91,4970.72486
2025-02,NORTH EAST AND YORKSHIRE,Oxitriptan,1.0,20.79,19.86235
2025-02,NORTH EAST AND YORKSHIRE,Tryptophan,14.0,610.92,581.53138
2025-02,NORTH EAST AND YORKSHIRE,Reboxetine,424.0,5509.77,5263.09988
2025-02,NORTH EAST AND YORKSHIRE,Venlafaxine,77246.0,488241.91,455947.62535
2025-02,NORTH EAST AND YORKSHIRE,Mirtazapine,210523.0,206167.96,179862.10022
2025-02,NORTH EAST AND YORKSHIRE,Duloxetine hydrochloride,91371.0,229964.7,189403.74937
2025-02,NORTH EAST AND YORKSHIRE,Agomelatine,438.0,5898.78,4808.21062
2025-02,NORTH EAST AND YORKSHIRE,Bupropion hydrochloride,395.0,11880.03,11280.88434
2025-02,NORTH WEST,Flupentixol hydrochloride,386.0,2375.09,2298.80897
2025-02,NORTH WEST,Flupentixol decanoate,342.0,9529.31,9075.67287
2025-02,NORTH WEST,Amitriptyline hydrochloride,170602.0,198681.62,163609.70249
2025-02,NORTH WEST,Clomipramine hydrochloride,2686.0,34732.19,27939.73633
2025-02,NORTH WEST,Dosulepin hydrochloride,3250.0,39618.81,31970.28364
2025-02,NORTH WEST,Doxepin,136.0,12357.49,12330.77972
2025-02,NORTH WEST,Imipramine hydrochloride,777.0,3569.83,3137.93914
2025-02,NORTH WEST,Lofepramine hydrochloride,973.0,23195.34,23216.45663
2025-02,NORTH WEST,Mianserin hydrochloride,9.0,487.74,488.0516
2025-02,NORTH WEST,Nortriptyline,13609.0,42225.94,37940.08553
2025-02,NORTH WEST,Trazodone hydrochloride,16704.0,54530.07,51950.28975
2025-02,NORTH WEST,Trimipramine maleate,82.0,11384.02,11359.49089
2025-02,NORTH WEST,Isocarboxazid,3.0,323.67,324.0072
2025-02,NORTH WEST,Moclobemide,86.0,1651.45,1576.20015
2025-02,NORTH WEST,Phenelzine sulfate,30.0,3724.8,3727.872
2025-02,NORTH WEST,Tranylcypromine sulfate,12.0,15589.29,15481.9377
2025-02,NORTH WEST,Citalopram hydrobromide,134945.0,112542.89,93268.78349
2025-02,NORTH WEST,Fluoxetine hydrochloride,86828.0,157757.07,139599.79469
2025-02,NORTH WEST,Fluvoxamine maleate,186.0,3516.98,3357.84409
2025-02,NORTH WEST,Paroxetine hydrochloride,15316.0,30336.83,26185.87601
2025-02,NORTH WEST,Sertraline hydrochloride,302655.0,587735.2,497234.93864
2025-02,NORTH WEST,Escitalopram,21103.0,41636.87,34605.66851
2025-02,NORTH WEST,Citalopram hydrochloride,594.0,8917.74,7147.38531
2025-02,NORTH WEST,Vortioxetine,4946.0,116040.87,110412.68425
2025-02,NORTH WEST,Flupentixol hydrochloride,1139.0,3597.9,3526.65772
2025-02,NORTH WEST,Tryptophan,5.0,351.29,334.27817
2025-02,NORTH WEST,Reboxetine,252.0,3831.3,3660.6703
2025-02,NORTH WEST,Venlafaxine,75177.0,540160.37,508154.79449
2025-02,NORTH WEST,Mirtazapine,182641.0,194133.13,165264.05857
2025-02,NORTH WEST,Duloxetine hydrochloride,59371.0,181129.93,147983.89914
2025-02,NORTH WEST,Agomelatine,140.0,2795.6,2260.36586
2025-02,NORTH WEST,Bupropion hydrochloride,323.0,11010.83,10477.70179
2025-02,SOUTH EAST,Flupentixol hydrochloride,252.0,1600.4,1544.48713
2025-02,SOUTH EAST,Flupentixol decanoate,374.0,6904.24,6494.45678
2025-02,SOUTH EAST,Amitriptyline hydrochloride,156827.0,213255.23,175442.79736
2025-02,SOUTH EAST,Clomipramine hydrochloride,2387.0,33870.13,27309.32188
2025-02,SOUTH EAST,Dosulepin hydrochloride,3519.0,46550.96,37700.8498
2025-02,SOUTH EAST,Doxepin,135.0,13910.93,13788.02664
2025-02,SOUTH EAST,Imipramine hydrochloride,1333.0,8512.32,7714.9944
2025-02,SOUTH EAST,Lofepramine hydrochloride,912.0,24707.83,24669.46056
2025-02,SOUTH EAST,Mianserin hydrochloride,12.0,717.55,710.17064
2025-02,SOUTH EAST,Nortriptyline,10433.0,44049.52,39903.16228
2025-02,SOUTH EAST,Trazodone hydrochloride,14023.0,40706.02,38191.15185
2025-02,SOUTH EAST,Trimipramine maleate,182.0,50064.79,49921.82647
2025-02,SOUTH EAST,Isocarboxazid,14.0,6221.76,6222.6336
2025-02,SOUTH EAST,Moclobemide,111.0,2379.95,2254.54324
2025-02,SOUTH EAST,Phenelzine sulfate,64.0,9475.2,9465.10927
2025-02,SOUTH EAST,Tranylcypromine sulfate,76.0,119327.33,119221.7713
2025-02,SOUTH EAST,Citalopram hydrobromide,142620.0,137294.54,113839.92094
2025-02,SOUTH EAST,Fluoxetine hydrochloride,74288.0,155145.29,135552.05015
2025-02,SOUTH EAST,Fluvoxamine maleate,197.0,4321.78,4114.59229
2025-02,SOUTH EAST,Paroxetine hydrochloride,12570.0,30623.73,26208.45101
2025-02,SOUTH EAST,Sertraline hydrochloride,263839.0,659993.33,558887.76168
2025-02,SOUTH EAST,Escitalopram,31997.0,72443.85,59937.5116
2025-02,SOUTH EAST,Citalopram hydrochloride,884.0,13991.52,11262.01068
2025-02,SOUTH EAST,Vortioxetine,6854.0,180436.41,171259.26021
2025-02,SOUTH EAST,Flupentixol hydrochloride,1054.0,3283.38,3202.43134
2025-02,SOUTH EAST,Tryptophan,6.0,580.39,551.7295
2025-02,SOUTH EAST,Reboxetine,219.0,3467.07,3301.79391
2025-02,SOUTH EAST,Venlafaxine,67607.0,585975.37,551188.85275
2025-02,SOUTH EAST,Mirtazapine,132491.0,169521.49,145592.03733
2025-02,SOUTH EAST,Duloxetine hydrochloride,46019.0,164626.78,134870.54252
2025-02,SOUTH EAST,Agomelatine,660.0,15515.44,12594.1541
2025-02,SOUTH EAST,Bupropion hydrochloride,708.0,25481.32,24221.65463
2025-02,SOUTH WEST,Flupentixol hydrochloride,314.0,1633.91,1585.28777
2025-02,SOUTH WEST,Flupentixol decanoate,279.0,3997.57,3729.29837
2025-02,SOUTH WEST,Amitriptyline hydrochloride,136416.0,177760.97,146871.28556
2025-02,SOUTH WEST,Clomipramine hydrochloride,1718.0,22749.4,18382.7317
2025-02,SOUTH WEST,Dosulepin hydrochloride,2310.0,29160.05,23657.20871
2025-02,SOUTH WEST,Doxepin,127.0,12526.29,12438.57474
2025-02,SOUTH WEST,Imipramine hydrochloride,1001.0,3019.78,2471.11032
2025-02,SOUTH WEST,Lofepramine hydrochloride,961.0,24553.91,24442.76591
2025-02,SOUTH WEST,Mianserin hydrochloride,10.0,568.97,553.76636
2025-02,SOUTH WEST,Nortriptyline,6285.0,20163.53,17798.01463
2025-02,SOUTH WEST,Trazodone hydrochloride,8472.0,22576.12,20645.87001
2025-02,SOUTH WEST,Trimipramine maleate,101.0,15953.26,15688.44497
2025-02,SOUTH WEST,Isocarboxazid,33.0,7398.28,7177.75775
2025-02,SOUTH WEST,Moclobemide,87.0,1735.69,1638.15295
2025-02,SOUTH WEST,Phenelzine sulfate,36.0,4585.2,4512.81634
2025-02,SOUTH WEST,Tranylcypromine sulfate,37.0,55428.57,54838.14138
2025-02,SOUTH WEST,Citalopram hydrobromide,110049.0,100601.61,83783.93699
2025-02,SOUTH WEST,Fluoxetine hydrochloride,53332.0,102353.08,88954.5467
2025-02,SOUTH WEST,Fluvoxamine maleate,123.0,2746.27,2608.53531
2025-02,SOUTH WEST,Paroxetine hydrochloride,9321.0,22088.31,18984.78119
2025-02,SOUTH WEST,Sertraline hydrochloride,179933.0,390631.35,330016.78495
2025-02,SOUTH WEST,Escitalopram,17997.0,38643.7,32125.57598
2025-02,SOUTH WEST,Citalopram hydrochloride,596.0,8939.28,7225.28978
2025-02,SOUTH WEST,Vortioxetine,1873.0,48526.83,45948.10047
2025-02,SOUTH WEST,Flupentixol hydrochloride,899.0,2735.61,2667.59418
2025-02,SOUTH WEST,Tryptophan,6.0,259.65,247.23501
2025-02,SOUTH WEST,Reboxetine,179.0,3115.12,2965.485
2025-02,SOUTH WEST,Venlafaxine,52504.0,413211.03,383495.1399
2025-02,SOUTH WEST,Mirtazapine,104044.0,120429.67,102845.43015
2025-02,SOUTH WEST,Duloxetine hydrochloride,36313.0,112277.73,92183.36126
2025-02,SOUTH WEST,Agomelatine,180.0,3935.6,3190.68296
2025-02,SOUTH WEST,Bupropion hydrochloride,270.0,10461.58,9894.68728
2025-02,UNIDENTIFIED,Flupentixol decanoate,1.0,156.14,148.44125
2025-02,UNIDENTIFIED,Amitriptyline hydrochloride,80.0,99.91,89.34159
2025-02,UNIDENTIFIED,Nortriptyline,6.0,22.52,21.0526
2025-02,UNIDENTIFIED,Trazodone hydrochloride,11.0,26.88,25.52296
2025-02,UNIDENTIFIED,Citalopram hydrobromide,57.0,53.03,47.97417
2025-02,UNIDENTIFIED,Fluoxetine hydrochloride,51.0,146.08,130.31342
2025-02,UNIDENTIFIED,Fluvoxamine maleate,1.0,31.92,29.01924
2025-02,UNIDENTIFIED,Paroxetine hydrochloride,5.0,5.74,5.19466
2025-02,UNIDENTIFIED,Sertraline hydrochloride,119.0,4616.62,4583.99291
2025-02,UNIDENTIFIED,Escitalopram,16.0,21.76,19.05649
2025-02,UNIDENTIFIED,Vortioxetine,2.0,69.3,62.88306
2025-02,UNIDENTIFIED,Flupentixol hydrochloride,1.0,2.27,2.26884
2025-02,UNIDENTIFIED,Venlafaxine,42.0,466.77,433.48483
2025-02,UNIDENTIFIED,Mirtazapine,77.0,86.49,77.99057
2025-02,UNIDENTIFIED,Duloxetine hydrochloride,26.0,73.22,63.63341
2025-03,EAST OF ENGLAND,Agomelatine,137.0,3210.85,2667.36576
2025-03,EAST OF ENGLAND,Amitriptyline hydrochloride,168333.0,195314.51,161796.82596
2025-03,EAST OF ENGLAND,Bupropion hydrochloride,343.0,12283.07,11630.99465
2025-03,EAST OF ENGLAND,Citalopram hydrobromide,157913.0,127465.06,106327.95908
2025-03,EAST OF ENGLAND,Citalopram hydrochloride,747.0,11710.88,9433.83702
2025-03,EAST OF ENGLAND,Clomipramine hydrochloride,2661.0,30958.95,25109.2337
2025-03,EAST OF ENGLAND,Dosulepin hydrochloride,2848.0,34715.7,28313.4379
2025-03,EAST OF ENGLAND,Doxepin,136.0,11853.71,11783.51112
2025-03,EAST OF ENGLAND,Duloxetine hydrochloride,37591.0,126920.58,118802.36789
2025-03,EAST OF ENGLAND,Escitalopram,20398.0,40513.33,33860.29819
2025-03,EAST OF ENGLAND,Fluoxetine hydrochloride,71882.0,138509.18,121004.55484
2025-03,EAST OF ENGLAND,Flupentixol decanoate,230.0,2980.38,2787.00024
2025-03,EAST OF ENGLAND,Flupentixol hydrochloride,1626.0,5183.83,5039.18407
2025-03,EAST OF ENGLAND,Fluvoxamine maleate,204.0,3866.97,3659.71248
2025-03,EAST OF ENGLAND,Imipramine hydrochloride,905.0,3578.56,3067.11228
2025-03,EAST OF ENGLAND,Isocarboxazid,13.0,6350.18,6318.67359
2025-03,EAST OF ENGLAND,Lofepramine hydrochloride,1007.0,24987.46,24822.11202
2025-03,EAST OF ENGLAND,Mianserin hydrochloride,11.0,662.17,639.52029
2025-03,EAST OF ENGLAND,Mirtazapine,111326.0,123528.55,105962.34075
2025-03,EAST OF ENGLAND,Moclobemide,85.0,1410.1,1338.05203
2025-03,EAST OF ENGLAND,Nortriptyline,10626.0,41305.9,37785.27641
2025-03,EAST OF ENGLAND,Paroxetine hydrochloride,13416.0,29318.54,25282.07616
2025-03,EAST OF ENGLAND,Phenelzine sulfate,57.0,6139.2,6124.65611
2025-03,EAST OF ENGLAND,Reboxetine,193.0,3089.19,2922.95126
2025-03,EAST OF ENGLAND,Sertraline hydrochloride,238873.0,561010.87,477394.98489
2025-03,EAST OF ENGLAND,Tranylcypromine sulfate,19.0,24007.5,23469.10898
2025-03,EAST OF ENGLAND,Trazodone hydrochloride,7965.0,28201.82,26866.93193
2025-03,EAST OF ENGLAND,Trimipramine maleate,113.0,23322.2,22980.43413
2025-03,EAST OF ENGLAND,Tryptophan,7.0,534.56,505.29082
2025-03,EAST OF ENGLAND,Venlafaxine,71702.0,545771.44,512212.71621
2025-03,EAST OF ENGLAND,Vortioxetine,4102.0,98621.82,93356.24289
2025-03,LONDON,Agomelatine,431.0,9863.03,8043.82977
2025-03,LONDON,Amitriptyline hydrochloride,125410.0,129506.95,109474.17704
2025-03,LONDON,Bupropion hydrochloride,1048.0,41354.18,39342.68746
2025-03,LONDON,Citalopram hydrobromide,100974.0,85894.49,73292.37254
2025-03,LONDON,Citalopram hydrochloride,356.0,6156.04,4948.69187
2025-03,LONDON,Clomipramine hydrochloride,2019.0,26326.74,21160.12781
2025-03,LONDON,Dosulepin hydrochloride,2412.0,25665.83,20756.36115
2025-03,LONDON,Doxepin,157.0,15685.79,15693.2368
2025-03,LONDON,Duloxetine hydrochloride,33001.0,93849.74,90108.90203
2025-03,LONDON,Escitalopram,20566.0,50961.56,42379.57945
2025-03,LONDON,Fluoxetine hydrochloride,51636.0,101083.94,89936.4117
2025-03,LONDON,Flupentixol decanoate,511.0,16244.0,15437.2744
2025-03,LONDON,Flupentixol hydrochloride,1622.0,5421.55,5317.99147
2025-03,LONDON,Fluvoxamine maleate,310.0,6875.42,6552.54726
2025-03,LONDON,Imipramine hydrochloride,789.0,2455.88,2056.61257
2025-03,LONDON,Isocarboxazid,23.0,4993.88,4996.2652
2025-03,LONDON,Lofepramine hydrochloride,891.0,20200.69,20277.5384
2025-03,LONDON,Mianserin hydrochloride,16.0,985.16,964.83565
2025-03,LONDON,Mirtazapine,126546.0,131813.35,115858.04926
2025-03,LONDON,Moclobemide,84.0,1567.53,1495.13908
2025-03,LONDON,Nortriptyline,9918.0,31139.64,27940.10082
2025-03,LONDON,Oxitriptan,2.0,79.24,75.39997
2025-03,LONDON,Paroxetine hydrochloride,11334.0,24106.99,20624.60162
2025-03,LONDON,Phenelzine sulfate,49.0,8052.0,8055.6076
2025-03,LONDON,Reboxetine,102.0,1771.87,1691.77789
2025-03,LONDON,Sertraline hydrochloride,210968.0,501577.03,425134.65068
2025-03,LONDON,Tranylcypromine sulfate,43.0,60382.5,60384.1332
2025-03,LONDON,Trazodone hydrochloride,6206.0,25531.92,24373.63983
2025-03,LONDON,Trimipramine maleate,238.0,43479.81,43492.9612
2025-03,LONDON,Tryptophan,9.0,778.95,740.38625
2025-03,LONDON,Venlafaxine,48257.0,337544.77,318077.19433
2025-03,LONDON,Vortioxetine,3775.0,104783.58,99725.36748
2025-03,MIDLANDS,Agomelatine,302.0,7525.07,6112.46105
2025-03,MIDLANDS,Amitriptyline hydrochloride,274029.0,326962.69,269296.93011
2025-03,MIDLANDS,Bupropion hydrochloride,404.0,14465.81,13696.91513
2025-03,MIDLANDS,Citalopram hydrobromide,212589.0,184061.75,152548.43922
2025-03,MIDLANDS,Citalopram hydrochloride,1137.0,17141.12,13790.98671
2025-03,MIDLANDS,Clomipramine hydrochloride,3323.0,44486.67,35938.03323
2025-03,MIDLANDS,Dosulepin hydrochloride,4704.0,61429.65,50411.96431
2025-03,MIDLANDS,Doxepin,205.0,17712.36,17650.39363
2025-03,MIDLANDS,Duloxetine hydrochloride,74627.0,246482.85,234713.38969
2025-03,MIDLANDS,Escitalopram,29086.0,59055.3,49393.70396
2025-03,MIDLANDS,Fluoxetine hydrochloride,119831.0,220039.06,191130.21809
2025-03,MIDLANDS,Flupentixol decanoate,428.0,9813.9,9329.4047
2025-03,MIDLANDS,Flupentixol hydrochloride,2647.0,9898.45,9624.6243
2025-03,MIDLANDS,Fluvoxamine maleate,328.0,5936.04,5640.25533
2025-03,MIDLANDS,Imipramine hydrochloride,1626.0,9638.03,8634.05261
2025-03,MIDLANDS,Isocarboxazid,16.0,6617.34,6618.2384
2025-03,MIDLANDS,Lofepramine hydrochloride,2017.0,58016.17,57745.80834
2025-03,MIDLANDS,Mianserin hydrochloride,11.0,588.78,576.25764
2025-03,MIDLANDS,Mirtazapine,197028.0,237436.88,201911.46262
2025-03,MIDLANDS,Moclobemide,113.0,2173.51,2070.10427
2025-03,MIDLANDS,Nortriptyline,14802.0,51741.72,46475.2764
2025-03,MIDLANDS,Oxitriptan,1.0,33.48,31.8172
2025-03,MIDLANDS,Paroxetine hydrochloride,19679.0,43742.19,37433.26037
2025-03,MIDLANDS,Phenelzine sulfate,65.0,7171.99,7147.91373
2025-03,MIDLANDS,Reboxetine,285.0,4631.77,4392.08468
2025-03,MIDLANDS,Sertraline hydrochloride,410983.0,907851.27,772861.18135
2025-03,MIDLANDS,Tranylcypromine sulfate,40.0,40028.83,39815.03039
2025-03,MIDLANDS,Trazodone hydrochloride,13318.0,43534.68,40776.68063
2025-03,MIDLANDS,Trimipramine maleate,118.0,23345.29,23049.46492
2025-03,MIDLANDS,Tryptophan,12.0,1084.41,1002.57281
2025-03,MIDLANDS,Venlafaxine,97436.0,804450.67,754666.76616
2025-03,MIDLANDS,Vortioxetine,5835.0,145711.17,138146.66878
2025-03,NORTH EAST AND YORKSHIRE,Agomelatine,435.0,5340.64,4357.94582
2025-03,NORTH EAST AND YORKSHIRE,Amitriptyline hydrochloride,279883.0,305738.32,255191.33804
2025-03,NORTH EAST AND YORKSHIRE,Bupropion hydrochloride,357.0,10566.69,10025.07923
2025-03,NORTH EAST AND YORKSHIRE,Citalopram hydrobromide,185860.0,146085.46,123203.50683
2025-03,NORTH EAST AND YORKSHIRE,Citalopram hydrochloride,812.0,12370.96,9966.31204
2025-03,NORTH EAST AND YORKSHIRE,Clomipramine hydrochloride,3268.0,37168.41,30096.9565
2025-03,NORTH EAST AND YORKSHIRE,Dosulepin hydrochloride,3622.0,39038.87,31670.43493
2025-03,NORTH EAST AND YORKSHIRE,Doxepin,274.0,22167.58,22097.99719
2025-03,NORTH EAST AND YORKSHIRE,Duloxetine hydrochloride,98352.0,264931.56,255959.52797
2025-03,NORTH EAST AND YORKSHIRE,Escitalopram,22030.0,40777.3,34182.44353
2025-03,NORTH EAST AND YORKSHIRE,Fluoxetine hydrochloride,143626.0,221880.37,193560.35274
2025-03,NORTH EAST AND YORKSHIRE,Flupentixol decanoate,423.0,7633.75,7237.96742
2025-03,NORTH EAST AND YORKSHIRE,Flupentixol hydrochloride,2925.0,9219.06,9040.34019
2025-03,NORTH EAST AND YORKSHIRE,Fluvoxamine maleate,269.0,5057.4,4818.93615
2025-03,NORTH EAST AND YORKSHIRE,Imipramine hydrochloride,1432.0,7915.31,7204.56541
2025-03,NORTH EAST AND YORKSHIRE,Isocarboxazid,7.0,3308.69,3309.2768
2025-03,NORTH EAST AND YORKSHIRE,Lofepramine hydrochloride,2478.0,53323.73,53316.32428
2025-03,NORTH EAST AND YORKSHIRE,Mianserin hydrochloride,20.0,1066.03,1027.5163
2025-03,NORTH EAST AND YORKSHIRE,Mirtazapine,224703.0,219491.08,191239.45686
2025-03,NORTH EAST AND YORKSHIRE,Moclobemide,135.0,2136.58,2035.23342
2025-03,NORTH EAST AND YORKSHIRE,Nortriptyline,15315.0,43737.56,39277.31498
2025-03,NORTH EAST AND YORKSHIRE,Paroxetine hydrochloride,18786.0,34790.53,30047.6703
2025-03,NORTH EAST AND YORKSHIRE,Phenelzine sulfate,55.0,5232.0,5212.73351
2025-03,NORTH EAST AND YORKSHIRE,Reboxetine,461.0,5581.88,5331.97061
2025-03,NORTH EAST AND YORKSHIRE,Sertraline hydrochloride,401897.0,759950.29,651108.47582
2025-03,NORTH EAST AND YORKSHIRE,Tranylcypromine sulfate,23.0,29810.18,29811.2652
2025-03,NORTH EAST AND YORKSHIRE,Trazodone hydrochloride,41659.0,78158.83,71564.43161
2025-03,NORTH EAST AND YORKSHIRE,Trimipramine maleate,225.0,26662.38,26540.22665
2025-03,NORTH EAST AND YORKSHIRE,Tryptophan,20.0,1160.75,1104.41899
2025-03,NORTH EAST AND YORKSHIRE,Venlafaxine,82120.0,525399.43,491833.10975
2025-03,NORTH EAST AND YORKSHIRE,Vortioxetine,5677.0,106904.16,101716.36297
2025-03,NORTH WEST,Agomelatine,146.0,2924.26,2367.48243
2025-03,NORTH WEST,Amitriptyline hydrochloride,181941.0,210851.29,173649.81383
2025-03,NORTH WEST,Bupropion hydrochloride,298.0,10537.55,10020.56697
2025-03,NORTH WEST,Citalopram hydrobromide,143377.0,119594.65,99103.43963
2025-03,NORTH WEST,Citalopram hydrochloride,649.0,9772.58,7835.60212
2025-03,NORTH WEST,Clomipramine hydrochloride,2786.0,36350.2,29247.7268
2025-03,NORTH WEST,Dosulepin hydrochloride,3347.0,40895.87,32918.48191
2025-03,NORTH WEST,Doxepin,134.0,12463.08,12447.43706
2025-03,NORTH WEST,Duloxetine hydrochloride,63220.0,201791.42,191988.16158
2025-03,NORTH WEST,Escitalopram,22818.0,45175.88,37554.05713
2025-03,NORTH WEST,Fluoxetine hydrochloride,91829.0,165424.14,146197.79486
2025-03,NORTH WEST,Flupentixol decanoate,340.0,8046.79,7668.05889
2025-03,NORTH WEST,Flupentixol hydrochloride,1596.0,6320.87,6162.97732
2025-03,NORTH WEST,Fluvoxamine maleate,212.0,3785.47,3614.28987
2025-03,NORTH WEST,Imipramine hydrochloride,783.0,3281.6,2867.31439
2025-03,NORTH WEST,Isocarboxazid,5.0,1582.4,1582.862
2025-03,NORTH WEST,Lofepramine hydrochloride,998.0,25839.82,25868.12844
2025-03,NORTH WEST,Mianserin hydrochloride,11.0,718.55,713.7929
2025-03,NORTH WEST,Mirtazapine,192848.0,207105.14,176448.51977
2025-03,NORTH WEST,Moclobemide,77.0,1330.67,1270.16192
2025-03,NORTH WEST,Nortriptyline,14784.0,46471.79,41790.27712
2025-03,NORTH WEST,Paroxetine hydrochloride,16340.0,33316.56,28767.12511
2025-03,NORTH WEST,Phenelzine sulfate,34.0,3805.2,3808.7216
2025-03,NORTH WEST,Reboxetine,264.0,3987.29,3806.57512
2025-03,NORTH WEST,Sertraline hydrochloride,323935.0,637067.69,540175.77096
2025-03,NORTH WEST,Tranylcypromine sulfate,12.0,19469.29,19361.791
2025-03,NORTH WEST,Trazodone hydrochloride,17579.0,57483.4,54769.42384
2025-03,NORTH WEST,Trimipramine maleate,77.0,10533.92,10531.42105
2025-03,NORTH WEST,Tryptophan,5.0,259.65,247.22022
2025-03,NORTH WEST,Venlafaxine,79677.0,578568.2,545800.70441
2025-03,NORTH WEST,Vortioxetine,5274.0,123423.3,117421.76222
2025-03,SOUTH EAST,Agomelatine,716.0,16440.08,13352.19114
2025-03,SOUTH EAST,Amitriptyline hydrochloride,167175.0,225644.3,185679.81381
2025-03,SOUTH EAST,Bupropion hydrochloride,702.0,26348.51,25010.15452
2025-03,SOUTH EAST,Citalopram hydrobromide,150694.0,145832.43,120793.05171
2025-03,SOUTH EAST,Citalopram hydrochloride,975.0,15386.28,12378.30511
2025-03,SOUTH EAST,Clomipramine hydrochloride,2444.0,34128.82,27524.08648
2025-03,SOUTH EAST,Dosulepin hydrochloride,3540.0,47381.59,38360.23377
2025-03,SOUTH EAST,Doxepin,160.0,16720.24,16594.73416
2025-03,SOUTH EAST,Duloxetine hydrochloride,49135.0,186320.09,175463.19355
2025-03,SOUTH EAST,Escitalopram,34562.0,79491.93,65926.84436
2025-03,SOUTH EAST,Fluoxetine hydrochloride,78502.0,162491.57,141893.40992
2025-03,SOUTH EAST,Flupentixol decanoate,360.0,7292.69,6888.88125
2025-03,SOUTH EAST,Flupentixol hydrochloride,1381.0,5234.29,5085.07134
2025-03,SOUTH EAST,Fluvoxamine maleate,206.0,4246.26,4042.48996
2025-03,SOUTH EAST,Imipramine hydrochloride,1377.0,8251.98,7427.70251
2025-03,SOUTH EAST,Isocarboxazid,13.0,5790.19,5790.9512
2025-03,SOUTH EAST,Lofepramine hydrochloride,911.0,26104.66,26017.0109
2025-03,SOUTH EAST,Mianserin hydrochloride,20.0,1296.16,1282.1275
2025-03,SOUTH EAST,Mirtazapine,139266.0,176678.93,151264.53242
2025-03,SOUTH EAST,Moclobemide,119.0,2448.01,2328.6138
2025-03,SOUTH EAST,Nortriptyline,11437.0,47584.2,43049.99146
2025-03,SOUTH EAST,Paroxetine hydrochloride,13329.0,32398.91,27661.77268
2025-03,SOUTH EAST,Phenelzine sulfate,74.0,12580.8,12532.20179
2025-03,SOUTH EAST,Reboxetine,230.0,4172.47,3967.12424
2025-03,SOUTH EAST,Sertraline hydrochloride,282250.0,721738.7,612926.79348
2025-03,SOUTH EAST,Tranylcypromine sulfate,71.0,107185.0,106809.76928
2025-03,SOUTH EAST,Trazodone hydrochloride,14712.0,42018.82,39306.42278
2025-03,SOUTH EAST,Trimipramine maleate,196.0,52450.04,52320.28289
2025-03,SOUTH EAST,Tryptophan,8.0,977.5,920.48742
2025-03,SOUTH EAST,Venlafaxine,71614.0,623808.47,587412.3902
2025-03,SOUTH EAST,Vortioxetine,7296.0,194063.76,184215.63584
2025-03,SOUTH WEST,Agomelatine,194.0,4056.94,3295.25155
2025-03,SOUTH WEST,Amitriptyline hydrochloride,146529.0,192063.96,158739.09113
2025-03,SOUTH WEST,Bupropion hydrochloride,275.0,10837.43,10242.59066
2025-03,SOUTH WEST,Citalopram hydrobromide,117636.0,107837.98,89774.35903
2025-03,SOUTH WEST,Citalopram hydrochloride,611.0,9039.43,7299.82855
2025-03,SOUTH WEST,Clomipramine hydrochloride,1870.0,23721.45,19198.33745
2025-03,SOUTH WEST,Dosulepin hydrochloride,2406.0,30965.13,25143.95239
2025-03,SOUTH WEST,Doxepin,143.0,12989.62,12907.53383
2025-03,SOUTH WEST,Duloxetine hydrochloride,39171.0,127878.41,121506.00427
2025-03,SOUTH WEST,Escitalopram,19643.0,42497.19,35326.37701
2025-03,SOUTH WEST,Fluoxetine hydrochloride,56384.0,110881.42,96472.80613
2025-03,SOUTH WEST,Flupentixol decanoate,300.0,5039.86,4714.47147
2025-03,SOUTH WEST,Flupentixol hydrochloride,1262.0,4645.34,4514.36238
2025-03,SOUTH WEST,Fluvoxamine maleate,143.0,3038.97,2880.84782
2025-03,SOUTH WEST,Imipramine hydrochloride,1065.0,3686.36,3107.45734
2025-03,SOUTH WEST,Isocarboxazid,40.0,7953.15,7812.9098
2025-03,SOUTH WEST,Lofepramine hydrochloride,1021.0,26390.17,26272.41365
2025-03,SOUTH WEST,Mianserin hydrochloride,12.0,613.52,602.34546
2025-03,SOUTH WEST,Mirtazapine,110694.0,129188.25,110407.75989
2025-03,SOUTH WEST,Moclobemide,78.0,1546.65,1465.74526
2025-03,SOUTH WEST,Nortriptyline,6871.0,24112.77,21549.00892
2025-03,SOUTH WEST,Paroxetine hydrochloride,9784.0,23564.02,20260.8227
2025-03,SOUTH WEST,Phenelzine sulfate,39.0,5263.2,5178.02308
2025-03,SOUTH WEST,Reboxetine,202.0,3394.68,3226.61615
2025-03,SOUTH WEST,Sertraline hydrochloride,193925.0,425207.17,359783.45877
2025-03,SOUTH WEST,Tranylcypromine sulfate,35.0,59793.57,59148.02957
2025-03,SOUTH WEST,Trazodone hydrochloride,9021.0,23416.39,21454.47876
2025-03,SOUTH WEST,Trimipramine maleate,92.0,14442.65,14248.54544
2025-03,SOUTH WEST,Tryptophan,5.0,137.46,131.04408
2025-03,SOUTH WEST,Venlafaxine,56736.0,437332.74,406104.51949
2025-03,SOUTH WEST,Vortioxetine,2000.0,51743.34,49017.93174
2025-03,UNIDENTIFIED,Amitriptyline hydrochloride,85.0,151.47,128.53837
2025-03,UNIDENTIFIED,Bupropion hydrochloride,2.0,38.98,38.98
2025-03,UNIDENTIFIED,Citalopram hydrobromide,61.0,54.05,49.26938
2025-03,UNIDENTIFIED,Duloxetine hydrochloride,20.0,49.62,46.74918
2025-03,UNIDENTIFIED,Escitalopram,10.0,25.49,22.76234
2025-03,UNIDENTIFIED,Fluoxetine hydrochloride,56.0,220.9,210.52536
2025-03,UNIDENTIFIED,Flupentixol hydrochloride,2.0,10.07,9.79094
2025-03,UNIDENTIFIED,Mirtazapine,64.0,90.01,81.93798
2025-03,UNIDENTIFIED,Nortriptyline,7.0,21.18,20.0086
2025-03,UNIDENTIFIED,Paroxetine hydrochloride,2.0,2.44,2.19158
2025-03,UNIDENTIFIED,Sertraline hydrochloride,115.0,475.21,411.26909
2025-03,UNIDENTIFIED,Trazodone hydrochloride,12.0,29.76,27.92599
2025-03,UNIDENTIFIED,Venlafaxine,27.0,223.93,208.70595
2025-03,UNIDENTIFIED,Vortioxetine,2.0,55.44,52.69082
2025-04,EAST OF ENGLAND,Agomelatine,128.0,3117.95,2565.45428
2025-04,EAST OF ENGLAND,Amitriptyline hydrochloride,169017.0,195783.73,162260.94817
2025-04,EAST OF ENGLAND,Bupropion hydrochloride,230.0,7299.66,6922.66015
2025-04,EAST OF ENGLAND,Citalopram hydrobromide,157007.0,133575.71,111301.15811
2025-04,EAST OF ENGLAND,Citalopram hydrochloride,790.0,10037.38,8089.57585
2025-04,EAST OF ENGLAND,Clomipramine hydrochloride,2581.0,30758.31,24973.20616
2025-04,EAST OF ENGLAND,Dosulepin hydrochloride,2866.0,35367.51,28802.05079
2025-04,EAST OF ENGLAND,Doxepin,141.0,7512.6,7456.44205
2025-04,EAST OF ENGLAND,Duloxetine hydrochloride,37658.0,151910.57,142757.08996
2025-04,EAST OF ENGLAND,Escitalopram,20208.0,37816.17,31620.11764
2025-04,EAST OF ENGLAND,Fluoxetine hydrochloride,71294.0,132748.14,115222.0855
2025-04,EAST OF ENGLAND,Flupentixol decanoate,244.0,2688.53,2510.92416
2025-04,EAST OF ENGLAND,Flupentixol hydrochloride,1710.0,5674.9,5513.06029
2025-04,EAST OF ENGLAND,Fluvoxamine maleate,198.0,3705.1,3507.54365
2025-04,EAST OF ENGLAND,Imipramine hydrochloride,848.0,6263.93,6198.71922
2025-04,EAST OF ENGLAND,Isocarboxazid,19.0,9699.57,9666.64734
2025-04,EAST OF ENGLAND,Lofepramine hydrochloride,981.0,25674.2,25537.91512
2025-04,EAST OF ENGLAND,Mianserin hydrochloride,16.0,782.84,759.54104
2025-04,EAST OF ENGLAND,Mirtazapine,111952.0,124738.94,107281.59862
2025-04,EAST OF ENGLAND,Moclobemide,69.0,1120.03,1063.93735
2025-04,EAST OF ENGLAND,Nortriptyline,10605.0,41493.5,41783.74915
2025-04,EAST OF ENGLAND,Paroxetine hydrochloride,13317.0,27811.2,23904.62158
2025-04,EAST OF ENGLAND,Phenelzine sulfate,65.0,6740.4,6740.15142
2025-04,EAST OF ENGLAND,Reboxetine,202.0,3516.24,3329.71397
2025-04,EAST OF ENGLAND,Sertraline hydrochloride,238566.0,452823.64,389955.37446
2025-04,EAST OF ENGLAND,Tranylcypromine sulfate,13.0,18187.5,17918.45898
2025-04,EAST OF ENGLAND,Trazodone hydrochloride,8064.0,31566.85,30216.62962
2025-04,EAST OF ENGLAND,Trimipramine maleate,112.0,20778.87,20389.33676
2025-04,EAST OF ENGLAND,Tryptophan,6.0,519.29,490.70359
2025-04,EAST OF ENGLAND,Venlafaxine,72700.0,569561.29,533558.71993
2025-04,EAST OF ENGLAND,Vortioxetine,4164.0,99309.87,94039.33438
2025-04,LONDON,Agomelatine,420.0,10524.09,8502.91774
2025-04,LONDON,Amitriptyline hydrochloride,126012.0,129775.52,109760.86996
2025-04,LONDON,Bupropion hydrochloride,837.0,33596.31,32069.54199
2025-04,LONDON,Citalopram hydrobromide,100931.0,90046.27,76655.0043
2025-04,LONDON,Citalopram hydrochloride,339.0,4972.46,4004.34294
2025-04,LONDON,Clomipramine hydrochloride,1987.0,24960.75,20070.05173
2025-04,LONDON,Dosulepin hydrochloride,2415.0,27435.95,22114.1727
2025-04,LONDON,Doxepin,149.0,8206.78,8214.0276
2025-04,LONDON,Duloxetine hydrochloride,33529.0,112198.54,107609.74464
2025-04,LONDON,Escitalopram,20259.0,46791.42,39060.83089
2025-04,LONDON,Fluoxetine hydrochloride,51493.0,97360.52,86343.87768
2025-04,LONDON,Flupentixol decanoate,483.0,14876.35,14144.38303
2025-04,LONDON,Flupentixol hydrochloride,1685.0,5477.5,5376.37047
2025-04,LONDON,Fluvoxamine maleate,297.0,6143.56,5857.03405
2025-04,LONDON,Imipramine hydrochloride,788.0,4898.66,4939.5312
2025-04,LONDON,Isocarboxazid,15.0,4353.52,4354.806
2025-04,LONDON,Lofepramine hydrochloride,1016.0,22202.75,22292.4484
2025-04,LONDON,Mianserin hydrochloride,15.0,686.58,671.84541
2025-04,LONDON,Mirtazapine,127518.0,129031.81,113516.09666
2025-04,LONDON,Moclobemide,87.0,1604.2,1530.21299
2025-04,LONDON,Nortriptyline,10115.0,30701.91,31694.90206
2025-04,LONDON,Oxitriptan,1.0,16.74,15.91586
2025-04,LONDON,Paroxetine hydrochloride,11653.0,22884.8,19635.11658
2025-04,LONDON,Phenelzine sulfate,47.0,5364.0,5367.7828
2025-04,LONDON,Reboxetine,111.0,1937.95,1850.78228
2025-04,LONDON,Sertraline hydrochloride,210245.0,394726.19,339967.14655
2025-04,LONDON,Tranylcypromine sulfate,41.0,52865.0,52866.7084
2025-04,LONDON,Trazodone hydrochloride,6286.0,24032.84,22940.80187
2025-04,LONDON,Trimipramine maleate,220.0,38052.62,38063.448
2025-04,LONDON,Tryptophan,8.0,794.23,755.13961
2025-04,LONDON,Venlafaxine,48702.0,352645.8,330282.84357
2025-04,LONDON,Vortioxetine,3904.0,106700.22,101560.25836
2025-04,MIDLANDS,Agomelatine,317.0,8769.7,7144.07604
2025-04,MIDLANDS,Amitriptyline hydrochloride,276137.0,333870.17,274922.78284
2025-04,MIDLANDS,Bupropion hydrochloride,265.0,8803.09,8341.65988
2025-04,MIDLANDS,Citalopram hydrobromide,213686.0,195621.61,161929.21179
2025-04,MIDLANDS,Citalopram hydrochloride,1143.0,14899.92,11990.99472
2025-04,MIDLANDS,Clomipramine hydrochloride,3282.0,44448.64,35885.49972
2025-04,MIDLANDS,Dosulepin hydrochloride,4780.0,65584.11,53410.57337
2025-04,MIDLANDS,Doxepin,194.0,9808.56,9755.32064
2025-04,MIDLANDS,Duloxetine hydrochloride,75570.0,300257.38,286840.71517
2025-04,MIDLANDS,Escitalopram,29393.0,55862.41,46765.48847
2025-04,MIDLANDS,Fluoxetine hydrochloride,119973.0,216122.92,186704.7119
2025-04,MIDLANDS,Flupentixol decanoate,436.0,10387.77,9856.10154
2025-04,MIDLANDS,Flupentixol hydrochloride,2618.0,10107.31,9820.18964
2025-04,MIDLANDS,Fluvoxamine maleate,327.0,6208.83,5909.83995
2025-04,MIDLANDS,Imipramine hydrochloride,1613.0,13605.13,13565.05287
2025-04,MIDLANDS,Isocarboxazid,12.0,8760.9,8761.2488
2025-04,MIDLANDS,Lofepramine hydrochloride,2063.0,59935.15,59698.82789
2025-04,MIDLANDS,Mianserin hydrochloride,11.0,1040.14,1020.49772
2025-04,MIDLANDS,Mirtazapine,198450.0,237816.43,202454.30798
2025-04,MIDLANDS,Moclobemide,115.0,2491.72,2361.90326
2025-04,MIDLANDS,Nortriptyline,14754.0,51715.28,52631.08803
2025-04,MIDLANDS,Oxitriptan,2.0,46.88,44.76209
2025-04,MIDLANDS,Paroxetine hydrochloride,19760.0,41829.32,35709.35739
2025-04,MIDLANDS,Phenelzine sulfate,54.0,5750.4,5710.22716
2025-04,MIDLANDS,Reboxetine,270.0,4334.2,4105.2613
2025-04,MIDLANDS,Sertraline hydrochloride,411511.0,761824.7,655440.6457
2025-04,MIDLANDS,Tranylcypromine sulfate,39.0,36391.33,36285.49023
2025-04,MIDLANDS,Trazodone hydrochloride,13745.0,43991.86,41185.04122
2025-04,MIDLANDS,Trimipramine maleate,134.0,26038.97,25694.89887
2025-04,MIDLANDS,Tryptophan,10.0,794.22,738.22839
2025-04,MIDLANDS,Venlafaxine,99271.0,830397.74,776277.49416
2025-04,MIDLANDS,Vortioxetine,6019.0,150264.18,142501.14622
2025-04,NORTH EAST AND YORKSHIRE,Agomelatine,438.0,7075.57,5748.45155
2025-04,NORTH EAST AND YORKSHIRE,Amitriptyline hydrochloride,281438.0,307923.35,257040.53291
2025-04,NORTH EAST AND YORKSHIRE,Bupropion hydrochloride,236.0,6490.93,6166.41071
2025-04,NORTH EAST AND YORKSHIRE,Citalopram hydrobromide,186467.0,154570.82,130134.59899
2025-04,NORTH EAST AND YORKSHIRE,Citalopram hydrochloride,822.0,10913.2,8778.32687
2025-04,NORTH EAST AND YORKSHIRE,Clomipramine hydrochloride,3304.0,37799.8,30557.2729
2025-04,NORTH EAST AND YORKSHIRE,Dosulepin hydrochloride,3575.0,41548.54,33607.77456
2025-04,NORTH EAST AND YORKSHIRE,Doxepin,286.0,13591.67,13565.53189
2025-04,NORTH EAST AND YORKSHIRE,Duloxetine hydrochloride,100148.0,325661.01,315007.40322
2025-04,NORTH EAST AND YORKSHIRE,Escitalopram,22148.0,38398.22,32240.50483
2025-04,NORTH EAST AND YORKSHIRE,Fluoxetine hydrochloride,143769.0,216041.05,187811.91439
2025-04,NORTH EAST AND YORKSHIRE,Flupentixol decanoate,430.0,7375.05,6990.92289
2025-04,NORTH EAST AND YORKSHIRE,Flupentixol hydrochloride,2876.0,8997.66,8825.47215
2025-04,NORTH EAST AND YORKSHIRE,Fluvoxamine maleate,283.0,5285.69,5036.79542
2025-04,NORTH EAST AND YORKSHIRE,Imipramine hydrochloride,1500.0,11635.9,11665.20682
2025-04,NORTH EAST AND YORKSHIRE,Isocarboxazid,3.0,1057.35,1057.6872
2025-04,NORTH EAST AND YORKSHIRE,Lofepramine hydrochloride,2415.0,54955.98,54957.01618
2025-04,NORTH EAST AND YORKSHIRE,Mianserin hydrochloride,13.0,567.82,545.77695
2025-04,NORTH EAST AND YORKSHIRE,Mirtazapine,226050.0,221951.31,193862.17171
2025-04,NORTH EAST AND YORKSHIRE,Moclobemide,105.0,1622.33,1543.84122
2025-04,NORTH EAST AND YORKSHIRE,Nortriptyline,15588.0,45138.68,46269.8208
2025-04,NORTH EAST AND YORKSHIRE,Oxitriptan,2.0,41.58,39.72695
2025-04,NORTH EAST AND YORKSHIRE,Paroxetine hydrochloride,18719.0,32845.46,28300.55011
2025-04,NORTH EAST AND YORKSHIRE,Phenelzine sulfate,59.0,5400.0,5381.38867
2025-04,NORTH EAST AND YORKSHIRE,Reboxetine,471.0,5775.71,5511.87347
2025-04,NORTH EAST AND YORKSHIRE,Sertraline hydrochloride,401147.0,644790.73,560337.80011
2025-04,NORTH EAST AND YORKSHIRE,Tranylcypromine sulfate,26.0,33932.68,33934.0024
2025-04,NORTH EAST AND YORKSHIRE,Trazodone hydrochloride,42096.0,79097.17,72585.76612
2025-04,NORTH EAST AND YORKSHIRE,Trimipramine maleate,235.0,22687.76,22659.03657
2025-04,NORTH EAST AND YORKSHIRE,Tryptophan,20.0,1114.92,1061.05274
2025-04,NORTH EAST AND YORKSHIRE,Venlafaxine,82801.0,540931.4,504494.62776
2025-04,NORTH EAST AND YORKSHIRE,Vortioxetine,5824.0,111513.6,106156.16927
2025-04,NORTH WEST,Agomelatine,150.0,3275.86,2639.85044
2025-04,NORTH WEST,Amitriptyline hydrochloride,183528.0,215136.74,177102.4725
2025-04,NORTH WEST,Bupropion hydrochloride,217.0,7177.15,6825.35306
2025-04,NORTH WEST,Citalopram hydrobromide,143631.0,127007.34,105033.27695
2025-04,NORTH WEST,Citalopram hydrochloride,640.0,8473.58,6788.92531
2025-04,NORTH WEST,Clomipramine hydrochloride,2843.0,38162.58,30689.92467
2025-04,NORTH WEST,Dosulepin hydrochloride,3379.0,43968.84,35392.83647
2025-04,NORTH WEST,Doxepin,138.0,7141.88,7131.46447
2025-04,NORTH WEST,Duloxetine hydrochloride,64444.0,245898.03,234965.53255
2025-04,NORTH WEST,Escitalopram,22886.0,42649.84,35489.53954
2025-04,NORTH WEST,Fluoxetine hydrochloride,92221.0,162188.93,142538.65343
2025-04,NORTH WEST,Flupentixol decanoate,370.0,9303.28,8862.8346
2025-04,NORTH WEST,Flupentixol hydrochloride,1624.0,6452.83,6291.3774
2025-04,NORTH WEST,Fluvoxamine maleate,219.0,3769.54,3600.24799
2025-04,NORTH WEST,Imipramine hydrochloride,811.0,5615.79,5625.1841
2025-04,NORTH WEST,Isocarboxazid,2.0,1925.89,1926.0148
2025-04,NORTH WEST,Lofepramine hydrochloride,977.0,27604.05,27625.96243
2025-04,NORTH WEST,Mianserin hydrochloride,12.0,755.37,753.56388
2025-04,NORTH WEST,Mirtazapine,193933.0,204703.03,174013.3135
2025-04,NORTH WEST,Moclobemide,77.0,1385.33,1323.05649
2025-04,NORTH WEST,Nortriptyline,14795.0,45475.1,46915.11354
2025-04,NORTH WEST,Paroxetine hydrochloride,16241.0,31814.6,27386.58521
2025-04,NORTH WEST,Phenelzine sulfate,34.0,4408.8,4412.4216
2025-04,NORTH WEST,Reboxetine,257.0,3902.5,3728.1222
2025-04,NORTH WEST,Sertraline hydrochloride,324211.0,531200.62,454534.5716
2025-04,NORTH WEST,Tranylcypromine sulfate,14.0,22379.29,22271.84023
2025-04,NORTH WEST,Trazodone hydrochloride,17831.0,57314.26,54562.45692
2025-04,NORTH WEST,Trimipramine maleate,94.0,13064.99,13022.50577
2025-04,NORTH WEST,Tryptophan,7.0,442.93,421.5825
2025-04,NORTH WEST,Venlafaxine,80239.0,591890.24,556337.76122
2025-04,NORTH WEST,Vortioxetine,5361.0,125348.85,119279.14137
2025-04,SOUTH EAST,Agomelatine,727.0,19886.37,16198.16689
2025-04,SOUTH EAST,Amitriptyline hydrochloride,166818.0,226195.28,186104.283
2025-04,SOUTH EAST,Bupropion hydrochloride,460.0,16207.06,15394.77832
2025-04,SOUTH EAST,Citalopram hydrobromide,149436.0,152876.4,126463.35647
2025-04,SOUTH EAST,Citalopram hydrochloride,942.0,13229.84,10648.8056
2025-04,SOUTH EAST,Clomipramine hydrochloride,2538.0,36939.81,29755.00592
2025-04,SOUTH EAST,Dosulepin hydrochloride,3518.0,49098.01,39722.7507
2025-04,SOUTH EAST,Doxepin,131.0,9216.84,9120.38489
2025-04,SOUTH EAST,Duloxetine hydrochloride,49003.0,224719.17,211994.44862
2025-04,SOUTH EAST,Escitalopram,34154.0,73178.76,60723.37276
2025-04,SOUTH EAST,Fluoxetine hydrochloride,77719.0,157544.3,136765.26731
2025-04,SOUTH EAST,Flupentixol decanoate,343.0,6254.31,5887.81499
2025-04,SOUTH EAST,Flupentixol hydrochloride,1342.0,5175.51,5028.36474
2025-04,SOUTH EAST,Fluvoxamine maleate,223.0,4612.18,4391.93438
2025-04,SOUTH EAST,Imipramine hydrochloride,1402.0,12974.11,12971.3612
2025-04,SOUTH EAST,Isocarboxazid,10.0,3662.96,3663.684
2025-04,SOUTH EAST,Lofepramine hydrochloride,941.0,28602.84,28526.14061
2025-04,SOUTH EAST,Mianserin hydrochloride,7.0,774.93,772.08442
2025-04,SOUTH EAST,Mirtazapine,138740.0,177430.4,152524.94316
2025-04,SOUTH EAST,Moclobemide,120.0,2373.73,2250.88455
2025-04,SOUTH EAST,Nortriptyline,11274.0,47364.68,48072.83076
2025-04,SOUTH EAST,Paroxetine hydrochloride,13396.0,31300.84,26680.71827
2025-04,SOUTH EAST,Phenelzine sulfate,81.0,11128.8,11097.80341
2025-04,SOUTH EAST,Reboxetine,207.0,3666.35,3489.73542
2025-04,SOUTH EAST,Sertraline hydrochloride,280286.0,587562.49,503295.46992
2025-04,SOUTH EAST,Tranylcypromine sulfate,71.0,113126.25,113020.90703
2025-04,SOUTH EAST,Trazodone hydrochloride,15046.0,44782.84,42059.6329
2025-04,SOUTH EAST,Trimipramine maleate,205.0,46691.82,46343.31068
2025-04,SOUTH EAST,Tryptophan,7.0,824.77,775.53398
2025-04,SOUTH EAST,Venlafaxine,71437.0,646739.91,606919.79227
2025-04,SOUTH EAST,Vortioxetine,7281.0,190451.25,180831.51323
2025-04,SOUTH WEST,Agomelatine,174.0,4135.22,3340.90363
2025-04,SOUTH WEST,Amitriptyline hydrochloride,145316.0,190653.55,157473.29516
2025-04,SOUTH WEST,Bupropion hydrochloride,210.0,7967.14,7511.6881
2025-04,SOUTH WEST,Citalopram hydrobromide,116504.0,113479.52,94304.33062
2025-04,SOUTH WEST,Citalopram hydrochloride,603.0,7678.44,6199.65298
2025-04,SOUTH WEST,Clomipramine hydrochloride,1877.0,23632.58,19121.1359
2025-04,SOUTH WEST,Dosulepin hydrochloride,2418.0,33807.45,27433.26131
2025-04,SOUTH WEST,Doxepin,135.0,8371.51,8312.7162
2025-04,SOUTH WEST,Duloxetine hydrochloride,39563.0,158036.23,150398.94082
2025-04,SOUTH WEST,Escitalopram,19247.0,38345.64,31844.6284
2025-04,SOUTH WEST,Fluoxetine hydrochloride,55652.0,103013.96,89041.42542
2025-04,SOUTH WEST,Flupentixol decanoate,332.0,5192.45,4858.45287
2025-04,SOUTH WEST,Flupentixol hydrochloride,1263.0,4530.66,4411.01017
2025-04,SOUTH WEST,Fluvoxamine maleate,160.0,2872.88,2729.96619
2025-04,SOUTH WEST,Imipramine hydrochloride,1023.0,6183.61,6149.00166
2025-04,SOUTH WEST,Isocarboxazid,37.0,9883.0,9567.29873
2025-04,SOUTH WEST,Lofepramine hydrochloride,1038.0,30286.46,30142.17201
2025-04,SOUTH WEST,Mianserin hydrochloride,11.0,700.39,690.8518
2025-04,SOUTH WEST,Mirtazapine,110246.0,128131.27,109771.87112
2025-04,SOUTH WEST,Moclobemide,80.0,1718.62,1626.27523
2025-04,SOUTH WEST,Nortriptyline,6793.0,22102.77,22432.66822
2025-04,SOUTH WEST,Paroxetine hydrochloride,9839.0,22728.55,19485.08896
2025-04,SOUTH WEST,Phenelzine sulfate,50.0,5599.2,5493.23463
2025-04,SOUTH WEST,Reboxetine,200.0,3422.39,3248.05795
2025-04,SOUTH WEST,Sertraline hydrochloride,191163.0,364919.54,313092.63635
2025-04,SOUTH WEST,Tranylcypromine sulfate,31.0,52241.43,51811.53333
2025-04,SOUTH WEST,Trazodone hydrochloride,9003.0,23864.69,21849.35345
2025-04,SOUTH WEST,Trimipramine maleate,112.0,13709.95,13474.85412
2025-04,SOUTH WEST,Tryptophan,7.0,282.56,269.12659
2025-04,SOUTH WEST,Venlafaxine,56466.0,447060.29,414919.26296
2025-04,SOUTH WEST,Vortioxetine,1979.0,51554.25,48831.53524
2025-04,UNIDENTIFIED,Amitriptyline hydrochloride,82.0,82.73,72.58332
2025-04,UNIDENTIFIED,Bupropion hydrochloride,2.0,40.37,39.50844
2025-04,UNIDENTIFIED,Citalopram hydrobromide,52.0,55.06,48.96342
2025-04,UNIDENTIFIED,Duloxetine hydrochloride,44.0,119.85,114.22925
2025-04,UNIDENTIFIED,Escitalopram,7.0,8.91,8.23694
2025-04,UNIDENTIFIED,Fluoxetine hydrochloride,42.0,147.53,139.20881
2025-04,UNIDENTIFIED,Mirtazapine,78.0,97.73,87.86496
2025-04,UNIDENTIFIED,Nortriptyline,7.0,18.3,18.21715
2025-04,UNIDENTIFIED,Paroxetine hydrochloride,8.0,11.35,10.99873
2025-04,UNIDENTIFIED,Sertraline hydrochloride,123.0,223.92,197.98326
2025-04,UNIDENTIFIED,Trazodone hydrochloride,32.0,23.23,24.12173
2025-04,UNIDENTIFIED,Venlafaxine,68.0,1195.95,1173.67171
2025-04,UNIDENTIFIED,Vortioxetine,1.0,13.86,12.65933
2025-05,EAST OF ENGLAND,Agomelatine,145.0,3721.06,3034.15099
2025-05,EAST OF ENGLAND,Amitriptyline hydrochloride,174293.0,203883.84,168941.99664
2025-05,EAST OF ENGLAND,Bupropion hydrochloride,347.0,13163.9,12509.60013
2025-05,EAST OF ENGLAND,Citalopram hydrobromide,162399.0,138528.67,115438.68241
2025-05,EAST OF ENGLAND,Citalopram hydrochloride,748.0,10461.15,8433.73724
2025-05,EAST OF ENGLAND,Clomipramine hydrochloride,2702.0,32631.61,26448.90695
2025-05,EAST OF ENGLAND,Dosulepin hydrochloride,2897.0,36994.13,30236.06567
2025-05,EAST OF ENGLAND,Doxepin,141.0,8230.4,8176.88317
2025-05,EAST OF ENGLAND,Duloxetine hydrochloride,39471.0,141492.65,131788.90898
2025-05,EAST OF ENGLAND,Escitalopram,21359.0,40259.7,33703.42681
2025-05,EAST OF ENGLAND,Fluoxetine hydrochloride,75088.0,142885.21,125375.7651
2025-05,EAST OF ENGLAND,Flupentixol decanoate,248.0,3537.13,3308.04527
2025-05,EAST OF ENGLAND,Flupentixol hydrochloride,1704.0,5467.51,5317.16751
2025-05,EAST OF ENGLAND,Fluvoxamine maleate,225.0,4218.09,3997.09424
2025-05,EAST OF ENGLAND,Imipramine hydrochloride,960.0,6240.88,6172.33638
2025-05,EAST OF ENGLAND,Isocarboxazid,16.0,9570.1,9537.12453
2025-05,EAST OF ENGLAND,Lofepramine hydrochloride,1052.0,26574.43,26395.7966
2025-05,EAST OF ENGLAND,Mianserin hydrochloride,12.0,759.97,745.98621
2025-05,EAST OF ENGLAND,Mirtazapine,115447.0,131874.28,113817.55406
2025-05,EAST OF ENGLAND,Moclobemide,83.0,1435.29,1362.37941
2025-05,EAST OF ENGLAND,Nortriptyline,11155.0,42609.91,42875.85876
2025-05,EAST OF ENGLAND,Paroxetine hydrochloride,13956.0,29694.9,25595.59179
2025-05,EAST OF ENGLAND,Phenelzine sulfate,55.0,6036.0,6015.31527
2025-05,EAST OF ENGLAND,Reboxetine,217.0,3605.45,3410.35689
2025-05,EAST OF ENGLAND,Sertraline hydrochloride,247352.0,478230.01,412579.59199
2025-05,EAST OF ENGLAND,Tranylcypromine sulfate,22.0,26917.5,26594.55236
2025-05,EAST OF ENGLAND,Trazodone hydrochloride,8408.0,30586.72,29180.23936
2025-05,EAST OF ENGLAND,Trimipramine maleate,107.0,20833.99,20382.07451
2025-05,EAST OF ENGLAND,Tryptophan,7.0,656.75,624.11872
2025-05,EAST OF ENGLAND,Venlafaxine,75422.0,556938.54,514916.37063
2025-05,EAST OF ENGLAND,Vortioxetine,4324.0,104573.7,98965.65812
2025-05,LONDON,Agomelatine,449.0,11727.95,9540.15911
2025-05,LONDON,Amitriptyline hydrochloride,129361.0,134701.87,113794.53435
2025-05,LONDON,Bupropion hydrochloride,1226.0,51272.2,48774.01028
2025-05,LONDON,Citalopram hydrobromide,103801.0,94077.72,79972.9654
2025-05,LONDON,Citalopram hydrochloride,378.0,5718.35,4601.38588
2025-05,LONDON,Clomipramine hydrochloride,2036.0,26222.06,21080.79573
2025-05,LONDON,Dosulepin hydrochloride,2543.0,28787.55,23219.06506
2025-05,LONDON,Doxepin,142.0,8776.28,8783.0408
2025-05,LONDON,Duloxetine hydrochloride,34691.0,104145.26,99167.45091
2025-05,LONDON,Escitalopram,21403.0,50419.09,42068.81029
2025-05,LONDON,Fluoxetine hydrochloride,54080.0,105617.32,94789.96389
2025-05,LONDON,Flupentixol decanoate,516.0,15177.35,14423.67612
2025-05,LONDON,Flupentixol hydrochloride,1620.0,5350.58,5250.39739
2025-05,LONDON,Fluvoxamine maleate,327.0,7250.47,6909.71596
2025-05,LONDON,Imipramine hydrochloride,842.0,5456.54,5503.0808
2025-05,LONDON,Isocarboxazid,28.0,5227.52,5230.4672
2025-05,LONDON,Lofepramine hydrochloride,974.0,21253.8,21337.7776
2025-05,LONDON,Mianserin hydrochloride,23.0,1695.77,1680.87212
2025-05,LONDON,Mirtazapine,131240.0,136659.0,120290.2183
2025-05,LONDON,Moclobemide,78.0,1466.75,1398.82312
2025-05,LONDON,Nortriptyline,10337.0,34904.01,35921.38797
2025-05,LONDON,Oxitriptan,1.0,62.5,59.48925
2025-05,LONDON,Paroxetine hydrochloride,11962.0,24479.3,20992.79524
2025-05,LONDON,Phenelzine sulfate,45.0,6468.0,6471.058
2025-05,LONDON,Reboxetine,106.0,1726.17,1648.62692
2025-05,LONDON,Sertraline hydrochloride,217606.0,421551.53,363498.69174
2025-05,LONDON,Tranylcypromine sulfate,48.0,68142.5,68144.7952
2025-05,LONDON,Trazodone hydrochloride,6525.0,21914.86,20718.30007
2025-05,LONDON,Trimipramine maleate,238.0,42064.9,42076.9512
2025-05,LONDON,Tryptophan,9.0,979.69,931.3461
2025-05,LONDON,Venlafaxine,50829.0,333496.75,304158.4669
2025-05,LONDON,Vortioxetine,4086.0,115138.98,109581.3037
2025-05,MIDLANDS,Agomelatine,325.0,9016.05,7309.05112
2025-05,MIDLANDS,Amitriptyline hydrochloride,284807.0,343770.15,283061.97422
2025-05,MIDLANDS,Bupropion hydrochloride,380.0,14222.89,13487.74246
2025-05,MIDLANDS,Citalopram hydrobromide,219218.0,200993.34,166337.28057
2025-05,MIDLANDS,Citalopram hydrochloride,1196.0,15883.26,12795.4492
2025-05,MIDLANDS,Clomipramine hydrochloride,3485.0,47170.58,38100.25797
2025-05,MIDLANDS,Dosulepin hydrochloride,4904.0,66417.05,54153.21622
2025-05,MIDLANDS,Doxepin,178.0,9751.35,9677.45942
2025-05,MIDLANDS,Duloxetine hydrochloride,79346.0,275800.7,261733.93573
2025-05,MIDLANDS,Escitalopram,30343.0,58054.69,48596.47368
2025-05,MIDLANDS,Fluoxetine hydrochloride,124236.0,228594.93,198874.83503
2025-05,MIDLANDS,Flupentixol decanoate,432.0,9506.85,9022.43393
2025-05,MIDLANDS,Flupentixol hydrochloride,2713.0,9970.82,9702.08226
2025-05,MIDLANDS,Fluvoxamine maleate,336.0,6145.24,5850.67888
2025-05,MIDLANDS,Imipramine hydrochloride,1797.0,15800.23,15738.26391
2025-05,MIDLANDS,Isocarboxazid,23.0,10686.81,10688.1952
2025-05,MIDLANDS,Lofepramine hydrochloride,2257.0,62796.77,62500.90734
2025-05,MIDLANDS,Mianserin hydrochloride,9.0,510.29,501.60482
2025-05,MIDLANDS,Mirtazapine,204731.0,247334.77,210856.58407
2025-05,MIDLANDS,Moclobemide,106.0,2112.27,2008.09263
2025-05,MIDLANDS,Nortriptyline,15475.0,58345.26,59279.66367
2025-05,MIDLANDS,Oxitriptan,1.0,33.48,31.81939
2025-05,MIDLANDS,Paroxetine hydrochloride,20421.0,43032.65,36752.42796
2025-05,MIDLANDS,Phenelzine sulfate,62.0,6466.8,6425.37228
2025-05,MIDLANDS,Reboxetine,277.0,4420.27,4194.77814
2025-05,MIDLANDS,Sertraline hydrochloride,426335.0,805715.11,693644.4332
2025-05,MIDLANDS,Tranylcypromine sulfate,42.0,42090.08,41984.22732
2025-05,MIDLANDS,Trazodone hydrochloride,14197.0,47311.11,44420.19335
2025-05,MIDLANDS,Trimipramine maleate,130.0,19364.29,19052.65222
2025-05,MIDLANDS,Tryptophan,13.0,1160.78,1086.69529
2025-05,MIDLANDS,Venlafaxine,102682.0,801691.93,738942.11877
2025-05,MIDLANDS,Vortioxetine,6267.0,158134.68,149975.15641
2025-05,NORTH EAST AND YORKSHIRE,Agomelatine,406.0,6266.45,5088.62893
2025-05,NORTH EAST AND YORKSHIRE,Amitriptyline hydrochloride,288497.0,317678.56,265098.28757
2025-05,NORTH EAST AND YORKSHIRE,Bupropion hydrochloride,324.0,10176.93,9654.31269
2025-05,NORTH EAST AND YORKSHIRE,Citalopram hydrobromide,190283.0,158285.9,133174.04741
2025-05,NORTH EAST AND YORKSHIRE,Citalopram hydrochloride,853.0,11093.11,8937.18048
2025-05,NORTH EAST AND YORKSHIRE,Clomipramine hydrochloride,3378.0,39063.07,31659.27468
2025-05,NORTH EAST AND YORKSHIRE,Dosulepin hydrochloride,3612.0,41118.16,33320.11865
2025-05,NORTH EAST AND YORKSHIRE,Doxepin,282.0,14814.52,14775.62564
2025-05,NORTH EAST AND YORKSHIRE,Duloxetine hydrochloride,103501.0,294412.58,282974.79998
2025-05,NORTH EAST AND YORKSHIRE,Escitalopram,22802.0,39295.12,32900.94931
2025-05,NORTH EAST AND YORKSHIRE,Fluoxetine hydrochloride,149505.0,231176.7,202671.85257
2025-05,NORTH EAST AND YORKSHIRE,Flupentixol decanoate,443.0,7910.4,7470.66151
2025-05,NORTH EAST AND YORKSHIRE,Flupentixol hydrochloride,2965.0,9099.69,8929.44103
2025-05,NORTH EAST AND YORKSHIRE,Fluvoxamine maleate,323.0,5959.17,5678.63002
2025-05,NORTH EAST AND YORKSHIRE,Imipramine hydrochloride,1506.0,12729.35,12754.38903
2025-05,NORTH EAST AND YORKSHIRE,Isocarboxazid,6.0,2114.7,2115.3744
2025-05,NORTH EAST AND YORKSHIRE,Lofepramine hydrochloride,2422.0,54330.6,54333.38208
2025-05,NORTH EAST AND YORKSHIRE,Mianserin hydrochloride,15.0,796.79,775.1538
2025-05,NORTH EAST AND YORKSHIRE,Mirtazapine,229791.0,225973.44,197348.14225
2025-05,NORTH EAST AND YORKSHIRE,Moclobemide,117.0,2153.06,2049.73786
2025-05,NORTH EAST AND YORKSHIRE,Nortriptyline,15953.0,48351.36,49472.52294
2025-05,NORTH EAST AND YORKSHIRE,Paroxetine hydrochloride,19190.0,34139.53,29424.19309
2025-05,NORTH EAST AND YORKSHIRE,Phenelzine sulfate,64.0,5515.2,5483.6956
2025-05,NORTH EAST AND YORKSHIRE,Reboxetine,455.0,5742.67,5474.76786
2025-05,NORTH EAST AND YORKSHIRE,Sertraline hydrochloride,414710.0,688651.14,600552.13986
2025-05,NORTH EAST AND YORKSHIRE,Tranylcypromine sulfate,25.0,28718.93,28720.14
2025-05,NORTH EAST AND YORKSHIRE,Trazodone hydrochloride,43117.0,80867.6,74109.49281
2025-05,NORTH EAST AND YORKSHIRE,Trimipramine maleate,207.0,19853.17,19821.77814
2025-05,NORTH EAST AND YORKSHIRE,Tryptophan,17.0,1038.57,987.98304
2025-05,NORTH EAST AND YORKSHIRE,Venlafaxine,85204.0,514374.59,470432.31281
2025-05,NORTH EAST AND YORKSHIRE,Vortioxetine,5938.0,114691.5,109164.33021
2025-05,NORTH WEST,Agomelatine,151.0,3576.87,2913.04269
2025-05,NORTH WEST,Amitriptyline hydrochloride,188149.0,220687.61,181662.85488
2025-05,NORTH WEST,Bupropion hydrochloride,291.0,10181.15,9693.13386
2025-05,NORTH WEST,Citalopram hydrobromide,146998.0,130428.34,107826.16498
2025-05,NORTH WEST,Citalopram hydrochloride,688.0,9110.64,7307.99188
2025-05,NORTH WEST,Clomipramine hydrochloride,2921.0,38954.31,31363.30589
2025-05,NORTH WEST,Dosulepin hydrochloride,3388.0,45239.56,36459.61808
2025-05,NORTH WEST,Doxepin,140.0,8191.89,8165.69464
2025-05,NORTH WEST,Duloxetine hydrochloride,66970.0,227555.69,215452.76918
2025-05,NORTH WEST,Escitalopram,23785.0,44553.71,37075.79561
2025-05,NORTH WEST,Fluoxetine hydrochloride,95384.0,172116.36,152468.35683
2025-05,NORTH WEST,Flupentixol decanoate,367.0,8445.9,8047.96877
2025-05,NORTH WEST,Flupentixol hydrochloride,1618.0,6309.23,6154.61911
2025-05,NORTH WEST,Fluvoxamine maleate,214.0,3750.43,3580.7729
2025-05,NORTH WEST,Imipramine hydrochloride,856.0,6129.73,6133.16647
2025-05,NORTH WEST,Isocarboxazid,1.0,1208.4,1208.4124
2025-05,NORTH WEST,Lofepramine hydrochloride,995.0,26418.22,26447.06551
2025-05,NORTH WEST,Mianserin hydrochloride,10.0,718.55,713.7869
2025-05,NORTH WEST,Mirtazapine,198074.0,208318.52,177025.45266
2025-05,NORTH WEST,Moclobemide,88.0,1680.9,1604.19594
2025-05,NORTH WEST,Nortriptyline,15336.0,51889.43,53384.52649
2025-05,NORTH WEST,Paroxetine hydrochloride,16717.0,33720.61,29050.37003
2025-05,NORTH WEST,Phenelzine sulfate,33.0,3562.8,3566.0092
2025-05,NORTH WEST,Reboxetine,274.0,4047.23,3866.61885
2025-05,NORTH WEST,Sertraline hydrochloride,333572.0,553532.18,474368.09911
2025-05,NORTH WEST,Tranylcypromine sulfate,12.0,14619.29,14619.5388
2025-05,NORTH WEST,Trazodone hydrochloride,18385.0,59249.72,56427.99167
2025-05,NORTH WEST,Trimipramine maleate,90.0,11356.25,11356.00849
2025-05,NORTH WEST,Tryptophan,5.0,351.29,334.29789
2025-05,NORTH WEST,Venlafaxine,82877.0,575686.26,533108.05397
2025-05,NORTH WEST,Vortioxetine,5467.0,127826.82,121616.9447
2025-05,SOUTH EAST,Agomelatine,737.0,19513.06,15833.14912
2025-05,SOUTH EAST,Amitriptyline hydrochloride,173347.0,234747.24,193164.43152
2025-05,SOUTH EAST,Bupropion hydrochloride,772.0,32098.13,30470.56272
2025-05,SOUTH EAST,Citalopram hydrobromide,154740.0,159281.11,131712.13692
2025-05,SOUTH EAST,Citalopram hydrochloride,988.0,13532.52,10888.44967
2025-05,SOUTH EAST,Clomipramine hydrochloride,2567.0,36729.59,29595.07952
2025-05,SOUTH EAST,Dosulepin hydrochloride,3670.0,52170.73,42268.46615
2025-05,SOUTH EAST,Doxepin,153.0,10158.62,10059.45959
2025-05,SOUTH EAST,Duloxetine hydrochloride,51776.0,211628.88,198011.84529
2025-05,SOUTH EAST,Escitalopram,36006.0,77786.02,64512.07271
2025-05,SOUTH EAST,Fluoxetine hydrochloride,81711.0,168142.45,147074.69369
2025-05,SOUTH EAST,Flupentixol decanoate,358.0,5915.58,5569.97749
2025-05,SOUTH EAST,Flupentixol hydrochloride,1451.0,5598.09,5432.30147
2025-05,SOUTH EAST,Fluvoxamine maleate,203.0,4219.18,4014.73504
2025-05,SOUTH EAST,Imipramine hydrochloride,1481.0,13288.49,13279.95453
2025-05,SOUTH EAST,Isocarboxazid,16.0,8582.87,8583.8684
2025-05,SOUTH EAST,Lofepramine hydrochloride,935.0,26001.97,25918.22291
2025-05,SOUTH EAST,Mianserin hydrochloride,13.0,681.73,672.86386
2025-05,SOUTH EAST,Mirtazapine,143867.0,182320.04,156245.81311
2025-05,SOUTH EAST,Moclobemide,114.0,2345.01,2226.60435
2025-05,SOUTH EAST,Nortriptyline,11875.0,54428.95,55114.48387
2025-05,SOUTH EAST,Paroxetine hydrochloride,13781.0,32480.38,27678.36627
2025-05,SOUTH EAST,Phenelzine sulfate,81.0,13304.4,13273.18555
2025-05,SOUTH EAST,Reboxetine,232.0,3899.84,3709.11099
2025-05,SOUTH EAST,Sertraline hydrochloride,292145.0,633060.21,544449.69923
2025-05,SOUTH EAST,Tranylcypromine sulfate,80.0,123553.75,123448.26852
2025-05,SOUTH EAST,Trazodone hydrochloride,15603.0,48439.58,45588.60389
2025-05,SOUTH EAST,Trimipramine maleate,201.0,46373.84,46156.65691
2025-05,SOUTH EAST,Tryptophan,7.0,702.58,659.34416
2025-05,SOUTH EAST,Venlafaxine,74981.0,630540.47,579940.38506
2025-05,SOUTH EAST,Vortioxetine,7706.0,202337.19,192086.48409
2025-05,SOUTH WEST,Agomelatine,221.0,5376.95,4344.37755
2025-05,SOUTH WEST,Amitriptyline hydrochloride,150655.0,198926.22,164159.44343
2025-05,SOUTH WEST,Bupropion hydrochloride,268.0,10415.65,9863.51988
2025-05,SOUTH WEST,Citalopram hydrobromide,120733.0,117735.86,97790.5329
2025-05,SOUTH WEST,Citalopram hydrochloride,620.0,7930.02,6405.13984
2025-05,SOUTH WEST,Clomipramine hydrochloride,1867.0,24038.32,19431.41197
2025-05,SOUTH WEST,Dosulepin hydrochloride,2533.0,35041.43,28445.80534
2025-05,SOUTH WEST,Doxepin,129.0,8755.28,8712.52816
2025-05,SOUTH WEST,Duloxetine hydrochloride,41121.0,143459.32,135863.63385
2025-05,SOUTH WEST,Escitalopram,20232.0,42512.43,35403.82466
2025-05,SOUTH WEST,Fluoxetine hydrochloride,58762.0,114140.36,99337.79741
2025-05,SOUTH WEST,Flupentixol decanoate,310.0,4281.56,4005.0056
2025-05,SOUTH WEST,Flupentixol hydrochloride,1325.0,4914.41,4820.85622
2025-05,SOUTH WEST,Fluvoxamine maleate,139.0,2959.45,2805.49902
2025-05,SOUTH WEST,Imipramine hydrochloride,1116.0,7716.01,7675.95337
2025-05,SOUTH WEST,Isocarboxazid,39.0,9257.22,8991.93746
2025-05,SOUTH WEST,Lofepramine hydrochloride,1025.0,29846.28,29719.69044
2025-05,SOUTH WEST,Mianserin hydrochloride,10.0,637.4,626.30551
2025-05,SOUTH WEST,Mirtazapine,113531.0,138020.57,118736.88636
2025-05,SOUTH WEST,Moclobemide,70.0,1597.54,1509.72947
2025-05,SOUTH WEST,Nortriptyline,7180.0,25941.96,26312.65663
2025-05,SOUTH WEST,Paroxetine hydrochloride,10081.0,22635.48,19372.59421
2025-05,SOUTH WEST,Phenelzine sulfate,43.0,4260.0,4193.91536
2025-05,SOUTH WEST,Reboxetine,214.0,3678.97,3495.36131
2025-05,SOUTH WEST,Sertraline hydrochloride,198958.0,396865.92,342315.64413
2025-05,SOUTH WEST,Tranylcypromine sulfate,36.0,54943.57,54351.78086
2025-05,SOUTH WEST,Trazodone hydrochloride,9328.0,24140.08,22082.8666
2025-05,SOUTH WEST,Trimipramine maleate,95.0,13018.54,12807.38528
2025-05,SOUTH WEST,Tryptophan,5.0,137.46,131.05307
2025-05,SOUTH WEST,Venlafaxine,58149.0,431596.52,394258.00712
2025-05,SOUTH WEST,Vortioxetine,2096.0,53523.36,50693.31797
2025-05,UNIDENTIFIED,Agomelatine,1.0,17.22,13.78634
2025-05,UNIDENTIFIED,Amitriptyline hydrochloride,88.0,105.62,94.92638
2025-05,UNIDENTIFIED,Bupropion hydrochloride,1.0,0.0,0.0
2025-05,UNIDENTIFIED,Citalopram hydrobromide,71.0,59.89,55.92853
2025-05,UNIDENTIFIED,Clomipramine hydrochloride,1.0,3.5,2.91198
2025-05,UNIDENTIFIED,Duloxetine hydrochloride,46.0,104.46,99.76805
2025-05,UNIDENTIFIED,Escitalopram,8.0,9.86,9.00267
2025-05,UNIDENTIFIED,Fluoxetine hydrochloride,53.0,129.97,119.3387
2025-05,UNIDENTIFIED,Flupentixol hydrochloride,2.0,3.23,3.2934
2025-05,UNIDENTIFIED,Mirtazapine,89.0,514.0,504.75926
2025-05,UNIDENTIFIED,Nortriptyline,5.0,14.49,13.78166
2025-05,UNIDENTIFIED,Paroxetine hydrochloride,1.0,1.15,0.93226
2025-05,UNIDENTIFIED,Sertraline hydrochloride,147.0,615.77,579.97043
2025-05,UNIDENTIFIED,Trazodone hydrochloride,12.0,73.42,69.68541
2025-05,UNIDENTIFIED,Venlafaxine,30.0,202.54,185.25351
2025-05,UNIDENTIFIED,Vortioxetine,6.0,138.6,132.04851
2025-06,EAST OF ENGLAND,Agomelatine,157.0,3700.91,3054.96924
2025-06,EAST OF ENGLAND,Amitriptyline hydrochloride,168246.0,197016.59,163282.81527
2025-06,EAST OF ENGLAND,Bupropion hydrochloride,293.0,10448.36,9884.43054
2025-06,EAST OF ENGLAND,Citalopram hydrobromide,155780.0,132536.82,110432.56018
2025-06,EAST OF ENGLAND,Citalopram hydrochloride,761.0,10153.37,8184.34217
2025-06,EAST OF ENGLAND,Clomipramine hydrochloride,2546.0,30612.55,24859.44379
2025-06,EAST OF ENGLAND,Dosulepin hydrochloride,2731.0,34045.75,27727.20129
2025-06,EAST OF ENGLAND,Doxepin,125.0,7286.26,7247.39676
2025-06,EAST OF ENGLAND,Duloxetine hydrochloride,38498.0,131730.07,118282.61016
2025-06,EAST OF ENGLAND,Escitalopram,20581.0,39091.31,32768.48658
2025-06,EAST OF ENGLAND,Fluoxetine hydrochloride,72262.0,139157.56,122195.66721
2025-06,EAST OF ENGLAND,Flupentixol decanoate,296.0,6802.62,6379.31341
2025-06,EAST OF ENGLAND,Flupentixol hydrochloride,1690.0,5464.47,5310.95342
2025-06,EAST OF ENGLAND,Fluvoxamine maleate,196.0,3813.07,3608.9657
2025-06,EAST OF ENGLAND,Imipramine hydrochloride,905.0,8901.11,8786.43412
2025-06,EAST OF ENGLAND,Isocarboxazid,18.0,9699.57,9666.61108
2025-06,EAST OF ENGLAND,Lofepramine hydrochloride,958.0,23830.98,23685.67969
2025-06,EAST OF ENGLAND,Mianserin hydrochloride,16.0,864.1,846.80234
2025-06,EAST OF ENGLAND,Mirtazapine,111203.0,122074.93,104801.65692
2025-06,EAST OF ENGLAND,Moclobemide,97.0,1579.9,1502.29861
2025-06,EAST OF ENGLAND,Nortriptyline,10917.0,41195.33,38203.23167
2025-06,EAST OF ENGLAND,Paroxetine hydrochloride,13267.0,28938.6,24947.09134
2025-06,EAST OF ENGLAND,Phenelzine sulfate,57.0,6033.6,6005.60001
2025-06,EAST OF ENGLAND,Reboxetine,205.0,3219.72,3049.12421
2025-06,EAST OF ENGLAND,Sertraline hydrochloride,239832.0,477000.4,413058.33565
2025-06,EAST OF ENGLAND,Tranylcypromine sulfate,20.0,23522.5,23307.26047
2025-06,EAST OF ENGLAND,Trazodone hydrochloride,8201.0,30440.84,29074.12968
2025-06,EAST OF ENGLAND,Trimipramine maleate,109.0,18043.9,17706.76048
2025-06,EAST OF ENGLAND,Tryptophan,5.0,427.65,403.63078
2025-06,EAST OF ENGLAND,Venlafaxine,73368.0,551083.61,514475.48917
2025-06,EAST OF ENGLAND,Vortioxetine,4166.0,101091.87,95684.80593
2025-06,LONDON,Agomelatine,434.0,11179.52,9032.81214
2025-06,LONDON,Amitriptyline hydrochloride,126672.0,130206.38,110229.04487
2025-06,LONDON,Bupropion hydrochloride,1159.0,47086.31,44797.62416
2025-06,LONDON,Citalopram hydrobromide,100380.0,89494.47,76352.49321
2025-06,LONDON,Citalopram hydrochloride,368.0,5649.11,4554.95161
2025-06,LONDON,Clomipramine hydrochloride,1954.0,25127.49,20203.40877
2025-06,LONDON,Dosulepin hydrochloride,2347.0,25752.09,20828.77191
2025-06,LONDON,Doxepin,157.0,9101.61,9110.1568
2025-06,LONDON,Duloxetine hydrochloride,33954.0,98695.69,89779.48577
2025-06,LONDON,Escitalopram,20893.0,48480.6,40430.29949
2025-06,LONDON,Fluoxetine hydrochloride,52075.0,102043.76,91821.47104
2025-06,LONDON,Flupentixol decanoate,508.0,17386.16,16517.81643
2025-06,LONDON,Flupentixol hydrochloride,1749.0,5952.88,5834.3455
2025-06,LONDON,Fluvoxamine maleate,304.0,6326.77,6031.53755
2025-06,LONDON,Imipramine hydrochloride,716.0,5443.05,5482.8284
2025-06,LONDON,Isocarboxazid,19.0,6797.31,6798.9456
2025-06,LONDON,Lofepramine hydrochloride,915.0,19624.4,19704.946
2025-06,LONDON,Mianserin hydrochloride,30.0,887.1,871.19251
2025-06,LONDON,Mirtazapine,128443.0,130575.45,115133.23608
2025-06,LONDON,Moclobemide,86.0,1677.59,1600.03946
2025-06,LONDON,Nortriptyline,10534.0,32981.78,30350.1206
2025-06,LONDON,Oxitriptan,1.0,16.74,15.91602
2025-06,LONDON,Paroxetine hydrochloride,11705.0,23787.77,20377.25902
2025-06,LONDON,Phenelzine sulfate,37.0,5006.4,5009.1588
2025-06,LONDON,Reboxetine,104.0,1739.05,1660.85211
2025-06,LONDON,Sertraline hydrochloride,212352.0,405253.51,348883.91012
2025-06,LONDON,Tranylcypromine sulfate,42.0,62080.0,62081.7208
2025-06,LONDON,Trazodone hydrochloride,6270.0,25068.23,23922.33375
2025-06,LONDON,Trimipramine maleate,233.0,41384.59,41397.8792
2025-06,LONDON,Tryptophan,7.0,781.13,742.48945
2025-06,LONDON,Venlafaxine,49387.0,337465.46,314126.61619
2025-06,LONDON,Vortioxetine,3989.0,110310.75,104996.49004
2025-06,MIDLANDS,Agomelatine,310.0,8698.49,7083.23143
2025-06,MIDLANDS,Amitriptyline hydrochloride,274173.0,331372.04,272883.18092
2025-06,MIDLANDS,Bupropion hydrochloride,353.0,12989.61,12315.10613
2025-06,MIDLANDS,Citalopram hydrobromide,211593.0,193227.65,159965.29203
2025-06,MIDLANDS,Citalopram hydrochloride,1147.0,15069.73,12124.58225
2025-06,MIDLANDS,Clomipramine hydrochloride,3333.0,44761.2,36190.51227
2025-06,MIDLANDS,Dosulepin hydrochloride,4598.0,61129.85,49555.97308
2025-06,MIDLANDS,Doxepin,212.0,11025.3,10955.75296
2025-06,MIDLANDS,Duloxetine hydrochloride,77175.0,257117.53,233093.63114
2025-06,MIDLANDS,Escitalopram,29546.0,55810.39,46681.09235
2025-06,MIDLANDS,Fluoxetine hydrochloride,120627.0,225687.46,196796.88983
2025-06,MIDLANDS,Flupentixol decanoate,390.0,8550.51,8121.082
2025-06,MIDLANDS,Flupentixol hydrochloride,2568.0,9747.44,9479.65049
2025-06,MIDLANDS,Fluvoxamine maleate,349.0,6708.4,6371.58113
2025-06,MIDLANDS,Imipramine hydrochloride,1660.0,18029.68,17935.44512
2025-06,MIDLANDS,Isocarboxazid,18.0,9667.21,9668.1332
2025-06,MIDLANDS,Lofepramine hydrochloride,1977.0,56882.3,56591.99518
2025-06,MIDLANDS,Mianserin hydrochloride,11.0,925.08,905.20822
2025-06,MIDLANDS,Mirtazapine,198146.0,239546.02,204267.736
2025-06,MIDLANDS,Moclobemide,111.0,2297.69,2184.42299
2025-06,MIDLANDS,Nortriptyline,15133.0,53757.59,49465.14186
2025-06,MIDLANDS,Oxitriptan,4.0,157.24,149.53346
2025-06,MIDLANDS,Paroxetine hydrochloride,19652.0,42322.36,36168.55715
2025-06,MIDLANDS,Phenelzine sulfate,55.0,5983.87,5906.39215
2025-06,MIDLANDS,Reboxetine,276.0,4377.41,4141.89785
2025-06,MIDLANDS,Sertraline hydrochloride,413088.0,820606.2,712012.53123
2025-06,MIDLANDS,Tranylcypromine sulfate,45.0,45121.33,45015.48803
2025-06,MIDLANDS,Trazodone hydrochloride,13807.0,43376.99,40554.5955
2025-06,MIDLANDS,Trimipramine maleate,127.0,20526.98,20176.47331
2025-06,MIDLANDS,Tryptophan,11.0,885.86,825.28555
2025-06,MIDLANDS,Venlafaxine,100284.0,798244.69,742911.92724
2025-06,MIDLANDS,Vortioxetine,6057.0,152580.78,144735.69191
2025-06,NORTH EAST AND YORKSHIRE,Agomelatine,438.0,6787.31,5528.09253
2025-06,NORTH EAST AND YORKSHIRE,Amitriptyline hydrochloride,280118.0,307970.57,257080.87517
2025-06,NORTH EAST AND YORKSHIRE,Bupropion hydrochloride,261.0,8271.3,7848.30653
2025-06,NORTH EAST AND YORKSHIRE,Citalopram hydrobromide,185566.0,153359.93,129129.43611
2025-06,NORTH EAST AND YORKSHIRE,Citalopram hydrochloride,814.0,10558.45,8486.74145
2025-06,NORTH EAST AND YORKSHIRE,Clomipramine hydrochloride,3245.0,37318.43,30185.26733
2025-06,NORTH EAST AND YORKSHIRE,Dosulepin hydrochloride,3433.0,39624.83,32098.86939
2025-06,NORTH EAST AND YORKSHIRE,Doxepin,251.0,12049.28,12036.37726
2025-06,NORTH EAST AND YORKSHIRE,Duloxetine hydrochloride,103255.0,280200.35,256738.98467
2025-06,NORTH EAST AND YORKSHIRE,Escitalopram,22561.0,39008.79,32779.50369
2025-06,NORTH EAST AND YORKSHIRE,Fluoxetine hydrochloride,145261.0,227322.08,199713.67814
2025-06,NORTH EAST AND YORKSHIRE,Flupentixol decanoate,404.0,6856.61,6489.1538
2025-06,NORTH EAST AND YORKSHIRE,Flupentixol hydrochloride,2916.0,8931.7,8766.00021
2025-06,NORTH EAST AND YORKSHIRE,Fluvoxamine maleate,301.0,4987.04,4758.4968
2025-06,NORTH EAST AND YORKSHIRE,Imipramine hydrochloride,1506.0,13891.26,13897.94601
2025-06,NORTH EAST AND YORKSHIRE,Isocarboxazid,6.0,3323.1,3323.5744
2025-06,NORTH EAST AND YORKSHIRE,Lofepramine hydrochloride,2399.0,51903.83,51923.50614
2025-06,NORTH EAST AND YORKSHIRE,Mianserin hydrochloride,16.0,940.04,905.38418
2025-06,NORTH EAST AND YORKSHIRE,Mirtazapine,225062.0,220880.91,192885.50599
2025-06,NORTH EAST AND YORKSHIRE,Moclobemide,86.0,1587.24,1510.57072
2025-06,NORTH EAST AND YORKSHIRE,Nortriptyline,15607.0,46111.27,42512.57984
2025-06,NORTH EAST AND YORKSHIRE,Paroxetine hydrochloride,18664.0,33411.08,28800.92997
2025-06,NORTH EAST AND YORKSHIRE,Phenelzine sulfate,54.0,4404.0,4384.70924
2025-06,NORTH EAST AND YORKSHIRE,Reboxetine,455.0,5680.56,5425.16191
2025-06,NORTH EAST AND YORKSHIRE,Sertraline hydrochloride,403942.0,661455.91,575932.50955
2025-06,NORTH EAST AND YORKSHIRE,Tranylcypromine sulfate,31.0,33222.5,33224.1844
2025-06,NORTH EAST AND YORKSHIRE,Trazodone hydrochloride,42247.0,82749.94,76333.64593
2025-06,NORTH EAST AND YORKSHIRE,Trimipramine maleate,220.0,22670.94,22641.19812
2025-06,NORTH EAST AND YORKSHIRE,Tryptophan,14.0,534.55,529.11605
2025-06,NORTH EAST AND YORKSHIRE,Venlafaxine,83800.0,520773.61,483523.34071
2025-06,NORTH EAST AND YORKSHIRE,Vortioxetine,5964.0,113096.61,107653.01104
2025-06,NORTH WEST,Agomelatine,151.0,3430.98,2761.43786
2025-06,NORTH WEST,Amitriptyline hydrochloride,181925.0,213282.3,175559.28146
2025-06,NORTH WEST,Bupropion hydrochloride,252.0,8102.85,7706.78961
2025-06,NORTH WEST,Citalopram hydrobromide,142039.0,125673.08,103948.74478
2025-06,NORTH WEST,Citalopram hydrochloride,611.0,8150.01,6537.71244
2025-06,NORTH WEST,Clomipramine hydrochloride,2821.0,37447.86,30112.66369
2025-06,NORTH WEST,Dosulepin hydrochloride,3229.0,42145.41,33933.53165
2025-06,NORTH WEST,Doxepin,146.0,7243.97,7223.19516
2025-06,NORTH WEST,Duloxetine hydrochloride,64704.0,214369.13,194806.82871
2025-06,NORTH WEST,Escitalopram,23120.0,42837.71,35608.29055
2025-06,NORTH WEST,Fluoxetine hydrochloride,92542.0,167916.24,148780.22813
2025-06,NORTH WEST,Flupentixol decanoate,344.0,8634.06,8225.10999
2025-06,NORTH WEST,Flupentixol hydrochloride,1602.0,6432.93,6267.96999
2025-06,NORTH WEST,Fluvoxamine maleate,193.0,3070.42,2935.10699
2025-06,NORTH WEST,Imipramine hydrochloride,786.0,6409.04,6414.3295
2025-06,NORTH WEST,Isocarboxazid,1.0,1812.6,1812.6124
2025-06,NORTH WEST,Lofepramine hydrochloride,982.0,26438.84,26460.49013
2025-06,NORTH WEST,Mianserin hydrochloride,8.0,435.46,430.67285
2025-06,NORTH WEST,Mirtazapine,192259.0,201822.16,171338.32171
2025-06,NORTH WEST,Moclobemide,80.0,1538.53,1468.55287
2025-06,NORTH WEST,Nortriptyline,14822.0,48370.06,44861.27595
2025-06,NORTH WEST,Paroxetine hydrochloride,15965.0,31892.52,27352.94947
2025-06,NORTH WEST,Phenelzine sulfate,35.0,4928.4,4932.034
2025-06,NORTH WEST,Reboxetine,267.0,4131.37,3948.59786
2025-06,NORTH WEST,Sertraline hydrochloride,325160.0,558261.6,480779.91007
2025-06,NORTH WEST,Tranylcypromine sulfate,14.0,19954.29,19846.76363
2025-06,NORTH WEST,Trazodone hydrochloride,17831.0,59452.77,56707.33418
2025-06,NORTH WEST,Trimipramine maleate,75.0,9520.61,9522.94
2025-06,NORTH WEST,Tryptophan,5.0,290.2,276.16283
2025-06,NORTH WEST,Venlafaxine,81054.0,569495.27,532940.96512
2025-06,NORTH WEST,Vortioxetine,5467.0,129974.13,123659.4682
2025-06,SOUTH EAST,Agomelatine,698.0,18714.01,15234.73758
2025-06,SOUTH EAST,Amitriptyline hydrochloride,166857.0,226974.85,186769.8943
2025-06,SOUTH EAST,Bupropion hydrochloride,613.0,23987.47,22773.75282
2025-06,SOUTH EAST,Citalopram hydrobromide,149326.0,152531.51,126216.48509
2025-06,SOUTH EAST,Citalopram hydrochloride,998.0,13640.62,10991.15399
2025-06,SOUTH EAST,Clomipramine hydrochloride,2512.0,36234.24,29200.89931
2025-06,SOUTH EAST,Dosulepin hydrochloride,3469.0,49096.17,39748.6662
2025-06,SOUTH EAST,Doxepin,155.0,10623.27,10539.689
2025-06,SOUTH EAST,Duloxetine hydrochloride,50529.0,198319.18,178511.77367
2025-06,SOUTH EAST,Escitalopram,34765.0,74532.81,61822.74487
2025-06,SOUTH EAST,Fluoxetine hydrochloride,78817.0,165032.24,144990.56911
2025-06,SOUTH EAST,Flupentixol decanoate,375.0,5225.54,4924.60654
2025-06,SOUTH EAST,Flupentixol hydrochloride,1399.0,5199.95,5053.64926
2025-06,SOUTH EAST,Fluvoxamine maleate,203.0,4237.4,4033.36997
2025-06,SOUTH EAST,Imipramine hydrochloride,1377.0,16768.5,16729.67913
2025-06,SOUTH EAST,Isocarboxazid,9.0,3425.6,3426.2116
2025-06,SOUTH EAST,Lofepramine hydrochloride,917.0,27057.93,26996.01973
2025-06,SOUTH EAST,Mianserin hydrochloride,16.0,1019.43,1001.07954
2025-06,SOUTH EAST,Mirtazapine,139512.0,175902.36,150893.96903
2025-06,SOUTH EAST,Moclobemide,105.0,2244.06,2131.42274
2025-06,SOUTH EAST,Nortriptyline,11588.0,50398.99,46729.3164
2025-06,SOUTH EAST,Paroxetine hydrochloride,13256.0,31740.99,27122.61491
2025-06,SOUTH EAST,Phenelzine sulfate,78.0,11678.4,11669.25335
2025-06,SOUTH EAST,Reboxetine,228.0,3854.8,3663.44898
2025-06,SOUTH EAST,Sertraline hydrochloride,282747.0,618649.35,532687.02026
2025-06,SOUTH EAST,Tranylcypromine sulfate,65.0,99182.5,99076.10603
2025-06,SOUTH EAST,Trazodone hydrochloride,14976.0,45171.78,42428.62033
2025-06,SOUTH EAST,Trimipramine maleate,192.0,47014.13,46753.45083
2025-06,SOUTH EAST,Tryptophan,12.0,1267.7,1204.91111
2025-06,SOUTH EAST,Venlafaxine,72873.0,622014.62,580959.65489
2025-06,SOUTH EAST,Vortioxetine,7650.0,198892.98,188848.50153
2025-06,SOUTH WEST,Agomelatine,189.0,4705.05,3811.61061
2025-06,SOUTH WEST,Amitriptyline hydrochloride,145319.0,190216.07,157158.72377
2025-06,SOUTH WEST,Bupropion hydrochloride,252.0,9479.6,8966.21056
2025-06,SOUTH WEST,Citalopram hydrobromide,115911.0,112444.68,93494.45751
2025-06,SOUTH WEST,Citalopram hydrochloride,606.0,7761.44,6268.54814
2025-06,SOUTH WEST,Clomipramine hydrochloride,1922.0,24795.31,20059.51595
2025-06,SOUTH WEST,Dosulepin hydrochloride,2357.0,32535.5,26412.97242
2025-06,SOUTH WEST,Doxepin,134.0,8011.06,7969.69627
2025-06,SOUTH WEST,Duloxetine hydrochloride,40355.0,137334.95,124676.9337
2025-06,SOUTH WEST,Escitalopram,19864.0,40026.79,33275.66895
2025-06,SOUTH WEST,Fluoxetine hydrochloride,56599.0,109510.92,95576.31078
2025-06,SOUTH WEST,Flupentixol decanoate,310.0,4103.66,3839.46608
2025-06,SOUTH WEST,Flupentixol hydrochloride,1318.0,4507.15,4433.78315
2025-06,SOUTH WEST,Fluvoxamine maleate,171.0,3236.82,3066.32272
2025-06,SOUTH WEST,Imipramine hydrochloride,1052.0,8472.82,8424.23835
2025-06,SOUTH WEST,Isocarboxazid,36.0,11717.16,11501.65364
2025-06,SOUTH WEST,Lofepramine hydrochloride,962.0,27283.73,27127.5088
2025-06,SOUTH WEST,Mianserin hydrochloride,13.0,702.69,684.69097
2025-06,SOUTH WEST,Mirtazapine,110627.0,129130.74,110777.35199
2025-06,SOUTH WEST,Moclobemide,82.0,1693.41,1595.13384
2025-06,SOUTH WEST,Nortriptyline,6986.0,24337.76,22112.25223
2025-06,SOUTH WEST,Paroxetine hydrochloride,9823.0,22327.15,19118.1074
2025-06,SOUTH WEST,Phenelzine sulfate,48.0,5738.4,5661.24678
2025-06,SOUTH WEST,Reboxetine,193.0,3028.45,2878.60612
2025-06,SOUTH WEST,Sertraline hydrochloride,192831.0,399290.17,346045.08509
2025-06,SOUTH WEST,Tranylcypromine sulfate,41.0,67830.72,66861.7659
2025-06,SOUTH WEST,Trazodone hydrochloride,8939.0,24533.82,22545.22068
2025-06,SOUTH WEST,Trimipramine maleate,97.0,16316.71,16093.69992
2025-06,SOUTH WEST,Tryptophan,6.0,259.65,247.25159
2025-06,SOUTH WEST,Venlafaxine,57052.0,429973.76,397088.54832
2025-06,SOUTH WEST,Vortioxetine,2004.0,53185.77,50395.42692
2025-06,UNIDENTIFIED,Agomelatine,1.0,34.44,31.17883
2025-06,UNIDENTIFIED,Amitriptyline hydrochloride,71.0,104.92,92.29286
2025-06,UNIDENTIFIED,Citalopram hydrobromide,46.0,47.06,42.22023
2025-06,UNIDENTIFIED,Clomipramine hydrochloride,2.0,14.56,11.87103
2025-06,UNIDENTIFIED,Dosulepin hydrochloride,1.0,31.88,31.88
2025-06,UNIDENTIFIED,Duloxetine hydrochloride,24.0,97.18,88.9236
2025-06,UNIDENTIFIED,Escitalopram,4.0,4.52,3.76505
2025-06,UNIDENTIFIED,Fluoxetine hydrochloride,35.0,180.82,162.04247
2025-06,UNIDENTIFIED,Flupentixol hydrochloride,1.0,2.27,2.26898
2025-06,UNIDENTIFIED,Fluvoxamine maleate,1.0,15.96,14.55538
2025-06,UNIDENTIFIED,Mirtazapine,72.0,76.35,69.93236
2025-06,UNIDENTIFIED,Nortriptyline,7.0,14.1,13.94216
2025-06,UNIDENTIFIED,Paroxetine hydrochloride,3.0,3.92,3.54591
2025-06,UNIDENTIFIED,Sertraline hydrochloride,103.0,424.48,399.10417
2025-06,UNIDENTIFIED,Trazodone hydrochloride,11.0,62.15,56.55553
2025-06,UNIDENTIFIED,Venlafaxine,40.0,409.21,375.0
2025-06,UNIDENTIFIED,Vortioxetine,4.0,110.88,101.64015
2025-07,EAST OF ENGLAND,Agomelatine,140.0,4261.69,3481.12551
2025-07,EAST OF ENGLAND,Amitriptyline hydrochloride,178653.0,202146.17,167583.96663
2025-07,EAST OF ENGLAND,Bupropion hydrochloride,305.0,11518.53,10944.19566
2025-07,EAST OF ENGLAND,Citalopram hydrobromide,166272.0,133816.76,111665.91216
2025-07,EAST OF ENGLAND,Citalopram hydrochloride,784.0,9742.45,7851.20703
2025-07,EAST OF ENGLAND,Clomipramine hydrochloride,2780.0,31896.08,25883.05703
2025-07,EAST OF ENGLAND,Dosulepin hydrochloride,2910.0,35746.16,29147.67044
2025-07,EAST OF ENGLAND,Doxepin,146.0,6893.53,6872.76906
2025-07,EAST OF ENGLAND,Duloxetine hydrochloride,41136.0,135007.32,110828.29148
2025-07,EAST OF ENGLAND,Escitalopram,22439.0,35629.67,29935.2231
2025-07,EAST OF ENGLAND,Fluoxetine hydrochloride,76990.0,138572.16,121714.08984
2025-07,EAST OF ENGLAND,Flupentixol decanoate,218.0,3024.72,2843.46722
2025-07,EAST OF ENGLAND,Flupentixol hydrochloride,1723.0,5481.26,5333.19101
2025-07,EAST OF ENGLAND,Fluvoxamine maleate,226.0,4251.43,4016.86879
2025-07,EAST OF ENGLAND,Imipramine hydrochloride,932.0,8221.82,8097.80205
2025-07,EAST OF ENGLAND,Isocarboxazid,18.0,9278.79,9245.71723
2025-07,EAST OF ENGLAND,Lofepramine hydrochloride,974.0,24120.51,23976.95392
2025-07,EAST OF ENGLAND,Mianserin hydrochloride,19.0,961.9,937.34401
2025-07,EAST OF ENGLAND,Mirtazapine,118766.0,126878.33,109561.13066
2025-07,EAST OF ENGLAND,Moclobemide,80.0,1497.8,1423.97892
2025-07,EAST OF ENGLAND,Nortriptyline,11714.0,42343.72,42671.46068
2025-07,EAST OF ENGLAND,Paroxetine hydrochloride,14236.0,30626.87,26411.25635
2025-07,EAST OF ENGLAND,Phenelzine sulfate,51.0,6652.8,6643.27995
2025-07,EAST OF ENGLAND,Reboxetine,207.0,3450.15,3264.44488
2025-07,EAST OF ENGLAND,Sertraline hydrochloride,257725.0,471160.67,410433.24299
2025-07,EAST OF ENGLAND,Tranylcypromine sulfate,18.0,25220.0,25004.74672
2025-07,EAST OF ENGLAND,Trazodone hydrochloride,8789.0,34213.86,32961.57412
2025-07,EAST OF ENGLAND,Trimipramine maleate,113.0,21628.36,21130.35924
2025-07,EAST OF ENGLAND,Tryptophan,4.0,290.19,275.84297
2025-07,EAST OF ENGLAND,Venlafaxine,78541.0,557382.74,516736.44442
2025-07,EAST OF ENGLAND,Vortioxetine,4511.0,111568.05,105634.33202
2025-07,LONDON,Agomelatine,485.0,14544.52,11766.91643
2025-07,LONDON,Amitriptyline hydrochloride,133892.0,135018.71,114339.58999
2025-07,LONDON,Bupropion hydrochloride,1189.0,48213.85,45868.23871
2025-07,LONDON,Citalopram hydrobromide,106538.0,90023.27,76817.96834
2025-07,LONDON,Citalopram hydrochloride,391.0,5707.74,4598.9603
2025-07,LONDON,Clomipramine hydrochloride,2144.0,26937.26,21657.24681
2025-07,LONDON,Dosulepin hydrochloride,2528.0,28311.48,22923.87923
2025-07,LONDON,Doxepin,159.0,6332.24,6339.4116
2025-07,LONDON,Duloxetine hydrochloride,36454.0,99136.65,81923.32673
2025-07,LONDON,Escitalopram,22479.0,44203.98,37058.35965
2025-07,LONDON,Fluoxetine hydrochloride,55578.0,100400.09,90160.08875
2025-07,LONDON,Flupentixol decanoate,540.0,14916.42,14186.27225
2025-07,LONDON,Flupentixol hydrochloride,1805.0,5759.47,5657.13436
2025-07,LONDON,Fluvoxamine maleate,357.0,7818.73,7452.46739
2025-07,LONDON,Imipramine hydrochloride,866.0,7615.85,7663.4884
2025-07,LONDON,Isocarboxazid,21.0,3959.75,3961.9104
2025-07,LONDON,Lofepramine hydrochloride,976.0,19558.28,19644.7824
2025-07,LONDON,Mianserin hydrochloride,20.0,1283.53,1269.08818
2025-07,LONDON,Mirtazapine,136699.0,134463.29,119059.39068
2025-07,LONDON,Moclobemide,81.0,1512.5,1442.44647
2025-07,LONDON,Nortriptyline,11147.0,33913.36,35011.08188
2025-07,LONDON,Oxitriptan,2.0,79.24,75.40631
2025-07,LONDON,Paroxetine hydrochloride,12398.0,25075.99,21536.19657
2025-07,LONDON,Phenelzine sulfate,43.0,6356.4,6360.0332
2025-07,LONDON,Reboxetine,106.0,1776.56,1696.32521
2025-07,LONDON,Sertraline hydrochloride,227560.0,410361.46,356988.66156
2025-07,LONDON,Tranylcypromine sulfate,44.0,63188.57,63190.4156
2025-07,LONDON,Trazodone hydrochloride,6592.0,24341.05,23326.75641
2025-07,LONDON,Trimipramine maleate,233.0,34404.02,34417.0092
2025-07,LONDON,Tryptophan,10.0,855.32,813.11593
2025-07,LONDON,Venlafaxine,52460.0,336382.15,308964.71452
2025-07,LONDON,Vortioxetine,4369.0,120064.23,114286.82119
2025-07,MIDLANDS,Agomelatine,328.0,11036.66,8942.03208
2025-07,MIDLANDS,Amitriptyline hydrochloride,293102.0,343201.69,282781.55628
2025-07,MIDLANDS,Bupropion hydrochloride,372.0,13730.77,13017.229
2025-07,MIDLANDS,Citalopram hydrobromide,226016.0,194752.95,161411.85137
2025-07,MIDLANDS,Citalopram hydrochloride,1309.0,16482.43,13270.57091
2025-07,MIDLANDS,Clomipramine hydrochloride,3600.0,46784.95,37789.88736
2025-07,MIDLANDS,Dosulepin hydrochloride,4904.0,63732.16,51612.06819
2025-07,MIDLANDS,Doxepin,209.0,7286.23,7244.17862
2025-07,MIDLANDS,Duloxetine hydrochloride,82991.0,257478.63,210463.20467
2025-07,MIDLANDS,Escitalopram,31780.0,51852.31,43613.99191
2025-07,MIDLANDS,Fluoxetine hydrochloride,128217.0,222963.01,194164.75186
2025-07,MIDLANDS,Flupentixol decanoate,422.0,9289.44,8897.70271
2025-07,MIDLANDS,Flupentixol hydrochloride,2678.0,9932.5,9659.96096
2025-07,MIDLANDS,Fluvoxamine maleate,359.0,6733.5,6406.48744
2025-07,MIDLANDS,Imipramine hydrochloride,1737.0,19237.82,19158.80448
2025-07,MIDLANDS,Isocarboxazid,18.0,8609.86,8610.8832
2025-07,MIDLANDS,Lofepramine hydrochloride,2091.0,59400.62,59086.87586
2025-07,MIDLANDS,Mianserin hydrochloride,9.0,547.11,541.35882
2025-07,MIDLANDS,Mirtazapine,212689.0,242710.74,207173.1894
2025-07,MIDLANDS,Moclobemide,118.0,2494.25,2372.70311
2025-07,MIDLANDS,Nortriptyline,16419.0,56991.37,57992.79318
2025-07,MIDLANDS,Oxitriptan,3.0,63.62,60.67902
2025-07,MIDLANDS,Paroxetine hydrochloride,20929.0,43479.33,37093.50055
2025-07,MIDLANDS,Phenelzine sulfate,61.0,7004.4,6968.69826
2025-07,MIDLANDS,Reboxetine,308.0,4753.93,4505.07725
2025-07,MIDLANDS,Sertraline hydrochloride,443106.0,802633.93,698943.97553
2025-07,MIDLANDS,Tranylcypromine sulfate,41.0,35057.58,34952.14396
2025-07,MIDLANDS,Trazodone hydrochloride,14578.0,42345.3,39773.77495
2025-07,MIDLANDS,Trimipramine maleate,132.0,21090.54,20769.40298
2025-07,MIDLANDS,Tryptophan,13.0,1145.5,1060.92793
2025-07,MIDLANDS,Venlafaxine,107328.0,803354.08,743603.50261
2025-07,MIDLANDS,Vortioxetine,6602.0,165904.2,157347.94393
2025-07,NORTH EAST AND YORKSHIRE,Agomelatine,445.0,8788.52,7129.55293
2025-07,NORTH EAST AND YORKSHIRE,Amitriptyline hydrochloride,297233.0,315817.57,263945.20959
2025-07,NORTH EAST AND YORKSHIRE,Bupropion hydrochloride,289.0,8358.19,7924.69803
2025-07,NORTH EAST AND YORKSHIRE,Citalopram hydrobromide,196447.0,153448.7,129524.7707
2025-07,NORTH EAST AND YORKSHIRE,Citalopram hydrochloride,869.0,11039.75,8890.13072
2025-07,NORTH EAST AND YORKSHIRE,Clomipramine hydrochloride,3560.0,38612.99,31242.22077
2025-07,NORTH EAST AND YORKSHIRE,Dosulepin hydrochloride,3675.0,41054.96,33223.6739
2025-07,NORTH EAST AND YORKSHIRE,Doxepin,265.0,9134.17,9127.47211
2025-07,NORTH EAST AND YORKSHIRE,Duloxetine hydrochloride,108815.0,269266.55,221709.9378
2025-07,NORTH EAST AND YORKSHIRE,Escitalopram,24080.0,35279.79,29743.09696
2025-07,NORTH EAST AND YORKSHIRE,Fluoxetine hydrochloride,153881.0,225658.38,197974.05877
2025-07,NORTH EAST AND YORKSHIRE,Flupentixol decanoate,433.0,7468.09,7082.76598
2025-07,NORTH EAST AND YORKSHIRE,Flupentixol hydrochloride,2965.0,9156.54,8985.55421
2025-07,NORTH EAST AND YORKSHIRE,Fluvoxamine maleate,295.0,5294.0,5045.82588
2025-07,NORTH EAST AND YORKSHIRE,Imipramine hydrochloride,1546.0,14137.05,14147.266
2025-07,NORTH EAST AND YORKSHIRE,Isocarboxazid,4.0,1510.5,1510.9496
2025-07,NORTH EAST AND YORKSHIRE,Lofepramine hydrochloride,2545.0,56755.51,56769.22755
2025-07,NORTH EAST AND YORKSHIRE,Mianserin hydrochloride,18.0,835.91,812.34891
2025-07,NORTH EAST AND YORKSHIRE,Mirtazapine,240079.0,223226.63,195770.9016
2025-07,NORTH EAST AND YORKSHIRE,Moclobemide,139.0,2358.18,2246.42098
2025-07,NORTH EAST AND YORKSHIRE,Nortriptyline,16786.0,47360.04,48573.59577
2025-07,NORTH EAST AND YORKSHIRE,Oxitriptan,1.0,20.79,19.86382
2025-07,NORTH EAST AND YORKSHIRE,Paroxetine hydrochloride,19709.0,34941.64,30120.42749
2025-07,NORTH EAST AND YORKSHIRE,Phenelzine sulfate,64.0,5515.2,5510.47556
2025-07,NORTH EAST AND YORKSHIRE,Reboxetine,463.0,5761.61,5504.46253
2025-07,NORTH EAST AND YORKSHIRE,Sertraline hydrochloride,431159.0,695390.09,614819.72136
2025-07,NORTH EAST AND YORKSHIRE,Tranylcypromine sulfate,22.0,27160.0,27161.0728
2025-07,NORTH EAST AND YORKSHIRE,Trazodone hydrochloride,44977.0,78153.8,72342.96862
2025-07,NORTH EAST AND YORKSHIRE,Trimipramine maleate,242.0,20807.4,20778.81208
2025-07,NORTH EAST AND YORKSHIRE,Tryptophan,16.0,1160.76,1103.97188
2025-07,NORTH EAST AND YORKSHIRE,Venlafaxine,89321.0,523464.17,482165.05116
2025-07,NORTH EAST AND YORKSHIRE,Vortioxetine,6347.0,121601.7,115759.44314
2025-07,NORTH WEST,Agomelatine,155.0,4484.67,3617.97594
2025-07,NORTH WEST,Amitriptyline hydrochloride,194007.0,221968.64,182857.47398
2025-07,NORTH WEST,Bupropion hydrochloride,253.0,8372.9,7964.92071
2025-07,NORTH WEST,Citalopram hydrobromide,151728.0,126573.51,104880.67999
2025-07,NORTH WEST,Citalopram hydrochloride,682.0,8729.06,7000.46569
2025-07,NORTH WEST,Clomipramine hydrochloride,2922.0,37710.96,30317.57741
2025-07,NORTH WEST,Dosulepin hydrochloride,3318.0,42945.82,34634.19725
2025-07,NORTH WEST,Doxepin,163.0,5181.16,5167.13763
2025-07,NORTH WEST,Duloxetine hydrochloride,70068.0,209861.67,171349.58415
2025-07,NORTH WEST,Escitalopram,24862.0,39719.03,33282.58742
2025-07,NORTH WEST,Fluoxetine hydrochloride,98678.0,167723.36,148335.65302
2025-07,NORTH WEST,Flupentixol decanoate,385.0,9165.38,8731.63157
2025-07,NORTH WEST,Flupentixol hydrochloride,1684.0,6480.07,6321.66481
2025-07,NORTH WEST,Fluvoxamine maleate,244.0,4193.67,4004.96246
2025-07,NORTH WEST,Imipramine hydrochloride,850.0,8023.25,8026.68528
2025-07,NORTH WEST,Isocarboxazid,1.0,1208.4,1208.4124
2025-07,NORTH WEST,Lofepramine hydrochloride,1097.0,28634.63,28684.65362
2025-07,NORTH WEST,Mianserin hydrochloride,10.0,670.8,666.03834
2025-07,NORTH WEST,Mirtazapine,206366.0,205870.05,175492.50209
2025-07,NORTH WEST,Moclobemide,81.0,1565.99,1494.66431
2025-07,NORTH WEST,Nortriptyline,16119.0,51280.84,52839.4319
2025-07,NORTH WEST,Paroxetine hydrochloride,17286.0,33030.44,28282.53975
2025-07,NORTH WEST,Phenelzine sulfate,31.0,4008.0,4010.9844
2025-07,NORTH WEST,Reboxetine,284.0,4320.7,4126.54296
2025-07,NORTH WEST,Sertraline hydrochloride,348198.0,531167.01,458038.99087
2025-07,NORTH WEST,Tranylcypromine sulfate,14.0,15138.93,15031.45916
2025-07,NORTH WEST,Trazodone hydrochloride,19188.0,59071.73,56608.18926
2025-07,NORTH WEST,Trimipramine maleate,95.0,10383.05,10386.828
2025-07,NORTH WEST,Tryptophan,5.0,198.56,189.10281
2025-07,NORTH WEST,Venlafaxine,87121.0,579523.5,538541.91527
2025-07,NORTH WEST,Vortioxetine,5862.0,136496.25,129875.80071
2025-07,SOUTH EAST,Agomelatine,767.0,25315.45,20533.23424
2025-07,SOUTH EAST,Amitriptyline hydrochloride,176621.0,234142.19,192771.91273
2025-07,SOUTH EAST,Bupropion hydrochloride,698.0,28106.54,26687.41415
2025-07,SOUTH EAST,Citalopram hydrobromide,158504.0,152900.71,126729.93583
2025-07,SOUTH EAST,Citalopram hydrochloride,1019.0,13522.48,10881.06192
2025-07,SOUTH EAST,Clomipramine hydrochloride,2673.0,36962.71,29789.17012
2025-07,SOUTH EAST,Dosulepin hydrochloride,3650.0,49168.59,39802.65636
2025-07,SOUTH EAST,Doxepin,155.0,7235.53,7208.19523
2025-07,SOUTH EAST,Duloxetine hydrochloride,54065.0,196618.62,161031.18941
2025-07,SOUTH EAST,Escitalopram,37634.0,69577.01,58070.25506
2025-07,SOUTH EAST,Fluoxetine hydrochloride,83767.0,165536.84,145185.20388
2025-07,SOUTH EAST,Flupentixol decanoate,362.0,5502.6,5191.54753
2025-07,SOUTH EAST,Flupentixol hydrochloride,1437.0,5324.37,5172.32852
2025-07,SOUTH EAST,Fluvoxamine maleate,234.0,4890.05,4656.10316
2025-07,SOUTH EAST,Imipramine hydrochloride,1459.0,17321.49,17298.05116
2025-07,SOUTH EAST,Isocarboxazid,12.0,5777.66,5778.4088
2025-07,SOUTH EAST,Lofepramine hydrochloride,977.0,28243.75,28176.68216
2025-07,SOUTH EAST,Mianserin hydrochloride,16.0,1085.59,1068.90428
2025-07,SOUTH EAST,Mirtazapine,148433.0,178369.43,153573.37817
2025-07,SOUTH EAST,Moclobemide,120.0,2518.27,2392.01887
2025-07,SOUTH EAST,Nortriptyline,12261.0,51956.69,52683.83639
2025-07,SOUTH EAST,Paroxetine hydrochloride,13967.0,31504.7,26705.49656
2025-07,SOUTH EAST,Phenelzine sulfate,81.0,12400.8,12353.63981
2025-07,SOUTH EAST,Reboxetine,231.0,4173.72,3968.40813
2025-07,SOUTH EAST,Sertraline hydrochloride,302017.0,613616.77,532115.01802
2025-07,SOUTH EAST,Tranylcypromine sulfate,81.0,119673.75,119568.80996
2025-07,SOUTH EAST,Trazodone hydrochloride,16051.0,46542.34,44061.05516
2025-07,SOUTH EAST,Trimipramine maleate,198.0,44523.48,44404.49697
2025-07,SOUTH EAST,Tryptophan,9.0,916.41,871.04175
2025-07,SOUTH EAST,Venlafaxine,77960.0,622857.23,574563.94134
2025-07,SOUTH EAST,Vortioxetine,7980.0,210663.09,199996.93857
2025-07,SOUTH WEST,Agomelatine,204.0,6107.66,4945.93529
2025-07,SOUTH WEST,Amitriptyline hydrochloride,153750.0,196859.37,162640.35096
2025-07,SOUTH WEST,Bupropion hydrochloride,270.0,10697.56,10142.72386
2025-07,SOUTH WEST,Citalopram hydrobromide,123610.0,113563.77,94503.70734
2025-07,SOUTH WEST,Citalopram hydrochloride,657.0,8567.15,6932.56988
2025-07,SOUTH WEST,Clomipramine hydrochloride,1944.0,24430.23,19753.16878
2025-07,SOUTH WEST,Dosulepin hydrochloride,2563.0,34171.51,27755.38871
2025-07,SOUTH WEST,Doxepin,160.0,8244.96,8214.94158
2025-07,SOUTH WEST,Duloxetine hydrochloride,43309.0,136252.81,111916.61463
2025-07,SOUTH WEST,Escitalopram,21161.0,36716.44,30694.51054
2025-07,SOUTH WEST,Fluoxetine hydrochloride,60064.0,109036.82,94926.73072
2025-07,SOUTH WEST,Flupentixol decanoate,312.0,4637.87,4338.33581
2025-07,SOUTH WEST,Flupentixol hydrochloride,1292.0,4549.69,4468.65904
2025-07,SOUTH WEST,Fluvoxamine maleate,185.0,3002.6,2852.52245
2025-07,SOUTH WEST,Imipramine hydrochloride,1080.0,8684.96,8620.78196
2025-07,SOUTH WEST,Isocarboxazid,39.0,9149.35,9018.56213
2025-07,SOUTH WEST,Lofepramine hydrochloride,1031.0,28787.63,28630.57273
2025-07,SOUTH WEST,Mianserin hydrochloride,13.0,899.12,887.08273
2025-07,SOUTH WEST,Mirtazapine,117078.0,130673.88,112239.59746
2025-07,SOUTH WEST,Moclobemide,90.0,2194.67,2075.17165
2025-07,SOUTH WEST,Nortriptyline,7472.0,26512.11,26895.80782
2025-07,SOUTH WEST,Paroxetine hydrochloride,10445.0,23362.29,19989.35905
2025-07,SOUTH WEST,Phenelzine sulfate,43.0,6021.6,5955.06935
2025-07,SOUTH WEST,Reboxetine,220.0,3655.64,3475.90491
2025-07,SOUTH WEST,Sertraline hydrochloride,205505.0,379688.72,328898.31244
2025-07,SOUTH WEST,Tranylcypromine sulfate,38.0,54112.14,53735.76186
2025-07,SOUTH WEST,Trazodone hydrochloride,9692.0,25047.33,23234.56844
2025-07,SOUTH WEST,Trimipramine maleate,101.0,11263.11,10902.0577
2025-07,SOUTH WEST,Tryptophan,7.0,206.19,196.47644
2025-07,SOUTH WEST,Venlafaxine,60484.0,423169.4,388007.17697
2025-07,SOUTH WEST,Vortioxetine,2193.0,57545.73,54530.88685
2025-07,UNIDENTIFIED,Agomelatine,2.0,53.23,47.16055
2025-07,UNIDENTIFIED,Amitriptyline hydrochloride,73.0,91.26,81.58368
2025-07,UNIDENTIFIED,Citalopram hydrobromide,59.0,63.14,57.41968
2025-07,UNIDENTIFIED,Clomipramine hydrochloride,3.0,29.14,23.54489
2025-07,UNIDENTIFIED,Dosulepin hydrochloride,1.0,14.98,13.56312
2025-07,UNIDENTIFIED,Duloxetine hydrochloride,37.0,107.42,94.45323
2025-07,UNIDENTIFIED,Escitalopram,11.0,16.4,15.08096
2025-07,UNIDENTIFIED,Fluoxetine hydrochloride,70.0,204.78,194.75115
2025-07,UNIDENTIFIED,Flupentixol hydrochloride,2.0,10.07,9.79175
2025-07,UNIDENTIFIED,Fluvoxamine maleate,1.0,31.92,28.98683
2025-07,UNIDENTIFIED,Lofepramine hydrochloride,2.0,28.14,28.3648
2025-07,UNIDENTIFIED,Mirtazapine,77.0,375.4,365.26828
2025-07,UNIDENTIFIED,Nortriptyline,12.0,25.31,25.2509
2025-07,UNIDENTIFIED,Paroxetine hydrochloride,6.0,11.82,10.16
2025-07,UNIDENTIFIED,Sertraline hydrochloride,155.0,687.11,662.51775
2025-07,UNIDENTIFIED,Trazodone hydrochloride,13.0,23.91,21.06547
2025-07,UNIDENTIFIED,Venlafaxine,40.0,260.81,239.1423
2025-07,UNIDENTIFIED,Vortioxetine,2.0,83.16,79.03049
2025-08,EAST OF ENGLAND,Agomelatine,123.0,3835.22,3140.78123
2025-08,EAST OF ENGLAND,Amitriptyline hydrochloride,165642.0,188545.17,156328.89908
2025-08,EAST OF ENGLAND,Bupropion hydrochloride,295.0,10648.83,10088.21943
2025-08,EAST OF ENGLAND,Citalopram hydrobromide,153179.0,122868.22,102585.8548
2025-08,EAST OF ENGLAND,Citalopram hydrochloride,749.0,9417.71,7595.23642
2025-08,EAST OF ENGLAND,Clomipramine hydrochloride,2601.0,29820.93,24214.88236
2025-08,EAST OF ENGLAND,Dosulepin hydrochloride,2668.0,32627.65,26564.48532
2025-08,EAST OF ENGLAND,Doxepin,126.0,5447.17,5402.53499
2025-08,EAST OF ENGLAND,Duloxetine hydrochloride,38534.0,124878.82,102531.18019
2025-08,EAST OF ENGLAND,Escitalopram,20548.0,33528.2,28262.3814
2025-08,EAST OF ENGLAND,Fluoxetine hydrochloride,70661.0,126206.05,109539.74277
2025-08,EAST OF ENGLAND,Flupentixol decanoate,222.0,3113.82,2920.1134
2025-08,EAST OF ENGLAND,Flupentixol hydrochloride,1612.0,5212.06,5059.5513
2025-08,EAST OF ENGLAND,Fluvoxamine maleate,225.0,4126.29,3912.69092
2025-08,EAST OF ENGLAND,Imipramine hydrochloride,899.0,7743.0,7654.39053
2025-08,EAST OF ENGLAND,Isocarboxazid,17.0,9429.84,9396.88209
2025-08,EAST OF ENGLAND,Lofepramine hydrochloride,954.0,23355.49,23214.303
2025-08,EAST OF ENGLAND,Mianserin hydrochloride,15.0,807.72,788.46074
2025-08,EAST OF ENGLAND,Mirtazapine,110442.0,119495.69,103456.99861
2025-08,EAST OF ENGLAND,Moclobemide,93.0,1679.89,1595.70652
2025-08,EAST OF ENGLAND,Nefazodone hydrochloride,1.0,16.8,15.97315
2025-08,EAST OF ENGLAND,Nortriptyline,10817.0,34307.49,31931.23906
2025-08,EAST OF ENGLAND,Paroxetine hydrochloride,13151.0,27771.76,23885.656
2025-08,EAST OF ENGLAND,Phenelzine sulfate,52.0,5635.2,5614.48184
2025-08,EAST OF ENGLAND,Reboxetine,203.0,3298.81,3122.20021
2025-08,EAST OF ENGLAND,Sertraline hydrochloride,237662.0,429142.67,373823.07744
2025-08,EAST OF ENGLAND,Tranylcypromine sulfate,18.0,22795.0,22525.8371
2025-08,EAST OF ENGLAND,Trazodone hydrochloride,8192.0,23245.83,22102.45846
2025-08,EAST OF ENGLAND,Trimipramine maleate,97.0,16885.52,16579.22872
2025-08,EAST OF ENGLAND,Tryptophan,9.0,794.21,751.93374
2025-08,EAST OF ENGLAND,Venlafaxine,73672.0,535421.92,500762.05291
2025-08,EAST OF ENGLAND,Vortioxetine,4188.0,100621.62,95255.06661
2025-08,LONDON,Agomelatine,426.0,13340.56,10787.23879
2025-08,LONDON,Amitriptyline hydrochloride,123904.0,122802.84,104176.91901
2025-08,LONDON,Bupropion hydrochloride,1123.0,47237.12,45062.82981
2025-08,LONDON,Citalopram hydrobromide,97904.0,82374.74,70518.71664
2025-08,LONDON,Citalopram hydrochloride,348.0,4932.49,3981.31911
2025-08,LONDON,Clomipramine hydrochloride,1943.0,23656.45,19019.89432
2025-08,LONDON,Dosulepin hydrochloride,2229.0,24306.91,19656.2703
2025-08,LONDON,Doxepin,137.0,4920.96,4928.7588
2025-08,LONDON,Duloxetine hydrochloride,34017.0,94333.37,77933.43604
2025-08,LONDON,Escitalopram,20709.0,41076.29,34496.27188
2025-08,LONDON,Fluoxetine hydrochloride,50993.0,93173.92,82510.58
2025-08,LONDON,Flupentixol decanoate,455.0,13805.25,13116.16121
2025-08,LONDON,Flupentixol hydrochloride,1659.0,5536.64,5429.62762
2025-08,LONDON,Fluvoxamine maleate,301.0,6693.57,6379.62426
2025-08,LONDON,Imipramine hydrochloride,804.0,5479.56,5525.1296
2025-08,LONDON,Isocarboxazid,17.0,3911.18,3912.7908
2025-08,LONDON,Lofepramine hydrochloride,878.0,19637.19,19712.8772
2025-08,LONDON,Mianserin hydrochloride,15.0,853.85,840.50712
2025-08,LONDON,Mirtazapine,127328.0,122541.36,108633.48696
2025-08,LONDON,Moclobemide,69.0,1586.47,1511.77327
2025-08,LONDON,Nortriptyline,10411.0,30853.2,28853.18088
2025-08,LONDON,Oxitriptan,2.0,79.24,75.40635
2025-08,LONDON,Paroxetine hydrochloride,11218.0,21663.36,18412.31715
2025-08,LONDON,Phenelzine sulfate,42.0,5450.4,5453.4208
2025-08,LONDON,Reboxetine,104.0,1823.54,1740.73448
2025-08,LONDON,Sertraline hydrochloride,208739.0,374045.73,326015.98165
2025-08,LONDON,Tranylcypromine sulfate,44.0,62599.64,62601.4856
2025-08,LONDON,Trazodone hydrochloride,6135.0,15875.03,14956.84805
2025-08,LONDON,Trimipramine maleate,224.0,32779.24,32792.5176
2025-08,LONDON,Tryptophan,7.0,842.23,800.74308
2025-08,LONDON,Venlafaxine,49375.0,326108.32,304930.85964
2025-08,LONDON,Vortioxetine,4016.0,111466.08,106092.57346
2025-08,MIDLANDS,Agomelatine,314.0,9988.88,8080.67769
2025-08,MIDLANDS,Amitriptyline hydrochloride,269102.0,314892.67,259514.78164
2025-08,MIDLANDS,Bupropion hydrochloride,321.0,11331.02,10737.75322
2025-08,MIDLANDS,Citalopram hydrobromide,206506.0,177815.53,147426.35533
2025-08,MIDLANDS,Citalopram hydrochloride,1187.0,15025.15,12097.28061
2025-08,MIDLANDS,Clomipramine hydrochloride,3177.0,41705.05,33682.7161
2025-08,MIDLANDS,Dosulepin hydrochloride,4396.0,56297.88,45585.24008
2025-08,MIDLANDS,Doxepin,189.0,6763.86,6717.65845
2025-08,MIDLANDS,Duloxetine hydrochloride,76675.0,236171.57,193229.83269
2025-08,MIDLANDS,Escitalopram,29197.0,48441.26,40804.48404
2025-08,MIDLANDS,Fluoxetine hydrochloride,117554.0,205502.38,177090.92518
2025-08,MIDLANDS,Flupentixol decanoate,414.0,9430.4,8955.90283
2025-08,MIDLANDS,Flupentixol hydrochloride,2530.0,9659.56,9382.71671
2025-08,MIDLANDS,Fluvoxamine maleate,323.0,6190.56,5887.73897
2025-08,MIDLANDS,Imipramine hydrochloride,1608.0,15736.86,15660.53291
2025-08,MIDLANDS,Isocarboxazid,18.0,8911.96,8912.9832
2025-08,MIDLANDS,Lofepramine hydrochloride,1958.0,55212.02,54940.35917
2025-08,MIDLANDS,Mianserin hydrochloride,12.0,653.54,644.89472
2025-08,MIDLANDS,Mirtazapine,195531.0,222385.68,190015.63962
2025-08,MIDLANDS,Moclobemide,109.0,2467.82,2345.18617
2025-08,MIDLANDS,Nortriptyline,15104.0,48823.1,45422.71339
2025-08,MIDLANDS,Paroxetine hydrochloride,19238.0,39753.53,33820.07076
2025-08,MIDLANDS,Phenelzine sulfate,58.0,6459.6,6419.66266
2025-08,MIDLANDS,Reboxetine,270.0,4305.55,4075.52889
2025-08,MIDLANDS,Sertraline hydrochloride,405999.0,750210.72,655302.90364
2025-08,MIDLANDS,Tranylcypromine sulfate,43.0,38695.08,38535.68402
2025-08,MIDLANDS,Trazodone hydrochloride,13444.0,35040.26,32647.78984
2025-08,MIDLANDS,Trimipramine maleate,120.0,19969.7,19724.18327
2025-08,MIDLANDS,Tryptophan,17.0,1122.59,1039.55371
2025-08,MIDLANDS,Venlafaxine,98718.0,751245.31,700877.57274
2025-08,MIDLANDS,Vortioxetine,6111.0,154382.58,146450.67871
2025-08,NORTH EAST AND YORKSHIRE,Agomelatine,431.0,8242.2,6687.41407
2025-08,NORTH EAST AND YORKSHIRE,Amitriptyline hydrochloride,273884.0,291894.66,243955.25747
2025-08,NORTH EAST AND YORKSHIRE,Bupropion hydrochloride,265.0,7982.39,7573.24126
2025-08,NORTH EAST AND YORKSHIRE,Citalopram hydrobromide,179297.0,139503.14,117813.57153
2025-08,NORTH EAST AND YORKSHIRE,Citalopram hydrochloride,806.0,10151.14,8174.18172
2025-08,NORTH EAST AND YORKSHIRE,Clomipramine hydrochloride,3216.0,34923.52,28219.04467
2025-08,NORTH EAST AND YORKSHIRE,Dosulepin hydrochloride,3326.0,36768.94,29774.27639
2025-08,NORTH EAST AND YORKSHIRE,Doxepin,256.0,8438.33,8426.92064
2025-08,NORTH EAST AND YORKSHIRE,Duloxetine hydrochloride,101780.0,253210.76,208423.94661
2025-08,NORTH EAST AND YORKSHIRE,Escitalopram,22373.0,32620.67,27542.27404
2025-08,NORTH EAST AND YORKSHIRE,Fluoxetine hydrochloride,140798.0,209206.75,181717.7075
2025-08,NORTH EAST AND YORKSHIRE,Flupentixol decanoate,393.0,7099.97,6726.4653
2025-08,NORTH EAST AND YORKSHIRE,Flupentixol hydrochloride,2845.0,8741.63,8578.21468
2025-08,NORTH EAST AND YORKSHIRE,Fluvoxamine maleate,267.0,4984.74,4751.80715
2025-08,NORTH EAST AND YORKSHIRE,Imipramine hydrochloride,1410.0,11873.5,11880.25597
2025-08,NORTH EAST AND YORKSHIRE,Isocarboxazid,4.0,1661.55,1661.8996
2025-08,NORTH EAST AND YORKSHIRE,Lofepramine hydrochloride,2293.0,48016.56,48038.96318
2025-08,NORTH EAST AND YORKSHIRE,Mianserin hydrochloride,17.0,835.91,799.32504
2025-08,NORTH EAST AND YORKSHIRE,Mirtazapine,219833.0,205171.56,180107.1982
2025-08,NORTH EAST AND YORKSHIRE,Moclobemide,90.0,1790.89,1701.53358
2025-08,NORTH EAST AND YORKSHIRE,Nortriptyline,15472.0,40448.62,37684.62211
2025-08,NORTH EAST AND YORKSHIRE,Oxitriptan,1.0,20.79,19.86383
2025-08,NORTH EAST AND YORKSHIRE,Paroxetine hydrochloride,18030.0,30532.69,26202.76588
2025-08,NORTH EAST AND YORKSHIRE,Phenelzine sulfate,67.0,6194.4,6189.72186
2025-08,NORTH EAST AND YORKSHIRE,Reboxetine,411.0,5288.16,5045.92924
2025-08,NORTH EAST AND YORKSHIRE,Sertraline hydrochloride,394366.0,612224.89,538777.23027
2025-08,NORTH EAST AND YORKSHIRE,Tranylcypromine sulfate,25.0,26293.93,26295.14
2025-08,NORTH EAST AND YORKSHIRE,Trazodone hydrochloride,41337.0,68496.22,63165.34503
2025-08,NORTH EAST AND YORKSHIRE,Trimipramine maleate,204.0,21891.24,21859.51795
2025-08,NORTH EAST AND YORKSHIRE,Tryptophan,13.0,473.46,450.96945
2025-08,NORTH EAST AND YORKSHIRE,Venlafaxine,82937.0,489723.69,456536.89412
2025-08,NORTH EAST AND YORKSHIRE,Vortioxetine,5960.0,113995.53,108511.67096
2025-08,NORTH WEST,Agomelatine,132.0,3706.09,2992.45835
2025-08,NORTH WEST,Amitriptyline hydrochloride,177701.0,202926.74,167227.17927
2025-08,NORTH WEST,Bupropion hydrochloride,222.0,7229.39,6877.16768
2025-08,NORTH WEST,Citalopram hydrobromide,138236.0,114733.63,95095.40112
2025-08,NORTH WEST,Citalopram hydrochloride,607.0,7458.01,5982.96381
2025-08,NORTH WEST,Clomipramine hydrochloride,2679.0,34996.49,28141.16473
2025-08,NORTH WEST,Dosulepin hydrochloride,3070.0,39611.96,31944.25244
2025-08,NORTH WEST,Doxepin,162.0,5113.27,5101.11487
2025-08,NORTH WEST,Duloxetine hydrochloride,65354.0,186962.33,152704.05607
2025-08,NORTH WEST,Escitalopram,23103.0,36952.15,30963.65769
2025-08,NORTH WEST,Fluoxetine hydrochloride,89732.0,154442.61,135434.62614
2025-08,NORTH WEST,Flupentixol decanoate,370.0,9121.7,8689.68421
2025-08,NORTH WEST,Flupentixol hydrochloride,1559.0,5987.23,5843.10119
2025-08,NORTH WEST,Fluvoxamine maleate,203.0,3387.93,3235.7678
2025-08,NORTH WEST,Imipramine hydrochloride,726.0,6196.41,6200.81965
2025-08,NORTH WEST,Lofepramine hydrochloride,938.0,24846.8,24873.85223
2025-08,NORTH WEST,Mianserin hydrochloride,9.0,659.87,658.02736
2025-08,NORTH WEST,Mirtazapine,188704.0,188676.8,160962.20363
2025-08,NORTH WEST,Moclobemide,67.0,1298.12,1238.80304
2025-08,NORTH WEST,Nortriptyline,14909.0,42952.33,40235.9314
2025-08,NORTH WEST,Paroxetine hydrochloride,15718.0,29182.56,24881.79628
2025-08,NORTH WEST,Phenelzine sulfate,33.0,4059.6,4062.8092
2025-08,NORTH WEST,Reboxetine,254.0,3868.48,3694.53434
2025-08,NORTH WEST,Sertraline hydrochloride,317156.0,500457.32,433888.51662
2025-08,NORTH WEST,Tranylcypromine sulfate,12.0,18014.29,17906.78188
2025-08,NORTH WEST,Trazodone hydrochloride,17476.0,50067.78,47911.82547
2025-08,NORTH WEST,Trimipramine maleate,76.0,9438.0,9440.6424
2025-08,NORTH WEST,Tryptophan,6.0,565.11,537.45425
2025-08,NORTH WEST,Venlafaxine,79484.0,531074.97,497858.32662
2025-08,NORTH WEST,Vortioxetine,5460.0,124581.6,118557.72389
2025-08,SOUTH EAST,Agomelatine,668.0,21368.7,17314.69957
2025-08,SOUTH EAST,Amitriptyline hydrochloride,163565.0,215048.93,177091.15816
2025-08,SOUTH EAST,Bupropion hydrochloride,617.0,23228.96,22045.44692
2025-08,SOUTH EAST,Citalopram hydrobromide,145135.0,139661.98,115746.35129
2025-08,SOUTH EAST,Citalopram hydrochloride,894.0,11658.82,9378.05727
2025-08,SOUTH EAST,Clomipramine hydrochloride,2409.0,33860.82,27268.43851
2025-08,SOUTH EAST,Dosulepin hydrochloride,3365.0,45482.82,36820.77891
2025-08,SOUTH EAST,Doxepin,159.0,7378.3,7344.89318
2025-08,SOUTH EAST,Duloxetine hydrochloride,50010.0,186052.56,152231.46463
2025-08,SOUTH EAST,Escitalopram,34669.0,63066.63,52600.22266
2025-08,SOUTH EAST,Fluoxetine hydrochloride,76665.0,150432.01,130250.91081
2025-08,SOUTH EAST,Flupentixol decanoate,332.0,5141.05,4856.16532
2025-08,SOUTH EAST,Flupentixol hydrochloride,1314.0,4991.05,4846.06337
2025-08,SOUTH EAST,Fluvoxamine maleate,199.0,4076.66,3878.05063
2025-08,SOUTH EAST,Imipramine hydrochloride,1325.0,12323.57,12303.96127
2025-08,SOUTH EAST,Isocarboxazid,12.0,6230.81,6231.6588
2025-08,SOUTH EAST,Lofepramine hydrochloride,873.0,26461.64,26357.27717
2025-08,SOUTH EAST,Mianserin hydrochloride,14.0,965.64,950.05628
2025-08,SOUTH EAST,Mirtazapine,137210.0,165034.31,142086.24307
2025-08,SOUTH EAST,Moclobemide,100.0,2084.17,1981.13264
2025-08,SOUTH EAST,Nortriptyline,11606.0,45377.8,42485.19112
2025-08,SOUTH EAST,Paroxetine hydrochloride,12916.0,29561.22,25098.24085
2025-08,SOUTH EAST,Phenelzine sulfate,72.0,11157.6,11111.63823
2025-08,SOUTH EAST,Reboxetine,216.0,3787.32,3601.92987
2025-08,SOUTH EAST,Sertraline hydrochloride,277166.0,567112.74,491729.07541
2025-08,SOUTH EAST,Tranylcypromine sulfate,68.0,103790.0,103684.08628
2025-08,SOUTH EAST,Trazodone hydrochloride,14729.0,37373.95,35100.35857
2025-08,SOUTH EAST,Trimipramine maleate,167.0,36694.17,36435.3487
2025-08,SOUTH EAST,Tryptophan,6.0,641.49,601.40449
2025-08,SOUTH EAST,Venlafaxine,72032.0,595926.21,557941.13499
2025-08,SOUTH EAST,Vortioxetine,7636.0,199759.23,189688.28315
2025-08,SOUTH WEST,Agomelatine,196.0,6020.91,4870.65277
2025-08,SOUTH WEST,Amitriptyline hydrochloride,141632.0,179518.97,148359.77819
2025-08,SOUTH WEST,Bupropion hydrochloride,245.0,8832.97,8360.94375
2025-08,SOUTH WEST,Citalopram hydrobromide,113773.0,104047.0,86658.63947
2025-08,SOUTH WEST,Citalopram hydrochloride,613.0,7474.42,6042.40923
2025-08,SOUTH WEST,Clomipramine hydrochloride,1880.0,23831.39,19289.42514
2025-08,SOUTH WEST,Dosulepin hydrochloride,2362.0,32252.44,26261.11873
2025-08,SOUTH WEST,Doxepin,126.0,5218.06,5188.41303
2025-08,SOUTH WEST,Duloxetine hydrochloride,39836.0,125639.38,103192.05068
2025-08,SOUTH WEST,Escitalopram,19552.0,33906.5,28352.50025
2025-08,SOUTH WEST,Fluoxetine hydrochloride,55141.0,101920.26,88038.43967
2025-08,SOUTH WEST,Flupentixol decanoate,270.0,4292.98,4017.56864
2025-08,SOUTH WEST,Flupentixol hydrochloride,1231.0,4589.54,4501.08813
2025-08,SOUTH WEST,Fluvoxamine maleate,138.0,2830.63,2686.14586
2025-08,SOUTH WEST,Imipramine hydrochloride,1009.0,7032.88,6985.61484
2025-08,SOUTH WEST,Isocarboxazid,46.0,11528.36,11247.12737
2025-08,SOUTH WEST,Lofepramine hydrochloride,948.0,25794.81,25667.6661
2025-08,SOUTH WEST,Mianserin hydrochloride,11.0,624.45,610.33904
2025-08,SOUTH WEST,Mirtazapine,107927.0,120056.08,103125.56647
2025-08,SOUTH WEST,Moclobemide,64.0,1364.49,1292.20123
2025-08,SOUTH WEST,Nortriptyline,6961.0,25344.0,23578.82185
2025-08,SOUTH WEST,Paroxetine hydrochloride,9666.0,21384.64,18290.17806
2025-08,SOUTH WEST,Phenelzine sulfate,37.0,4480.8,4386.88085
2025-08,SOUTH WEST,Reboxetine,203.0,3185.74,3031.79158
2025-08,SOUTH WEST,Sertraline hydrochloride,188979.0,342771.94,296528.92641
2025-08,SOUTH WEST,Tranylcypromine sulfate,36.0,60105.36,59460.08968
2025-08,SOUTH WEST,Trazodone hydrochloride,8752.0,20368.72,18707.54622
2025-08,SOUTH WEST,Trimipramine maleate,90.0,14149.82,13833.28657
2025-08,SOUTH WEST,Tryptophan,6.0,259.65,247.25355
2025-08,SOUTH WEST,Venlafaxine,56041.0,394011.5,364726.40769
2025-08,SOUTH WEST,Vortioxetine,2079.0,54000.54,51160.89789
2025-08,UNIDENTIFIED,Amitriptyline hydrochloride,73.0,95.59,85.70418
2025-08,UNIDENTIFIED,Bupropion hydrochloride,3.0,164.26,160.35142
2025-08,UNIDENTIFIED,Citalopram hydrobromide,53.0,46.63,42.43029
2025-08,UNIDENTIFIED,Clomipramine hydrochloride,1.0,3.74,3.10381
2025-08,UNIDENTIFIED,Dosulepin hydrochloride,1.0,3.24,2.88011
2025-08,UNIDENTIFIED,Duloxetine hydrochloride,40.0,73.22,68.09192
2025-08,UNIDENTIFIED,Escitalopram,10.0,14.37,12.92998
2025-08,UNIDENTIFIED,Fluoxetine hydrochloride,53.0,155.66,147.58274
2025-08,UNIDENTIFIED,Flupentixol hydrochloride,1.0,2.27,2.269
2025-08,UNIDENTIFIED,Fluvoxamine maleate,2.0,25.65,24.49345
2025-08,UNIDENTIFIED,Imipramine hydrochloride,1.0,10.92,10.9324
2025-08,UNIDENTIFIED,Lofepramine hydrochloride,1.0,12.14,12.2524
2025-08,UNIDENTIFIED,Mirtazapine,76.0,83.46,74.25815
2025-08,UNIDENTIFIED,Nortriptyline,10.0,29.0,28.36218
2025-08,UNIDENTIFIED,Paroxetine hydrochloride,6.0,6.81,5.99807
2025-08,UNIDENTIFIED,Sertraline hydrochloride,128.0,621.1,583.43779
2025-08,UNIDENTIFIED,Trazodone hydrochloride,10.0,18.57,17.87618
2025-08,UNIDENTIFIED,Venlafaxine,34.0,307.23,284.57271
2025-08,UNIDENTIFIED,Vortioxetine,4.0,103.95,101.65147
2025-09,EAST OF ENGLAND,Agomelatine,136.0,4436.81,3633.79563
2025-09,EAST OF ENGLAND,Amitriptyline hydrochloride,173407.0,196263.85,162723.31014
2025-09,EAST OF ENGLAND,Bupropion hydrochloride,291.0,10443.49,9881.55336
2025-09,EAST OF ENGLAND,Citalopram hydrobromide,158895.0,128007.33,106956.73214
2025-09,EAST OF ENGLAND,Citalopram hydrochloride,765.0,9715.22,7830.48388
2025-09,EAST OF ENGLAND,Clomipramine hydrochloride,2653.0,31749.48,25770.92869
2025-09,EAST OF ENGLAND,Dosulepin hydrochloride,2639.0,32545.46,26493.13264
2025-09,EAST OF ENGLAND,Doxepin,142.0,5686.1,5648.25904
2025-09,EAST OF ENGLAND,Duloxetine hydrochloride,40504.0,132529.16,108670.12788
2025-09,EAST OF ENGLAND,Escitalopram,21660.0,35096.48,29553.92265
2025-09,EAST OF ENGLAND,Fluoxetine hydrochloride,73863.0,133772.09,116128.10134
2025-09,EAST OF ENGLAND,Flupentixol decanoate,240.0,3190.11,2997.31096
2025-09,EAST OF ENGLAND,Flupentixol hydrochloride,1710.0,5625.95,5465.66896
2025-09,EAST OF ENGLAND,Fluvoxamine maleate,279.0,4740.77,4499.98029
2025-09,EAST OF ENGLAND,Imipramine hydrochloride,875.0,7469.56,7381.83173
2025-09,EAST OF ENGLAND,Isocarboxazid,15.0,7886.97,7853.96019
2025-09,EAST OF ENGLAND,Lofepramine hydrochloride,952.0,23539.65,23396.82591
2025-09,EAST OF ENGLAND,Mianserin hydrochloride,15.0,710.21,690.50607
2025-09,EAST OF ENGLAND,Mirtazapine,115186.0,121588.26,104805.62732
2025-09,EAST OF ENGLAND,Moclobemide,83.0,1382.95,1316.83577
2025-09,EAST OF ENGLAND,Nortriptyline,11544.0,38351.79,35825.09267
2025-09,EAST OF ENGLAND,Paroxetine hydrochloride,13507.0,28337.78,24364.3644
2025-09,EAST OF ENGLAND,Phenelzine sulfate,46.0,5618.4,5602.80283
2025-09,EAST OF ENGLAND,Reboxetine,206.0,3407.64,3230.63485
2025-09,EAST OF ENGLAND,Sertraline hydrochloride,250615.0,466567.76,407586.0469
2025-09,EAST OF ENGLAND,Tranylcypromine sulfate,20.0,26190.0,25651.04077
2025-09,EAST OF ENGLAND,Trazodone hydrochloride,8457.0,23732.89,22519.60255
2025-09,EAST OF ENGLAND,Trimipramine maleate,111.0,19218.11,18670.94205
2025-09,EAST OF ENGLAND,Tryptophan,6.0,748.39,711.19101
2025-09,EAST OF ENGLAND,Venlafaxine,76337.0,809036.23,752688.97683
2025-09,EAST OF ENGLAND,Vortioxetine,4480.0,109740.51,103851.87153
2025-09,LONDON,Agomelatine,470.0,14115.92,11397.9525
2025-09,LONDON,Amitriptyline hydrochloride,131825.0,131937.83,111811.78336
2025-09,LONDON,Bupropion hydrochloride,1159.0,46304.74,44059.52766
2025-09,LONDON,Citalopram hydrobromide,102613.0,85778.47,73339.55173
2025-09,LONDON,Citalopram hydrochloride,368.0,4890.92,3949.90792
2025-09,LONDON,Clomipramine hydrochloride,2116.0,25088.69,20172.59784
2025-09,LONDON,Dosulepin hydrochloride,2372.0,25917.37,20950.65559
2025-09,LONDON,Doxepin,171.0,6744.15,6753.7704
2025-09,LONDON,Duloxetine hydrochloride,36290.0,99285.46,81983.87876
2025-09,LONDON,Escitalopram,21920.0,43347.71,36376.70078
2025-09,LONDON,Fluoxetine hydrochloride,53742.0,98135.44,87005.07757
2025-09,LONDON,Flupentixol decanoate,466.0,13064.23,12410.61773
2025-09,LONDON,Flupentixol hydrochloride,1752.0,5554.44,5459.18522
2025-09,LONDON,Fluvoxamine maleate,321.0,7780.84,7413.15766
2025-09,LONDON,Imipramine hydrochloride,759.0,5123.8,5163.9116
2025-09,LONDON,Isocarboxazid,15.0,5605.08,5606.366
2025-09,LONDON,Lofepramine hydrochloride,947.0,18532.23,18616.1728
2025-09,LONDON,Mianserin hydrochloride,19.0,1523.63,1501.45999
2025-09,LONDON,Mirtazapine,134607.0,132024.94,116935.367
2025-09,LONDON,Moclobemide,93.0,1614.72,1541.43668
2025-09,LONDON,Nortriptyline,11081.0,30808.45,28620.9202
2025-09,LONDON,Paroxetine hydrochloride,12033.0,23712.62,20264.37438
2025-09,LONDON,Phenelzine sulfate,49.0,6907.2,6910.7076
2025-09,LONDON,Reboxetine,109.0,1759.26,1680.95709
2025-09,LONDON,Sertraline hydrochloride,223508.0,406841.95,354760.32899
2025-09,LONDON,Tranylcypromine sulfate,45.0,58200.0,58200.558
2025-09,LONDON,Trazodone hydrochloride,6481.0,21310.77,20268.64769
2025-09,LONDON,Trimipramine maleate,215.0,34187.46,34199.026
2025-09,LONDON,Tryptophan,6.0,427.66,406.77776
2025-09,LONDON,Venlafaxine,51663.0,443090.84,409547.05475
2025-09,LONDON,Vortioxetine,4229.0,115573.59,110012.17499
2025-09,MIDLANDS,Agomelatine,337.0,11125.07,9008.62563
2025-09,MIDLANDS,Amitriptyline hydrochloride,284932.0,333598.21,274921.23668
2025-09,MIDLANDS,Bupropion hydrochloride,311.0,11755.52,11148.16202
2025-09,MIDLANDS,Citalopram hydrobromide,215782.0,185519.33,153869.22644
2025-09,MIDLANDS,Citalopram hydrochloride,1193.0,15016.82,12086.05053
2025-09,MIDLANDS,Clomipramine hydrochloride,3395.0,44497.11,35953.04821
2025-09,MIDLANDS,Dosulepin hydrochloride,4649.0,59326.23,48111.86861
2025-09,MIDLANDS,Doxepin,197.0,7407.87,7352.35953
2025-09,MIDLANDS,Duloxetine hydrochloride,81151.0,251762.65,205588.3922
2025-09,MIDLANDS,Escitalopram,30891.0,50673.05,42644.64502
2025-09,MIDLANDS,Fluoxetine hydrochloride,122879.0,216946.62,187163.00708
2025-09,MIDLANDS,Flupentixol decanoate,394.0,9781.71,9302.86501
2025-09,MIDLANDS,Flupentixol hydrochloride,2593.0,9733.19,9464.7787
2025-09,MIDLANDS,Fluvoxamine maleate,321.0,6321.64,6005.81076
2025-09,MIDLANDS,Imipramine hydrochloride,1577.0,13267.69,13206.76123
2025-09,MIDLANDS,Isocarboxazid,14.0,7401.46,7402.2336
2025-09,MIDLANDS,Lofepramine hydrochloride,2065.0,59111.2,58855.40365
2025-09,MIDLANDS,Mianserin hydrochloride,10.0,500.51,491.22123
2025-09,MIDLANDS,Mirtazapine,207316.0,235531.68,201027.66657
2025-09,MIDLANDS,Moclobemide,118.0,2499.79,2375.03984
2025-09,MIDLANDS,Nortriptyline,16018.0,52016.52,48420.57082
2025-09,MIDLANDS,Oxitriptan,2.0,56.92,54.2023
2025-09,MIDLANDS,Paroxetine hydrochloride,20182.0,41650.48,35371.61741
2025-09,MIDLANDS,Phenelzine sulfate,54.0,5638.8,5570.17089
2025-09,MIDLANDS,Reboxetine,288.0,4447.62,4213.22648
2025-09,MIDLANDS,Sertraline hydrochloride,429442.0,811294.74,710516.59499
2025-09,MIDLANDS,Tranylcypromine sulfate,49.0,40635.08,40473.92791
2025-09,MIDLANDS,Trazodone hydrochloride,14113.0,38376.18,35845.24948
2025-09,MIDLANDS,Trimipramine maleate,123.0,19995.03,19593.24688
2025-09,MIDLANDS,Tryptophan,11.0,1069.14,1013.7919
2025-09,MIDLANDS,Venlafaxine,103449.0,1094241.66,1017436.13894
2025-09,MIDLANDS,Vortioxetine,6455.0,162790.65,154396.36188
2025-09,NORTH EAST AND YORKSHIRE,Agomelatine,456.0,8763.12,7097.9054
2025-09,NORTH EAST AND YORKSHIRE,Amitriptyline hydrochloride,288203.0,307339.96,256763.72191
2025-09,NORTH EAST AND YORKSHIRE,Bupropion hydrochloride,231.0,6960.0,6605.98525
2025-09,NORTH EAST AND YORKSHIRE,Citalopram hydrobromide,188774.0,147325.75,124384.04802
2025-09,NORTH EAST AND YORKSHIRE,Citalopram hydrochloride,826.0,10634.98,8563.90285
2025-09,NORTH EAST AND YORKSHIRE,Clomipramine hydrochloride,3328.0,36535.0,29629.2857
2025-09,NORTH EAST AND YORKSHIRE,Dosulepin hydrochloride,3568.0,39231.49,31758.48602
2025-09,NORTH EAST AND YORKSHIRE,Doxepin,246.0,8082.31,8076.59655
2025-09,NORTH EAST AND YORKSHIRE,Duloxetine hydrochloride,107214.0,266120.6,218954.08154
2025-09,NORTH EAST AND YORKSHIRE,Escitalopram,23453.0,34547.23,29160.35949
2025-09,NORTH EAST AND YORKSHIRE,Fluoxetine hydrochloride,148692.0,217791.58,188837.65115
2025-09,NORTH EAST AND YORKSHIRE,Flupentixol decanoate,422.0,7542.35,7125.0079
2025-09,NORTH EAST AND YORKSHIRE,Flupentixol hydrochloride,3063.0,9492.57,9312.07766
2025-09,NORTH EAST AND YORKSHIRE,Fluvoxamine maleate,303.0,5291.18,5046.92601
2025-09,NORTH EAST AND YORKSHIRE,Imipramine hydrochloride,1455.0,10719.91,10742.56493
2025-09,NORTH EAST AND YORKSHIRE,Isocarboxazid,7.0,2718.9,2719.5868
2025-09,NORTH EAST AND YORKSHIRE,Lofepramine hydrochloride,2420.0,52255.36,52290.94549
2025-09,NORTH EAST AND YORKSHIRE,Mianserin hydrochloride,13.0,637.29,614.74682
2025-09,NORTH EAST AND YORKSHIRE,Mirtazapine,233909.0,215679.48,188959.73338
2025-09,NORTH EAST AND YORKSHIRE,Moclobemide,111.0,1985.02,1890.71531
2025-09,NORTH EAST AND YORKSHIRE,Nortriptyline,16589.0,42573.85,39630.2596
2025-09,NORTH EAST AND YORKSHIRE,Paroxetine hydrochloride,19313.0,32607.77,27982.66998
2025-09,NORTH EAST AND YORKSHIRE,Phenelzine sulfate,46.0,3859.2,3839.10003
2025-09,NORTH EAST AND YORKSHIRE,Reboxetine,466.0,5791.83,5526.95973
2025-09,NORTH EAST AND YORKSHIRE,Sertraline hydrochloride,419822.0,680824.83,602600.48723
2025-09,NORTH EAST AND YORKSHIRE,Tranylcypromine sulfate,19.0,28130.0,28130.2356
2025-09,NORTH EAST AND YORKSHIRE,Trazodone hydrochloride,43677.0,72834.9,67198.73149
2025-09,NORTH EAST AND YORKSHIRE,Trimipramine maleate,223.0,20635.26,20604.3367
2025-09,NORTH EAST AND YORKSHIRE,Tryptophan,17.0,1114.93,1060.763
2025-09,NORTH EAST AND YORKSHIRE,Venlafaxine,86901.0,639154.9,590207.59425
2025-09,NORTH EAST AND YORKSHIRE,Vortioxetine,6340.0,120889.89,115090.40496
2025-09,NORTH WEST,Agomelatine,147.0,4286.25,3451.06111
2025-09,NORTH WEST,Amitriptyline hydrochloride,189370.0,215144.95,177285.34956
2025-09,NORTH WEST,Bupropion hydrochloride,254.0,8367.35,7958.03957
2025-09,NORTH WEST,Citalopram hydrobromide,144945.0,121359.31,100598.05501
2025-09,NORTH WEST,Citalopram hydrochloride,686.0,8676.45,6959.84838
2025-09,NORTH WEST,Clomipramine hydrochloride,2825.0,36802.74,29580.64479
2025-09,NORTH WEST,Dosulepin hydrochloride,3123.0,40186.73,32380.81405
2025-09,NORTH WEST,Doxepin,165.0,5381.19,5379.39069
2025-09,NORTH WEST,Duloxetine hydrochloride,68915.0,197311.57,161081.51845
2025-09,NORTH WEST,Escitalopram,24288.0,38745.66,32458.39314
2025-09,NORTH WEST,Fluoxetine hydrochloride,95108.0,163721.57,143243.90538
2025-09,NORTH WEST,Flupentixol decanoate,385.0,8959.15,8537.57597
2025-09,NORTH WEST,Flupentixol hydrochloride,1638.0,6348.18,6192.28938
2025-09,NORTH WEST,Fluvoxamine maleate,219.0,3990.13,3808.39525
2025-09,NORTH WEST,Imipramine hydrochloride,816.0,6033.88,6041.87689
2025-09,NORTH WEST,Isocarboxazid,1.0,1208.4,1208.4124
2025-09,NORTH WEST,Lofepramine hydrochloride,990.0,26122.62,26160.66273
2025-09,NORTH WEST,Mianserin hydrochloride,9.0,564.37,562.52801
2025-09,NORTH WEST,Mirtazapine,201732.0,203120.83,173532.38974
2025-09,NORTH WEST,Moclobemide,74.0,1529.32,1458.66579
2025-09,NORTH WEST,Nortriptyline,15882.0,45696.09,42766.8668
2025-09,NORTH WEST,Paroxetine hydrochloride,16569.0,31487.54,26886.93248
2025-09,NORTH WEST,Phenelzine sulfate,27.0,3286.8,3289.7348
2025-09,NORTH WEST,Reboxetine,286.0,4295.16,4105.18015
2025-09,NORTH WEST,Sertraline hydrochloride,337790.0,541771.83,470554.72547
2025-09,NORTH WEST,Tranylcypromine sulfate,14.0,18915.0,18807.32967
2025-09,NORTH WEST,Trazodone hydrochloride,18720.0,54019.18,51639.98515
2025-09,NORTH WEST,Trimipramine maleate,94.0,10168.07,10172.0356
2025-09,NORTH WEST,Tryptophan,6.0,488.75,464.91702
2025-09,NORTH WEST,Venlafaxine,84178.0,789863.77,736890.9768
2025-09,NORTH WEST,Vortioxetine,5776.0,133198.56,126768.93541
2025-09,SOUTH EAST,Agomelatine,737.0,23717.35,19218.6688
2025-09,SOUTH EAST,Amitriptyline hydrochloride,172518.0,227359.84,187229.6694
2025-09,SOUTH EAST,Bupropion hydrochloride,650.0,25899.51,24581.83709
2025-09,SOUTH EAST,Citalopram hydrobromide,152023.0,146392.34,121378.74065
2025-09,SOUTH EAST,Citalopram hydrochloride,948.0,12279.62,9878.17723
2025-09,SOUTH EAST,Clomipramine hydrochloride,2512.0,34104.17,27498.97452
2025-09,SOUTH EAST,Dosulepin hydrochloride,3590.0,48784.93,39463.18224
2025-09,SOUTH EAST,Doxepin,167.0,6929.31,6896.50964
2025-09,SOUTH EAST,Duloxetine hydrochloride,53078.0,191933.79,156797.35469
2025-09,SOUTH EAST,Escitalopram,36521.0,66778.68,55731.39351
2025-09,SOUTH EAST,Fluoxetine hydrochloride,80263.0,158547.64,137358.96236
2025-09,SOUTH EAST,Flupentixol decanoate,342.0,5780.71,5456.75632
2025-09,SOUTH EAST,Flupentixol hydrochloride,1428.0,5225.32,5078.30629
2025-09,SOUTH EAST,Fluvoxamine maleate,218.0,4271.6,4063.54203
2025-09,SOUTH EAST,Imipramine hydrochloride,1416.0,14359.11,14359.8738
2025-09,SOUTH EAST,Isocarboxazid,14.0,6230.81,6231.6836
2025-09,SOUTH EAST,Lofepramine hydrochloride,911.0,26172.92,26099.45785
2025-09,SOUTH EAST,Mianserin hydrochloride,11.0,654.69,640.18799
2025-09,SOUTH EAST,Mirtazapine,145700.0,175170.94,150732.26042
2025-09,SOUTH EAST,Moclobemide,109.0,2202.05,2090.09245
2025-09,SOUTH EAST,Nortriptyline,12064.0,49551.98,46354.56197
2025-09,SOUTH EAST,Paroxetine hydrochloride,13557.0,29925.13,25302.49097
2025-09,SOUTH EAST,Phenelzine sulfate,81.0,11446.8,11416.06045
2025-09,SOUTH EAST,Reboxetine,211.0,3764.98,3579.67115
2025-09,SOUTH EAST,Sertraline hydrochloride,293714.0,622774.18,542004.62117
2025-09,SOUTH EAST,Tranylcypromine sulfate,65.0,105245.0,105137.96207
2025-09,SOUTH EAST,Trazodone hydrochloride,15585.0,39337.45,36953.42958
2025-09,SOUTH EAST,Trimipramine maleate,195.0,39660.94,39487.07541
2025-09,SOUTH EAST,Tryptophan,13.0,1527.34,1434.57068
2025-09,SOUTH EAST,Venlafaxine,75641.0,846447.27,785651.86244
2025-09,SOUTH EAST,Vortioxetine,7837.0,209541.42,198927.01109
2025-09,SOUTH WEST,Agomelatine,211.0,6510.24,5271.31596
2025-09,SOUTH WEST,Amitriptyline hydrochloride,148736.0,189983.1,156990.22964
2025-09,SOUTH WEST,Bupropion hydrochloride,222.0,8628.32,8174.09906
2025-09,SOUTH WEST,Citalopram hydrobromide,118065.0,108621.69,90485.64153
2025-09,SOUTH WEST,Citalopram hydrochloride,621.0,7578.97,6117.00204
2025-09,SOUTH WEST,Clomipramine hydrochloride,1866.0,23027.45,18651.4887
2025-09,SOUTH WEST,Dosulepin hydrochloride,2387.0,32379.95,26341.00752
2025-09,SOUTH WEST,Doxepin,141.0,5529.66,5478.94617
2025-09,SOUTH WEST,Duloxetine hydrochloride,42380.0,132804.91,109061.32149
2025-09,SOUTH WEST,Escitalopram,20574.0,36314.93,30409.67699
2025-09,SOUTH WEST,Fluoxetine hydrochloride,57814.0,105270.76,90699.97582
2025-09,SOUTH WEST,Flupentixol decanoate,268.0,4392.08,4116.34374
2025-09,SOUTH WEST,Flupentixol hydrochloride,1281.0,4604.57,4480.27981
2025-09,SOUTH WEST,Fluvoxamine maleate,199.0,3403.31,3227.42793
2025-09,SOUTH WEST,Imipramine hydrochloride,1039.0,6225.51,6188.80983
2025-09,SOUTH WEST,Isocarboxazid,45.0,11361.13,11113.05045
2025-09,SOUTH WEST,Lofepramine hydrochloride,982.0,28219.56,28047.06686
2025-09,SOUTH WEST,Mianserin hydrochloride,12.0,631.97,614.93841
2025-09,SOUTH WEST,Mirtazapine,113334.0,128465.43,110643.30273
2025-09,SOUTH WEST,Moclobemide,85.0,1856.98,1758.70921
2025-09,SOUTH WEST,Nortriptyline,7416.0,22412.92,20545.34931
2025-09,SOUTH WEST,Paroxetine hydrochloride,10189.0,22665.35,19341.64726
2025-09,SOUTH WEST,Phenelzine sulfate,45.0,5839.2,5777.69689
2025-09,SOUTH WEST,Reboxetine,187.0,3314.62,3149.1386
2025-09,SOUTH WEST,Sertraline hydrochloride,199043.0,376259.9,327035.8088
2025-09,SOUTH WEST,Tranylcypromine sulfate,35.0,53350.0,52972.98646
2025-09,SOUTH WEST,Trazodone hydrochloride,9531.0,22291.43,20490.49992
2025-09,SOUTH WEST,Trimipramine maleate,103.0,12315.42,11953.58842
2025-09,SOUTH WEST,Tryptophan,7.0,282.56,269.13621
2025-09,SOUTH WEST,Venlafaxine,58918.0,570866.76,526588.74883
2025-09,SOUTH WEST,Vortioxetine,2132.0,53326.35,50540.75197
2025-09,UNIDENTIFIED,Agomelatine,2.0,63.87,51.11165
2025-09,UNIDENTIFIED,Amitriptyline hydrochloride,85.0,90.55,80.79553
2025-09,UNIDENTIFIED,Bupropion hydrochloride,1.0,19.49,18.6291
2025-09,UNIDENTIFIED,Citalopram hydrobromide,50.0,49.07,43.89192
2025-09,UNIDENTIFIED,Clomipramine hydrochloride,1.0,2.8,2.77257
2025-09,UNIDENTIFIED,Duloxetine hydrochloride,41.0,177.71,149.02852
2025-09,UNIDENTIFIED,Escitalopram,4.0,4.26,3.55699
2025-09,UNIDENTIFIED,Fluoxetine hydrochloride,55.0,132.08,119.53238
2025-09,UNIDENTIFIED,Flupentixol hydrochloride,3.0,9.08,8.96376
2025-09,UNIDENTIFIED,Fluvoxamine maleate,2.0,47.88,44.26191
2025-09,UNIDENTIFIED,Mirtazapine,75.0,87.05,77.62558
2025-09,UNIDENTIFIED,Nortriptyline,4.0,7.58,7.00889
2025-09,UNIDENTIFIED,Paroxetine hydrochloride,10.0,16.34,14.62095
2025-09,UNIDENTIFIED,Sertraline hydrochloride,133.0,289.77,259.04115
2025-09,UNIDENTIFIED,Trazodone hydrochloride,10.0,37.24,34.34704
2025-09,UNIDENTIFIED,Venlafaxine,34.0,265.25,241.19914
2025-09,UNIDENTIFIED,Vortioxetine,10.0,277.2,265.25297
2025-10,EAST OF ENGLAND,Agomelatine,118.0,4178.73,3433.34541
2025-10,EAST OF ENGLAND,Amitriptyline hydrochloride,178929.0,202191.46,167602.07228
2025-10,EAST OF ENGLAND,Bupropion hydrochloride,319.0,13564.36,12978.47849
2025-10,EAST OF ENGLAND,Citalopram hydrobromide,162521.0,125117.61,104747.6456
2025-10,EAST OF ENGLAND,Citalopram hydrochloride,781.0,9051.13,7313.16546
2025-10,EAST OF ENGLAND,Clomipramine hydrochloride,2687.0,29682.96,24103.64159
2025-10,EAST OF ENGLAND,Dosulepin hydrochloride,2765.0,32639.24,26549.02622
2025-10,EAST OF ENGLAND,Doxepin,139.0,4196.96,4182.10017
2025-10,EAST OF ENGLAND,Duloxetine hydrochloride,42041.0,161171.18,137293.22768
2025-10,EAST OF ENGLAND,Escitalopram,22596.0,33039.18,27929.67403
2025-10,EAST OF ENGLAND,Fluoxetine hydrochloride,76136.0,121950.35,104809.55277
2025-10,EAST OF ENGLAND,Flupentixol decanoate,242.0,2966.55,2769.77846
2025-10,EAST OF ENGLAND,Flupentixol hydrochloride,1696.0,5555.25,5391.23895
2025-10,EAST OF ENGLAND,Fluvoxamine maleate,256.0,4383.33,4162.86632
2025-10,EAST OF ENGLAND,Imipramine hydrochloride,899.0,7503.09,6113.49065
2025-10,EAST OF ENGLAND,Isocarboxazid,15.0,7735.92,7702.65904
2025-10,EAST OF ENGLAND,Lofepramine hydrochloride,991.0,23689.46,23554.56201
2025-10,EAST OF ENGLAND,Mianserin hydrochloride,16.0,742.71,711.73735
2025-10,EAST OF ENGLAND,Mirtazapine,119644.0,120513.02,104492.47517
2025-10,EAST OF ENGLAND,Moclobemide,88.0,1496.38,1420.85729
2025-10,EAST OF ENGLAND,Nortriptyline,11992.0,44023.24,40406.02134
2025-10,EAST OF ENGLAND,Paroxetine hydrochloride,13852.0,25559.46,21930.87142
2025-10,EAST OF ENGLAND,Phenelzine sulfate,59.0,6133.2,6091.95391
2025-10,EAST OF ENGLAND,Reboxetine,225.0,3572.12,3375.41761
2025-10,EAST OF ENGLAND,Sertraline hydrochloride,256743.0,455348.37,400303.63439
2025-10,EAST OF ENGLAND,Tranylcypromine sulfate,21.0,27160.0,26889.44342
2025-10,EAST OF ENGLAND,Trazodone hydrochloride,8687.0,23925.8,22831.25643
2025-10,EAST OF ENGLAND,Trimipramine maleate,119.0,17704.49,17489.98078
2025-10,EAST OF ENGLAND,Tryptophan,5.0,473.47,449.98988
2025-10,EAST OF ENGLAND,Venlafaxine,79456.0,821531.94,760058.3407
2025-10,EAST OF ENGLAND,Vortioxetine,4626.0,112412.52,106360.0879
2025-10,LONDON,Agomelatine,504.0,16777.9,13573.18964
2025-10,LONDON,Amitriptyline hydrochloride,135382.0,135739.96,114967.44022
2025-10,LONDON,Bupropion hydrochloride,1226.0,51109.66,48746.90685
2025-10,LONDON,Citalopram hydrobromide,104681.0,83851.02,72078.76808
2025-10,LONDON,Citalopram hydrochloride,364.0,4702.4,3794.40049
2025-10,LONDON,Clomipramine hydrochloride,2149.0,25030.39,20128.96339
2025-10,LONDON,Dosulepin hydrochloride,2377.0,24671.19,19964.81909
2025-10,LONDON,Doxepin,150.0,4201.76,4209.72
2025-10,LONDON,Duloxetine hydrochloride,37299.0,120916.77,104268.70412
2025-10,LONDON,Escitalopram,22811.0,41199.04,34757.81478
2025-10,LONDON,Fluoxetine hydrochloride,54901.0,88964.11,78174.97762
2025-10,LONDON,Flupentixol decanoate,452.0,14300.66,13511.6977
2025-10,LONDON,Flupentixol hydrochloride,1847.0,6022.86,5911.61879
2025-10,LONDON,Fluvoxamine maleate,351.0,7124.77,6792.85618
2025-10,LONDON,Imipramine hydrochloride,799.0,5881.79,4798.87325
2025-10,LONDON,Isocarboxazid,13.0,3749.32,3750.4812
2025-10,LONDON,Lofepramine hydrochloride,975.0,21301.38,21386.87
2025-10,LONDON,Mianserin hydrochloride,18.0,1190.87,1177.03098
2025-10,LONDON,Mirtazapine,138955.0,124581.62,110755.84428
2025-10,LONDON,Moclobemide,77.0,1615.68,1540.65784
2025-10,LONDON,Nortriptyline,11322.0,36017.67,32786.60765
2025-10,LONDON,Oxitriptan,2.0,79.24,75.40805
2025-10,LONDON,Paroxetine hydrochloride,12191.0,21743.77,18684.36518
2025-10,LONDON,Phenelzine sulfate,54.0,7150.8,7155.0696
2025-10,LONDON,Reboxetine,122.0,1939.54,1852.10426
2025-10,LONDON,Sertraline hydrochloride,228481.0,387478.86,339161.9936
2025-10,LONDON,Tranylcypromine sulfate,54.0,74690.0,74690.6696
2025-10,LONDON,Trazodone hydrochloride,6666.0,14734.54,13855.36164
2025-10,LONDON,Trimipramine maleate,199.0,30536.3,30546.5676
2025-10,LONDON,Tryptophan,10.0,778.94,740.56862
2025-10,LONDON,Venlafaxine,53297.0,464434.66,426562.49972
2025-10,LONDON,Vortioxetine,4660.0,126979.38,120875.30977
2025-10,MIDLANDS,Agomelatine,320.0,11607.58,9385.03181
2025-10,MIDLANDS,Amitriptyline hydrochloride,294659.0,346338.49,285384.16576
2025-10,MIDLANDS,Bupropion hydrochloride,349.0,12669.42,12020.90464
2025-10,MIDLANDS,Citalopram hydrobromide,221646.0,182012.04,151207.49698
2025-10,MIDLANDS,Citalopram hydrochloride,1235.0,14682.08,11824.2437
2025-10,MIDLANDS,Clomipramine hydrochloride,3444.0,42252.86,34135.3957
2025-10,MIDLANDS,Dosulepin hydrochloride,4714.0,57833.84,46849.09858
2025-10,MIDLANDS,Doxepin,201.0,4688.27,4662.10871
2025-10,MIDLANDS,Duloxetine hydrochloride,84444.0,303949.69,260590.62833
2025-10,MIDLANDS,Escitalopram,32058.0,48216.59,40813.825
2025-10,MIDLANDS,Fluoxetine hydrochloride,126803.0,203590.7,174400.96119
2025-10,MIDLANDS,Flupentixol decanoate,416.0,9973.74,9458.65988
2025-10,MIDLANDS,Flupentixol hydrochloride,2722.0,10206.82,9919.97493
2025-10,MIDLANDS,Fluvoxamine maleate,333.0,6514.29,6193.77145
2025-10,MIDLANDS,Imipramine hydrochloride,1676.0,19343.97,16362.47723
2025-10,MIDLANDS,Isocarboxazid,21.0,10158.13,10159.4904
2025-10,MIDLANDS,Lofepramine hydrochloride,2050.0,57310.41,57015.96564
2025-10,MIDLANDS,Mianserin hydrochloride,7.0,422.27,416.84173
2025-10,MIDLANDS,Mirtazapine,213913.0,228918.45,196234.25191
2025-10,MIDLANDS,Moclobemide,118.0,2608.39,2479.49897
2025-10,MIDLANDS,Nortriptyline,16784.0,59228.43,53714.58929
2025-10,MIDLANDS,Oxitriptan,2.0,56.92,54.20257
2025-10,MIDLANDS,Paroxetine hydrochloride,20737.0,38156.1,32483.49815
2025-10,MIDLANDS,Phenelzine sulfate,59.0,6720.0,6702.79476
2025-10,MIDLANDS,Reboxetine,298.0,4749.3,4503.04553
2025-10,MIDLANDS,Sertraline hydrochloride,442285.0,794547.36,697755.16746
2025-10,MIDLANDS,Tranylcypromine sulfate,43.0,44515.08,44353.12549
2025-10,MIDLANDS,Trazodone hydrochloride,14805.0,34442.79,32152.51232
2025-10,MIDLANDS,Trimipramine maleate,131.0,17836.48,17643.36629
2025-10,MIDLANDS,Tryptophan,20.0,1420.42,1328.06265
2025-10,MIDLANDS,Venlafaxine,106441.0,1110488.15,1027149.39957
2025-10,MIDLANDS,Vortioxetine,6687.0,169691.94,160938.36011
2025-10,NORTH EAST AND YORKSHIRE,Agomelatine,522.0,11213.09,9080.14437
2025-10,NORTH EAST AND YORKSHIRE,Amitriptyline hydrochloride,298871.0,319590.01,267055.6946
2025-10,NORTH EAST AND YORKSHIRE,Bupropion hydrochloride,245.0,7908.62,7509.00193
2025-10,NORTH EAST AND YORKSHIRE,Citalopram hydrobromide,194043.0,144701.51,122590.2796
2025-10,NORTH EAST AND YORKSHIRE,Citalopram hydrochloride,867.0,10213.52,8225.27705
2025-10,NORTH EAST AND YORKSHIRE,Clomipramine hydrochloride,3572.0,35824.45,28990.15686
2025-10,NORTH EAST AND YORKSHIRE,Dosulepin hydrochloride,3465.0,36926.03,29900.28197
2025-10,NORTH EAST AND YORKSHIRE,Doxepin,233.0,5314.64,5316.51386
2025-10,NORTH EAST AND YORKSHIRE,Duloxetine hydrochloride,112330.0,319720.37,277274.17272
2025-10,NORTH EAST AND YORKSHIRE,Escitalopram,24768.0,33668.58,28629.79665
2025-10,NORTH EAST AND YORKSHIRE,Fluoxetine hydrochloride,152972.0,205650.9,177541.40811
2025-10,NORTH EAST AND YORKSHIRE,Flupentixol decanoate,462.0,7805.74,7377.46361
2025-10,NORTH EAST AND YORKSHIRE,Flupentixol hydrochloride,3168.0,9612.22,9435.01071
2025-10,NORTH EAST AND YORKSHIRE,Fluvoxamine maleate,344.0,6003.43,5726.97784
2025-10,NORTH EAST AND YORKSHIRE,Imipramine hydrochloride,1509.0,13415.55,11239.73793
2025-10,NORTH EAST AND YORKSHIRE,Isocarboxazid,7.0,3021.0,3021.6868
2025-10,NORTH EAST AND YORKSHIRE,Lofepramine hydrochloride,2509.0,54945.75,54936.77411
2025-10,NORTH EAST AND YORKSHIRE,Mianserin hydrochloride,18.0,838.21,796.59797
2025-10,NORTH EAST AND YORKSHIRE,Mirtazapine,242686.0,213320.42,188157.45408
2025-10,NORTH EAST AND YORKSHIRE,Moclobemide,117.0,2127.68,2024.41674
2025-10,NORTH EAST AND YORKSHIRE,Nortriptyline,17402.0,48636.14,44177.14178
2025-10,NORTH EAST AND YORKSHIRE,Oxitriptan,1.0,20.79,19.86428
2025-10,NORTH EAST AND YORKSHIRE,Paroxetine hydrochloride,19535.0,29849.92,25757.73962
2025-10,NORTH EAST AND YORKSHIRE,Phenelzine sulfate,73.0,6435.6,6431.23678
2025-10,NORTH EAST AND YORKSHIRE,Reboxetine,489.0,6111.69,5841.42411
2025-10,NORTH EAST AND YORKSHIRE,Sertraline hydrochloride,432403.0,649536.38,575229.87155
2025-10,NORTH EAST AND YORKSHIRE,Tranylcypromine sulfate,34.0,38315.0,38315.4216
2025-10,NORTH EAST AND YORKSHIRE,Trazodone hydrochloride,45327.0,67406.77,62348.86881
2025-10,NORTH EAST AND YORKSHIRE,Trimipramine maleate,215.0,20129.16,20099.03191
2025-10,NORTH EAST AND YORKSHIRE,Tryptophan,19.0,1191.3,1133.24955
2025-10,NORTH EAST AND YORKSHIRE,Venlafaxine,90165.0,651605.39,596980.33594
2025-10,NORTH EAST AND YORKSHIRE,Vortioxetine,6644.0,128448.54,122254.49088
2025-10,NORTH WEST,Agomelatine,164.0,5542.45,4455.0537
2025-10,NORTH WEST,Amitriptyline hydrochloride,194411.0,221585.03,182565.08964
2025-10,NORTH WEST,Bupropion hydrochloride,257.0,8655.51,8230.8237
2025-10,NORTH WEST,Citalopram hydrobromide,148967.0,118710.28,98681.50182
2025-10,NORTH WEST,Citalopram hydrochloride,679.0,7775.14,6235.20639
2025-10,NORTH WEST,Clomipramine hydrochloride,2947.0,35738.06,28733.21691
2025-10,NORTH WEST,Dosulepin hydrochloride,3295.0,39470.55,31769.17111
2025-10,NORTH WEST,Doxepin,154.0,3345.58,3340.55271
2025-10,NORTH WEST,Duloxetine hydrochloride,71490.0,235190.39,201144.77829
2025-10,NORTH WEST,Escitalopram,25284.0,36945.95,31132.92166
2025-10,NORTH WEST,Fluoxetine hydrochloride,97600.0,149165.02,129429.77928
2025-10,NORTH WEST,Flupentixol decanoate,397.0,9917.55,9430.71
2025-10,NORTH WEST,Flupentixol hydrochloride,1722.0,6854.92,6677.48021
2025-10,NORTH WEST,Fluvoxamine maleate,220.0,3659.52,3495.31463
2025-10,NORTH WEST,Imipramine hydrochloride,814.0,8204.39,7007.84779
2025-10,NORTH WEST,Lofepramine hydrochloride,986.0,27028.59,27058.67617
2025-10,NORTH WEST,Mianserin hydrochloride,9.0,654.65,650.85478
2025-10,NORTH WEST,Mirtazapine,207740.0,193628.5,165615.64221
2025-10,NORTH WEST,Moclobemide,79.0,1568.65,1496.70104
2025-10,NORTH WEST,Nortriptyline,16574.0,51394.63,46646.7985
2025-10,NORTH WEST,Paroxetine hydrochloride,16965.0,29537.63,25343.47932
2025-10,NORTH WEST,Phenelzine sulfate,41.0,5107.2,5111.3084
2025-10,NORTH WEST,Reboxetine,285.0,4370.2,4174.68715
2025-10,NORTH WEST,Sertraline hydrochloride,346697.0,515886.15,448057.32497
2025-10,NORTH WEST,Tranylcypromine sulfate,15.0,21340.0,21231.85673
2025-10,NORTH WEST,Trazodone hydrochloride,19605.0,50010.48,47959.21334
2025-10,NORTH WEST,Trimipramine maleate,84.0,8606.34,8609.7816
2025-10,NORTH WEST,Tryptophan,5.0,259.65,247.04669
2025-10,NORTH WEST,Venlafaxine,86973.0,800959.36,743705.83932
2025-10,NORTH WEST,Vortioxetine,6156.0,142911.45,136001.39467
2025-10,SOUTH EAST,Agomelatine,799.0,27709.49,22449.87187
2025-10,SOUTH EAST,Amitriptyline hydrochloride,178196.0,235069.81,193567.8552
2025-10,SOUTH EAST,Bupropion hydrochloride,696.0,26358.85,25022.6212
2025-10,SOUTH EAST,Citalopram hydrobromide,155414.0,143690.36,119473.13994
2025-10,SOUTH EAST,Citalopram hydrochloride,999.0,12104.8,9739.18843
2025-10,SOUTH EAST,Clomipramine hydrochloride,2716.0,35193.12,28374.20616
2025-10,SOUTH EAST,Dosulepin hydrochloride,3529.0,46004.69,37249.25343
2025-10,SOUTH EAST,Doxepin,158.0,4896.24,4885.81229
2025-10,SOUTH EAST,Duloxetine hydrochloride,54859.0,233545.49,198788.69186
2025-10,SOUTH EAST,Escitalopram,37848.0,63536.13,53286.23215
2025-10,SOUTH EAST,Fluoxetine hydrochloride,82919.0,147370.51,126635.2375
2025-10,SOUTH EAST,Flupentixol decanoate,340.0,4901.79,4582.00594
2025-10,SOUTH EAST,Flupentixol hydrochloride,1458.0,5499.03,5339.23477
2025-10,SOUTH EAST,Fluvoxamine maleate,248.0,5258.84,5002.76935
2025-10,SOUTH EAST,Imipramine hydrochloride,1387.0,19384.76,16899.58304
2025-10,SOUTH EAST,Isocarboxazid,8.0,2756.66,2757.3592
2025-10,SOUTH EAST,Lofepramine hydrochloride,931.0,24910.3,24851.90067
2025-10,SOUTH EAST,Mianserin hydrochloride,16.0,1152.9,1135.21294
2025-10,SOUTH EAST,Mirtazapine,149893.0,168032.57,144932.11514
2025-10,SOUTH EAST,Moclobemide,114.0,2431.57,2312.1976
2025-10,SOUTH EAST,Nortriptyline,12643.0,55746.57,50991.66142
2025-10,SOUTH EAST,Paroxetine hydrochloride,13809.0,29027.75,24721.78813
2025-10,SOUTH EAST,Phenelzine sulfate,90.0,13448.4,13403.8867
2025-10,SOUTH EAST,Reboxetine,217.0,3864.86,3675.50356
2025-10,SOUTH EAST,Sertraline hydrochloride,301448.0,600802.81,524826.87558
2025-10,SOUTH EAST,Tranylcypromine sulfate,74.0,112520.0,112412.58833
2025-10,SOUTH EAST,Trazodone hydrochloride,16050.0,36872.45,34780.06215
2025-10,SOUTH EAST,Trimipramine maleate,204.0,45291.87,45082.21807
2025-10,SOUTH EAST,Tryptophan,8.0,660.04,627.58094
2025-10,SOUTH EAST,Venlafaxine,77814.0,870345.92,803124.23784
2025-10,SOUTH EAST,Vortioxetine,8318.0,220381.92,209208.47869
2025-10,SOUTH WEST,Agomelatine,197.0,6667.21,5377.09625
2025-10,SOUTH WEST,Amitriptyline hydrochloride,154599.0,197686.65,163325.78128
2025-10,SOUTH WEST,Bupropion hydrochloride,265.0,9809.42,9297.11638
2025-10,SOUTH WEST,Citalopram hydrobromide,121510.0,107268.67,89527.32654
2025-10,SOUTH WEST,Citalopram hydrochloride,680.0,7655.3,6184.69263
2025-10,SOUTH WEST,Clomipramine hydrochloride,1986.0,23869.03,19305.66317
2025-10,SOUTH WEST,Dosulepin hydrochloride,2462.0,32275.09,26196.49107
2025-10,SOUTH WEST,Doxepin,143.0,4316.01,4289.81241
2025-10,SOUTH WEST,Duloxetine hydrochloride,44243.0,158022.77,135447.16727
2025-10,SOUTH WEST,Escitalopram,21688.0,35085.58,29527.04045
2025-10,SOUTH WEST,Fluoxetine hydrochloride,59761.0,99750.55,85518.12082
2025-10,SOUTH WEST,Flupentixol decanoate,269.0,3961.01,3650.00955
2025-10,SOUTH WEST,Flupentixol hydrochloride,1308.0,4734.3,4645.96916
2025-10,SOUTH WEST,Fluvoxamine maleate,152.0,3198.0,3031.0713
2025-10,SOUTH WEST,Imipramine hydrochloride,1128.0,9636.99,7814.91933
2025-10,SOUTH WEST,Isocarboxazid,40.0,11819.68,11452.02141
2025-10,SOUTH WEST,Lofepramine hydrochloride,994.0,25702.52,25564.7327
2025-10,SOUTH WEST,Mianserin hydrochloride,9.0,483.12,473.15978
2025-10,SOUTH WEST,Mirtazapine,118108.0,126328.93,109187.12786
2025-10,SOUTH WEST,Moclobemide,73.0,1622.89,1537.15411
2025-10,SOUTH WEST,Nortriptyline,7731.0,26491.82,23844.20506
2025-10,SOUTH WEST,Paroxetine hydrochloride,10350.0,20242.99,17302.51574
2025-10,SOUTH WEST,Phenelzine sulfate,45.0,4730.4,4635.0234
2025-10,SOUTH WEST,Reboxetine,205.0,3534.64,3361.81422
2025-10,SOUTH WEST,Sertraline hydrochloride,205871.0,369653.45,322585.80197
2025-10,SOUTH WEST,Tranylcypromine sulfate,41.0,66445.0,65633.06985
2025-10,SOUTH WEST,Trazodone hydrochloride,9706.0,19843.34,18283.7952
2025-10,SOUTH WEST,Trimipramine maleate,90.0,13014.88,12746.37378
2025-10,SOUTH WEST,Tryptophan,5.0,137.46,131.05811
2025-10,SOUTH WEST,Venlafaxine,60891.0,577039.05,529283.89741
2025-10,SOUTH WEST,Vortioxetine,2225.0,58424.85,55323.70267
2025-10,UNIDENTIFIED,Amitriptyline hydrochloride,79.0,69.15,61.37998
2025-10,UNIDENTIFIED,Citalopram hydrobromide,31.0,20.65,18.98815
2025-10,UNIDENTIFIED,Citalopram hydrochloride,2.0,19.36,16.3538
2025-10,UNIDENTIFIED,Clomipramine hydrochloride,1.0,7.0,5.6112
2025-10,UNIDENTIFIED,Doxepin,2.0,339.65,339.6748
2025-10,UNIDENTIFIED,Duloxetine hydrochloride,10.0,17.5,16.4025
2025-10,UNIDENTIFIED,Escitalopram,5.0,5.83,4.825
2025-10,UNIDENTIFIED,Fluoxetine hydrochloride,38.0,152.4,139.07991
2025-10,UNIDENTIFIED,Flupentixol hydrochloride,3.0,6.81,6.80715
2025-10,UNIDENTIFIED,Mirtazapine,59.0,49.02,43.54146
2025-10,UNIDENTIFIED,Nortriptyline,3.0,6.09,5.10815
2025-10,UNIDENTIFIED,Paroxetine hydrochloride,1.0,0.78,0.73627
2025-10,UNIDENTIFIED,Sertraline hydrochloride,73.0,1388.29,1363.27887
2025-10,UNIDENTIFIED,Tranylcypromine sulfate,1.0,1455.0,1455.0124
2025-10,UNIDENTIFIED,Trazodone hydrochloride,7.0,35.35,33.65916
2025-10,UNIDENTIFIED,Venlafaxine,35.0,229.35,210.01786
2025-10,UNIDENTIFIED,Vortioxetine,2.0,55.44,50.2093
2025-11,EAST OF ENGLAND,Agomelatine,113.0,4367.01,3576.74946
2025-11,EAST OF ENGLAND,Amitriptyline hydrochloride,165314.0,187212.53,155265.17483
2025-11,EAST OF ENGLAND,Bupropion hydrochloride,301.0,11119.3,10518.83645
2025-11,EAST OF ENGLAND,Citalopram hydrobromide,150791.0,117398.33,98475.95192
2025-11,EAST OF ENGLAND,Citalopram hydrochloride,734.0,9106.41,7338.52396
2025-11,EAST OF ENGLAND,Clomipramine hydrochloride,2464.0,27250.51,22110.10883
2025-11,EAST OF ENGLAND,Dosulepin hydrochloride,2549.0,29060.01,23681.14923
2025-11,EAST OF ENGLAND,Doxepin,126.0,3133.69,3113.15073
2025-11,EAST OF ENGLAND,Duloxetine hydrochloride,38988.0,146420.68,119788.01435
2025-11,EAST OF ENGLAND,Escitalopram,21058.0,31186.09,26410.16403
2025-11,EAST OF ENGLAND,Fluoxetine hydrochloride,70452.0,114312.25,98488.1254
2025-11,EAST OF ENGLAND,Flupentixol decanoate,221.0,2987.99,2806.47209
2025-11,EAST OF ENGLAND,Flupentixol hydrochloride,1537.0,5134.47,4984.12792
2025-11,EAST OF ENGLAND,Fluvoxamine maleate,244.0,4357.42,4137.74061
2025-11,EAST OF ENGLAND,Imipramine hydrochloride,855.0,9388.76,8102.1806
2025-11,EAST OF ENGLAND,Isocarboxazid,16.0,9095.37,9062.13586
2025-11,EAST OF ENGLAND,Lofepramine hydrochloride,915.0,22476.02,22359.42573
2025-11,EAST OF ENGLAND,Mianserin hydrochloride,17.0,803.69,770.33734
2025-11,EAST OF ENGLAND,Mirtazapine,110338.0,109317.27,94572.89299
2025-11,EAST OF ENGLAND,Moclobemide,81.0,1436.89,1365.91698
2025-11,EAST OF ENGLAND,Nortriptyline,10897.0,38940.45,35674.87569
2025-11,EAST OF ENGLAND,Paroxetine hydrochloride,12846.0,23524.45,20172.99004
2025-11,EAST OF ENGLAND,Phenelzine sulfate,41.0,7792.38,7784.44576
2025-11,EAST OF ENGLAND,Reboxetine,187.0,2951.82,2796.8253
2025-11,EAST OF ENGLAND,Sertraline hydrochloride,239530.0,442562.48,390769.2529
2025-11,EAST OF ENGLAND,Tranylcypromine sulfate,18.0,21825.0,21501.33758
2025-11,EAST OF ENGLAND,Trazodone hydrochloride,7985.0,21329.85,20291.27364
2025-11,EAST OF ENGLAND,Trimipramine maleate,101.0,18437.99,17970.45919
2025-11,EAST OF ENGLAND,Tryptophan,3.0,290.19,275.85842
2025-11,EAST OF ENGLAND,Venlafaxine,72705.0,764472.89,707654.1584
2025-11,EAST OF ENGLAND,Vortioxetine,4321.0,106604.19,100885.01509
2025-11,LONDON,Agomelatine,476.0,15999.25,12887.08343
2025-11,LONDON,Amitriptyline hydrochloride,126796.0,126451.45,107173.28919
2025-11,LONDON,Bupropion hydrochloride,1256.0,49907.34,47487.35121
2025-11,LONDON,Citalopram hydrobromide,97806.0,78178.95,67249.68438
2025-11,LONDON,Citalopram hydrochloride,339.0,4400.32,3544.28313
2025-11,LONDON,Clomipramine hydrochloride,1993.0,22380.15,17999.56297
2025-11,LONDON,Dosulepin hydrochloride,2299.0,24501.47,19810.11063
2025-11,LONDON,Doxepin,142.0,3883.78,3890.4408
2025-11,LONDON,Duloxetine hydrochloride,35286.0,112404.16,92451.63633
2025-11,LONDON,Escitalopram,21895.0,39699.35,33584.8024
2025-11,LONDON,Fluoxetine hydrochloride,51619.0,82924.49,72949.01839
2025-11,LONDON,Flupentixol decanoate,452.0,12688.01,12044.6193
2025-11,LONDON,Flupentixol hydrochloride,1713.0,5606.25,5504.27795
2025-11,LONDON,Fluvoxamine maleate,328.0,7418.92,7070.58244
2025-11,LONDON,Imipramine hydrochloride,776.0,5863.59,4784.09625
2025-11,LONDON,Isocarboxazid,13.0,4094.58,4095.7412
2025-11,LONDON,Lofepramine hydrochloride,930.0,18124.33,18207.162
2025-11,LONDON,Mianserin hydrochloride,19.0,1451.65,1420.18041
2025-11,LONDON,Mirtazapine,130553.0,116983.21,103978.75893
2025-11,LONDON,Moclobemide,84.0,1397.31,1334.08222
2025-11,LONDON,Nortriptyline,10750.0,33669.71,30643.67994
2025-11,LONDON,Oxitriptan,2.0,79.24,75.41392
2025-11,LONDON,Paroxetine hydrochloride,11092.0,20799.9,17883.19799
2025-11,LONDON,Phenelzine sulfate,35.0,9058.83,9061.464
2025-11,LONDON,Reboxetine,115.0,2110.03,2014.35063
2025-11,LONDON,Sertraline hydrochloride,215662.0,389196.4,343650.77129
2025-11,LONDON,Tranylcypromine sulfate,56.0,72265.0,72265.6944
2025-11,LONDON,Trazodone hydrochloride,6181.0,17214.56,16394.73895
2025-11,LONDON,Trimipramine maleate,208.0,29554.97,29566.9492
2025-11,LONDON,Tryptophan,7.0,720.03,684.51635
2025-11,LONDON,Venlafaxine,49820.0,434734.73,399589.96083
2025-11,LONDON,Vortioxetine,4284.0,116816.04,111203.50481
2025-11,MIDLANDS,Agomelatine,307.0,11090.32,8964.19782
2025-11,MIDLANDS,Amitriptyline hydrochloride,269068.0,316427.38,260777.61542
2025-11,MIDLANDS,Bupropion hydrochloride,301.0,10784.62,10229.61057
2025-11,MIDLANDS,Citalopram hydrobromide,202692.0,168851.61,140551.93286
2025-11,MIDLANDS,Citalopram hydrochloride,1103.0,13073.6,10521.95509
2025-11,MIDLANDS,Clomipramine hydrochloride,3231.0,40268.89,32524.23329
2025-11,MIDLANDS,Dosulepin hydrochloride,4267.0,52508.71,42519.19442
2025-11,MIDLANDS,Doxepin,179.0,4213.85,4200.49641
2025-11,MIDLANDS,Duloxetine hydrochloride,78059.0,277743.99,226469.64873
2025-11,MIDLANDS,Escitalopram,29706.0,43898.19,37056.78291
2025-11,MIDLANDS,Fluoxetine hydrochloride,116233.0,187936.89,160994.56548
2025-11,MIDLANDS,Flupentixol decanoate,406.0,9853.01,9300.28928
2025-11,MIDLANDS,Flupentixol hydrochloride,2491.0,9189.1,8937.83329
2025-11,MIDLANDS,Fluvoxamine maleate,305.0,6010.99,5712.15606
2025-11,MIDLANDS,Imipramine hydrochloride,1508.0,18495.15,15855.6367
2025-11,MIDLANDS,Isocarboxazid,9.0,4795.84,4796.1516
2025-11,MIDLANDS,Lofepramine hydrochloride,1845.0,52628.71,52366.38782
2025-11,MIDLANDS,Mianserin hydrochloride,8.0,676.55,659.68225
2025-11,MIDLANDS,Mirtazapine,197963.0,210274.93,179955.0121
2025-11,MIDLANDS,Moclobemide,109.0,2235.05,2123.62993
2025-11,MIDLANDS,Nortriptyline,15425.0,55075.2,49992.06558
2025-11,MIDLANDS,Oxitriptan,3.0,90.4,86.02989
2025-11,MIDLANDS,Paroxetine hydrochloride,18728.0,34320.07,29122.8103
2025-11,MIDLANDS,Phenelzine sulfate,48.0,9424.69,9385.16233
2025-11,MIDLANDS,Reboxetine,265.0,4137.85,3924.25099
2025-11,MIDLANDS,Sertraline hydrochloride,409600.0,748053.21,658324.03984
2025-11,MIDLANDS,Tranylcypromine sulfate,41.0,38695.08,38533.65179
2025-11,MIDLANDS,Trazodone hydrochloride,13530.0,35654.31,33566.7379
2025-11,MIDLANDS,Trimipramine maleate,116.0,16808.95,16451.50553
2025-11,MIDLANDS,Tryptophan,9.0,450.57,423.27464
2025-11,MIDLANDS,Venlafaxine,98095.0,1013777.02,937479.79477
2025-11,MIDLANDS,Vortioxetine,6190.0,157408.02,149303.74265
2025-11,NORTH EAST AND YORKSHIRE,Agomelatine,437.0,9726.83,7877.37244
2025-11,NORTH EAST AND YORKSHIRE,Amitriptyline hydrochloride,272788.0,291645.03,243849.87388
2025-11,NORTH EAST AND YORKSHIRE,Bupropion hydrochloride,236.0,7661.56,7267.8733
2025-11,NORTH EAST AND YORKSHIRE,Citalopram hydrobromide,176632.0,133521.74,113450.46862
2025-11,NORTH EAST AND YORKSHIRE,Citalopram hydrochloride,798.0,9448.81,7622.25446
2025-11,NORTH EAST AND YORKSHIRE,Clomipramine hydrochloride,3196.0,33157.94,26840.45202
2025-11,NORTH EAST AND YORKSHIRE,Dosulepin hydrochloride,3176.0,33756.98,27319.96299
2025-11,NORTH EAST AND YORKSHIRE,Doxepin,214.0,4162.13,4154.91041
2025-11,NORTH EAST AND YORKSHIRE,Duloxetine hydrochloride,103640.0,290749.59,238603.53507
2025-11,NORTH EAST AND YORKSHIRE,Escitalopram,22717.0,31170.76,26568.40371
2025-11,NORTH EAST AND YORKSHIRE,Fluoxetine hydrochloride,140314.0,188132.06,162341.93572
2025-11,NORTH EAST AND YORKSHIRE,Flupentixol decanoate,371.0,7512.41,7078.0545
2025-11,NORTH EAST AND YORKSHIRE,Flupentixol hydrochloride,2892.0,8636.89,8481.30845
2025-11,NORTH EAST AND YORKSHIRE,Fluvoxamine maleate,309.0,5351.6,5104.15137
2025-11,NORTH EAST AND YORKSHIRE,Imipramine hydrochloride,1380.0,12171.47,10178.47375
2025-11,NORTH EAST AND YORKSHIRE,Isocarboxazid,3.0,1057.35,1057.6872
2025-11,NORTH EAST AND YORKSHIRE,Lofepramine hydrochloride,2290.0,48384.77,48428.0449
2025-11,NORTH EAST AND YORKSHIRE,Mianserin hydrochloride,15.0,588.53,568.29581
2025-11,NORTH EAST AND YORKSHIRE,Mirtazapine,221929.0,191192.15,168441.44879
2025-11,NORTH EAST AND YORKSHIRE,Moclobemide,88.0,1671.36,1588.66368
2025-11,NORTH EAST AND YORKSHIRE,Nortriptyline,15826.0,43437.56,39381.1612
2025-11,NORTH EAST AND YORKSHIRE,Oxitriptan,1.0,18.57,17.75651
2025-11,NORTH EAST AND YORKSHIRE,Paroxetine hydrochloride,17908.0,26894.04,23148.15236
2025-11,NORTH EAST AND YORKSHIRE,Phenelzine sulfate,42.0,6123.7,6092.34184
2025-11,NORTH EAST AND YORKSHIRE,Reboxetine,456.0,5878.87,5609.9105
2025-11,NORTH EAST AND YORKSHIRE,Sertraline hydrochloride,398523.0,627390.48,558820.26616
2025-11,NORTH EAST AND YORKSHIRE,Tranylcypromine sulfate,20.0,26675.0,26675.248
2025-11,NORTH EAST AND YORKSHIRE,Trazodone hydrochloride,41479.0,61718.49,57134.37042
2025-11,NORTH EAST AND YORKSHIRE,Trimipramine maleate,189.0,15001.94,14970.04514
2025-11,NORTH EAST AND YORKSHIRE,Tryptophan,18.0,626.19,596.69157
2025-11,NORTH EAST AND YORKSHIRE,Venlafaxine,83010.0,596111.19,545799.11179
2025-11,NORTH EAST AND YORKSHIRE,Vortioxetine,6246.0,114751.89,109275.4123
2025-11,NORTH WEST,Agomelatine,147.0,4775.04,3855.33726
2025-11,NORTH WEST,Amitriptyline hydrochloride,177674.0,202508.48,166858.08792
2025-11,NORTH WEST,Bupropion hydrochloride,224.0,7567.66,7199.16142
2025-11,NORTH WEST,Citalopram hydrobromide,135262.0,109140.32,90868.0181
2025-11,NORTH WEST,Citalopram hydrochloride,613.0,7164.0,5745.11683
2025-11,NORTH WEST,Clomipramine hydrochloride,2587.0,31049.14,24950.52953
2025-11,NORTH WEST,Dosulepin hydrochloride,2871.0,34583.44,27879.24897
2025-11,NORTH WEST,Doxepin,135.0,2819.03,2815.50413
2025-11,NORTH WEST,Duloxetine hydrochloride,65520.0,210730.87,171459.16816
2025-11,NORTH WEST,Escitalopram,23482.0,33501.29,28176.1231
2025-11,NORTH WEST,Fluoxetine hydrochloride,89351.0,138406.49,120208.90056
2025-11,NORTH WEST,Flupentixol decanoate,331.0,7844.22,7465.86796
2025-11,NORTH WEST,Flupentixol hydrochloride,1539.0,6068.68,5917.29883
2025-11,NORTH WEST,Fluvoxamine maleate,216.0,3969.0,3788.78544
2025-11,NORTH WEST,Imipramine hydrochloride,706.0,6424.08,5377.9747
2025-11,NORTH WEST,Isocarboxazid,1.0,1208.4,1208.4124
2025-11,NORTH WEST,Lofepramine hydrochloride,913.0,24651.86,24689.67125
2025-11,NORTH WEST,Mianserin hydrochloride,9.0,716.25,716.3616
2025-11,NORTH WEST,Mirtazapine,189563.0,175735.86,150279.33136
2025-11,NORTH WEST,Moclobemide,72.0,1378.98,1316.01736
2025-11,NORTH WEST,Nortriptyline,15331.0,49046.63,44608.40993
2025-11,NORTH WEST,Paroxetine hydrochloride,15417.0,25952.98,22216.13369
2025-11,NORTH WEST,Phenelzine sulfate,24.0,5239.31,5241.5076
2025-11,NORTH WEST,Reboxetine,287.0,3936.49,3764.26454
2025-11,NORTH WEST,Sertraline hydrochloride,318581.0,500017.19,437617.86565
2025-11,NORTH WEST,Tranylcypromine sulfate,9.0,12125.0,12017.14973
2025-11,NORTH WEST,Trazodone hydrochloride,17568.0,44479.51,42586.87649
2025-11,NORTH WEST,Trimipramine maleate,78.0,8025.81,8028.0772
2025-11,NORTH WEST,Tryptophan,6.0,687.3,653.50586
2025-11,NORTH WEST,Venlafaxine,79232.0,695193.81,644214.83569
2025-11,NORTH WEST,Vortioxetine,5723.0,131683.86,125327.2646
2025-11,SOUTH EAST,Agomelatine,716.0,25997.93,21013.11585
2025-11,SOUTH EAST,Amitriptyline hydrochloride,164572.0,216797.83,178541.0509
2025-11,SOUTH EAST,Bupropion hydrochloride,684.0,25843.2,24550.97953
2025-11,SOUTH EAST,Citalopram hydrobromide,143783.0,133223.53,110832.96835
2025-11,SOUTH EAST,Citalopram hydrochloride,964.0,11684.49,9411.13895
2025-11,SOUTH EAST,Clomipramine hydrochloride,2454.0,31497.0,25397.17747
2025-11,SOUTH EAST,Dosulepin hydrochloride,3221.0,41206.43,33333.87497
2025-11,SOUTH EAST,Doxepin,130.0,3981.27,3985.76335
2025-11,SOUTH EAST,Duloxetine hydrochloride,51126.0,214828.09,175292.65491
2025-11,SOUTH EAST,Escitalopram,35102.0,59502.81,49962.30488
2025-11,SOUTH EAST,Fluoxetine hydrochloride,76699.0,136897.33,117647.0851
2025-11,SOUTH EAST,Flupentixol decanoate,349.0,4961.24,4650.47096
2025-11,SOUTH EAST,Flupentixol hydrochloride,1324.0,4981.91,4836.89943
2025-11,SOUTH EAST,Fluvoxamine maleate,215.0,4382.48,4174.08402
2025-11,SOUTH EAST,Imipramine hydrochloride,1322.0,17312.07,15034.71359
2025-11,SOUTH EAST,Isocarboxazid,11.0,6597.65,6598.1864
2025-11,SOUTH EAST,Lofepramine hydrochloride,895.0,25630.41,25565.19041
2025-11,SOUTH EAST,Mianserin hydrochloride,12.0,992.68,980.29068
2025-11,SOUTH EAST,Mirtazapine,139471.0,158481.54,137037.91335
2025-11,SOUTH EAST,Moclobemide,98.0,1970.39,1874.28304
2025-11,SOUTH EAST,Nortriptyline,11554.0,47103.94,42845.15448
2025-11,SOUTH EAST,Paroxetine hydrochloride,12725.0,25482.19,21529.35342
2025-11,SOUTH EAST,Phenelzine sulfate,64.0,17198.41,17101.9896
2025-11,SOUTH EAST,Reboxetine,190.0,3443.8,3277.77017
2025-11,SOUTH EAST,Sertraline hydrochloride,281612.0,559784.55,488565.57345
2025-11,SOUTH EAST,Tranylcypromine sulfate,68.0,103305.0,103197.88133
2025-11,SOUTH EAST,Trazodone hydrochloride,14965.0,37094.61,35106.09517
2025-11,SOUTH EAST,Trimipramine maleate,180.0,40262.9,40080.56844
2025-11,SOUTH EAST,Tryptophan,10.0,992.78,935.54798
2025-11,SOUTH EAST,Venlafaxine,72268.0,796165.06,733935.95235
2025-11,SOUTH EAST,Vortioxetine,7710.0,205102.26,194715.89993
2025-11,SOUTH WEST,Agomelatine,172.0,6092.94,4919.78912
2025-11,SOUTH WEST,Amitriptyline hydrochloride,142157.0,181979.8,150312.65333
2025-11,SOUTH WEST,Bupropion hydrochloride,249.0,9382.79,8880.41531
2025-11,SOUTH WEST,Citalopram hydrobromide,111846.0,99130.05,82806.03064
2025-11,SOUTH WEST,Citalopram hydrochloride,575.0,6622.24,5366.52603
2025-11,SOUTH WEST,Clomipramine hydrochloride,1796.0,21243.61,17181.794
2025-11,SOUTH WEST,Dosulepin hydrochloride,2264.0,28679.59,23269.93711
2025-11,SOUTH WEST,Doxepin,152.0,3730.66,3711.26918
2025-11,SOUTH WEST,Duloxetine hydrochloride,40909.0,148254.41,121394.15018
2025-11,SOUTH WEST,Escitalopram,19821.0,31602.64,26532.2894
2025-11,SOUTH WEST,Fluoxetine hydrochloride,54962.0,92040.25,78848.63389
2025-11,SOUTH WEST,Flupentixol decanoate,246.0,3492.71,3245.95987
2025-11,SOUTH WEST,Flupentixol hydrochloride,1153.0,4232.5,4115.00408
2025-11,SOUTH WEST,Fluvoxamine maleate,166.0,3088.26,2926.36561
2025-11,SOUTH WEST,Imipramine hydrochloride,972.0,8563.78,6938.80062
2025-11,SOUTH WEST,Isocarboxazid,30.0,8755.51,8640.27431
2025-11,SOUTH WEST,Lofepramine hydrochloride,897.0,24132.22,23996.14635
2025-11,SOUTH WEST,Mianserin hydrochloride,14.0,976.46,959.76302
2025-11,SOUTH WEST,Mirtazapine,108584.0,114730.46,99072.24261
2025-11,SOUTH WEST,Moclobemide,82.0,1614.17,1529.32372
2025-11,SOUTH WEST,Nortriptyline,7078.0,27150.19,24693.52997
2025-11,SOUTH WEST,Paroxetine hydrochloride,9427.0,18792.45,16056.75866
2025-11,SOUTH WEST,Phenelzine sulfate,36.0,8845.15,8783.32926
2025-11,SOUTH WEST,Reboxetine,186.0,2942.46,2800.39823
2025-11,SOUTH WEST,Sertraline hydrochloride,190977.0,355051.0,310508.07701
2025-11,SOUTH WEST,Tranylcypromine sulfate,30.0,44135.0,43487.61316
2025-11,SOUTH WEST,Trazodone hydrochloride,8999.0,20352.52,18881.02725
2025-11,SOUTH WEST,Trimipramine maleate,77.0,11244.41,10950.42952
2025-11,SOUTH WEST,Tryptophan,6.0,259.65,247.27834
2025-11,SOUTH WEST,Venlafaxine,55998.0,537317.14,493018.70741
2025-11,SOUTH WEST,Vortioxetine,2101.0,55154.88,52252.76018
2025-11,UNIDENTIFIED,Amitriptyline hydrochloride,64.0,48.97,43.51322
2025-11,UNIDENTIFIED,Bupropion hydrochloride,1.0,58.46,55.6576
2025-11,UNIDENTIFIED,Citalopram hydrobromide,29.0,22.85,20.11343
2025-11,UNIDENTIFIED,Clomipramine hydrochloride,1.0,1.82,1.56782
2025-11,UNIDENTIFIED,Dosulepin hydrochloride,2.0,28.05,22.90268
2025-11,UNIDENTIFIED,Duloxetine hydrochloride,12.0,118.43,96.00768
2025-11,UNIDENTIFIED,Escitalopram,7.0,6.83,5.88098
2025-11,UNIDENTIFIED,Fluoxetine hydrochloride,38.0,191.21,173.19073
2025-11,UNIDENTIFIED,Flupentixol hydrochloride,2.0,9.75,9.48866
2025-11,UNIDENTIFIED,Fluvoxamine maleate,1.0,15.96,15.27664
2025-11,UNIDENTIFIED,Mirtazapine,54.0,194.15,187.93419
2025-11,UNIDENTIFIED,Nortriptyline,3.0,17.41,16.33228
2025-11,UNIDENTIFIED,Paroxetine hydrochloride,5.0,6.05,5.20007
2025-11,UNIDENTIFIED,Sertraline hydrochloride,56.0,140.75,129.31143
2025-11,UNIDENTIFIED,Trazodone hydrochloride,3.0,4.05,3.37591
2025-11,UNIDENTIFIED,Venlafaxine,32.0,391.47,361.59841
2025-11,UNIDENTIFIED,Vortioxetine,2.0,55.44,52.70058
2025-12,EAST OF ENGLAND,Agomelatine,124.0,4327.47,3546.57049
2025-12,EAST OF ENGLAND,Amitriptyline hydrochloride,181115.0,206167.95,170838.48685
2025-12,EAST OF ENGLAND,Bupropion hydrochloride,310.0,10748.31,10183.88253
2025-12,EAST OF ENGLAND,Citalopram hydrobromide,164741.0,214606.65,211910.9056
2025-12,EAST OF ENGLAND,Citalopram hydrochloride,802.0,9823.53,7919.88336
2025-12,EAST OF ENGLAND,Clomipramine hydrochloride,2735.0,29889.2,24232.98025
2025-12,EAST OF ENGLAND,Dosulepin hydrochloride,2683.0,31307.1,25447.72022
2025-12,EAST OF ENGLAND,Doxepin,138.0,3234.54,3202.34
2025-12,EAST OF ENGLAND,Duloxetine hydrochloride,43465.0,165129.1,135022.19396
2025-12,EAST OF ENGLAND,Escitalopram,22912.0,34726.55,29471.05351
2025-12,EAST OF ENGLAND,Fluoxetine hydrochloride,76989.0,124428.06,107030.79077
2025-12,EAST OF ENGLAND,Flupentixol decanoate,257.0,3580.82,3372.41543
2025-12,EAST OF ENGLAND,Flupentixol hydrochloride,1695.0,5598.14,5430.94898
2025-12,EAST OF ENGLAND,Fluvoxamine maleate,267.0,4615.92,4386.02578
2025-12,EAST OF ENGLAND,Imipramine hydrochloride,904.0,8016.02,6631.65567
2025-12,EAST OF ENGLAND,Isocarboxazid,18.0,10476.4,10409.7769
2025-12,EAST OF ENGLAND,Lofepramine hydrochloride,973.0,22537.07,22410.9859
2025-12,EAST OF ENGLAND,Mianserin hydrochloride,12.0,703.59,682.35137
2025-12,EAST OF ENGLAND,Mirtazapine,122002.0,121212.68,104785.01315
2025-12,EAST OF ENGLAND,Moclobemide,88.0,1530.94,1455.32669
2025-12,EAST OF ENGLAND,Nortriptyline,12189.0,45590.35,41827.64275
2025-12,EAST OF ENGLAND,Paroxetine hydrochloride,14126.0,26088.47,22410.62351
2025-12,EAST OF ENGLAND,Phenelzine sulfate,60.0,13261.95,13205.49077
2025-12,EAST OF ENGLAND,Reboxetine,219.0,3606.53,3414.78361
2025-12,EAST OF ENGLAND,Sertraline hydrochloride,263182.0,484945.81,427562.0452
2025-12,EAST OF ENGLAND,Tranylcypromine sulfate,21.0,26675.0,26405.4373
2025-12,EAST OF ENGLAND,Trazodone hydrochloride,8961.0,23837.37,22712.09097
2025-12,EAST OF ENGLAND,Trimipramine maleate,102.0,19094.76,18720.17146
2025-12,EAST OF ENGLAND,Tryptophan,7.0,565.11,534.30676
2025-12,EAST OF ENGLAND,Venlafaxine,80656.0,842024.23,779366.06286
2025-12,EAST OF ENGLAND,Vortioxetine,4678.0,113882.67,107828.94984
2025-12,LONDON,Agomelatine,506.0,17290.15,13953.95365
2025-12,LONDON,Amitriptyline hydrochloride,136106.0,137048.32,116072.55335
2025-12,LONDON,Bupropion hydrochloride,1303.0,52263.17,49733.08772
2025-12,LONDON,Citalopram hydrobromide,104625.0,138000.04,139242.92899
2025-12,LONDON,Citalopram hydrochloride,386.0,5010.56,4034.25903
2025-12,LONDON,Clomipramine hydrochloride,2127.0,23746.37,19095.7616
2025-12,LONDON,Dosulepin hydrochloride,2459.0,26238.29,21370.85427
2025-12,LONDON,Doxepin,124.0,3099.76,3105.8976
2025-12,LONDON,Duloxetine hydrochloride,38860.0,123170.82,101259.79887
2025-12,LONDON,Escitalopram,23129.0,41582.35,35027.08296
2025-12,LONDON,Fluoxetine hydrochloride,55581.0,91381.69,80288.18692
2025-12,LONDON,Flupentixol decanoate,488.0,15890.45,15057.93098
2025-12,LONDON,Flupentixol hydrochloride,1773.0,5954.3,5838.54065
2025-12,LONDON,Fluvoxamine maleate,388.0,8509.32,8111.25195
2025-12,LONDON,Imipramine hydrochloride,798.0,6098.02,4972.99
2025-12,LONDON,Isocarboxazid,14.0,3236.83,3238.0036
2025-12,LONDON,Lofepramine hydrochloride,959.0,18932.97,19020.0616
2025-12,LONDON,Mianserin hydrochloride,18.0,1500.38,1478.18255
2025-12,LONDON,Mirtazapine,140891.0,125686.36,111797.48007
2025-12,LONDON,Moclobemide,79.0,1689.66,1611.43204
2025-12,LONDON,Nortriptyline,11751.0,38525.11,35190.04648
2025-12,LONDON,Paroxetine hydrochloride,12546.0,21524.98,18442.17489
2025-12,LONDON,Phenelzine sulfate,48.0,12961.96,12965.7552
2025-12,LONDON,Reboxetine,105.0,1696.89,1620.42406
2025-12,LONDON,Sertraline hydrochloride,232333.0,420075.84,370480.47469
2025-12,LONDON,Tranylcypromine sulfate,44.0,60140.0,60140.5456
2025-12,LONDON,Trazodone hydrochloride,7001.0,17704.2,16766.26839
2025-12,LONDON,Trimipramine maleate,221.0,35877.87,35890.0104
2025-12,LONDON,Tryptophan,18.0,870.58,828.61613
2025-12,LONDON,Venlafaxine,54042.0,475716.74,436815.58642
2025-12,LONDON,Vortioxetine,4760.0,130991.85,124699.43779
2025-12,MIDLANDS,Agomelatine,341.0,12852.25,10370.98947
2025-12,MIDLANDS,Amitriptyline hydrochloride,298418.0,354381.6,291830.23198
2025-12,MIDLANDS,Bupropion hydrochloride,324.0,11463.16,10869.91501
2025-12,MIDLANDS,Citalopram hydrobromide,223444.0,312643.6,308930.63454
2025-12,MIDLANDS,Citalopram hydrochloride,1205.0,14028.32,11276.95768
2025-12,MIDLANDS,Clomipramine hydrochloride,3502.0,42867.22,34623.78176
2025-12,MIDLANDS,Dosulepin hydrochloride,4769.0,59333.91,48117.54307
2025-12,MIDLANDS,Doxepin,193.0,3900.94,3883.1329
2025-12,MIDLANDS,Duloxetine hydrochloride,86744.0,310107.22,252677.74515
2025-12,MIDLANDS,Escitalopram,32775.0,48740.55,41152.54982
2025-12,MIDLANDS,Fluoxetine hydrochloride,128208.0,209271.47,179174.83628
2025-12,MIDLANDS,Flupentixol decanoate,411.0,9998.2,9498.81403
2025-12,MIDLANDS,Flupentixol hydrochloride,2736.0,10340.23,10045.68262
2025-12,MIDLANDS,Fluvoxamine maleate,363.0,7279.8,6924.83611
2025-12,MIDLANDS,Imipramine hydrochloride,1633.0,16500.68,13579.24099
2025-12,MIDLANDS,Isocarboxazid,20.0,8760.91,8762.058
2025-12,MIDLANDS,Lofepramine hydrochloride,2065.0,55263.14,55032.3813
2025-12,MIDLANDS,Mianserin hydrochloride,12.0,920.15,896.05875
2025-12,MIDLANDS,Mirtazapine,218465.0,235112.81,201636.57506
2025-12,MIDLANDS,Moclobemide,110.0,2287.33,2173.16858
2025-12,MIDLANDS,Nortriptyline,17071.0,59950.41,54369.2117
2025-12,MIDLANDS,Oxitriptan,1.0,33.48,31.82386
2025-12,MIDLANDS,Paroxetine hydrochloride,20789.0,37903.51,32157.31308
2025-12,MIDLANDS,Phenelzine sulfate,64.0,14256.71,14205.22983
2025-12,MIDLANDS,Reboxetine,293.0,4549.77,4310.05257
2025-12,MIDLANDS,Sertraline hydrochloride,449464.0,841655.97,742570.8716
2025-12,MIDLANDS,Tranylcypromine sulfate,46.0,38695.08,38533.75902
2025-12,MIDLANDS,Trazodone hydrochloride,15112.0,37467.3,35138.3194
2025-12,MIDLANDS,Trimipramine maleate,135.0,18642.46,18383.76176
2025-12,MIDLANDS,Tryptophan,12.0,893.49,815.56436
2025-12,MIDLANDS,Venlafaxine,108598.0,1110131.33,1026006.57435
2025-12,MIDLANDS,Vortioxetine,7046.0,179678.07,170458.91716
2025-12,NORTH EAST AND YORKSHIRE,Agomelatine,492.0,10925.3,8828.92001
2025-12,NORTH EAST AND YORKSHIRE,Amitriptyline hydrochloride,301600.0,323886.54,270615.36723
2025-12,NORTH EAST AND YORKSHIRE,Bupropion hydrochloride,270.0,8382.53,7954.79785
2025-12,NORTH EAST AND YORKSHIRE,Citalopram hydrobromide,194553.0,248617.92,248946.3826
2025-12,NORTH EAST AND YORKSHIRE,Citalopram hydrochloride,867.0,10267.2,8273.33318
2025-12,NORTH EAST AND YORKSHIRE,Clomipramine hydrochloride,3557.0,36484.01,29621.80728
2025-12,NORTH EAST AND YORKSHIRE,Dosulepin hydrochloride,3623.0,39150.82,31713.28094
2025-12,NORTH EAST AND YORKSHIRE,Doxepin,248.0,5162.22,5163.01224
2025-12,NORTH EAST AND YORKSHIRE,Duloxetine hydrochloride,114927.0,324006.53,265726.55847
2025-12,NORTH EAST AND YORKSHIRE,Escitalopram,25161.0,34789.33,29607.34076
2025-12,NORTH EAST AND YORKSHIRE,Fluoxetine hydrochloride,153445.0,206504.03,178018.08338
2025-12,NORTH EAST AND YORKSHIRE,Flupentixol decanoate,424.0,7922.69,7513.4175
2025-12,NORTH EAST AND YORKSHIRE,Flupentixol hydrochloride,3115.0,9429.69,9256.20009
2025-12,NORTH EAST AND YORKSHIRE,Fluvoxamine maleate,352.0,6142.28,5859.38094
2025-12,NORTH EAST AND YORKSHIRE,Imipramine hydrochloride,1465.0,12957.58,10825.31168
2025-12,NORTH EAST AND YORKSHIRE,Isocarboxazid,5.0,2265.75,2266.112
2025-12,NORTH EAST AND YORKSHIRE,Lofepramine hydrochloride,2414.0,48884.71,48928.77893
2025-12,NORTH EAST AND YORKSHIRE,Mianserin hydrochloride,17.0,864.1,823.13258
2025-12,NORTH EAST AND YORKSHIRE,Mirtazapine,244843.0,213818.39,188394.42891
2025-12,NORTH EAST AND YORKSHIRE,Moclobemide,99.0,1856.68,1768.02758
2025-12,NORTH EAST AND YORKSHIRE,Nortriptyline,17821.0,50253.65,45608.90057
2025-12,NORTH EAST AND YORKSHIRE,Oxitriptan,1.0,20.79,19.86629
2025-12,NORTH EAST AND YORKSHIRE,Paroxetine hydrochloride,19697.0,30354.29,26115.59638
2025-12,NORTH EAST AND YORKSHIRE,Phenelzine sulfate,70.0,11480.32,11487.688
2025-12,NORTH EAST AND YORKSHIRE,Reboxetine,488.0,5962.9,5696.65234
2025-12,NORTH EAST AND YORKSHIRE,Sertraline hydrochloride,435901.0,692486.79,617161.48489
2025-12,NORTH EAST AND YORKSHIRE,Tranylcypromine sulfate,24.0,34435.0,34435.2976
2025-12,NORTH EAST AND YORKSHIRE,Trazodone hydrochloride,45630.0,69859.34,64809.58054
2025-12,NORTH EAST AND YORKSHIRE,Trimipramine maleate,236.0,21558.09,21528.19071
2025-12,NORTH EAST AND YORKSHIRE,Tryptophan,16.0,1191.3,1133.12761
2025-12,NORTH EAST AND YORKSHIRE,Venlafaxine,91328.0,652289.75,596299.67585
2025-12,NORTH EAST AND YORKSHIRE,Vortioxetine,6829.0,130813.65,124523.49731
2025-12,NORTH WEST,Agomelatine,162.0,5048.87,4071.06829
2025-12,NORTH WEST,Amitriptyline hydrochloride,197571.0,225743.72,185885.44984
2025-12,NORTH WEST,Bupropion hydrochloride,234.0,7915.67,7528.14665
2025-12,NORTH WEST,Citalopram hydrobromide,150009.0,199587.84,198379.72278
2025-12,NORTH WEST,Citalopram hydrochloride,694.0,7996.88,6411.14349
2025-12,NORTH WEST,Clomipramine hydrochloride,2964.0,35733.81,28731.37725
2025-12,NORTH WEST,Dosulepin hydrochloride,3253.0,40199.8,32350.60182
2025-12,NORTH WEST,Doxepin,159.0,3460.63,3449.4243
2025-12,NORTH WEST,Duloxetine hydrochloride,73957.0,235717.3,191710.39902
2025-12,NORTH WEST,Escitalopram,25873.0,37905.5,31953.03862
2025-12,NORTH WEST,Fluoxetine hydrochloride,99009.0,152913.3,132659.17331
2025-12,NORTH WEST,Flupentixol decanoate,363.0,9546.07,9091.38408
2025-12,NORTH WEST,Flupentixol hydrochloride,1751.0,6638.52,6477.67114
2025-12,NORTH WEST,Fluvoxamine maleate,214.0,3648.37,3483.59965
2025-12,NORTH WEST,Imipramine hydrochloride,797.0,7387.78,6150.05248
2025-12,NORTH WEST,Lofepramine hydrochloride,990.0,25680.81,25719.14478
2025-12,NORTH WEST,Mianserin hydrochloride,10.0,698.99,695.21475
2025-12,NORTH WEST,Mirtazapine,211361.0,198480.71,170114.18452
2025-12,NORTH WEST,Moclobemide,79.0,1529.5,1459.95396
2025-12,NORTH WEST,Nortriptyline,17077.0,52674.43,47628.3062
2025-12,NORTH WEST,Paroxetine hydrochloride,17303.0,29275.49,24997.72727
2025-12,NORTH WEST,Phenelzine sulfate,34.0,8620.82,8624.2416
2025-12,NORTH WEST,Reboxetine,295.0,4494.64,4293.28655
2025-12,NORTH WEST,Sertraline hydrochloride,353257.0,557744.66,487981.96419
2025-12,NORTH WEST,Tranylcypromine sulfate,16.0,25220.0,25112.26668
2025-12,NORTH WEST,Trazodone hydrochloride,19641.0,48779.09,46641.64287
2025-12,NORTH WEST,Trimipramine maleate,90.0,10588.0,10591.716
2025-12,NORTH WEST,Tryptophan,8.0,450.58,428.92366
2025-12,NORTH WEST,Venlafaxine,88716.0,767062.72,710609.30845
2025-12,NORTH WEST,Vortioxetine,6492.0,148450.5,141306.09665
2025-12,SOUTH EAST,Agomelatine,775.0,27518.59,22220.05996
2025-12,SOUTH EAST,Amitriptyline hydrochloride,183105.0,243532.89,200430.05299
2025-12,SOUTH EAST,Bupropion hydrochloride,798.0,30039.87,28516.2244
2025-12,SOUTH EAST,Citalopram hydrobromide,158833.0,246421.25,243902.78379
2025-12,SOUTH EAST,Citalopram hydrochloride,1011.0,12433.92,10008.40785
2025-12,SOUTH EAST,Clomipramine hydrochloride,2777.0,36562.09,29476.56826
2025-12,SOUTH EAST,Dosulepin hydrochloride,3630.0,47417.91,38413.7035
2025-12,SOUTH EAST,Doxepin,160.0,4276.57,4275.68659
2025-12,SOUTH EAST,Duloxetine hydrochloride,56692.0,241028.73,196345.66375
2025-12,SOUTH EAST,Escitalopram,38799.0,65095.76,54518.46381
2025-12,SOUTH EAST,Fluoxetine hydrochloride,84535.0,151473.06,129941.67605
2025-12,SOUTH EAST,Flupentixol decanoate,353.0,5730.3,5390.39572
2025-12,SOUTH EAST,Flupentixol hydrochloride,1496.0,5535.98,5377.90334
2025-12,SOUTH EAST,Fluvoxamine maleate,254.0,5417.01,5155.20855
2025-12,SOUTH EAST,Imipramine hydrochloride,1406.0,17255.25,14746.02364
2025-12,SOUTH EAST,Isocarboxazid,15.0,6619.22,6620.106
2025-12,SOUTH EAST,Lofepramine hydrochloride,949.0,24755.02,24712.08838
2025-12,SOUTH EAST,Mianserin hydrochloride,13.0,1285.22,1270.06694
2025-12,SOUTH EAST,Mirtazapine,154835.0,172963.17,149155.70578
2025-12,SOUTH EAST,Moclobemide,127.0,2551.48,2426.11603
2025-12,SOUTH EAST,Nortriptyline,13099.0,64459.16,59651.49425
2025-12,SOUTH EAST,Paroxetine hydrochloride,14131.0,29362.11,24956.40623
2025-12,SOUTH EAST,Phenelzine sulfate,98.0,27756.62,27619.15159
2025-12,SOUTH EAST,Reboxetine,212.0,3944.0,3748.44878
2025-12,SOUTH EAST,Sertraline hydrochloride,310954.0,647542.7,569177.97186
2025-12,SOUTH EAST,Tranylcypromine sulfate,76.0,122220.0,122005.07896
2025-12,SOUTH EAST,Trazodone hydrochloride,16571.0,40155.97,37952.30314
2025-12,SOUTH EAST,Trimipramine maleate,188.0,44264.13,44050.36158
2025-12,SOUTH EAST,Tryptophan,10.0,1176.06,1117.97272
2025-12,SOUTH EAST,Venlafaxine,80399.0,891904.64,822332.63596
2025-12,SOUTH EAST,Vortioxetine,8658.0,228832.56,217239.03204
2025-12,SOUTH WEST,Agomelatine,206.0,6656.16,5369.06438
2025-12,SOUTH WEST,Amitriptyline hydrochloride,157104.0,200498.61,165651.77942
2025-12,SOUTH WEST,Bupropion hydrochloride,247.0,9524.08,9010.19673
2025-12,SOUTH WEST,Citalopram hydrobromide,122933.0,184156.91,182171.82139
2025-12,SOUTH WEST,Citalopram hydrochloride,652.0,7429.36,5991.45879
2025-12,SOUTH WEST,Clomipramine hydrochloride,1952.0,22909.31,18520.61856
2025-12,SOUTH WEST,Dosulepin hydrochloride,2477.0,31834.93,25841.869
2025-12,SOUTH WEST,Doxepin,150.0,3116.64,3103.07566
2025-12,SOUTH WEST,Duloxetine hydrochloride,45333.0,160911.31,131698.99696
2025-12,SOUTH WEST,Escitalopram,22153.0,35597.09,29928.12124
2025-12,SOUTH WEST,Fluoxetine hydrochloride,60291.0,101607.56,86910.69633
2025-12,SOUTH WEST,Flupentixol decanoate,273.0,3522.06,3270.68597
2025-12,SOUTH WEST,Flupentixol hydrochloride,1370.0,4969.48,4840.83368
2025-12,SOUTH WEST,Fluvoxamine maleate,170.0,3559.08,3372.48803
2025-12,SOUTH WEST,Imipramine hydrochloride,1069.0,9422.7,7688.98308
2025-12,SOUTH WEST,Isocarboxazid,39.0,10951.12,10618.2341
2025-12,SOUTH WEST,Lofepramine hydrochloride,1043.0,26122.65,25983.29787
2025-12,SOUTH WEST,Mianserin hydrochloride,10.0,668.1,653.59245
2025-12,SOUTH WEST,Mirtazapine,120053.0,129617.46,112049.21182
2025-12,SOUTH WEST,Moclobemide,91.0,1856.56,1759.24306
2025-12,SOUTH WEST,Nortriptyline,7878.0,25948.13,23198.7488
2025-12,SOUTH WEST,Paroxetine hydrochloride,10302.0,20027.3,17061.81699
2025-12,SOUTH WEST,Phenelzine sulfate,47.0,11026.32,10860.64848
2025-12,SOUTH WEST,Reboxetine,212.0,3400.04,3227.9386
2025-12,SOUTH WEST,Sertraline hydrochloride,211038.0,408558.5,359329.83248
2025-12,SOUTH WEST,Tranylcypromine sulfate,42.0,69355.0,68438.13218
2025-12,SOUTH WEST,Trazodone hydrochloride,9981.0,20953.34,19331.71576
2025-12,SOUTH WEST,Trimipramine maleate,102.0,14311.91,13978.64066
2025-12,SOUTH WEST,Tryptophan,6.0,160.37,152.95204
2025-12,SOUTH WEST,Venlafaxine,62065.0,588114.66,539141.6992
2025-12,SOUTH WEST,Vortioxetine,2328.0,61619.58,58384.88944
2025-12,UNIDENTIFIED,Amitriptyline hydrochloride,61.0,68.87,61.32571
2025-12,UNIDENTIFIED,Bupropion hydrochloride,2.0,122.5,120.66975
2025-12,UNIDENTIFIED,Citalopram hydrobromide,42.0,64.88,63.57773
2025-12,UNIDENTIFIED,Dosulepin hydrochloride,1.0,7.07,5.66596
2025-12,UNIDENTIFIED,Duloxetine hydrochloride,25.0,51.78,43.24857
2025-12,UNIDENTIFIED,Escitalopram,7.0,9.24,8.38752
2025-12,UNIDENTIFIED,Fluoxetine hydrochloride,50.0,394.28,365.47975
2025-12,UNIDENTIFIED,Flupentixol hydrochloride,1.0,7.8,7.52367
2025-12,UNIDENTIFIED,Mirtazapine,77.0,71.11,63.20518
2025-12,UNIDENTIFIED,Nortriptyline,2.0,5.91,5.60246
2025-12,UNIDENTIFIED,Paroxetine hydrochloride,2.0,1.94,1.77613
2025-12,UNIDENTIFIED,Sertraline hydrochloride,116.0,609.1,580.58788
2025-12,UNIDENTIFIED,Trazodone hydrochloride,5.0,18.78,17.91833
2025-12,UNIDENTIFIED,Venlafaxine,36.0,234.41,219.42269
2025-12,UNIDENTIFIED,Vortioxetine,1.0,6.93,6.69703
