date,city,substance,units,items
202101,Birmingham,Colecalciferol,1000,462.0
202101,Birmingham,Colecalciferol,10000,22.0
202101,Birmingham,Colecalciferol,200,2293.0
202101,Birmingham,Colecalciferol,2000,29.0
202101,Birmingham,Colecalciferol,20000,412.0
202101,Birmingham,Colecalciferol,2200,3.0
202101,Birmingham,Colecalciferol,2400,18.0
202101,Birmingham,Colecalciferol,2500,1.0
202101,Birmingham,Colecalciferol,25000,348.0
202101,Birmingham,Colecalciferol,2740,4.0
202101,Birmingham,Colecalciferol,3000,22.0
202101,Birmingham,Colecalciferol,30000,1.0
202101,Birmingham,Colecalciferol,3200,120.0
202101,Birmingham,Colecalciferol,400,1292.0
202101,Birmingham,Colecalciferol,4000,11.0
202101,Birmingham,Colecalciferol,440,9.0
202101,Birmingham,Colecalciferol,5000,3.0
202101,Birmingham,Colecalciferol,50000,421.0
202101,Birmingham,Colecalciferol,5600,9.0
202101,Birmingham,Colecalciferol,800,3694.0
202101,Birmingham,Colecalciferol,880,243.0
202101,Birmingham,Colecalciferol,unknown,2172.0
202101,Brighton,Colecalciferol,200,14.0
202101,Brighton,Colecalciferol,20000,14.0
202101,Brighton,Colecalciferol,3200,3.0
202101,Brighton,Colecalciferol,400,129.0
202101,Brighton,Colecalciferol,4000,2.0
202101,Brighton,Colecalciferol,440,4.0
202101,Brighton,Colecalciferol,800,41.0
202101,Brighton,Colecalciferol,unknown,60.0
202101,Bristol,Colecalciferol,1000,254.0
202101,Bristol,Colecalciferol,10000,7.0
202101,Bristol,Colecalciferol,200,733.0
202101,Bristol,Colecalciferol,2000,3.0
202101,Bristol,Colecalciferol,20000,54.0
202101,Bristol,Colecalciferol,2200,1.0
202101,Bristol,Colecalciferol,25000,98.0
202101,Bristol,Colecalciferol,3000,5.0
202101,Bristol,Colecalciferol,3200,7.0
202101,Bristol,Colecalciferol,400,1618.0
202101,Bristol,Colecalciferol,4000,1.0
202101,Bristol,Colecalciferol,40000,2.0
202101,Bristol,Colecalciferol,440,7.0
202101,Bristol,Colecalciferol,50000,29.0
202101,Bristol,Colecalciferol,800,1905.0
202101,Bristol,Colecalciferol,880,135.0
202101,Bristol,Colecalciferol,unknown,1452.0
202101,Canterbury,Colecalciferol,1000,214.0
202101,Canterbury,Colecalciferol,10000,4.0
202101,Canterbury,Colecalciferol,200,396.0
202101,Canterbury,Colecalciferol,2000,5.0
202101,Canterbury,Colecalciferol,20000,11.0
202101,Canterbury,Colecalciferol,2200,1.0
202101,Canterbury,Colecalciferol,2500,3.0
202101,Canterbury,Colecalciferol,3200,5.0
202101,Canterbury,Colecalciferol,400,596.0
202101,Canterbury,Colecalciferol,4000,1.0
202101,Canterbury,Colecalciferol,440,3.0
202101,Canterbury,Colecalciferol,5000,2.0
202101,Canterbury,Colecalciferol,600,1.0
202101,Canterbury,Colecalciferol,800,261.0
202101,Canterbury,Colecalciferol,880,21.0
202101,Canterbury,Colecalciferol,unknown,569.0
202101,Exeter,Colecalciferol,1000,31.0
202101,Exeter,Colecalciferol,200,17.0
202101,Exeter,Colecalciferol,400,9.0
202101,Exeter,Colecalciferol,800,12.0
202101,Exeter,Colecalciferol,880,136.0
202101,Exeter,Colecalciferol,unknown,93.0
202101,Leeds,Colecalciferol,1000,547.0
202101,Leeds,Colecalciferol,10000,7.0
202101,Leeds,Colecalciferol,200,139.0
202101,Leeds,Colecalciferol,2000,11.0
202101,Leeds,Colecalciferol,20000,152.0
202101,Leeds,Colecalciferol,2400,3.0
202101,Leeds,Colecalciferol,2500,1.0
202101,Leeds,Colecalciferol,25000,29.0
202101,Leeds,Colecalciferol,3200,9.0
202101,Leeds,Colecalciferol,400,780.0
202101,Leeds,Colecalciferol,40000,17.0
202101,Leeds,Colecalciferol,50000,8.0
202101,Leeds,Colecalciferol,800,350.0
202101,Leeds,Colecalciferol,880,9.0
202101,Leeds,Colecalciferol,unknown,614.0
202101,London,Colecalciferol,1000,25132.0
202101,London,Colecalciferol,10000,555.0
202101,London,Colecalciferol,14400,1.0
202101,London,Colecalciferol,15000,15.0
202101,London,Colecalciferol,200,17081.0
202101,London,Colecalciferol,2000,839.0
202101,London,Colecalciferol,20000,11413.0
202101,London,Colecalciferol,2200,60.0
202101,London,Colecalciferol,2400,121.0
202101,London,Colecalciferol,2500,55.0
202101,London,Colecalciferol,25000,2060.0
202101,London,Colecalciferol,2740,72.0
202101,London,Colecalciferol,3000,265.0
202101,London,Colecalciferol,30000,5.0
202101,London,Colecalciferol,300000,8.0
202101,London,Colecalciferol,3200,311.0
202101,London,Colecalciferol,400,44056.0
202101,London,Colecalciferol,4000,151.0
202101,London,Colecalciferol,40000,335.0
202101,London,Colecalciferol,440,261.0
202101,London,Colecalciferol,5000,407.0
202101,London,Colecalciferol,50000,45.0
202101,London,Colecalciferol,5600,14.0
202101,London,Colecalciferol,600,29.0
202101,London,Colecalciferol,800,22784.0
202101,London,Colecalciferol,880,2268.0
202101,London,Colecalciferol,unknown,40254.0
202101,Manchester,Colecalciferol,1000,400.0
202101,Manchester,Colecalciferol,10000,26.0
202101,Manchester,Colecalciferol,15000,2.0
202101,Manchester,Colecalciferol,200,3424.0
202101,Manchester,Colecalciferol,2000,21.0
202101,Manchester,Colecalciferol,20000,1401.0
202101,Manchester,Colecalciferol,2200,2.0
202101,Manchester,Colecalciferol,2400,8.0
202101,Manchester,Colecalciferol,2500,1.0
202101,Manchester,Colecalciferol,25000,57.0
202101,Manchester,Colecalciferol,2740,14.0
202101,Manchester,Colecalciferol,3000,2.0
202101,Manchester,Colecalciferol,3200,57.0
202101,Manchester,Colecalciferol,400,2556.0
202101,Manchester,Colecalciferol,4000,18.0
202101,Manchester,Colecalciferol,40000,22.0
202101,Manchester,Colecalciferol,440,15.0
202101,Manchester,Colecalciferol,5000,8.0
202101,Manchester,Colecalciferol,50000,40.0
202101,Manchester,Colecalciferol,5600,6.0
202101,Manchester,Colecalciferol,600,4.0
202101,Manchester,Colecalciferol,800,1617.0
202101,Manchester,Colecalciferol,880,425.0
202101,Manchester,Colecalciferol,unknown,5378.0
202101,Middlesbrough,Colecalciferol,1000,34.0
202101,Middlesbrough,Colecalciferol,10000,2.0
202101,Middlesbrough,Colecalciferol,200,70.0
202101,Middlesbrough,Colecalciferol,2000,4.0
202101,Middlesbrough,Colecalciferol,20000,17.0
202101,Middlesbrough,Colecalciferol,3200,2.0
202101,Middlesbrough,Colecalciferol,400,167.0
202101,Middlesbrough,Colecalciferol,4000,3.0
202101,Middlesbrough,Colecalciferol,440,1.0
202101,Middlesbrough,Colecalciferol,800,264.0
202101,Middlesbrough,Colecalciferol,880,2.0
202101,Middlesbrough,Colecalciferol,unknown,156.0
202101,Newcastle upon Tyne,Colecalciferol,1000,25.0
202101,Newcastle upon Tyne,Colecalciferol,10000,1.0
202101,Newcastle upon Tyne,Colecalciferol,200,215.0
202101,Newcastle upon Tyne,Colecalciferol,2000,2.0
202101,Newcastle upon Tyne,Colecalciferol,20000,120.0
202101,Newcastle upon Tyne,Colecalciferol,2400,2.0
202101,Newcastle upon Tyne,Colecalciferol,25000,5.0
202101,Newcastle upon Tyne,Colecalciferol,2740,18.0
202101,Newcastle upon Tyne,Colecalciferol,3000,1.0
202101,Newcastle upon Tyne,Colecalciferol,400,1646.0
202101,Newcastle upon Tyne,Colecalciferol,4000,1.0
202101,Newcastle upon Tyne,Colecalciferol,440,4.0
202101,Newcastle upon Tyne,Colecalciferol,50000,1.0
202101,Newcastle upon Tyne,Colecalciferol,5600,1.0
202101,Newcastle upon Tyne,Colecalciferol,800,3474.0
202101,Newcastle upon Tyne,Colecalciferol,880,12.0
202101,Newcastle upon Tyne,Colecalciferol,unknown,745.0
202101,Nottingham,Colecalciferol,1000,1614.0
202101,Nottingham,Colecalciferol,10000,6.0
202101,Nottingham,Colecalciferol,200,667.0
202101,Nottingham,Colecalciferol,2000,5.0
202101,Nottingham,Colecalciferol,20000,111.0
202101,Nottingham,Colecalciferol,2200,3.0
202101,Nottingham,Colecalciferol,2400,2.0
202101,Nottingham,Colecalciferol,2500,1.0
202101,Nottingham,Colecalciferol,25000,97.0
202101,Nottingham,Colecalciferol,2740,20.0
202101,Nottingham,Colecalciferol,3000,1.0
202101,Nottingham,Colecalciferol,3200,13.0
202101,Nottingham,Colecalciferol,400,733.0
202101,Nottingham,Colecalciferol,4000,3.0
202101,Nottingham,Colecalciferol,440,3.0
202101,Nottingham,Colecalciferol,5000,1.0
202101,Nottingham,Colecalciferol,50000,70.0
202101,Nottingham,Colecalciferol,5600,2.0
202101,Nottingham,Colecalciferol,800,1956.0
202101,Nottingham,Colecalciferol,880,11.0
202101,Nottingham,Colecalciferol,unknown,1167.0
202101,Peterborough,Colecalciferol,200,11.0
202101,Peterborough,Colecalciferol,20000,1.0
202101,Peterborough,Colecalciferol,3200,2.0
202101,Peterborough,Colecalciferol,400,73.0
202101,Peterborough,Colecalciferol,50000,1.0
202101,Peterborough,Colecalciferol,800,9.0
202101,Peterborough,Colecalciferol,880,14.0
202101,Peterborough,Colecalciferol,unknown,25.0
202101,Plymouth,Colecalciferol,1000,41.0
202101,Plymouth,Colecalciferol,10000,1.0
202101,Plymouth,Colecalciferol,200,34.0
202101,Plymouth,Colecalciferol,2000,4.0
202101,Plymouth,Colecalciferol,25000,7.0
202101,Plymouth,Colecalciferol,400,72.0
202101,Plymouth,Colecalciferol,440,1.0
202101,Plymouth,Colecalciferol,800,22.0
202101,Plymouth,Colecalciferol,880,19.0
202101,Plymouth,Colecalciferol,unknown,76.0
202101,Sunderland,Colecalciferol,1000,38.0
202101,Sunderland,Colecalciferol,10000,1.0
202101,Sunderland,Colecalciferol,200,106.0
202101,Sunderland,Colecalciferol,20000,24.0
202101,Sunderland,Colecalciferol,2740,2.0
202101,Sunderland,Colecalciferol,400,60.0
202101,Sunderland,Colecalciferol,440,1.0
202101,Sunderland,Colecalciferol,800,323.0
202101,Sunderland,Colecalciferol,880,16.0
202101,Sunderland,Colecalciferol,unknown,491.0
202101,York,Colecalciferol,1000,211.0
202101,York,Colecalciferol,10000,6.0
202101,York,Colecalciferol,200,424.0
202101,York,Colecalciferol,2000,2.0
202101,York,Colecalciferol,20000,8.0
202101,York,Colecalciferol,2400,1.0
202101,York,Colecalciferol,25000,35.0
202101,York,Colecalciferol,3000,4.0
202101,York,Colecalciferol,3200,2.0
202101,York,Colecalciferol,400,482.0
202101,York,Colecalciferol,4000,3.0
202101,York,Colecalciferol,440,3.0
202101,York,Colecalciferol,5000,1.0
202101,York,Colecalciferol,50000,18.0
202101,York,Colecalciferol,5600,1.0
202101,York,Colecalciferol,800,653.0
202101,York,Colecalciferol,880,40.0
202101,York,Colecalciferol,unknown,852.0
202102,Birmingham,Colecalciferol,1000,471.0
202102,Birmingham,Colecalciferol,10000,22.0
202102,Birmingham,Colecalciferol,200,2220.0
202102,Birmingham,Colecalciferol,2000,39.0
202102,Birmingham,Colecalciferol,20000,436.0
202102,Birmingham,Colecalciferol,2200,4.0
202102,Birmingham,Colecalciferol,2400,26.0
202102,Birmingham,Colecalciferol,2500,6.0
202102,Birmingham,Colecalciferol,25000,406.0
202102,Birmingham,Colecalciferol,2740,6.0
202102,Birmingham,Colecalciferol,3000,9.0
202102,Birmingham,Colecalciferol,3200,105.0
202102,Birmingham,Colecalciferol,400,1253.0
202102,Birmingham,Colecalciferol,4000,13.0
202102,Birmingham,Colecalciferol,40000,1.0
202102,Birmingham,Colecalciferol,440,7.0
202102,Birmingham,Colecalciferol,5000,2.0
202102,Birmingham,Colecalciferol,50000,476.0
202102,Birmingham,Colecalciferol,5600,6.0
202102,Birmingham,Colecalciferol,600,2.0
202102,Birmingham,Colecalciferol,800,3668.0
202102,Birmingham,Colecalciferol,880,236.0
202102,Birmingham,Colecalciferol,unknown,2035.0
202102,Brighton,Colecalciferol,200,15.0
202102,Brighton,Colecalciferol,20000,11.0
202102,Brighton,Colecalciferol,3000,1.0
202102,Brighton,Colecalciferol,3200,3.0
202102,Brighton,Colecalciferol,400,117.0
202102,Brighton,Colecalciferol,4000,12.0
202102,Brighton,Colecalciferol,440,3.0
202102,Brighton,Colecalciferol,800,39.0
202102,Brighton,Colecalciferol,unknown,55.0
202102,Bristol,Colecalciferol,1000,223.0
202102,Bristol,Colecalciferol,10000,5.0
202102,Bristol,Colecalciferol,200,651.0
202102,Bristol,Colecalciferol,2000,2.0
202102,Bristol,Colecalciferol,20000,53.0
202102,Bristol,Colecalciferol,2200,1.0
202102,Bristol,Colecalciferol,25000,61.0
202102,Bristol,Colecalciferol,2740,1.0
202102,Bristol,Colecalciferol,3000,4.0
202102,Bristol,Colecalciferol,3200,10.0
202102,Bristol,Colecalciferol,400,1205.0
202102,Bristol,Colecalciferol,40000,1.0
202102,Bristol,Colecalciferol,440,7.0
202102,Bristol,Colecalciferol,50000,24.0
202102,Bristol,Colecalciferol,800,1477.0
202102,Bristol,Colecalciferol,880,103.0
202102,Bristol,Colecalciferol,unknown,1309.0
202102,Canterbury,Colecalciferol,1000,208.0
202102,Canterbury,Colecalciferol,10000,4.0
202102,Canterbury,Colecalciferol,200,362.0
202102,Canterbury,Colecalciferol,2000,3.0
202102,Canterbury,Colecalciferol,20000,12.0
202102,Canterbury,Colecalciferol,2500,2.0
202102,Canterbury,Colecalciferol,25000,1.0
202102,Canterbury,Colecalciferol,3000,1.0
202102,Canterbury,Colecalciferol,3200,3.0
202102,Canterbury,Colecalciferol,400,543.0
202102,Canterbury,Colecalciferol,440,2.0
202102,Canterbury,Colecalciferol,5000,1.0
202102,Canterbury,Colecalciferol,800,255.0
202102,Canterbury,Colecalciferol,880,25.0
202102,Canterbury,Colecalciferol,unknown,526.0
202102,Exeter,Colecalciferol,1000,30.0
202102,Exeter,Colecalciferol,200,15.0
202102,Exeter,Colecalciferol,25000,1.0
202102,Exeter,Colecalciferol,400,12.0
202102,Exeter,Colecalciferol,800,12.0
202102,Exeter,Colecalciferol,880,138.0
202102,Exeter,Colecalciferol,unknown,88.0
202102,Leeds,Colecalciferol,1000,506.0
202102,Leeds,Colecalciferol,10000,10.0
202102,Leeds,Colecalciferol,200,148.0
202102,Leeds,Colecalciferol,2000,13.0
202102,Leeds,Colecalciferol,20000,149.0
202102,Leeds,Colecalciferol,2400,1.0
202102,Leeds,Colecalciferol,25000,43.0
202102,Leeds,Colecalciferol,3000,2.0
202102,Leeds,Colecalciferol,30000,1.0
202102,Leeds,Colecalciferol,3200,4.0
202102,Leeds,Colecalciferol,400,681.0
202102,Leeds,Colecalciferol,4000,2.0
202102,Leeds,Colecalciferol,40000,17.0
202102,Leeds,Colecalciferol,440,1.0
202102,Leeds,Colecalciferol,50000,11.0
202102,Leeds,Colecalciferol,800,361.0
202102,Leeds,Colecalciferol,880,9.0
202102,Leeds,Colecalciferol,unknown,582.0
202102,London,Colecalciferol,1000,23296.0
202102,London,Colecalciferol,10000,513.0
202102,London,Colecalciferol,15000,17.0
202102,London,Colecalciferol,200,16095.0
202102,London,Colecalciferol,2000,785.0
202102,London,Colecalciferol,20000,11062.0
202102,London,Colecalciferol,2200,63.0
202102,London,Colecalciferol,2400,104.0
202102,London,Colecalciferol,2500,61.0
202102,London,Colecalciferol,25000,2150.0
202102,London,Colecalciferol,2740,80.0
202102,London,Colecalciferol,3000,245.0
202102,London,Colecalciferol,30000,10.0
202102,London,Colecalciferol,300000,6.0
202102,London,Colecalciferol,3200,282.0
202102,London,Colecalciferol,400,41141.0
202102,London,Colecalciferol,4000,155.0
202102,London,Colecalciferol,40000,367.0
202102,London,Colecalciferol,440,227.0
202102,London,Colecalciferol,5000,352.0
202102,London,Colecalciferol,50000,50.0
202102,London,Colecalciferol,5600,12.0
202102,London,Colecalciferol,600,34.0
202102,London,Colecalciferol,800,21150.0
202102,London,Colecalciferol,880,1941.0
202102,London,Colecalciferol,unknown,37637.0
202102,Manchester,Colecalciferol,1000,371.0
202102,Manchester,Colecalciferol,10000,30.0
202102,Manchester,Colecalciferol,15000,1.0
202102,Manchester,Colecalciferol,200,3356.0
202102,Manchester,Colecalciferol,2000,22.0
202102,Manchester,Colecalciferol,20000,1500.0
202102,Manchester,Colecalciferol,2200,3.0
202102,Manchester,Colecalciferol,2400,3.0
202102,Manchester,Colecalciferol,25000,69.0
202102,Manchester,Colecalciferol,2740,7.0
202102,Manchester,Colecalciferol,3000,1.0
202102,Manchester,Colecalciferol,3200,63.0
202102,Manchester,Colecalciferol,400,2382.0
202102,Manchester,Colecalciferol,4000,25.0
202102,Manchester,Colecalciferol,40000,10.0
202102,Manchester,Colecalciferol,440,15.0
202102,Manchester,Colecalciferol,5000,5.0
202102,Manchester,Colecalciferol,50000,37.0
202102,Manchester,Colecalciferol,5600,7.0
202102,Manchester,Colecalciferol,600,2.0
202102,Manchester,Colecalciferol,800,1565.0
202102,Manchester,Colecalciferol,880,399.0
202102,Manchester,Colecalciferol,unknown,5072.0
202102,Middlesbrough,Colecalciferol,1000,32.0
202102,Middlesbrough,Colecalciferol,10000,2.0
202102,Middlesbrough,Colecalciferol,200,70.0
202102,Middlesbrough,Colecalciferol,2000,1.0
202102,Middlesbrough,Colecalciferol,20000,16.0
202102,Middlesbrough,Colecalciferol,2400,1.0
202102,Middlesbrough,Colecalciferol,25000,1.0
202102,Middlesbrough,Colecalciferol,3000,1.0
202102,Middlesbrough,Colecalciferol,3200,1.0
202102,Middlesbrough,Colecalciferol,400,171.0
202102,Middlesbrough,Colecalciferol,5000,2.0
202102,Middlesbrough,Colecalciferol,800,254.0
202102,Middlesbrough,Colecalciferol,unknown,149.0
202102,Newcastle upon Tyne,Colecalciferol,1000,19.0
202102,Newcastle upon Tyne,Colecalciferol,10000,1.0
202102,Newcastle upon Tyne,Colecalciferol,15000,1.0
202102,Newcastle upon Tyne,Colecalciferol,200,226.0
202102,Newcastle upon Tyne,Colecalciferol,2000,5.0
202102,Newcastle upon Tyne,Colecalciferol,20000,155.0
202102,Newcastle upon Tyne,Colecalciferol,2400,2.0
202102,Newcastle upon Tyne,Colecalciferol,25000,4.0
202102,Newcastle upon Tyne,Colecalciferol,2740,13.0
202102,Newcastle upon Tyne,Colecalciferol,3200,1.0
202102,Newcastle upon Tyne,Colecalciferol,400,1458.0
202102,Newcastle upon Tyne,Colecalciferol,440,4.0
202102,Newcastle upon Tyne,Colecalciferol,800,3538.0
202102,Newcastle upon Tyne,Colecalciferol,880,9.0
202102,Newcastle upon Tyne,Colecalciferol,unknown,719.0
202102,Nottingham,Colecalciferol,1000,1573.0
202102,Nottingham,Colecalciferol,10000,5.0
202102,Nottingham,Colecalciferol,200,635.0
202102,Nottingham,Colecalciferol,2000,8.0
202102,Nottingham,Colecalciferol,20000,92.0
202102,Nottingham,Colecalciferol,2200,2.0
202102,Nottingham,Colecalciferol,2400,4.0
202102,Nottingham,Colecalciferol,25000,90.0
202102,Nottingham,Colecalciferol,2740,31.0
202102,Nottingham,Colecalciferol,3000,3.0
202102,Nottingham,Colecalciferol,3200,15.0
202102,Nottingham,Colecalciferol,400,673.0
202102,Nottingham,Colecalciferol,4000,4.0
202102,Nottingham,Colecalciferol,40000,1.0
202102,Nottingham,Colecalciferol,50000,73.0
202102,Nottingham,Colecalciferol,5600,4.0
202102,Nottingham,Colecalciferol,800,1851.0
202102,Nottingham,Colecalciferol,880,13.0
202102,Nottingham,Colecalciferol,unknown,1092.0
202102,Peterborough,Colecalciferol,1000,1.0
202102,Peterborough,Colecalciferol,200,6.0
202102,Peterborough,Colecalciferol,20000,1.0
202102,Peterborough,Colecalciferol,3200,6.0
202102,Peterborough,Colecalciferol,400,60.0
202102,Peterborough,Colecalciferol,800,10.0
202102,Peterborough,Colecalciferol,880,11.0
202102,Peterborough,Colecalciferol,unknown,26.0
202102,Plymouth,Colecalciferol,1000,38.0
202102,Plymouth,Colecalciferol,10000,3.0
202102,Plymouth,Colecalciferol,200,37.0
202102,Plymouth,Colecalciferol,2000,3.0
202102,Plymouth,Colecalciferol,25000,10.0
202102,Plymouth,Colecalciferol,400,68.0
202102,Plymouth,Colecalciferol,440,1.0
202102,Plymouth,Colecalciferol,800,14.0
202102,Plymouth,Colecalciferol,880,20.0
202102,Plymouth,Colecalciferol,unknown,63.0
202102,Sunderland,Colecalciferol,1000,28.0
202102,Sunderland,Colecalciferol,200,89.0
202102,Sunderland,Colecalciferol,20000,41.0
202102,Sunderland,Colecalciferol,400,66.0
202102,Sunderland,Colecalciferol,800,260.0
202102,Sunderland,Colecalciferol,880,13.0
202102,Sunderland,Colecalciferol,unknown,470.0
202102,York,Colecalciferol,1000,201.0
202102,York,Colecalciferol,10000,12.0
202102,York,Colecalciferol,200,441.0
202102,York,Colecalciferol,2000,6.0
202102,York,Colecalciferol,20000,9.0
202102,York,Colecalciferol,2400,3.0
202102,York,Colecalciferol,25000,41.0
202102,York,Colecalciferol,3000,3.0
202102,York,Colecalciferol,3200,2.0
202102,York,Colecalciferol,400,397.0
202102,York,Colecalciferol,4000,1.0
202102,York,Colecalciferol,440,3.0
202102,York,Colecalciferol,5000,1.0
202102,York,Colecalciferol,50000,9.0
202102,York,Colecalciferol,5600,1.0
202102,York,Colecalciferol,800,565.0
202102,York,Colecalciferol,880,27.0
202102,York,Colecalciferol,unknown,776.0
202103,Birmingham,Colecalciferol,1000,661.0
202103,Birmingham,Colecalciferol,10000,22.0
202103,Birmingham,Colecalciferol,200,2450.0
202103,Birmingham,Colecalciferol,2000,36.0
202103,Birmingham,Colecalciferol,20000,419.0
202103,Birmingham,Colecalciferol,2200,3.0
202103,Birmingham,Colecalciferol,2400,25.0
202103,Birmingham,Colecalciferol,2500,5.0
202103,Birmingham,Colecalciferol,25000,413.0
202103,Birmingham,Colecalciferol,2740,7.0
202103,Birmingham,Colecalciferol,3000,11.0
202103,Birmingham,Colecalciferol,3200,117.0
202103,Birmingham,Colecalciferol,400,1380.0
202103,Birmingham,Colecalciferol,4000,15.0
202103,Birmingham,Colecalciferol,40000,1.0
202103,Birmingham,Colecalciferol,440,11.0
202103,Birmingham,Colecalciferol,5000,7.0
202103,Birmingham,Colecalciferol,50000,592.0
202103,Birmingham,Colecalciferol,5600,9.0
202103,Birmingham,Colecalciferol,600,2.0
202103,Birmingham,Colecalciferol,800,3962.0
202103,Birmingham,Colecalciferol,880,221.0
202103,Birmingham,Colecalciferol,unknown,2340.0
202103,Brighton,Colecalciferol,200,14.0
202103,Brighton,Colecalciferol,20000,4.0
202103,Brighton,Colecalciferol,3200,5.0
202103,Brighton,Colecalciferol,400,146.0
202103,Brighton,Colecalciferol,4000,3.0
202103,Brighton,Colecalciferol,800,49.0
202103,Brighton,Colecalciferol,unknown,59.0
202103,Bristol,Colecalciferol,1000,238.0
202103,Bristol,Colecalciferol,10000,5.0
202103,Bristol,Colecalciferol,15000,1.0
202103,Bristol,Colecalciferol,200,718.0
202103,Bristol,Colecalciferol,2000,3.0
202103,Bristol,Colecalciferol,20000,58.0
202103,Bristol,Colecalciferol,2200,1.0
202103,Bristol,Colecalciferol,25000,74.0
202103,Bristol,Colecalciferol,2740,1.0
202103,Bristol,Colecalciferol,3000,5.0
202103,Bristol,Colecalciferol,3200,11.0
202103,Bristol,Colecalciferol,400,1301.0
202103,Bristol,Colecalciferol,40000,1.0
202103,Bristol,Colecalciferol,440,4.0
202103,Bristol,Colecalciferol,50000,45.0
202103,Bristol,Colecalciferol,800,1648.0
202103,Bristol,Colecalciferol,880,138.0
202103,Bristol,Colecalciferol,unknown,1367.0
202103,Canterbury,Colecalciferol,1000,233.0
202103,Canterbury,Colecalciferol,10000,4.0
202103,Canterbury,Colecalciferol,200,391.0
202103,Canterbury,Colecalciferol,2000,5.0
202103,Canterbury,Colecalciferol,20000,20.0
202103,Canterbury,Colecalciferol,2500,2.0
202103,Canterbury,Colecalciferol,25000,1.0
202103,Canterbury,Colecalciferol,2740,1.0
202103,Canterbury,Colecalciferol,3200,6.0
202103,Canterbury,Colecalciferol,400,609.0
202103,Canterbury,Colecalciferol,4000,1.0
202103,Canterbury,Colecalciferol,440,5.0
202103,Canterbury,Colecalciferol,5000,4.0
202103,Canterbury,Colecalciferol,800,278.0
202103,Canterbury,Colecalciferol,880,26.0
202103,Canterbury,Colecalciferol,unknown,580.0
202103,Exeter,Colecalciferol,1000,34.0
202103,Exeter,Colecalciferol,200,20.0
202103,Exeter,Colecalciferol,400,8.0
202103,Exeter,Colecalciferol,800,12.0
202103,Exeter,Colecalciferol,880,124.0
202103,Exeter,Colecalciferol,unknown,75.0
202103,Leeds,Colecalciferol,1000,587.0
202103,Leeds,Colecalciferol,10000,11.0
202103,Leeds,Colecalciferol,200,146.0
202103,Leeds,Colecalciferol,2000,9.0
202103,Leeds,Colecalciferol,20000,184.0
202103,Leeds,Colecalciferol,2400,3.0
202103,Leeds,Colecalciferol,25000,53.0
202103,Leeds,Colecalciferol,3000,2.0
202103,Leeds,Colecalciferol,3200,11.0
202103,Leeds,Colecalciferol,400,765.0
202103,Leeds,Colecalciferol,4000,1.0
202103,Leeds,Colecalciferol,40000,16.0
202103,Leeds,Colecalciferol,440,1.0
202103,Leeds,Colecalciferol,50000,26.0
202103,Leeds,Colecalciferol,5600,1.0
202103,Leeds,Colecalciferol,800,435.0
202103,Leeds,Colecalciferol,880,13.0
202103,Leeds,Colecalciferol,unknown,597.0
202103,London,Colecalciferol,1000,26806.0
202103,London,Colecalciferol,10000,660.0
202103,London,Colecalciferol,15000,20.0
202103,London,Colecalciferol,200,17426.0
202103,London,Colecalciferol,2000,901.0
202103,London,Colecalciferol,20000,13394.0
202103,London,Colecalciferol,2200,54.0
202103,London,Colecalciferol,2400,138.0
202103,London,Colecalciferol,2500,113.0
202103,London,Colecalciferol,25000,2752.0
202103,London,Colecalciferol,2740,86.0
202103,London,Colecalciferol,3000,320.0
202103,London,Colecalciferol,300000,9.0
202103,London,Colecalciferol,3200,348.0
202103,London,Colecalciferol,400,46100.0
202103,London,Colecalciferol,4000,166.0
202103,London,Colecalciferol,40000,509.0
202103,London,Colecalciferol,440,285.0
202103,London,Colecalciferol,500,2.0
202103,London,Colecalciferol,5000,406.0
202103,London,Colecalciferol,50000,54.0
202103,London,Colecalciferol,5600,14.0
202103,London,Colecalciferol,600,50.0
202103,London,Colecalciferol,800,23771.0
202103,London,Colecalciferol,880,2146.0
202103,London,Colecalciferol,unknown,41374.0
202103,Manchester,Colecalciferol,1000,433.0
202103,Manchester,Colecalciferol,10000,34.0
202103,Manchester,Colecalciferol,200,3699.0
202103,Manchester,Colecalciferol,2000,39.0
202103,Manchester,Colecalciferol,20000,1793.0
202103,Manchester,Colecalciferol,2200,1.0
202103,Manchester,Colecalciferol,2400,2.0
202103,Manchester,Colecalciferol,25000,87.0
202103,Manchester,Colecalciferol,2740,16.0
202103,Manchester,Colecalciferol,3000,3.0
202103,Manchester,Colecalciferol,3200,59.0
202103,Manchester,Colecalciferol,400,2773.0
202103,Manchester,Colecalciferol,4000,33.0
202103,Manchester,Colecalciferol,40000,19.0
202103,Manchester,Colecalciferol,440,13.0
202103,Manchester,Colecalciferol,5000,7.0
202103,Manchester,Colecalciferol,50000,48.0
202103,Manchester,Colecalciferol,5600,7.0
202103,Manchester,Colecalciferol,600,3.0
202103,Manchester,Colecalciferol,800,1913.0
202103,Manchester,Colecalciferol,880,462.0
202103,Manchester,Colecalciferol,unknown,5766.0
202103,Middlesbrough,Colecalciferol,1000,41.0
202103,Middlesbrough,Colecalciferol,10000,2.0
202103,Middlesbrough,Colecalciferol,200,58.0
202103,Middlesbrough,Colecalciferol,2000,5.0
202103,Middlesbrough,Colecalciferol,20000,15.0
202103,Middlesbrough,Colecalciferol,3200,4.0
202103,Middlesbrough,Colecalciferol,400,179.0
202103,Middlesbrough,Colecalciferol,4000,5.0
202103,Middlesbrough,Colecalciferol,440,1.0
202103,Middlesbrough,Colecalciferol,5000,1.0
202103,Middlesbrough,Colecalciferol,800,258.0
202103,Middlesbrough,Colecalciferol,unknown,152.0
202103,Newcastle upon Tyne,Colecalciferol,1000,26.0
202103,Newcastle upon Tyne,Colecalciferol,10000,2.0
202103,Newcastle upon Tyne,Colecalciferol,15000,1.0
202103,Newcastle upon Tyne,Colecalciferol,200,256.0
202103,Newcastle upon Tyne,Colecalciferol,2000,10.0
202103,Newcastle upon Tyne,Colecalciferol,20000,169.0
202103,Newcastle upon Tyne,Colecalciferol,2400,1.0
202103,Newcastle upon Tyne,Colecalciferol,25000,4.0
202103,Newcastle upon Tyne,Colecalciferol,2740,14.0
202103,Newcastle upon Tyne,Colecalciferol,400,1656.0
202103,Newcastle upon Tyne,Colecalciferol,440,3.0
202103,Newcastle upon Tyne,Colecalciferol,50000,1.0
202103,Newcastle upon Tyne,Colecalciferol,800,3850.0
202103,Newcastle upon Tyne,Colecalciferol,880,12.0
202103,Newcastle upon Tyne,Colecalciferol,unknown,776.0
202103,Nottingham,Colecalciferol,1000,1674.0
202103,Nottingham,Colecalciferol,10000,10.0
202103,Nottingham,Colecalciferol,200,705.0
202103,Nottingham,Colecalciferol,2000,6.0
202103,Nottingham,Colecalciferol,20000,130.0
202103,Nottingham,Colecalciferol,2200,1.0
202103,Nottingham,Colecalciferol,2500,1.0
202103,Nottingham,Colecalciferol,25000,100.0
202103,Nottingham,Colecalciferol,2740,15.0
202103,Nottingham,Colecalciferol,3000,4.0
202103,Nottingham,Colecalciferol,3200,14.0
202103,Nottingham,Colecalciferol,400,757.0
202103,Nottingham,Colecalciferol,4000,4.0
202103,Nottingham,Colecalciferol,440,1.0
202103,Nottingham,Colecalciferol,5000,2.0
202103,Nottingham,Colecalciferol,50000,103.0
202103,Nottingham,Colecalciferol,5600,6.0
202103,Nottingham,Colecalciferol,800,2093.0
202103,Nottingham,Colecalciferol,880,10.0
202103,Nottingham,Colecalciferol,unknown,1192.0
202103,Peterborough,Colecalciferol,1000,2.0
202103,Peterborough,Colecalciferol,200,9.0
202103,Peterborough,Colecalciferol,3200,8.0
202103,Peterborough,Colecalciferol,400,59.0
202103,Peterborough,Colecalciferol,50000,1.0
202103,Peterborough,Colecalciferol,800,9.0
202103,Peterborough,Colecalciferol,880,16.0
202103,Peterborough,Colecalciferol,unknown,24.0
202103,Plymouth,Colecalciferol,1000,32.0
202103,Plymouth,Colecalciferol,10000,1.0
202103,Plymouth,Colecalciferol,200,32.0
202103,Plymouth,Colecalciferol,2000,5.0
202103,Plymouth,Colecalciferol,25000,7.0
202103,Plymouth,Colecalciferol,400,71.0
202103,Plymouth,Colecalciferol,50000,2.0
202103,Plymouth,Colecalciferol,800,17.0
202103,Plymouth,Colecalciferol,880,17.0
202103,Plymouth,Colecalciferol,unknown,64.0
202103,Sunderland,Colecalciferol,1000,41.0
202103,Sunderland,Colecalciferol,200,113.0
202103,Sunderland,Colecalciferol,20000,43.0
202103,Sunderland,Colecalciferol,25000,1.0
202103,Sunderland,Colecalciferol,2740,2.0
202103,Sunderland,Colecalciferol,400,95.0
202103,Sunderland,Colecalciferol,800,308.0
202103,Sunderland,Colecalciferol,880,7.0
202103,Sunderland,Colecalciferol,unknown,512.0
202103,York,Colecalciferol,1000,225.0
202103,York,Colecalciferol,10000,14.0
202103,York,Colecalciferol,200,428.0
202103,York,Colecalciferol,2000,4.0
202103,York,Colecalciferol,20000,5.0
202103,York,Colecalciferol,2400,2.0
202103,York,Colecalciferol,25000,42.0
202103,York,Colecalciferol,3000,4.0
202103,York,Colecalciferol,3200,2.0
202103,York,Colecalciferol,400,458.0
202103,York,Colecalciferol,4000,1.0
202103,York,Colecalciferol,440,4.0
202103,York,Colecalciferol,5000,2.0
202103,York,Colecalciferol,50000,30.0
202103,York,Colecalciferol,5600,1.0
202103,York,Colecalciferol,800,597.0
202103,York,Colecalciferol,880,40.0
202103,York,Colecalciferol,unknown,879.0
202104,Birmingham,Colecalciferol,1000,652.0
202104,Birmingham,Colecalciferol,10000,44.0
202104,Birmingham,Colecalciferol,200,2422.0
202104,Birmingham,Colecalciferol,2000,34.0
202104,Birmingham,Colecalciferol,20000,428.0
202104,Birmingham,Colecalciferol,2200,2.0
202104,Birmingham,Colecalciferol,2400,26.0
202104,Birmingham,Colecalciferol,2500,6.0
202104,Birmingham,Colecalciferol,25000,431.0
202104,Birmingham,Colecalciferol,2740,10.0
202104,Birmingham,Colecalciferol,3000,20.0
202104,Birmingham,Colecalciferol,30000,1.0
202104,Birmingham,Colecalciferol,3200,127.0
202104,Birmingham,Colecalciferol,400,1283.0
202104,Birmingham,Colecalciferol,4000,6.0
202104,Birmingham,Colecalciferol,440,8.0
202104,Birmingham,Colecalciferol,5000,3.0
202104,Birmingham,Colecalciferol,50000,610.0
202104,Birmingham,Colecalciferol,5600,5.0
202104,Birmingham,Colecalciferol,800,3768.0
202104,Birmingham,Colecalciferol,880,195.0
202104,Birmingham,Colecalciferol,unknown,2139.0
202104,Brighton,Colecalciferol,10000,1.0
202104,Brighton,Colecalciferol,200,17.0
202104,Brighton,Colecalciferol,20000,8.0
202104,Brighton,Colecalciferol,3000,1.0
202104,Brighton,Colecalciferol,3200,2.0
202104,Brighton,Colecalciferol,400,134.0
202104,Brighton,Colecalciferol,4000,9.0
202104,Brighton,Colecalciferol,800,48.0
202104,Brighton,Colecalciferol,unknown,54.0
202104,Bristol,Colecalciferol,1000,213.0
202104,Bristol,Colecalciferol,10000,7.0
202104,Bristol,Colecalciferol,200,543.0
202104,Bristol,Colecalciferol,2000,2.0
202104,Bristol,Colecalciferol,20000,38.0
202104,Bristol,Colecalciferol,2200,1.0
202104,Bristol,Colecalciferol,25000,113.0
202104,Bristol,Colecalciferol,2740,3.0
202104,Bristol,Colecalciferol,3000,8.0
202104,Bristol,Colecalciferol,3200,8.0
202104,Bristol,Colecalciferol,400,1198.0
202104,Bristol,Colecalciferol,40000,1.0
202104,Bristol,Colecalciferol,440,7.0
202104,Bristol,Colecalciferol,50000,22.0
202104,Bristol,Colecalciferol,600,1.0
202104,Bristol,Colecalciferol,800,1599.0
202104,Bristol,Colecalciferol,880,138.0
202104,Bristol,Colecalciferol,unknown,1267.0
202104,Canterbury,Colecalciferol,1000,203.0
202104,Canterbury,Colecalciferol,10000,2.0
202104,Canterbury,Colecalciferol,200,371.0
202104,Canterbury,Colecalciferol,2000,6.0
202104,Canterbury,Colecalciferol,20000,15.0
202104,Canterbury,Colecalciferol,2500,2.0
202104,Canterbury,Colecalciferol,25000,1.0
202104,Canterbury,Colecalciferol,2740,3.0
202104,Canterbury,Colecalciferol,3000,1.0
202104,Canterbury,Colecalciferol,3200,6.0
202104,Canterbury,Colecalciferol,400,614.0
202104,Canterbury,Colecalciferol,4000,1.0
202104,Canterbury,Colecalciferol,440,3.0
202104,Canterbury,Colecalciferol,5000,2.0
202104,Canterbury,Colecalciferol,600,1.0
202104,Canterbury,Colecalciferol,800,263.0
202104,Canterbury,Colecalciferol,880,33.0
202104,Canterbury,Colecalciferol,unknown,589.0
202104,Exeter,Colecalciferol,1000,49.0
202104,Exeter,Colecalciferol,200,14.0
202104,Exeter,Colecalciferol,400,9.0
202104,Exeter,Colecalciferol,800,11.0
202104,Exeter,Colecalciferol,880,171.0
202104,Exeter,Colecalciferol,unknown,90.0
202104,Leeds,Colecalciferol,1000,564.0
202104,Leeds,Colecalciferol,10000,10.0
202104,Leeds,Colecalciferol,200,142.0
202104,Leeds,Colecalciferol,2000,11.0
202104,Leeds,Colecalciferol,20000,129.0
202104,Leeds,Colecalciferol,2400,3.0
202104,Leeds,Colecalciferol,25000,32.0
202104,Leeds,Colecalciferol,3000,2.0
202104,Leeds,Colecalciferol,300000,1.0
202104,Leeds,Colecalciferol,3200,6.0
202104,Leeds,Colecalciferol,400,776.0
202104,Leeds,Colecalciferol,4000,1.0
202104,Leeds,Colecalciferol,40000,13.0
202104,Leeds,Colecalciferol,440,3.0
202104,Leeds,Colecalciferol,5000,1.0
202104,Leeds,Colecalciferol,50000,14.0
202104,Leeds,Colecalciferol,800,432.0
202104,Leeds,Colecalciferol,880,10.0
202104,Leeds,Colecalciferol,unknown,596.0
202104,London,Colecalciferol,1000,25905.0
202104,London,Colecalciferol,10000,679.0
202104,London,Colecalciferol,15000,19.0
202104,London,Colecalciferol,200,17066.0
202104,London,Colecalciferol,2000,887.0
202104,London,Colecalciferol,20000,12670.0
202104,London,Colecalciferol,2200,61.0
202104,London,Colecalciferol,2400,123.0
202104,London,Colecalciferol,2500,93.0
202104,London,Colecalciferol,25000,2692.0
202104,London,Colecalciferol,2740,79.0
202104,London,Colecalciferol,3000,293.0
202104,London,Colecalciferol,30000,1.0
202104,London,Colecalciferol,300000,4.0
202104,London,Colecalciferol,3200,320.0
202104,London,Colecalciferol,400,43759.0
202104,London,Colecalciferol,4000,146.0
202104,London,Colecalciferol,40000,486.0
202104,London,Colecalciferol,440,265.0
202104,London,Colecalciferol,5000,399.0
202104,London,Colecalciferol,50000,73.0
202104,London,Colecalciferol,5600,14.0
202104,London,Colecalciferol,600,44.0
202104,London,Colecalciferol,800,22655.0
202104,London,Colecalciferol,880,2089.0
202104,London,Colecalciferol,unknown,40192.0
202104,Manchester,Colecalciferol,1000,391.0
202104,Manchester,Colecalciferol,10000,26.0
202104,Manchester,Colecalciferol,200,3477.0
202104,Manchester,Colecalciferol,2000,36.0
202104,Manchester,Colecalciferol,20000,1665.0
202104,Manchester,Colecalciferol,2400,2.0
202104,Manchester,Colecalciferol,2500,2.0
202104,Manchester,Colecalciferol,25000,70.0
202104,Manchester,Colecalciferol,2740,15.0
202104,Manchester,Colecalciferol,3000,7.0
202104,Manchester,Colecalciferol,3200,58.0
202104,Manchester,Colecalciferol,400,2611.0
202104,Manchester,Colecalciferol,4000,26.0
202104,Manchester,Colecalciferol,40000,17.0
202104,Manchester,Colecalciferol,440,11.0
202104,Manchester,Colecalciferol,5000,12.0
202104,Manchester,Colecalciferol,50000,58.0
202104,Manchester,Colecalciferol,5600,8.0
202104,Manchester,Colecalciferol,600,1.0
202104,Manchester,Colecalciferol,800,1768.0
202104,Manchester,Colecalciferol,880,421.0
202104,Manchester,Colecalciferol,unknown,5468.0
202104,Middlesbrough,Colecalciferol,1000,42.0
202104,Middlesbrough,Colecalciferol,10000,1.0
202104,Middlesbrough,Colecalciferol,200,70.0
202104,Middlesbrough,Colecalciferol,2000,2.0
202104,Middlesbrough,Colecalciferol,20000,19.0
202104,Middlesbrough,Colecalciferol,3200,1.0
202104,Middlesbrough,Colecalciferol,400,188.0
202104,Middlesbrough,Colecalciferol,4000,1.0
202104,Middlesbrough,Colecalciferol,5000,1.0
202104,Middlesbrough,Colecalciferol,800,281.0
202104,Middlesbrough,Colecalciferol,unknown,176.0
202104,Newcastle upon Tyne,Colecalciferol,1000,23.0
202104,Newcastle upon Tyne,Colecalciferol,10000,3.0
202104,Newcastle upon Tyne,Colecalciferol,200,203.0
202104,Newcastle upon Tyne,Colecalciferol,2000,4.0
202104,Newcastle upon Tyne,Colecalciferol,20000,167.0
202104,Newcastle upon Tyne,Colecalciferol,2400,2.0
202104,Newcastle upon Tyne,Colecalciferol,25000,3.0
202104,Newcastle upon Tyne,Colecalciferol,2740,16.0
202104,Newcastle upon Tyne,Colecalciferol,3000,1.0
202104,Newcastle upon Tyne,Colecalciferol,400,1535.0
202104,Newcastle upon Tyne,Colecalciferol,440,3.0
202104,Newcastle upon Tyne,Colecalciferol,50000,1.0
202104,Newcastle upon Tyne,Colecalciferol,5600,1.0
202104,Newcastle upon Tyne,Colecalciferol,800,3643.0
202104,Newcastle upon Tyne,Colecalciferol,880,11.0
202104,Newcastle upon Tyne,Colecalciferol,unknown,791.0
202104,Nottingham,Colecalciferol,1000,1748.0
202104,Nottingham,Colecalciferol,10000,10.0
202104,Nottingham,Colecalciferol,200,685.0
202104,Nottingham,Colecalciferol,2000,12.0
202104,Nottingham,Colecalciferol,20000,106.0
202104,Nottingham,Colecalciferol,2200,3.0
202104,Nottingham,Colecalciferol,2500,1.0
202104,Nottingham,Colecalciferol,25000,64.0
202104,Nottingham,Colecalciferol,2740,34.0
202104,Nottingham,Colecalciferol,3000,8.0
202104,Nottingham,Colecalciferol,3200,9.0
202104,Nottingham,Colecalciferol,400,770.0
202104,Nottingham,Colecalciferol,4000,4.0
202104,Nottingham,Colecalciferol,5000,3.0
202104,Nottingham,Colecalciferol,50000,93.0
202104,Nottingham,Colecalciferol,5600,5.0
202104,Nottingham,Colecalciferol,600,1.0
202104,Nottingham,Colecalciferol,800,2091.0
202104,Nottingham,Colecalciferol,880,11.0
202104,Nottingham,Colecalciferol,unknown,1187.0
202104,Peterborough,Colecalciferol,1000,1.0
202104,Peterborough,Colecalciferol,200,10.0
202104,Peterborough,Colecalciferol,20000,5.0
202104,Peterborough,Colecalciferol,25000,1.0
202104,Peterborough,Colecalciferol,3200,4.0
202104,Peterborough,Colecalciferol,400,63.0
202104,Peterborough,Colecalciferol,50000,1.0
202104,Peterborough,Colecalciferol,800,9.0
202104,Peterborough,Colecalciferol,880,20.0
202104,Peterborough,Colecalciferol,unknown,24.0
202104,Plymouth,Colecalciferol,1000,39.0
202104,Plymouth,Colecalciferol,10000,1.0
202104,Plymouth,Colecalciferol,200,40.0
202104,Plymouth,Colecalciferol,2000,4.0
202104,Plymouth,Colecalciferol,2400,1.0
202104,Plymouth,Colecalciferol,25000,7.0
202104,Plymouth,Colecalciferol,400,62.0
202104,Plymouth,Colecalciferol,800,23.0
202104,Plymouth,Colecalciferol,880,25.0
202104,Plymouth,Colecalciferol,unknown,74.0
202104,Sunderland,Colecalciferol,1000,21.0
202104,Sunderland,Colecalciferol,10000,3.0
202104,Sunderland,Colecalciferol,200,95.0
202104,Sunderland,Colecalciferol,20000,23.0
202104,Sunderland,Colecalciferol,2740,1.0
202104,Sunderland,Colecalciferol,400,87.0
202104,Sunderland,Colecalciferol,800,279.0
202104,Sunderland,Colecalciferol,880,12.0
202104,Sunderland,Colecalciferol,unknown,517.0
202104,York,Colecalciferol,1000,222.0
202104,York,Colecalciferol,10000,14.0
202104,York,Colecalciferol,200,419.0
202104,York,Colecalciferol,2000,5.0
202104,York,Colecalciferol,20000,5.0
202104,York,Colecalciferol,2400,1.0
202104,York,Colecalciferol,25000,42.0
202104,York,Colecalciferol,3000,4.0
202104,York,Colecalciferol,3200,2.0
202104,York,Colecalciferol,400,446.0
202104,York,Colecalciferol,4000,2.0
202104,York,Colecalciferol,440,5.0
202104,York,Colecalciferol,5000,2.0
202104,York,Colecalciferol,50000,26.0
202104,York,Colecalciferol,800,629.0
202104,York,Colecalciferol,880,36.0
202104,York,Colecalciferol,unknown,857.0
202105,Birmingham,Colecalciferol,1000,616.0
202105,Birmingham,Colecalciferol,10000,68.0
202105,Birmingham,Colecalciferol,200,2204.0
202105,Birmingham,Colecalciferol,2000,41.0
202105,Birmingham,Colecalciferol,20000,374.0
202105,Birmingham,Colecalciferol,2200,1.0
202105,Birmingham,Colecalciferol,2400,13.0
202105,Birmingham,Colecalciferol,2500,4.0
202105,Birmingham,Colecalciferol,25000,374.0
202105,Birmingham,Colecalciferol,2740,3.0
202105,Birmingham,Colecalciferol,3000,13.0
202105,Birmingham,Colecalciferol,30000,2.0
202105,Birmingham,Colecalciferol,3200,111.0
202105,Birmingham,Colecalciferol,400,1165.0
202105,Birmingham,Colecalciferol,4000,12.0
202105,Birmingham,Colecalciferol,440,7.0
202105,Birmingham,Colecalciferol,5000,3.0
202105,Birmingham,Colecalciferol,50000,570.0
202105,Birmingham,Colecalciferol,5600,10.0
202105,Birmingham,Colecalciferol,800,3474.0
202105,Birmingham,Colecalciferol,880,192.0
202105,Birmingham,Colecalciferol,unknown,1994.0
202105,Brighton,Colecalciferol,200,15.0
202105,Brighton,Colecalciferol,20000,11.0
202105,Brighton,Colecalciferol,3000,1.0
202105,Brighton,Colecalciferol,3200,6.0
202105,Brighton,Colecalciferol,400,130.0
202105,Brighton,Colecalciferol,4000,10.0
202105,Brighton,Colecalciferol,50000,1.0
202105,Brighton,Colecalciferol,800,58.0
202105,Brighton,Colecalciferol,unknown,54.0
202105,Bristol,Colecalciferol,1000,212.0
202105,Bristol,Colecalciferol,10000,7.0
202105,Bristol,Colecalciferol,200,508.0
202105,Bristol,Colecalciferol,2000,3.0
202105,Bristol,Colecalciferol,20000,35.0
202105,Bristol,Colecalciferol,2200,1.0
202105,Bristol,Colecalciferol,25000,86.0
202105,Bristol,Colecalciferol,3000,5.0
202105,Bristol,Colecalciferol,3200,8.0
202105,Bristol,Colecalciferol,400,1188.0
202105,Bristol,Colecalciferol,40000,3.0
202105,Bristol,Colecalciferol,440,4.0
202105,Bristol,Colecalciferol,50000,18.0
202105,Bristol,Colecalciferol,600,1.0
202105,Bristol,Colecalciferol,800,1446.0
202105,Bristol,Colecalciferol,880,129.0
202105,Bristol,Colecalciferol,unknown,1160.0
202105,Canterbury,Colecalciferol,1000,216.0
202105,Canterbury,Colecalciferol,10000,2.0
202105,Canterbury,Colecalciferol,200,359.0
202105,Canterbury,Colecalciferol,2000,2.0
202105,Canterbury,Colecalciferol,20000,17.0
202105,Canterbury,Colecalciferol,2400,1.0
202105,Canterbury,Colecalciferol,2500,2.0
202105,Canterbury,Colecalciferol,25000,1.0
202105,Canterbury,Colecalciferol,3200,6.0
202105,Canterbury,Colecalciferol,400,581.0
202105,Canterbury,Colecalciferol,4000,1.0
202105,Canterbury,Colecalciferol,440,6.0
202105,Canterbury,Colecalciferol,5000,2.0
202105,Canterbury,Colecalciferol,50000,1.0
202105,Canterbury,Colecalciferol,800,254.0
202105,Canterbury,Colecalciferol,880,19.0
202105,Canterbury,Colecalciferol,unknown,539.0
202105,Exeter,Colecalciferol,1000,39.0
202105,Exeter,Colecalciferol,200,21.0
202105,Exeter,Colecalciferol,25000,1.0
202105,Exeter,Colecalciferol,3200,1.0
202105,Exeter,Colecalciferol,400,9.0
202105,Exeter,Colecalciferol,800,11.0
202105,Exeter,Colecalciferol,880,146.0
202105,Exeter,Colecalciferol,unknown,80.0
202105,Leeds,Colecalciferol,1000,531.0
202105,Leeds,Colecalciferol,10000,8.0
202105,Leeds,Colecalciferol,200,137.0
202105,Leeds,Colecalciferol,2000,6.0
202105,Leeds,Colecalciferol,20000,126.0
202105,Leeds,Colecalciferol,2200,1.0
202105,Leeds,Colecalciferol,2400,3.0
202105,Leeds,Colecalciferol,2500,2.0
202105,Leeds,Colecalciferol,25000,33.0
202105,Leeds,Colecalciferol,3000,2.0
202105,Leeds,Colecalciferol,30000,1.0
202105,Leeds,Colecalciferol,300000,1.0
202105,Leeds,Colecalciferol,3200,4.0
202105,Leeds,Colecalciferol,400,713.0
202105,Leeds,Colecalciferol,4000,1.0
202105,Leeds,Colecalciferol,40000,3.0
202105,Leeds,Colecalciferol,440,3.0
202105,Leeds,Colecalciferol,50000,19.0
202105,Leeds,Colecalciferol,800,381.0
202105,Leeds,Colecalciferol,880,11.0
202105,Leeds,Colecalciferol,unknown,590.0
202105,London,Colecalciferol,1000,25521.0
202105,London,Colecalciferol,10000,660.0
202105,London,Colecalciferol,15000,18.0
202105,London,Colecalciferol,200,16240.0
202105,London,Colecalciferol,2000,864.0
202105,London,Colecalciferol,20000,12417.0
202105,London,Colecalciferol,2200,62.0
202105,London,Colecalciferol,2400,112.0
202105,London,Colecalciferol,2500,101.0
202105,London,Colecalciferol,25000,2794.0
202105,London,Colecalciferol,2740,98.0
202105,London,Colecalciferol,3000,303.0
202105,London,Colecalciferol,30000,5.0
202105,London,Colecalciferol,300000,3.0
202105,London,Colecalciferol,3200,305.0
202105,London,Colecalciferol,400,42547.0
202105,London,Colecalciferol,4000,156.0
202105,London,Colecalciferol,40000,513.0
202105,London,Colecalciferol,440,245.0
202105,London,Colecalciferol,5000,399.0
202105,London,Colecalciferol,50000,59.0
202105,London,Colecalciferol,5600,19.0
202105,London,Colecalciferol,600,33.0
202105,London,Colecalciferol,800,22149.0
202105,London,Colecalciferol,880,2006.0
202105,London,Colecalciferol,unknown,38457.0
202105,Manchester,Colecalciferol,1000,381.0
202105,Manchester,Colecalciferol,10000,29.0
202105,Manchester,Colecalciferol,200,3249.0
202105,Manchester,Colecalciferol,2000,33.0
202105,Manchester,Colecalciferol,20000,1362.0
202105,Manchester,Colecalciferol,2200,3.0
202105,Manchester,Colecalciferol,2400,2.0
202105,Manchester,Colecalciferol,2500,1.0
202105,Manchester,Colecalciferol,25000,61.0
202105,Manchester,Colecalciferol,2740,8.0
202105,Manchester,Colecalciferol,3000,6.0
202105,Manchester,Colecalciferol,3200,47.0
202105,Manchester,Colecalciferol,400,2458.0
202105,Manchester,Colecalciferol,4000,22.0
202105,Manchester,Colecalciferol,40000,9.0
202105,Manchester,Colecalciferol,440,19.0
202105,Manchester,Colecalciferol,5000,9.0
202105,Manchester,Colecalciferol,50000,34.0
202105,Manchester,Colecalciferol,5600,8.0
202105,Manchester,Colecalciferol,600,4.0
202105,Manchester,Colecalciferol,800,1685.0
202105,Manchester,Colecalciferol,880,426.0
202105,Manchester,Colecalciferol,unknown,5173.0
202105,Middlesbrough,Colecalciferol,1000,54.0
202105,Middlesbrough,Colecalciferol,10000,3.0
202105,Middlesbrough,Colecalciferol,200,76.0
202105,Middlesbrough,Colecalciferol,2000,4.0
202105,Middlesbrough,Colecalciferol,20000,20.0
202105,Middlesbrough,Colecalciferol,2400,1.0
202105,Middlesbrough,Colecalciferol,3000,1.0
202105,Middlesbrough,Colecalciferol,3200,2.0
202105,Middlesbrough,Colecalciferol,400,156.0
202105,Middlesbrough,Colecalciferol,4000,1.0
202105,Middlesbrough,Colecalciferol,5000,1.0
202105,Middlesbrough,Colecalciferol,50000,1.0
202105,Middlesbrough,Colecalciferol,800,243.0
202105,Middlesbrough,Colecalciferol,880,1.0
202105,Middlesbrough,Colecalciferol,unknown,142.0
202105,Newcastle upon Tyne,Colecalciferol,1000,24.0
202105,Newcastle upon Tyne,Colecalciferol,10000,4.0
202105,Newcastle upon Tyne,Colecalciferol,15000,1.0
202105,Newcastle upon Tyne,Colecalciferol,200,195.0
202105,Newcastle upon Tyne,Colecalciferol,2000,14.0
202105,Newcastle upon Tyne,Colecalciferol,20000,177.0
202105,Newcastle upon Tyne,Colecalciferol,2400,1.0
202105,Newcastle upon Tyne,Colecalciferol,25000,5.0
202105,Newcastle upon Tyne,Colecalciferol,2740,19.0
202105,Newcastle upon Tyne,Colecalciferol,3200,1.0
202105,Newcastle upon Tyne,Colecalciferol,400,1511.0
202105,Newcastle upon Tyne,Colecalciferol,440,4.0
202105,Newcastle upon Tyne,Colecalciferol,50000,1.0
202105,Newcastle upon Tyne,Colecalciferol,600,1.0
202105,Newcastle upon Tyne,Colecalciferol,800,3695.0
202105,Newcastle upon Tyne,Colecalciferol,880,12.0
202105,Newcastle upon Tyne,Colecalciferol,unknown,772.0
202105,Nottingham,Colecalciferol,1000,1914.0
202105,Nottingham,Colecalciferol,10000,10.0
202105,Nottingham,Colecalciferol,200,628.0
202105,Nottingham,Colecalciferol,2000,11.0
202105,Nottingham,Colecalciferol,20000,129.0
202105,Nottingham,Colecalciferol,2200,3.0
202105,Nottingham,Colecalciferol,2400,2.0
202105,Nottingham,Colecalciferol,25000,82.0
202105,Nottingham,Colecalciferol,2740,21.0
202105,Nottingham,Colecalciferol,3000,3.0
202105,Nottingham,Colecalciferol,3200,7.0
202105,Nottingham,Colecalciferol,400,689.0
202105,Nottingham,Colecalciferol,4000,2.0
202105,Nottingham,Colecalciferol,440,2.0
202105,Nottingham,Colecalciferol,5000,3.0
202105,Nottingham,Colecalciferol,50000,110.0
202105,Nottingham,Colecalciferol,5600,10.0
202105,Nottingham,Colecalciferol,800,2101.0
202105,Nottingham,Colecalciferol,880,10.0
202105,Nottingham,Colecalciferol,unknown,1194.0
202105,Peterborough,Colecalciferol,1000,1.0
202105,Peterborough,Colecalciferol,200,8.0
202105,Peterborough,Colecalciferol,3200,9.0
202105,Peterborough,Colecalciferol,400,53.0
202105,Peterborough,Colecalciferol,800,5.0
202105,Peterborough,Colecalciferol,880,15.0
202105,Peterborough,Colecalciferol,unknown,25.0
202105,Plymouth,Colecalciferol,1000,49.0
202105,Plymouth,Colecalciferol,200,27.0
202105,Plymouth,Colecalciferol,2000,4.0
202105,Plymouth,Colecalciferol,2400,1.0
202105,Plymouth,Colecalciferol,25000,5.0
202105,Plymouth,Colecalciferol,400,67.0
202105,Plymouth,Colecalciferol,800,11.0
202105,Plymouth,Colecalciferol,880,24.0
202105,Plymouth,Colecalciferol,unknown,58.0
202105,Sunderland,Colecalciferol,1000,33.0
202105,Sunderland,Colecalciferol,200,87.0
202105,Sunderland,Colecalciferol,20000,28.0
202105,Sunderland,Colecalciferol,25000,1.0
202105,Sunderland,Colecalciferol,2740,2.0
202105,Sunderland,Colecalciferol,400,93.0
202105,Sunderland,Colecalciferol,800,275.0
202105,Sunderland,Colecalciferol,880,6.0
202105,Sunderland,Colecalciferol,unknown,468.0
202105,York,Colecalciferol,1000,226.0
202105,York,Colecalciferol,10000,8.0
202105,York,Colecalciferol,200,422.0
202105,York,Colecalciferol,2000,7.0
202105,York,Colecalciferol,20000,6.0
202105,York,Colecalciferol,2400,2.0
202105,York,Colecalciferol,25000,34.0
202105,York,Colecalciferol,3000,3.0
202105,York,Colecalciferol,3200,1.0
202105,York,Colecalciferol,400,410.0
202105,York,Colecalciferol,440,4.0
202105,York,Colecalciferol,5000,2.0
202105,York,Colecalciferol,50000,20.0
202105,York,Colecalciferol,5600,2.0
202105,York,Colecalciferol,800,550.0
202105,York,Colecalciferol,880,44.0
202105,York,Colecalciferol,unknown,832.0
202106,Birmingham,Colecalciferol,1000,681.0
202106,Birmingham,Colecalciferol,10000,84.0
202106,Birmingham,Colecalciferol,200,2523.0
202106,Birmingham,Colecalciferol,2000,33.0
202106,Birmingham,Colecalciferol,20000,449.0
202106,Birmingham,Colecalciferol,2200,4.0
202106,Birmingham,Colecalciferol,2400,19.0
202106,Birmingham,Colecalciferol,2500,3.0
202106,Birmingham,Colecalciferol,25000,368.0
202106,Birmingham,Colecalciferol,2740,11.0
202106,Birmingham,Colecalciferol,3000,20.0
202106,Birmingham,Colecalciferol,3200,92.0
202106,Birmingham,Colecalciferol,400,1297.0
202106,Birmingham,Colecalciferol,4000,12.0
202106,Birmingham,Colecalciferol,440,9.0
202106,Birmingham,Colecalciferol,5000,2.0
202106,Birmingham,Colecalciferol,50000,553.0
202106,Birmingham,Colecalciferol,5600,4.0
202106,Birmingham,Colecalciferol,600,2.0
202106,Birmingham,Colecalciferol,800,3937.0
202106,Birmingham,Colecalciferol,880,217.0
202106,Birmingham,Colecalciferol,unknown,2215.0
202106,Brighton,Colecalciferol,200,14.0
202106,Brighton,Colecalciferol,20000,4.0
202106,Brighton,Colecalciferol,3000,1.0
202106,Brighton,Colecalciferol,3200,2.0
202106,Brighton,Colecalciferol,400,137.0
202106,Brighton,Colecalciferol,4000,8.0
202106,Brighton,Colecalciferol,800,77.0
202106,Brighton,Colecalciferol,unknown,57.0
202106,Bristol,Colecalciferol,1000,242.0
202106,Bristol,Colecalciferol,10000,4.0
202106,Bristol,Colecalciferol,200,491.0
202106,Bristol,Colecalciferol,2000,3.0
202106,Bristol,Colecalciferol,20000,22.0
202106,Bristol,Colecalciferol,2200,1.0
202106,Bristol,Colecalciferol,2400,1.0
202106,Bristol,Colecalciferol,2500,1.0
202106,Bristol,Colecalciferol,25000,112.0
202106,Bristol,Colecalciferol,2740,1.0
202106,Bristol,Colecalciferol,3200,4.0
202106,Bristol,Colecalciferol,400,1285.0
202106,Bristol,Colecalciferol,4000,1.0
202106,Bristol,Colecalciferol,40000,1.0
202106,Bristol,Colecalciferol,440,4.0
202106,Bristol,Colecalciferol,50000,27.0
202106,Bristol,Colecalciferol,800,1487.0
202106,Bristol,Colecalciferol,880,177.0
202106,Bristol,Colecalciferol,unknown,1238.0
202106,Canterbury,Colecalciferol,1000,204.0
202106,Canterbury,Colecalciferol,10000,3.0
202106,Canterbury,Colecalciferol,200,354.0
202106,Canterbury,Colecalciferol,2000,5.0
202106,Canterbury,Colecalciferol,20000,16.0
202106,Canterbury,Colecalciferol,2500,2.0
202106,Canterbury,Colecalciferol,25000,1.0
202106,Canterbury,Colecalciferol,2740,1.0
202106,Canterbury,Colecalciferol,3200,5.0
202106,Canterbury,Colecalciferol,400,644.0
202106,Canterbury,Colecalciferol,4000,2.0
202106,Canterbury,Colecalciferol,440,6.0
202106,Canterbury,Colecalciferol,5000,1.0
202106,Canterbury,Colecalciferol,600,1.0
202106,Canterbury,Colecalciferol,800,277.0
202106,Canterbury,Colecalciferol,880,23.0
202106,Canterbury,Colecalciferol,unknown,599.0
202106,Exeter,Colecalciferol,1000,33.0
202106,Exeter,Colecalciferol,200,19.0
202106,Exeter,Colecalciferol,25000,1.0
202106,Exeter,Colecalciferol,400,4.0
202106,Exeter,Colecalciferol,50000,1.0
202106,Exeter,Colecalciferol,800,11.0
202106,Exeter,Colecalciferol,880,144.0
202106,Exeter,Colecalciferol,unknown,69.0
202106,Leeds,Colecalciferol,1000,586.0
202106,Leeds,Colecalciferol,10000,8.0
202106,Leeds,Colecalciferol,200,147.0
202106,Leeds,Colecalciferol,2000,13.0
202106,Leeds,Colecalciferol,20000,126.0
202106,Leeds,Colecalciferol,2400,3.0
202106,Leeds,Colecalciferol,2500,1.0
202106,Leeds,Colecalciferol,25000,23.0
202106,Leeds,Colecalciferol,3200,2.0
202106,Leeds,Colecalciferol,400,741.0
202106,Leeds,Colecalciferol,4000,2.0
202106,Leeds,Colecalciferol,40000,11.0
202106,Leeds,Colecalciferol,440,1.0
202106,Leeds,Colecalciferol,50000,20.0
202106,Leeds,Colecalciferol,800,448.0
202106,Leeds,Colecalciferol,880,12.0
202106,Leeds,Colecalciferol,unknown,650.0
202106,London,Colecalciferol,1000,26729.0
202106,London,Colecalciferol,10000,660.0
202106,London,Colecalciferol,15000,24.0
202106,London,Colecalciferol,200,17110.0
202106,London,Colecalciferol,2000,938.0
202106,London,Colecalciferol,20000,12764.0
202106,London,Colecalciferol,2200,75.0
202106,London,Colecalciferol,2400,143.0
202106,London,Colecalciferol,2500,73.0
202106,London,Colecalciferol,25000,2895.0
202106,London,Colecalciferol,2740,92.0
202106,London,Colecalciferol,3000,343.0
202106,London,Colecalciferol,30000,1.0
202106,London,Colecalciferol,300000,6.0
202106,London,Colecalciferol,3200,314.0
202106,London,Colecalciferol,400,44536.0
202106,London,Colecalciferol,4000,181.0
202106,London,Colecalciferol,40000,580.0
202106,London,Colecalciferol,440,221.0
202106,London,Colecalciferol,500,1.0
202106,London,Colecalciferol,5000,396.0
202106,London,Colecalciferol,50000,56.0
202106,London,Colecalciferol,5600,22.0
202106,London,Colecalciferol,600,56.0
202106,London,Colecalciferol,800,23605.0
202106,London,Colecalciferol,880,2057.0
202106,London,Colecalciferol,unknown,40932.0
202106,Manchester,Colecalciferol,1000,462.0
202106,Manchester,Colecalciferol,10000,30.0
202106,Manchester,Colecalciferol,15000,1.0
202106,Manchester,Colecalciferol,200,3561.0
202106,Manchester,Colecalciferol,2000,33.0
202106,Manchester,Colecalciferol,20000,1516.0
202106,Manchester,Colecalciferol,2200,2.0
202106,Manchester,Colecalciferol,2400,4.0
202106,Manchester,Colecalciferol,25000,66.0
202106,Manchester,Colecalciferol,2740,13.0
202106,Manchester,Colecalciferol,3000,9.0
202106,Manchester,Colecalciferol,3200,53.0
202106,Manchester,Colecalciferol,400,2717.0
202106,Manchester,Colecalciferol,4000,21.0
202106,Manchester,Colecalciferol,40000,14.0
202106,Manchester,Colecalciferol,440,12.0
202106,Manchester,Colecalciferol,5000,11.0
202106,Manchester,Colecalciferol,50000,66.0
202106,Manchester,Colecalciferol,5600,7.0
202106,Manchester,Colecalciferol,600,1.0
202106,Manchester,Colecalciferol,800,1871.0
202106,Manchester,Colecalciferol,880,434.0
202106,Manchester,Colecalciferol,unknown,5676.0
202106,Middlesbrough,Colecalciferol,1000,52.0
202106,Middlesbrough,Colecalciferol,10000,3.0
202106,Middlesbrough,Colecalciferol,200,70.0
202106,Middlesbrough,Colecalciferol,2000,4.0
202106,Middlesbrough,Colecalciferol,20000,13.0
202106,Middlesbrough,Colecalciferol,3200,1.0
202106,Middlesbrough,Colecalciferol,400,189.0
202106,Middlesbrough,Colecalciferol,4000,1.0
202106,Middlesbrough,Colecalciferol,800,277.0
202106,Middlesbrough,Colecalciferol,unknown,166.0
202106,Newcastle upon Tyne,Colecalciferol,1000,24.0
202106,Newcastle upon Tyne,Colecalciferol,10000,3.0
202106,Newcastle upon Tyne,Colecalciferol,200,244.0
202106,Newcastle upon Tyne,Colecalciferol,2000,5.0
202106,Newcastle upon Tyne,Colecalciferol,20000,133.0
202106,Newcastle upon Tyne,Colecalciferol,2400,1.0
202106,Newcastle upon Tyne,Colecalciferol,25000,3.0
202106,Newcastle upon Tyne,Colecalciferol,2740,18.0
202106,Newcastle upon Tyne,Colecalciferol,400,1538.0
202106,Newcastle upon Tyne,Colecalciferol,440,4.0
202106,Newcastle upon Tyne,Colecalciferol,50000,3.0
202106,Newcastle upon Tyne,Colecalciferol,800,3748.0
202106,Newcastle upon Tyne,Colecalciferol,880,14.0
202106,Newcastle upon Tyne,Colecalciferol,unknown,799.0
202106,Nottingham,Colecalciferol,1000,2106.0
202106,Nottingham,Colecalciferol,10000,8.0
202106,Nottingham,Colecalciferol,200,627.0
202106,Nottingham,Colecalciferol,2000,11.0
202106,Nottingham,Colecalciferol,20000,100.0
202106,Nottingham,Colecalciferol,2200,2.0
202106,Nottingham,Colecalciferol,2400,3.0
202106,Nottingham,Colecalciferol,2500,1.0
202106,Nottingham,Colecalciferol,25000,71.0
202106,Nottingham,Colecalciferol,2740,32.0
202106,Nottingham,Colecalciferol,3000,5.0
202106,Nottingham,Colecalciferol,3200,11.0
202106,Nottingham,Colecalciferol,400,712.0
202106,Nottingham,Colecalciferol,4000,1.0
202106,Nottingham,Colecalciferol,440,2.0
202106,Nottingham,Colecalciferol,5000,1.0
202106,Nottingham,Colecalciferol,50000,97.0
202106,Nottingham,Colecalciferol,5600,9.0
202106,Nottingham,Colecalciferol,800,2216.0
202106,Nottingham,Colecalciferol,880,8.0
202106,Nottingham,Colecalciferol,unknown,1229.0
202106,Peterborough,Colecalciferol,1000,1.0
202106,Peterborough,Colecalciferol,200,8.0
202106,Peterborough,Colecalciferol,2400,1.0
202106,Peterborough,Colecalciferol,3200,9.0
202106,Peterborough,Colecalciferol,400,49.0
202106,Peterborough,Colecalciferol,800,8.0
202106,Peterborough,Colecalciferol,880,16.0
202106,Peterborough,Colecalciferol,unknown,26.0
202106,Plymouth,Colecalciferol,1000,43.0
202106,Plymouth,Colecalciferol,10000,1.0
202106,Plymouth,Colecalciferol,200,32.0
202106,Plymouth,Colecalciferol,2000,4.0
202106,Plymouth,Colecalciferol,25000,8.0
202106,Plymouth,Colecalciferol,400,64.0
202106,Plymouth,Colecalciferol,800,19.0
202106,Plymouth,Colecalciferol,880,19.0
202106,Plymouth,Colecalciferol,unknown,91.0
202106,Sunderland,Colecalciferol,1000,43.0
202106,Sunderland,Colecalciferol,200,87.0
202106,Sunderland,Colecalciferol,20000,27.0
202106,Sunderland,Colecalciferol,2740,1.0
202106,Sunderland,Colecalciferol,400,99.0
202106,Sunderland,Colecalciferol,800,296.0
202106,Sunderland,Colecalciferol,880,14.0
202106,Sunderland,Colecalciferol,unknown,521.0
202106,York,Colecalciferol,1000,206.0
202106,York,Colecalciferol,10000,7.0
202106,York,Colecalciferol,200,457.0
202106,York,Colecalciferol,2000,5.0
202106,York,Colecalciferol,20000,5.0
202106,York,Colecalciferol,2400,2.0
202106,York,Colecalciferol,25000,38.0
202106,York,Colecalciferol,3000,3.0
202106,York,Colecalciferol,3200,3.0
202106,York,Colecalciferol,400,430.0
202106,York,Colecalciferol,4000,1.0
202106,York,Colecalciferol,440,3.0
202106,York,Colecalciferol,50000,25.0
202106,York,Colecalciferol,5600,1.0
202106,York,Colecalciferol,800,590.0
202106,York,Colecalciferol,880,34.0
202106,York,Colecalciferol,unknown,830.0
202107,Birmingham,Colecalciferol,1000,649.0
202107,Birmingham,Colecalciferol,10000,42.0
202107,Birmingham,Colecalciferol,200,2382.0
202107,Birmingham,Colecalciferol,2000,28.0
202107,Birmingham,Colecalciferol,20000,341.0
202107,Birmingham,Colecalciferol,2200,3.0
202107,Birmingham,Colecalciferol,2400,22.0
202107,Birmingham,Colecalciferol,2500,5.0
202107,Birmingham,Colecalciferol,25000,332.0
202107,Birmingham,Colecalciferol,2740,3.0
202107,Birmingham,Colecalciferol,3000,16.0
202107,Birmingham,Colecalciferol,30000,1.0
202107,Birmingham,Colecalciferol,3200,76.0
202107,Birmingham,Colecalciferol,400,1287.0
202107,Birmingham,Colecalciferol,4000,6.0
202107,Birmingham,Colecalciferol,40000,2.0
202107,Birmingham,Colecalciferol,440,8.0
202107,Birmingham,Colecalciferol,5000,4.0
202107,Birmingham,Colecalciferol,50000,500.0
202107,Birmingham,Colecalciferol,5600,5.0
202107,Birmingham,Colecalciferol,600,1.0
202107,Birmingham,Colecalciferol,800,3733.0
202107,Birmingham,Colecalciferol,880,169.0
202107,Birmingham,Colecalciferol,unknown,2207.0
202107,Brighton,Colecalciferol,200,12.0
202107,Brighton,Colecalciferol,2000,1.0
202107,Brighton,Colecalciferol,20000,5.0
202107,Brighton,Colecalciferol,3200,5.0
202107,Brighton,Colecalciferol,400,138.0
202107,Brighton,Colecalciferol,4000,3.0
202107,Brighton,Colecalciferol,800,77.0
202107,Brighton,Colecalciferol,unknown,64.0
202107,Bristol,Colecalciferol,1000,249.0
202107,Bristol,Colecalciferol,10000,6.0
202107,Bristol,Colecalciferol,200,498.0
202107,Bristol,Colecalciferol,2000,5.0
202107,Bristol,Colecalciferol,20000,32.0
202107,Bristol,Colecalciferol,2200,1.0
202107,Bristol,Colecalciferol,2400,2.0
202107,Bristol,Colecalciferol,25000,84.0
202107,Bristol,Colecalciferol,2740,2.0
202107,Bristol,Colecalciferol,3000,7.0
202107,Bristol,Colecalciferol,3200,9.0
202107,Bristol,Colecalciferol,400,1145.0
202107,Bristol,Colecalciferol,40000,1.0
202107,Bristol,Colecalciferol,440,3.0
202107,Bristol,Colecalciferol,50000,19.0
202107,Bristol,Colecalciferol,5600,1.0
202107,Bristol,Colecalciferol,800,1578.0
202107,Bristol,Colecalciferol,880,158.0
202107,Bristol,Colecalciferol,unknown,1251.0
202107,Canterbury,Colecalciferol,1000,229.0
202107,Canterbury,Colecalciferol,10000,2.0
202107,Canterbury,Colecalciferol,200,395.0
202107,Canterbury,Colecalciferol,2000,2.0
202107,Canterbury,Colecalciferol,20000,11.0
202107,Canterbury,Colecalciferol,2200,1.0
202107,Canterbury,Colecalciferol,2500,2.0
202107,Canterbury,Colecalciferol,25000,1.0
202107,Canterbury,Colecalciferol,2740,1.0
202107,Canterbury,Colecalciferol,3200,6.0
202107,Canterbury,Colecalciferol,400,637.0
202107,Canterbury,Colecalciferol,4000,1.0
202107,Canterbury,Colecalciferol,440,4.0
202107,Canterbury,Colecalciferol,5000,2.0
202107,Canterbury,Colecalciferol,600,2.0
202107,Canterbury,Colecalciferol,800,280.0
202107,Canterbury,Colecalciferol,880,19.0
202107,Canterbury,Colecalciferol,unknown,636.0
202107,Exeter,Colecalciferol,1000,36.0
202107,Exeter,Colecalciferol,200,18.0
202107,Exeter,Colecalciferol,400,15.0
202107,Exeter,Colecalciferol,800,7.0
202107,Exeter,Colecalciferol,880,135.0
202107,Exeter,Colecalciferol,unknown,91.0
202107,Leeds,Colecalciferol,1000,596.0
202107,Leeds,Colecalciferol,10000,3.0
202107,Leeds,Colecalciferol,200,148.0
202107,Leeds,Colecalciferol,2000,9.0
202107,Leeds,Colecalciferol,20000,108.0
202107,Leeds,Colecalciferol,2400,2.0
202107,Leeds,Colecalciferol,2500,2.0
202107,Leeds,Colecalciferol,25000,19.0
202107,Leeds,Colecalciferol,3200,9.0
202107,Leeds,Colecalciferol,400,734.0
202107,Leeds,Colecalciferol,4000,2.0
202107,Leeds,Colecalciferol,40000,12.0
202107,Leeds,Colecalciferol,440,2.0
202107,Leeds,Colecalciferol,50000,14.0
202107,Leeds,Colecalciferol,800,411.0
202107,Leeds,Colecalciferol,880,9.0
202107,Leeds,Colecalciferol,unknown,634.0
202107,London,Colecalciferol,1000,26883.0
202107,London,Colecalciferol,10000,559.0
202107,London,Colecalciferol,15000,13.0
202107,London,Colecalciferol,200,17381.0
202107,London,Colecalciferol,2000,910.0
202107,London,Colecalciferol,20000,12353.0
202107,London,Colecalciferol,2200,53.0
202107,London,Colecalciferol,2400,108.0
202107,London,Colecalciferol,2500,88.0
202107,London,Colecalciferol,25000,2886.0
202107,London,Colecalciferol,2740,86.0
202107,London,Colecalciferol,3000,298.0
202107,London,Colecalciferol,30000,2.0
202107,London,Colecalciferol,300000,2.0
202107,London,Colecalciferol,3200,284.0
202107,London,Colecalciferol,400,44811.0
202107,London,Colecalciferol,4000,169.0
202107,London,Colecalciferol,40000,484.0
202107,London,Colecalciferol,440,235.0
202107,London,Colecalciferol,500,2.0
202107,London,Colecalciferol,5000,411.0
202107,London,Colecalciferol,50000,60.0
202107,London,Colecalciferol,5600,23.0
202107,London,Colecalciferol,600,37.0
202107,London,Colecalciferol,800,23902.0
202107,London,Colecalciferol,880,2130.0
202107,London,Colecalciferol,unknown,40706.0
202107,Manchester,Colecalciferol,1000,424.0
202107,Manchester,Colecalciferol,10000,34.0
202107,Manchester,Colecalciferol,15000,1.0
202107,Manchester,Colecalciferol,200,3540.0
202107,Manchester,Colecalciferol,2000,26.0
202107,Manchester,Colecalciferol,20000,1344.0
202107,Manchester,Colecalciferol,2200,1.0
202107,Manchester,Colecalciferol,2400,8.0
202107,Manchester,Colecalciferol,2500,1.0
202107,Manchester,Colecalciferol,25000,54.0
202107,Manchester,Colecalciferol,2740,6.0
202107,Manchester,Colecalciferol,3000,6.0
202107,Manchester,Colecalciferol,30000,1.0
202107,Manchester,Colecalciferol,3200,43.0
202107,Manchester,Colecalciferol,400,2745.0
202107,Manchester,Colecalciferol,4000,16.0
202107,Manchester,Colecalciferol,40000,12.0
202107,Manchester,Colecalciferol,440,17.0
202107,Manchester,Colecalciferol,5000,12.0
202107,Manchester,Colecalciferol,50000,60.0
202107,Manchester,Colecalciferol,5600,7.0
202107,Manchester,Colecalciferol,600,5.0
202107,Manchester,Colecalciferol,800,1786.0
202107,Manchester,Colecalciferol,880,450.0
202107,Manchester,Colecalciferol,unknown,5750.0
202107,Middlesbrough,Colecalciferol,1000,54.0
202107,Middlesbrough,Colecalciferol,10000,2.0
202107,Middlesbrough,Colecalciferol,200,77.0
202107,Middlesbrough,Colecalciferol,2000,2.0
202107,Middlesbrough,Colecalciferol,20000,13.0
202107,Middlesbrough,Colecalciferol,3200,2.0
202107,Middlesbrough,Colecalciferol,400,167.0
202107,Middlesbrough,Colecalciferol,4000,2.0
202107,Middlesbrough,Colecalciferol,5000,2.0
202107,Middlesbrough,Colecalciferol,50000,1.0
202107,Middlesbrough,Colecalciferol,800,257.0
202107,Middlesbrough,Colecalciferol,880,1.0
202107,Middlesbrough,Colecalciferol,unknown,153.0
202107,Newcastle upon Tyne,Colecalciferol,1000,22.0
202107,Newcastle upon Tyne,Colecalciferol,10000,2.0
202107,Newcastle upon Tyne,Colecalciferol,15000,1.0
202107,Newcastle upon Tyne,Colecalciferol,200,223.0
202107,Newcastle upon Tyne,Colecalciferol,2000,7.0
202107,Newcastle upon Tyne,Colecalciferol,20000,153.0
202107,Newcastle upon Tyne,Colecalciferol,2400,2.0
202107,Newcastle upon Tyne,Colecalciferol,25000,5.0
202107,Newcastle upon Tyne,Colecalciferol,2740,23.0
202107,Newcastle upon Tyne,Colecalciferol,3000,1.0
202107,Newcastle upon Tyne,Colecalciferol,400,1547.0
202107,Newcastle upon Tyne,Colecalciferol,40000,1.0
202107,Newcastle upon Tyne,Colecalciferol,440,3.0
202107,Newcastle upon Tyne,Colecalciferol,800,3887.0
202107,Newcastle upon Tyne,Colecalciferol,880,12.0
202107,Newcastle upon Tyne,Colecalciferol,unknown,796.0
202107,Nottingham,Colecalciferol,1000,2205.0
202107,Nottingham,Colecalciferol,10000,11.0
202107,Nottingham,Colecalciferol,200,571.0
202107,Nottingham,Colecalciferol,2000,9.0
202107,Nottingham,Colecalciferol,20000,100.0
202107,Nottingham,Colecalciferol,2200,2.0
202107,Nottingham,Colecalciferol,2400,1.0
202107,Nottingham,Colecalciferol,25000,54.0
202107,Nottingham,Colecalciferol,2740,27.0
202107,Nottingham,Colecalciferol,3000,2.0
202107,Nottingham,Colecalciferol,3200,13.0
202107,Nottingham,Colecalciferol,400,716.0
202107,Nottingham,Colecalciferol,4000,9.0
202107,Nottingham,Colecalciferol,440,1.0
202107,Nottingham,Colecalciferol,5000,2.0
202107,Nottingham,Colecalciferol,50000,90.0
202107,Nottingham,Colecalciferol,5600,5.0
202107,Nottingham,Colecalciferol,600,3.0
202107,Nottingham,Colecalciferol,800,2142.0
202107,Nottingham,Colecalciferol,880,9.0
202107,Nottingham,Colecalciferol,unknown,1202.0
202107,Peterborough,Colecalciferol,1000,1.0
202107,Peterborough,Colecalciferol,200,10.0
202107,Peterborough,Colecalciferol,2000,1.0
202107,Peterborough,Colecalciferol,20000,2.0
202107,Peterborough,Colecalciferol,3200,1.0
202107,Peterborough,Colecalciferol,400,59.0
202107,Peterborough,Colecalciferol,50000,1.0
202107,Peterborough,Colecalciferol,800,10.0
202107,Peterborough,Colecalciferol,880,18.0
202107,Peterborough,Colecalciferol,unknown,20.0
202107,Plymouth,Colecalciferol,1000,43.0
202107,Plymouth,Colecalciferol,10000,1.0
202107,Plymouth,Colecalciferol,200,29.0
202107,Plymouth,Colecalciferol,2000,4.0
202107,Plymouth,Colecalciferol,25000,1.0
202107,Plymouth,Colecalciferol,400,70.0
202107,Plymouth,Colecalciferol,800,17.0
202107,Plymouth,Colecalciferol,880,22.0
202107,Plymouth,Colecalciferol,unknown,74.0
202107,Sunderland,Colecalciferol,1000,44.0
202107,Sunderland,Colecalciferol,200,101.0
202107,Sunderland,Colecalciferol,20000,18.0
202107,Sunderland,Colecalciferol,25000,4.0
202107,Sunderland,Colecalciferol,2740,1.0
202107,Sunderland,Colecalciferol,400,97.0
202107,Sunderland,Colecalciferol,800,307.0
202107,Sunderland,Colecalciferol,880,7.0
202107,Sunderland,Colecalciferol,unknown,481.0
202107,York,Colecalciferol,1000,247.0
202107,York,Colecalciferol,10000,9.0
202107,York,Colecalciferol,200,402.0
202107,York,Colecalciferol,2000,4.0
202107,York,Colecalciferol,20000,4.0
202107,York,Colecalciferol,2400,1.0
202107,York,Colecalciferol,25000,23.0
202107,York,Colecalciferol,3000,3.0
202107,York,Colecalciferol,3200,1.0
202107,York,Colecalciferol,400,433.0
202107,York,Colecalciferol,4000,1.0
202107,York,Colecalciferol,440,5.0
202107,York,Colecalciferol,5000,1.0
202107,York,Colecalciferol,50000,14.0
202107,York,Colecalciferol,5600,1.0
202107,York,Colecalciferol,800,613.0
202107,York,Colecalciferol,880,37.0
202107,York,Colecalciferol,unknown,852.0
202108,Birmingham,Colecalciferol,1000,616.0
202108,Birmingham,Colecalciferol,10000,46.0
202108,Birmingham,Colecalciferol,200,2333.0
202108,Birmingham,Colecalciferol,2000,34.0
202108,Birmingham,Colecalciferol,20000,332.0
202108,Birmingham,Colecalciferol,2200,2.0
202108,Birmingham,Colecalciferol,2400,20.0
202108,Birmingham,Colecalciferol,2500,11.0
202108,Birmingham,Colecalciferol,25000,314.0
202108,Birmingham,Colecalciferol,2740,5.0
202108,Birmingham,Colecalciferol,3000,14.0
202108,Birmingham,Colecalciferol,30000,1.0
202108,Birmingham,Colecalciferol,3200,83.0
202108,Birmingham,Colecalciferol,400,1162.0
202108,Birmingham,Colecalciferol,4000,7.0
202108,Birmingham,Colecalciferol,40000,1.0
202108,Birmingham,Colecalciferol,440,9.0
202108,Birmingham,Colecalciferol,5000,3.0
202108,Birmingham,Colecalciferol,50000,414.0
202108,Birmingham,Colecalciferol,5600,4.0
202108,Birmingham,Colecalciferol,600,1.0
202108,Birmingham,Colecalciferol,800,3679.0
202108,Birmingham,Colecalciferol,880,156.0
202108,Birmingham,Colecalciferol,unknown,2077.0
202108,Brighton,Colecalciferol,200,10.0
202108,Brighton,Colecalciferol,20000,2.0
202108,Brighton,Colecalciferol,3200,5.0
202108,Brighton,Colecalciferol,400,114.0
202108,Brighton,Colecalciferol,4000,4.0
202108,Brighton,Colecalciferol,800,71.0
202108,Brighton,Colecalciferol,unknown,54.0
202108,Bristol,Colecalciferol,1000,233.0
202108,Bristol,Colecalciferol,10000,7.0
202108,Bristol,Colecalciferol,200,510.0
202108,Bristol,Colecalciferol,2000,4.0
202108,Bristol,Colecalciferol,20000,28.0
202108,Bristol,Colecalciferol,2200,2.0
202108,Bristol,Colecalciferol,2400,2.0
202108,Bristol,Colecalciferol,25000,83.0
202108,Bristol,Colecalciferol,2740,1.0
202108,Bristol,Colecalciferol,3000,4.0
202108,Bristol,Colecalciferol,3200,4.0
202108,Bristol,Colecalciferol,400,1158.0
202108,Bristol,Colecalciferol,40000,2.0
202108,Bristol,Colecalciferol,440,5.0
202108,Bristol,Colecalciferol,50000,11.0
202108,Bristol,Colecalciferol,5600,1.0
202108,Bristol,Colecalciferol,800,1417.0
202108,Bristol,Colecalciferol,880,172.0
202108,Bristol,Colecalciferol,unknown,1118.0
202108,Canterbury,Colecalciferol,1000,203.0
202108,Canterbury,Colecalciferol,10000,1.0
202108,Canterbury,Colecalciferol,200,329.0
202108,Canterbury,Colecalciferol,2000,5.0
202108,Canterbury,Colecalciferol,20000,14.0
202108,Canterbury,Colecalciferol,2500,4.0
202108,Canterbury,Colecalciferol,25000,2.0
202108,Canterbury,Colecalciferol,3200,6.0
202108,Canterbury,Colecalciferol,400,588.0
202108,Canterbury,Colecalciferol,4000,1.0
202108,Canterbury,Colecalciferol,440,4.0
202108,Canterbury,Colecalciferol,5000,2.0
202108,Canterbury,Colecalciferol,50000,2.0
202108,Canterbury,Colecalciferol,800,245.0
202108,Canterbury,Colecalciferol,880,30.0
202108,Canterbury,Colecalciferol,unknown,562.0
202108,Exeter,Colecalciferol,1000,34.0
202108,Exeter,Colecalciferol,200,14.0
202108,Exeter,Colecalciferol,20000,1.0
202108,Exeter,Colecalciferol,400,8.0
202108,Exeter,Colecalciferol,800,7.0
202108,Exeter,Colecalciferol,880,139.0
202108,Exeter,Colecalciferol,unknown,86.0
202108,Leeds,Colecalciferol,1000,599.0
202108,Leeds,Colecalciferol,10000,3.0
202108,Leeds,Colecalciferol,200,155.0
202108,Leeds,Colecalciferol,2000,10.0
202108,Leeds,Colecalciferol,20000,76.0
202108,Leeds,Colecalciferol,2200,1.0
202108,Leeds,Colecalciferol,2400,2.0
202108,Leeds,Colecalciferol,2500,1.0
202108,Leeds,Colecalciferol,25000,19.0
202108,Leeds,Colecalciferol,30000,1.0
202108,Leeds,Colecalciferol,300000,1.0
202108,Leeds,Colecalciferol,3200,6.0
202108,Leeds,Colecalciferol,400,753.0
202108,Leeds,Colecalciferol,4000,1.0
202108,Leeds,Colecalciferol,40000,11.0
202108,Leeds,Colecalciferol,440,2.0
202108,Leeds,Colecalciferol,50000,15.0
202108,Leeds,Colecalciferol,600,1.0
202108,Leeds,Colecalciferol,800,441.0
202108,Leeds,Colecalciferol,880,16.0
202108,Leeds,Colecalciferol,unknown,579.0
202108,London,Colecalciferol,1000,26519.0
202108,London,Colecalciferol,10000,557.0
202108,London,Colecalciferol,15000,13.0
202108,London,Colecalciferol,200,16282.0
202108,London,Colecalciferol,2000,775.0
202108,London,Colecalciferol,20000,11034.0
202108,London,Colecalciferol,2200,55.0
202108,London,Colecalciferol,2400,116.0
202108,London,Colecalciferol,2500,80.0
202108,London,Colecalciferol,25000,2499.0
202108,London,Colecalciferol,2740,84.0
202108,London,Colecalciferol,3000,291.0
202108,London,Colecalciferol,30000,4.0
202108,London,Colecalciferol,300000,2.0
202108,London,Colecalciferol,3200,293.0
202108,London,Colecalciferol,400,42125.0
202108,London,Colecalciferol,4000,148.0
202108,London,Colecalciferol,40000,432.0
202108,London,Colecalciferol,440,213.0
202108,London,Colecalciferol,5000,365.0
202108,London,Colecalciferol,50000,55.0
202108,London,Colecalciferol,5600,13.0
202108,London,Colecalciferol,600,37.0
202108,London,Colecalciferol,800,23008.0
202108,London,Colecalciferol,880,2010.0
202108,London,Colecalciferol,unknown,39468.0
202108,Manchester,Colecalciferol,1000,387.0
202108,Manchester,Colecalciferol,10000,25.0
202108,Manchester,Colecalciferol,200,3348.0
202108,Manchester,Colecalciferol,2000,34.0
202108,Manchester,Colecalciferol,20000,1231.0
202108,Manchester,Colecalciferol,2200,1.0
202108,Manchester,Colecalciferol,2400,2.0
202108,Manchester,Colecalciferol,2500,1.0
202108,Manchester,Colecalciferol,25000,47.0
202108,Manchester,Colecalciferol,2740,15.0
202108,Manchester,Colecalciferol,3000,3.0
202108,Manchester,Colecalciferol,3200,47.0
202108,Manchester,Colecalciferol,400,2642.0
202108,Manchester,Colecalciferol,4000,18.0
202108,Manchester,Colecalciferol,40000,6.0
202108,Manchester,Colecalciferol,440,16.0
202108,Manchester,Colecalciferol,5000,13.0
202108,Manchester,Colecalciferol,50000,62.0
202108,Manchester,Colecalciferol,5600,10.0
202108,Manchester,Colecalciferol,600,3.0
202108,Manchester,Colecalciferol,800,1794.0
202108,Manchester,Colecalciferol,880,426.0
202108,Manchester,Colecalciferol,unknown,5409.0
202108,Middlesbrough,Colecalciferol,1000,68.0
202108,Middlesbrough,Colecalciferol,10000,2.0
202108,Middlesbrough,Colecalciferol,200,56.0
202108,Middlesbrough,Colecalciferol,2000,4.0
202108,Middlesbrough,Colecalciferol,20000,12.0
202108,Middlesbrough,Colecalciferol,3200,2.0
202108,Middlesbrough,Colecalciferol,400,152.0
202108,Middlesbrough,Colecalciferol,4000,1.0
202108,Middlesbrough,Colecalciferol,800,250.0
202108,Middlesbrough,Colecalciferol,880,2.0
202108,Middlesbrough,Colecalciferol,unknown,145.0
202108,Newcastle upon Tyne,Colecalciferol,1000,24.0
202108,Newcastle upon Tyne,Colecalciferol,15000,1.0
202108,Newcastle upon Tyne,Colecalciferol,200,220.0
202108,Newcastle upon Tyne,Colecalciferol,2000,4.0
202108,Newcastle upon Tyne,Colecalciferol,20000,108.0
202108,Newcastle upon Tyne,Colecalciferol,2400,2.0
202108,Newcastle upon Tyne,Colecalciferol,25000,4.0
202108,Newcastle upon Tyne,Colecalciferol,2740,17.0
202108,Newcastle upon Tyne,Colecalciferol,400,1554.0
202108,Newcastle upon Tyne,Colecalciferol,440,2.0
202108,Newcastle upon Tyne,Colecalciferol,800,3829.0
202108,Newcastle upon Tyne,Colecalciferol,880,10.0
202108,Newcastle upon Tyne,Colecalciferol,unknown,769.0
202108,Nottingham,Colecalciferol,1000,2102.0
202108,Nottingham,Colecalciferol,10000,7.0
202108,Nottingham,Colecalciferol,200,562.0
202108,Nottingham,Colecalciferol,2000,11.0
202108,Nottingham,Colecalciferol,20000,77.0
202108,Nottingham,Colecalciferol,2200,3.0
202108,Nottingham,Colecalciferol,2400,2.0
202108,Nottingham,Colecalciferol,2500,1.0
202108,Nottingham,Colecalciferol,25000,72.0
202108,Nottingham,Colecalciferol,2740,30.0
202108,Nottingham,Colecalciferol,3000,3.0
202108,Nottingham,Colecalciferol,3200,6.0
202108,Nottingham,Colecalciferol,400,725.0
202108,Nottingham,Colecalciferol,4000,2.0
202108,Nottingham,Colecalciferol,5000,2.0
202108,Nottingham,Colecalciferol,50000,70.0
202108,Nottingham,Colecalciferol,5600,4.0
202108,Nottingham,Colecalciferol,600,1.0
202108,Nottingham,Colecalciferol,800,2167.0
202108,Nottingham,Colecalciferol,880,9.0
202108,Nottingham,Colecalciferol,unknown,1126.0
202108,Peterborough,Colecalciferol,200,14.0
202108,Peterborough,Colecalciferol,3200,2.0
202108,Peterborough,Colecalciferol,400,62.0
202108,Peterborough,Colecalciferol,50000,2.0
202108,Peterborough,Colecalciferol,800,6.0
202108,Peterborough,Colecalciferol,880,19.0
202108,Peterborough,Colecalciferol,unknown,19.0
202108,Plymouth,Colecalciferol,1000,43.0
202108,Plymouth,Colecalciferol,10000,1.0
202108,Plymouth,Colecalciferol,200,25.0
202108,Plymouth,Colecalciferol,2000,7.0
202108,Plymouth,Colecalciferol,400,55.0
202108,Plymouth,Colecalciferol,600,1.0
202108,Plymouth,Colecalciferol,800,16.0
202108,Plymouth,Colecalciferol,880,22.0
202108,Plymouth,Colecalciferol,unknown,78.0
202108,Sunderland,Colecalciferol,1000,33.0
202108,Sunderland,Colecalciferol,10000,1.0
202108,Sunderland,Colecalciferol,200,98.0
202108,Sunderland,Colecalciferol,20000,12.0
202108,Sunderland,Colecalciferol,25000,1.0
202108,Sunderland,Colecalciferol,2740,4.0
202108,Sunderland,Colecalciferol,400,115.0
202108,Sunderland,Colecalciferol,800,296.0
202108,Sunderland,Colecalciferol,880,8.0
202108,Sunderland,Colecalciferol,unknown,512.0
202108,York,Colecalciferol,1000,205.0
202108,York,Colecalciferol,10000,6.0
202108,York,Colecalciferol,200,413.0
202108,York,Colecalciferol,2000,6.0
202108,York,Colecalciferol,20000,2.0
202108,York,Colecalciferol,2400,2.0
202108,York,Colecalciferol,25000,24.0
202108,York,Colecalciferol,3000,2.0
202108,York,Colecalciferol,3200,4.0
202108,York,Colecalciferol,400,419.0
202108,York,Colecalciferol,440,3.0
202108,York,Colecalciferol,5000,1.0
202108,York,Colecalciferol,50000,5.0
202108,York,Colecalciferol,5600,1.0
202108,York,Colecalciferol,800,580.0
202108,York,Colecalciferol,880,32.0
202108,York,Colecalciferol,unknown,783.0
202109,Birmingham,Colecalciferol,1000,673.0
202109,Birmingham,Colecalciferol,10000,82.0
202109,Birmingham,Colecalciferol,200,2371.0
202109,Birmingham,Colecalciferol,2000,25.0
202109,Birmingham,Colecalciferol,20000,291.0
202109,Birmingham,Colecalciferol,2200,2.0
202109,Birmingham,Colecalciferol,2400,23.0
202109,Birmingham,Colecalciferol,2500,3.0
202109,Birmingham,Colecalciferol,25000,300.0
202109,Birmingham,Colecalciferol,2740,5.0
202109,Birmingham,Colecalciferol,3000,17.0
202109,Birmingham,Colecalciferol,30000,2.0
202109,Birmingham,Colecalciferol,3200,65.0
202109,Birmingham,Colecalciferol,400,1208.0
202109,Birmingham,Colecalciferol,4000,4.0
202109,Birmingham,Colecalciferol,440,8.0
202109,Birmingham,Colecalciferol,5000,4.0
202109,Birmingham,Colecalciferol,50000,383.0
202109,Birmingham,Colecalciferol,5600,4.0
202109,Birmingham,Colecalciferol,800,3808.0
202109,Birmingham,Colecalciferol,880,171.0
202109,Birmingham,Colecalciferol,unknown,2146.0
202109,Brighton,Colecalciferol,200,19.0
202109,Brighton,Colecalciferol,2000,2.0
202109,Brighton,Colecalciferol,20000,12.0
202109,Brighton,Colecalciferol,2740,1.0
202109,Brighton,Colecalciferol,3000,1.0
202109,Brighton,Colecalciferol,3200,4.0
202109,Brighton,Colecalciferol,400,119.0
202109,Brighton,Colecalciferol,4000,4.0
202109,Brighton,Colecalciferol,800,76.0
202109,Brighton,Colecalciferol,unknown,54.0
202109,Bristol,Colecalciferol,1000,243.0
202109,Bristol,Colecalciferol,10000,2.0
202109,Bristol,Colecalciferol,200,468.0
202109,Bristol,Colecalciferol,2000,4.0
202109,Bristol,Colecalciferol,20000,21.0
202109,Bristol,Colecalciferol,2200,1.0
202109,Bristol,Colecalciferol,2400,1.0
202109,Bristol,Colecalciferol,25000,79.0
202109,Bristol,Colecalciferol,3000,4.0
202109,Bristol,Colecalciferol,3200,5.0
202109,Bristol,Colecalciferol,400,1121.0
202109,Bristol,Colecalciferol,40000,2.0
202109,Bristol,Colecalciferol,440,3.0
202109,Bristol,Colecalciferol,50000,7.0
202109,Bristol,Colecalciferol,800,1470.0
202109,Bristol,Colecalciferol,880,152.0
202109,Bristol,Colecalciferol,unknown,1120.0
202109,Canterbury,Colecalciferol,1000,232.0
202109,Canterbury,Colecalciferol,10000,3.0
202109,Canterbury,Colecalciferol,200,356.0
202109,Canterbury,Colecalciferol,2000,4.0
202109,Canterbury,Colecalciferol,20000,11.0
202109,Canterbury,Colecalciferol,2200,1.0
202109,Canterbury,Colecalciferol,2500,1.0
202109,Canterbury,Colecalciferol,25000,1.0
202109,Canterbury,Colecalciferol,2740,1.0
202109,Canterbury,Colecalciferol,3200,4.0
202109,Canterbury,Colecalciferol,400,670.0
202109,Canterbury,Colecalciferol,4000,1.0
202109,Canterbury,Colecalciferol,440,7.0
202109,Canterbury,Colecalciferol,5000,2.0
202109,Canterbury,Colecalciferol,600,2.0
202109,Canterbury,Colecalciferol,800,264.0
202109,Canterbury,Colecalciferol,880,23.0
202109,Canterbury,Colecalciferol,unknown,649.0
202109,Exeter,Colecalciferol,1000,42.0
202109,Exeter,Colecalciferol,200,18.0
202109,Exeter,Colecalciferol,25000,1.0
202109,Exeter,Colecalciferol,400,8.0
202109,Exeter,Colecalciferol,800,7.0
202109,Exeter,Colecalciferol,880,130.0
202109,Exeter,Colecalciferol,unknown,86.0
202109,Leeds,Colecalciferol,1000,620.0
202109,Leeds,Colecalciferol,10000,3.0
202109,Leeds,Colecalciferol,200,171.0
202109,Leeds,Colecalciferol,2000,7.0
202109,Leeds,Colecalciferol,20000,56.0
202109,Leeds,Colecalciferol,2400,2.0
202109,Leeds,Colecalciferol,2500,1.0
202109,Leeds,Colecalciferol,25000,12.0
202109,Leeds,Colecalciferol,3000,3.0
202109,Leeds,Colecalciferol,30000,2.0
202109,Leeds,Colecalciferol,3200,8.0
202109,Leeds,Colecalciferol,400,724.0
202109,Leeds,Colecalciferol,4000,1.0
202109,Leeds,Colecalciferol,40000,4.0
202109,Leeds,Colecalciferol,440,3.0
202109,Leeds,Colecalciferol,50000,13.0
202109,Leeds,Colecalciferol,800,471.0
202109,Leeds,Colecalciferol,880,14.0
202109,Leeds,Colecalciferol,unknown,601.0
202109,London,Colecalciferol,1000,27237.0
202109,London,Colecalciferol,10000,576.0
202109,London,Colecalciferol,15000,17.0
202109,London,Colecalciferol,200,16873.0
202109,London,Colecalciferol,2000,911.0
202109,London,Colecalciferol,20000,10676.0
202109,London,Colecalciferol,2200,57.0
202109,London,Colecalciferol,2400,102.0
202109,London,Colecalciferol,2500,92.0
202109,London,Colecalciferol,25000,2245.0
202109,London,Colecalciferol,2740,76.0
202109,London,Colecalciferol,3000,294.0
202109,London,Colecalciferol,30000,1.0
202109,London,Colecalciferol,300000,2.0
202109,London,Colecalciferol,3200,250.0
202109,London,Colecalciferol,400,44630.0
202109,London,Colecalciferol,4000,180.0
202109,London,Colecalciferol,40000,355.0
202109,London,Colecalciferol,440,219.0
202109,London,Colecalciferol,5000,413.0
202109,London,Colecalciferol,50000,42.0
202109,London,Colecalciferol,5600,13.0
202109,London,Colecalciferol,600,39.0
202109,London,Colecalciferol,800,23895.0
202109,London,Colecalciferol,880,2087.0
202109,London,Colecalciferol,unknown,39708.0
202109,Manchester,Colecalciferol,1000,414.0
202109,Manchester,Colecalciferol,10000,33.0
202109,Manchester,Colecalciferol,15000,1.0
202109,Manchester,Colecalciferol,200,3522.0
202109,Manchester,Colecalciferol,2000,26.0
202109,Manchester,Colecalciferol,20000,1221.0
202109,Manchester,Colecalciferol,2200,1.0
202109,Manchester,Colecalciferol,2400,10.0
202109,Manchester,Colecalciferol,25000,56.0
202109,Manchester,Colecalciferol,2740,15.0
202109,Manchester,Colecalciferol,3000,4.0
202109,Manchester,Colecalciferol,3200,52.0
202109,Manchester,Colecalciferol,400,2706.0
202109,Manchester,Colecalciferol,4000,19.0
202109,Manchester,Colecalciferol,40000,10.0
202109,Manchester,Colecalciferol,440,14.0
202109,Manchester,Colecalciferol,5000,12.0
202109,Manchester,Colecalciferol,50000,40.0
202109,Manchester,Colecalciferol,5600,7.0
202109,Manchester,Colecalciferol,600,4.0
202109,Manchester,Colecalciferol,800,1913.0
202109,Manchester,Colecalciferol,880,442.0
202109,Manchester,Colecalciferol,unknown,5765.0
202109,Middlesbrough,Colecalciferol,1000,64.0
202109,Middlesbrough,Colecalciferol,10000,1.0
202109,Middlesbrough,Colecalciferol,200,74.0
202109,Middlesbrough,Colecalciferol,2000,2.0
202109,Middlesbrough,Colecalciferol,20000,8.0
202109,Middlesbrough,Colecalciferol,2400,2.0
202109,Middlesbrough,Colecalciferol,3200,1.0
202109,Middlesbrough,Colecalciferol,400,169.0
202109,Middlesbrough,Colecalciferol,4000,1.0
202109,Middlesbrough,Colecalciferol,5000,1.0
202109,Middlesbrough,Colecalciferol,800,261.0
202109,Middlesbrough,Colecalciferol,unknown,148.0
202109,Newcastle upon Tyne,Colecalciferol,1000,27.0
202109,Newcastle upon Tyne,Colecalciferol,200,217.0
202109,Newcastle upon Tyne,Colecalciferol,2000,5.0
202109,Newcastle upon Tyne,Colecalciferol,20000,107.0
202109,Newcastle upon Tyne,Colecalciferol,2400,1.0
202109,Newcastle upon Tyne,Colecalciferol,25000,3.0
202109,Newcastle upon Tyne,Colecalciferol,2740,21.0
202109,Newcastle upon Tyne,Colecalciferol,400,1565.0
202109,Newcastle upon Tyne,Colecalciferol,440,3.0
202109,Newcastle upon Tyne,Colecalciferol,50000,1.0
202109,Newcastle upon Tyne,Colecalciferol,800,3928.0
202109,Newcastle upon Tyne,Colecalciferol,880,12.0
202109,Newcastle upon Tyne,Colecalciferol,unknown,765.0
202109,Nottingham,Colecalciferol,1000,2197.0
202109,Nottingham,Colecalciferol,10000,6.0
202109,Nottingham,Colecalciferol,200,602.0
202109,Nottingham,Colecalciferol,2000,7.0
202109,Nottingham,Colecalciferol,20000,68.0
202109,Nottingham,Colecalciferol,2400,3.0
202109,Nottingham,Colecalciferol,2500,1.0
202109,Nottingham,Colecalciferol,25000,70.0
202109,Nottingham,Colecalciferol,2740,32.0
202109,Nottingham,Colecalciferol,3000,4.0
202109,Nottingham,Colecalciferol,3200,11.0
202109,Nottingham,Colecalciferol,400,712.0
202109,Nottingham,Colecalciferol,4000,2.0
202109,Nottingham,Colecalciferol,440,3.0
202109,Nottingham,Colecalciferol,5000,3.0
202109,Nottingham,Colecalciferol,50000,80.0
202109,Nottingham,Colecalciferol,5600,1.0
202109,Nottingham,Colecalciferol,800,2099.0
202109,Nottingham,Colecalciferol,880,7.0
202109,Nottingham,Colecalciferol,unknown,1185.0
202109,Peterborough,Colecalciferol,200,9.0
202109,Peterborough,Colecalciferol,20000,2.0
202109,Peterborough,Colecalciferol,3200,2.0
202109,Peterborough,Colecalciferol,400,59.0
202109,Peterborough,Colecalciferol,800,10.0
202109,Peterborough,Colecalciferol,880,20.0
202109,Peterborough,Colecalciferol,unknown,22.0
202109,Plymouth,Colecalciferol,1000,44.0
202109,Plymouth,Colecalciferol,200,33.0
202109,Plymouth,Colecalciferol,25000,2.0
202109,Plymouth,Colecalciferol,400,70.0
202109,Plymouth,Colecalciferol,440,1.0
202109,Plymouth,Colecalciferol,800,17.0
202109,Plymouth,Colecalciferol,880,26.0
202109,Plymouth,Colecalciferol,unknown,67.0
202109,Sunderland,Colecalciferol,1000,43.0
202109,Sunderland,Colecalciferol,200,85.0
202109,Sunderland,Colecalciferol,20000,13.0
202109,Sunderland,Colecalciferol,400,120.0
202109,Sunderland,Colecalciferol,800,293.0
202109,Sunderland,Colecalciferol,880,8.0
202109,Sunderland,Colecalciferol,unknown,500.0
202109,York,Colecalciferol,1000,219.0
202109,York,Colecalciferol,10000,5.0
202109,York,Colecalciferol,200,437.0
202109,York,Colecalciferol,2000,6.0
202109,York,Colecalciferol,20000,5.0
202109,York,Colecalciferol,25000,28.0
202109,York,Colecalciferol,3000,4.0
202109,York,Colecalciferol,3200,2.0
202109,York,Colecalciferol,400,446.0
202109,York,Colecalciferol,4000,2.0
202109,York,Colecalciferol,440,3.0
202109,York,Colecalciferol,5000,1.0
202109,York,Colecalciferol,50000,7.0
202109,York,Colecalciferol,5600,1.0
202109,York,Colecalciferol,800,571.0
202109,York,Colecalciferol,880,46.0
202109,York,Colecalciferol,unknown,854.0
202110,Birmingham,Colecalciferol,1000,668.0
202110,Birmingham,Colecalciferol,10000,58.0
202110,Birmingham,Colecalciferol,200,2344.0
202110,Birmingham,Colecalciferol,2000,35.0
202110,Birmingham,Colecalciferol,20000,295.0
202110,Birmingham,Colecalciferol,2200,1.0
202110,Birmingham,Colecalciferol,2400,18.0
202110,Birmingham,Colecalciferol,2500,2.0
202110,Birmingham,Colecalciferol,25000,271.0
202110,Birmingham,Colecalciferol,2740,3.0
202110,Birmingham,Colecalciferol,3000,15.0
202110,Birmingham,Colecalciferol,3200,92.0
202110,Birmingham,Colecalciferol,400,1214.0
202110,Birmingham,Colecalciferol,4000,4.0
202110,Birmingham,Colecalciferol,440,11.0
202110,Birmingham,Colecalciferol,5000,5.0
202110,Birmingham,Colecalciferol,50000,394.0
202110,Birmingham,Colecalciferol,5600,2.0
202110,Birmingham,Colecalciferol,600,1.0
202110,Birmingham,Colecalciferol,800,3637.0
202110,Birmingham,Colecalciferol,880,168.0
202110,Birmingham,Colecalciferol,unknown,2105.0
202110,Brighton,Colecalciferol,200,12.0
202110,Brighton,Colecalciferol,20000,14.0
202110,Brighton,Colecalciferol,2740,1.0
202110,Brighton,Colecalciferol,3200,4.0
202110,Brighton,Colecalciferol,400,123.0
202110,Brighton,Colecalciferol,800,69.0
202110,Brighton,Colecalciferol,unknown,50.0
202110,Bristol,Colecalciferol,1000,224.0
202110,Bristol,Colecalciferol,10000,7.0
202110,Bristol,Colecalciferol,15000,1.0
202110,Bristol,Colecalciferol,200,484.0
202110,Bristol,Colecalciferol,2000,2.0
202110,Bristol,Colecalciferol,20000,16.0
202110,Bristol,Colecalciferol,2200,1.0
202110,Bristol,Colecalciferol,25000,105.0
202110,Bristol,Colecalciferol,2740,1.0
202110,Bristol,Colecalciferol,3000,7.0
202110,Bristol,Colecalciferol,3200,6.0
202110,Bristol,Colecalciferol,400,1112.0
202110,Bristol,Colecalciferol,40000,1.0
202110,Bristol,Colecalciferol,440,3.0
202110,Bristol,Colecalciferol,50000,6.0
202110,Bristol,Colecalciferol,5600,1.0
202110,Bristol,Colecalciferol,800,1393.0
202110,Bristol,Colecalciferol,880,159.0
202110,Bristol,Colecalciferol,unknown,1087.0
202110,Canterbury,Colecalciferol,1000,214.0
202110,Canterbury,Colecalciferol,10000,4.0
202110,Canterbury,Colecalciferol,200,341.0
202110,Canterbury,Colecalciferol,2000,3.0
202110,Canterbury,Colecalciferol,20000,13.0
202110,Canterbury,Colecalciferol,2500,2.0
202110,Canterbury,Colecalciferol,25000,1.0
202110,Canterbury,Colecalciferol,3200,3.0
202110,Canterbury,Colecalciferol,400,580.0
202110,Canterbury,Colecalciferol,4000,1.0
202110,Canterbury,Colecalciferol,440,7.0
202110,Canterbury,Colecalciferol,5000,2.0
202110,Canterbury,Colecalciferol,800,271.0
202110,Canterbury,Colecalciferol,880,24.0
202110,Canterbury,Colecalciferol,unknown,552.0
202110,Exeter,Colecalciferol,1000,41.0
202110,Exeter,Colecalciferol,200,14.0
202110,Exeter,Colecalciferol,2400,1.0
202110,Exeter,Colecalciferol,400,8.0
202110,Exeter,Colecalciferol,800,8.0
202110,Exeter,Colecalciferol,880,140.0
202110,Exeter,Colecalciferol,unknown,80.0
202110,Leeds,Colecalciferol,1000,520.0
202110,Leeds,Colecalciferol,10000,2.0
202110,Leeds,Colecalciferol,200,155.0
202110,Leeds,Colecalciferol,2000,10.0
202110,Leeds,Colecalciferol,20000,64.0
202110,Leeds,Colecalciferol,2200,1.0
202110,Leeds,Colecalciferol,2400,3.0
202110,Leeds,Colecalciferol,2500,1.0
202110,Leeds,Colecalciferol,25000,10.0
202110,Leeds,Colecalciferol,3200,5.0
202110,Leeds,Colecalciferol,400,718.0
202110,Leeds,Colecalciferol,40000,5.0
202110,Leeds,Colecalciferol,440,2.0
202110,Leeds,Colecalciferol,50000,14.0
202110,Leeds,Colecalciferol,800,406.0
202110,Leeds,Colecalciferol,880,12.0
202110,Leeds,Colecalciferol,unknown,578.0
202110,London,Colecalciferol,1000,27267.0
202110,London,Colecalciferol,10000,512.0
202110,London,Colecalciferol,15000,18.0
202110,London,Colecalciferol,200,16506.0
202110,London,Colecalciferol,2000,783.0
202110,London,Colecalciferol,20000,10206.0
202110,London,Colecalciferol,2200,56.0
202110,London,Colecalciferol,2400,115.0
202110,London,Colecalciferol,2500,87.0
202110,London,Colecalciferol,25000,2223.0
202110,London,Colecalciferol,2740,73.0
202110,London,Colecalciferol,3000,274.0
202110,London,Colecalciferol,30000,1.0
202110,London,Colecalciferol,300000,3.0
202110,London,Colecalciferol,3200,244.0
202110,London,Colecalciferol,400,42965.0
202110,London,Colecalciferol,4000,168.0
202110,London,Colecalciferol,40000,334.0
202110,London,Colecalciferol,440,253.0
202110,London,Colecalciferol,5000,404.0
202110,London,Colecalciferol,50000,57.0
202110,London,Colecalciferol,5600,12.0
202110,London,Colecalciferol,600,30.0
202110,London,Colecalciferol,800,23149.0
202110,London,Colecalciferol,880,1940.0
202110,London,Colecalciferol,unknown,39273.0
202110,Manchester,Colecalciferol,1000,449.0
202110,Manchester,Colecalciferol,10000,22.0
202110,Manchester,Colecalciferol,200,3368.0
202110,Manchester,Colecalciferol,2000,39.0
202110,Manchester,Colecalciferol,20000,1251.0
202110,Manchester,Colecalciferol,2200,2.0
202110,Manchester,Colecalciferol,2400,5.0
202110,Manchester,Colecalciferol,25000,58.0
202110,Manchester,Colecalciferol,2740,15.0
202110,Manchester,Colecalciferol,3000,8.0
202110,Manchester,Colecalciferol,3200,56.0
202110,Manchester,Colecalciferol,400,2697.0
202110,Manchester,Colecalciferol,4000,20.0
202110,Manchester,Colecalciferol,40000,13.0
202110,Manchester,Colecalciferol,440,17.0
202110,Manchester,Colecalciferol,5000,9.0
202110,Manchester,Colecalciferol,50000,42.0
202110,Manchester,Colecalciferol,5600,8.0
202110,Manchester,Colecalciferol,600,4.0
202110,Manchester,Colecalciferol,800,1892.0
202110,Manchester,Colecalciferol,880,425.0
202110,Manchester,Colecalciferol,unknown,5518.0
202110,Middlesbrough,Colecalciferol,1000,64.0
202110,Middlesbrough,Colecalciferol,10000,3.0
202110,Middlesbrough,Colecalciferol,200,70.0
202110,Middlesbrough,Colecalciferol,2000,3.0
202110,Middlesbrough,Colecalciferol,20000,9.0
202110,Middlesbrough,Colecalciferol,3200,2.0
202110,Middlesbrough,Colecalciferol,400,162.0
202110,Middlesbrough,Colecalciferol,4000,5.0
202110,Middlesbrough,Colecalciferol,5000,1.0
202110,Middlesbrough,Colecalciferol,800,243.0
202110,Middlesbrough,Colecalciferol,880,3.0
202110,Middlesbrough,Colecalciferol,unknown,159.0
202110,Newcastle upon Tyne,Colecalciferol,1000,21.0
202110,Newcastle upon Tyne,Colecalciferol,10000,2.0
202110,Newcastle upon Tyne,Colecalciferol,15000,1.0
202110,Newcastle upon Tyne,Colecalciferol,200,203.0
202110,Newcastle upon Tyne,Colecalciferol,2000,3.0
202110,Newcastle upon Tyne,Colecalciferol,20000,100.0
202110,Newcastle upon Tyne,Colecalciferol,2400,1.0
202110,Newcastle upon Tyne,Colecalciferol,25000,3.0
202110,Newcastle upon Tyne,Colecalciferol,2740,22.0
202110,Newcastle upon Tyne,Colecalciferol,3000,1.0
202110,Newcastle upon Tyne,Colecalciferol,400,1484.0
202110,Newcastle upon Tyne,Colecalciferol,40000,1.0
202110,Newcastle upon Tyne,Colecalciferol,440,3.0
202110,Newcastle upon Tyne,Colecalciferol,50000,1.0
202110,Newcastle upon Tyne,Colecalciferol,600,1.0
202110,Newcastle upon Tyne,Colecalciferol,800,3730.0
202110,Newcastle upon Tyne,Colecalciferol,880,10.0
202110,Newcastle upon Tyne,Colecalciferol,unknown,787.0
202110,Nottingham,Colecalciferol,1000,2211.0
202110,Nottingham,Colecalciferol,10000,9.0
202110,Nottingham,Colecalciferol,200,562.0
202110,Nottingham,Colecalciferol,2000,6.0
202110,Nottingham,Colecalciferol,20000,56.0
202110,Nottingham,Colecalciferol,2200,2.0
202110,Nottingham,Colecalciferol,2400,4.0
202110,Nottingham,Colecalciferol,25000,75.0
202110,Nottingham,Colecalciferol,2740,25.0
202110,Nottingham,Colecalciferol,3000,2.0
202110,Nottingham,Colecalciferol,3200,8.0
202110,Nottingham,Colecalciferol,400,662.0
202110,Nottingham,Colecalciferol,4000,2.0
202110,Nottingham,Colecalciferol,40000,1.0
202110,Nottingham,Colecalciferol,440,2.0
202110,Nottingham,Colecalciferol,5000,3.0
202110,Nottingham,Colecalciferol,50000,96.0
202110,Nottingham,Colecalciferol,5600,9.0
202110,Nottingham,Colecalciferol,800,2147.0
202110,Nottingham,Colecalciferol,880,13.0
202110,Nottingham,Colecalciferol,unknown,1123.0
202110,Peterborough,Colecalciferol,1000,1.0
202110,Peterborough,Colecalciferol,200,10.0
202110,Peterborough,Colecalciferol,20000,1.0
202110,Peterborough,Colecalciferol,3200,3.0
202110,Peterborough,Colecalciferol,400,51.0
202110,Peterborough,Colecalciferol,800,10.0
202110,Peterborough,Colecalciferol,880,18.0
202110,Peterborough,Colecalciferol,unknown,14.0
202110,Plymouth,Colecalciferol,1000,54.0
202110,Plymouth,Colecalciferol,200,27.0
202110,Plymouth,Colecalciferol,2000,4.0
202110,Plymouth,Colecalciferol,25000,3.0
202110,Plymouth,Colecalciferol,400,61.0
202110,Plymouth,Colecalciferol,440,1.0
202110,Plymouth,Colecalciferol,5000,1.0
202110,Plymouth,Colecalciferol,800,14.0
202110,Plymouth,Colecalciferol,880,19.0
202110,Plymouth,Colecalciferol,unknown,70.0
202110,Sunderland,Colecalciferol,1000,39.0
202110,Sunderland,Colecalciferol,200,88.0
202110,Sunderland,Colecalciferol,20000,22.0
202110,Sunderland,Colecalciferol,400,121.0
202110,Sunderland,Colecalciferol,50000,1.0
202110,Sunderland,Colecalciferol,800,279.0
202110,Sunderland,Colecalciferol,880,11.0
202110,Sunderland,Colecalciferol,unknown,488.0
202110,York,Colecalciferol,1000,204.0
202110,York,Colecalciferol,10000,8.0
202110,York,Colecalciferol,200,419.0
202110,York,Colecalciferol,2000,3.0
202110,York,Colecalciferol,20000,2.0
202110,York,Colecalciferol,2400,2.0
202110,York,Colecalciferol,25000,41.0
202110,York,Colecalciferol,3000,4.0
202110,York,Colecalciferol,3200,2.0
202110,York,Colecalciferol,400,412.0
202110,York,Colecalciferol,440,2.0
202110,York,Colecalciferol,5000,1.0
202110,York,Colecalciferol,50000,11.0
202110,York,Colecalciferol,5600,1.0
202110,York,Colecalciferol,800,612.0
202110,York,Colecalciferol,880,41.0
202110,York,Colecalciferol,unknown,807.0
202111,Birmingham,Colecalciferol,1000,688.0
202111,Birmingham,Colecalciferol,10000,35.0
202111,Birmingham,Colecalciferol,200,2263.0
202111,Birmingham,Colecalciferol,2000,44.0
202111,Birmingham,Colecalciferol,20000,346.0
202111,Birmingham,Colecalciferol,2200,3.0
202111,Birmingham,Colecalciferol,2400,26.0
202111,Birmingham,Colecalciferol,2500,2.0
202111,Birmingham,Colecalciferol,25000,356.0
202111,Birmingham,Colecalciferol,2740,11.0
202111,Birmingham,Colecalciferol,3000,15.0
202111,Birmingham,Colecalciferol,3200,100.0
202111,Birmingham,Colecalciferol,400,1182.0
202111,Birmingham,Colecalciferol,4000,8.0
202111,Birmingham,Colecalciferol,40000,1.0
202111,Birmingham,Colecalciferol,440,11.0
202111,Birmingham,Colecalciferol,5000,4.0
202111,Birmingham,Colecalciferol,50000,553.0
202111,Birmingham,Colecalciferol,5600,6.0
202111,Birmingham,Colecalciferol,600,1.0
202111,Birmingham,Colecalciferol,800,3708.0
202111,Birmingham,Colecalciferol,880,154.0
202111,Birmingham,Colecalciferol,unknown,2116.0
202111,Brighton,Colecalciferol,200,8.0
202111,Brighton,Colecalciferol,20000,19.0
202111,Brighton,Colecalciferol,2740,1.0
202111,Brighton,Colecalciferol,3000,2.0
202111,Brighton,Colecalciferol,3200,2.0
202111,Brighton,Colecalciferol,400,126.0
202111,Brighton,Colecalciferol,4000,1.0
202111,Brighton,Colecalciferol,800,65.0
202111,Brighton,Colecalciferol,unknown,51.0
202111,Bristol,Colecalciferol,1000,286.0
202111,Bristol,Colecalciferol,10000,4.0
202111,Bristol,Colecalciferol,200,555.0
202111,Bristol,Colecalciferol,2000,3.0
202111,Bristol,Colecalciferol,20000,31.0
202111,Bristol,Colecalciferol,2200,1.0
202111,Bristol,Colecalciferol,2400,1.0
202111,Bristol,Colecalciferol,25000,88.0
202111,Bristol,Colecalciferol,2740,2.0
202111,Bristol,Colecalciferol,3000,5.0
202111,Bristol,Colecalciferol,3200,4.0
202111,Bristol,Colecalciferol,400,1266.0
202111,Bristol,Colecalciferol,40000,1.0
202111,Bristol,Colecalciferol,440,1.0
202111,Bristol,Colecalciferol,50000,14.0
202111,Bristol,Colecalciferol,5600,1.0
202111,Bristol,Colecalciferol,800,1563.0
202111,Bristol,Colecalciferol,880,157.0
202111,Bristol,Colecalciferol,unknown,1251.0
202111,Canterbury,Colecalciferol,1000,193.0
202111,Canterbury,Colecalciferol,10000,1.0
202111,Canterbury,Colecalciferol,200,384.0
202111,Canterbury,Colecalciferol,2000,5.0
202111,Canterbury,Colecalciferol,20000,24.0
202111,Canterbury,Colecalciferol,2500,2.0
202111,Canterbury,Colecalciferol,3200,6.0
202111,Canterbury,Colecalciferol,400,645.0
202111,Canterbury,Colecalciferol,440,7.0
202111,Canterbury,Colecalciferol,5000,4.0
202111,Canterbury,Colecalciferol,600,3.0
202111,Canterbury,Colecalciferol,800,280.0
202111,Canterbury,Colecalciferol,880,22.0
202111,Canterbury,Colecalciferol,unknown,643.0
202111,Exeter,Colecalciferol,1000,41.0
202111,Exeter,Colecalciferol,200,13.0
202111,Exeter,Colecalciferol,25000,1.0
202111,Exeter,Colecalciferol,400,10.0
202111,Exeter,Colecalciferol,800,13.0
202111,Exeter,Colecalciferol,880,148.0
202111,Exeter,Colecalciferol,unknown,82.0
202111,Leeds,Colecalciferol,1000,613.0
202111,Leeds,Colecalciferol,10000,8.0
202111,Leeds,Colecalciferol,200,158.0
202111,Leeds,Colecalciferol,2000,14.0
202111,Leeds,Colecalciferol,20000,98.0
202111,Leeds,Colecalciferol,2200,1.0
202111,Leeds,Colecalciferol,2400,3.0
202111,Leeds,Colecalciferol,25000,18.0
202111,Leeds,Colecalciferol,30000,2.0
202111,Leeds,Colecalciferol,300000,1.0
202111,Leeds,Colecalciferol,3200,4.0
202111,Leeds,Colecalciferol,400,727.0
202111,Leeds,Colecalciferol,4000,2.0
202111,Leeds,Colecalciferol,40000,9.0
202111,Leeds,Colecalciferol,440,1.0
202111,Leeds,Colecalciferol,50000,16.0
202111,Leeds,Colecalciferol,800,460.0
202111,Leeds,Colecalciferol,880,16.0
202111,Leeds,Colecalciferol,unknown,607.0
202111,London,Colecalciferol,1000,28373.0
202111,London,Colecalciferol,10000,658.0
202111,London,Colecalciferol,15000,16.0
202111,London,Colecalciferol,200,17012.0
202111,London,Colecalciferol,2000,912.0
202111,London,Colecalciferol,20000,11237.0
202111,London,Colecalciferol,2200,54.0
202111,London,Colecalciferol,2400,124.0
202111,London,Colecalciferol,2500,107.0
202111,London,Colecalciferol,25000,2441.0
202111,London,Colecalciferol,2740,81.0
202111,London,Colecalciferol,3000,312.0
202111,London,Colecalciferol,300000,8.0
202111,London,Colecalciferol,3200,298.0
202111,London,Colecalciferol,400,44314.0
202111,London,Colecalciferol,4000,173.0
202111,London,Colecalciferol,40000,357.0
202111,London,Colecalciferol,440,243.0
202111,London,Colecalciferol,5000,360.0
202111,London,Colecalciferol,50000,41.0
202111,London,Colecalciferol,5600,9.0
202111,London,Colecalciferol,600,34.0
202111,London,Colecalciferol,800,23859.0
202111,London,Colecalciferol,880,1968.0
202111,London,Colecalciferol,unknown,40327.0
202111,Manchester,Colecalciferol,1000,465.0
202111,Manchester,Colecalciferol,10000,37.0
202111,Manchester,Colecalciferol,200,3420.0
202111,Manchester,Colecalciferol,2000,26.0
202111,Manchester,Colecalciferol,20000,1471.0
202111,Manchester,Colecalciferol,2200,2.0
202111,Manchester,Colecalciferol,2400,2.0
202111,Manchester,Colecalciferol,25000,65.0
202111,Manchester,Colecalciferol,2740,15.0
202111,Manchester,Colecalciferol,3000,8.0
202111,Manchester,Colecalciferol,3200,54.0
202111,Manchester,Colecalciferol,400,2687.0
202111,Manchester,Colecalciferol,4000,16.0
202111,Manchester,Colecalciferol,40000,10.0
202111,Manchester,Colecalciferol,440,16.0
202111,Manchester,Colecalciferol,500,1.0
202111,Manchester,Colecalciferol,5000,10.0
202111,Manchester,Colecalciferol,50000,48.0
202111,Manchester,Colecalciferol,5600,8.0
202111,Manchester,Colecalciferol,600,10.0
202111,Manchester,Colecalciferol,800,2003.0
202111,Manchester,Colecalciferol,880,458.0
202111,Manchester,Colecalciferol,unknown,5773.0
202111,Middlesbrough,Colecalciferol,1000,63.0
202111,Middlesbrough,Colecalciferol,10000,1.0
202111,Middlesbrough,Colecalciferol,200,57.0
202111,Middlesbrough,Colecalciferol,2000,2.0
202111,Middlesbrough,Colecalciferol,20000,16.0
202111,Middlesbrough,Colecalciferol,2400,2.0
202111,Middlesbrough,Colecalciferol,3200,1.0
202111,Middlesbrough,Colecalciferol,400,178.0
202111,Middlesbrough,Colecalciferol,4000,5.0
202111,Middlesbrough,Colecalciferol,5000,2.0
202111,Middlesbrough,Colecalciferol,800,231.0
202111,Middlesbrough,Colecalciferol,880,47.0
202111,Middlesbrough,Colecalciferol,unknown,108.0
202111,Newcastle upon Tyne,Colecalciferol,1000,26.0
202111,Newcastle upon Tyne,Colecalciferol,15000,1.0
202111,Newcastle upon Tyne,Colecalciferol,200,220.0
202111,Newcastle upon Tyne,Colecalciferol,2000,2.0
202111,Newcastle upon Tyne,Colecalciferol,20000,171.0
202111,Newcastle upon Tyne,Colecalciferol,2400,2.0
202111,Newcastle upon Tyne,Colecalciferol,2500,1.0
202111,Newcastle upon Tyne,Colecalciferol,25000,4.0
202111,Newcastle upon Tyne,Colecalciferol,2740,29.0
202111,Newcastle upon Tyne,Colecalciferol,400,1762.0
202111,Newcastle upon Tyne,Colecalciferol,440,3.0
202111,Newcastle upon Tyne,Colecalciferol,50000,3.0
202111,Newcastle upon Tyne,Colecalciferol,5600,8.0
202111,Newcastle upon Tyne,Colecalciferol,800,5035.0
202111,Newcastle upon Tyne,Colecalciferol,880,11.0
202111,Newcastle upon Tyne,Colecalciferol,unknown,954.0
202111,Nottingham,Colecalciferol,1000,2269.0
202111,Nottingham,Colecalciferol,10000,16.0
202111,Nottingham,Colecalciferol,200,573.0
202111,Nottingham,Colecalciferol,2000,6.0
202111,Nottingham,Colecalciferol,20000,88.0
202111,Nottingham,Colecalciferol,2200,2.0
202111,Nottingham,Colecalciferol,2400,4.0
202111,Nottingham,Colecalciferol,25000,92.0
202111,Nottingham,Colecalciferol,2740,45.0
202111,Nottingham,Colecalciferol,3000,4.0
202111,Nottingham,Colecalciferol,3200,13.0
202111,Nottingham,Colecalciferol,400,693.0
202111,Nottingham,Colecalciferol,440,1.0
202111,Nottingham,Colecalciferol,5000,2.0
202111,Nottingham,Colecalciferol,50000,124.0
202111,Nottingham,Colecalciferol,5600,1.0
202111,Nottingham,Colecalciferol,800,2188.0
202111,Nottingham,Colecalciferol,880,7.0
202111,Nottingham,Colecalciferol,unknown,1146.0
202111,Peterborough,Colecalciferol,1000,1.0
202111,Peterborough,Colecalciferol,10000,1.0
202111,Peterborough,Colecalciferol,200,10.0
202111,Peterborough,Colecalciferol,2400,1.0
202111,Peterborough,Colecalciferol,3000,1.0
202111,Peterborough,Colecalciferol,3200,2.0
202111,Peterborough,Colecalciferol,400,48.0
202111,Peterborough,Colecalciferol,800,13.0
202111,Peterborough,Colecalciferol,880,18.0
202111,Peterborough,Colecalciferol,unknown,28.0
202111,Plymouth,Colecalciferol,1000,57.0
202111,Plymouth,Colecalciferol,200,35.0
202111,Plymouth,Colecalciferol,2000,1.0
202111,Plymouth,Colecalciferol,20000,1.0
202111,Plymouth,Colecalciferol,25000,4.0
202111,Plymouth,Colecalciferol,400,64.0
202111,Plymouth,Colecalciferol,800,16.0
202111,Plymouth,Colecalciferol,880,23.0
202111,Plymouth,Colecalciferol,unknown,84.0
202111,Sunderland,Colecalciferol,1000,43.0
202111,Sunderland,Colecalciferol,200,71.0
202111,Sunderland,Colecalciferol,20000,26.0
202111,Sunderland,Colecalciferol,2740,1.0
202111,Sunderland,Colecalciferol,400,112.0
202111,Sunderland,Colecalciferol,800,297.0
202111,Sunderland,Colecalciferol,880,8.0
202111,Sunderland,Colecalciferol,unknown,449.0
202111,York,Colecalciferol,1000,235.0
202111,York,Colecalciferol,10000,5.0
202111,York,Colecalciferol,200,455.0
202111,York,Colecalciferol,2000,4.0
202111,York,Colecalciferol,20000,4.0
202111,York,Colecalciferol,2400,1.0
202111,York,Colecalciferol,25000,39.0
202111,York,Colecalciferol,3000,5.0
202111,York,Colecalciferol,3200,4.0
202111,York,Colecalciferol,400,423.0
202111,York,Colecalciferol,4000,2.0
202111,York,Colecalciferol,440,2.0
202111,York,Colecalciferol,5000,1.0
202111,York,Colecalciferol,50000,25.0
202111,York,Colecalciferol,5600,1.0
202111,York,Colecalciferol,800,615.0
202111,York,Colecalciferol,880,46.0
202111,York,Colecalciferol,unknown,882.0
202112,Birmingham,Colecalciferol,1000,714.0
202112,Birmingham,Colecalciferol,10000,49.0
202112,Birmingham,Colecalciferol,15000,1.0
202112,Birmingham,Colecalciferol,200,2420.0
202112,Birmingham,Colecalciferol,2000,34.0
202112,Birmingham,Colecalciferol,20000,351.0
202112,Birmingham,Colecalciferol,2200,2.0
202112,Birmingham,Colecalciferol,2400,22.0
202112,Birmingham,Colecalciferol,2500,4.0
202112,Birmingham,Colecalciferol,25000,312.0
202112,Birmingham,Colecalciferol,2740,11.0
202112,Birmingham,Colecalciferol,3000,17.0
202112,Birmingham,Colecalciferol,30000,2.0
202112,Birmingham,Colecalciferol,3200,113.0
202112,Birmingham,Colecalciferol,400,1239.0
202112,Birmingham,Colecalciferol,4000,8.0
202112,Birmingham,Colecalciferol,40000,3.0
202112,Birmingham,Colecalciferol,440,12.0
202112,Birmingham,Colecalciferol,5000,2.0
202112,Birmingham,Colecalciferol,50000,459.0
202112,Birmingham,Colecalciferol,5600,3.0
202112,Birmingham,Colecalciferol,600,3.0
202112,Birmingham,Colecalciferol,800,3800.0
202112,Birmingham,Colecalciferol,880,164.0
202112,Birmingham,Colecalciferol,unknown,2045.0
202112,Brighton,Colecalciferol,200,16.0
202112,Brighton,Colecalciferol,2000,1.0
202112,Brighton,Colecalciferol,20000,25.0
202112,Brighton,Colecalciferol,3200,4.0
202112,Brighton,Colecalciferol,400,149.0
202112,Brighton,Colecalciferol,4000,2.0
202112,Brighton,Colecalciferol,800,65.0
202112,Brighton,Colecalciferol,unknown,64.0
202112,Bristol,Colecalciferol,1000,244.0
202112,Bristol,Colecalciferol,10000,7.0
202112,Bristol,Colecalciferol,15000,1.0
202112,Bristol,Colecalciferol,200,534.0
202112,Bristol,Colecalciferol,2000,1.0
202112,Bristol,Colecalciferol,20000,32.0
202112,Bristol,Colecalciferol,2400,2.0
202112,Bristol,Colecalciferol,25000,92.0
202112,Bristol,Colecalciferol,2740,1.0
202112,Bristol,Colecalciferol,3000,8.0
202112,Bristol,Colecalciferol,3200,8.0
202112,Bristol,Colecalciferol,400,1249.0
202112,Bristol,Colecalciferol,40000,6.0
202112,Bristol,Colecalciferol,440,6.0
202112,Bristol,Colecalciferol,50000,12.0
202112,Bristol,Colecalciferol,600,1.0
202112,Bristol,Colecalciferol,800,1499.0
202112,Bristol,Colecalciferol,880,159.0
202112,Bristol,Colecalciferol,unknown,1144.0
202112,Canterbury,Colecalciferol,1000,223.0
202112,Canterbury,Colecalciferol,10000,2.0
202112,Canterbury,Colecalciferol,200,380.0
202112,Canterbury,Colecalciferol,2000,5.0
202112,Canterbury,Colecalciferol,20000,22.0
202112,Canterbury,Colecalciferol,2200,1.0
202112,Canterbury,Colecalciferol,2500,1.0
202112,Canterbury,Colecalciferol,25000,1.0
202112,Canterbury,Colecalciferol,2740,1.0
202112,Canterbury,Colecalciferol,3200,4.0
202112,Canterbury,Colecalciferol,400,673.0
202112,Canterbury,Colecalciferol,4000,2.0
202112,Canterbury,Colecalciferol,440,6.0
202112,Canterbury,Colecalciferol,5000,2.0
202112,Canterbury,Colecalciferol,800,299.0
202112,Canterbury,Colecalciferol,880,29.0
202112,Canterbury,Colecalciferol,unknown,638.0
202112,Exeter,Colecalciferol,1000,41.0
202112,Exeter,Colecalciferol,200,16.0
202112,Exeter,Colecalciferol,2400,1.0
202112,Exeter,Colecalciferol,25000,3.0
202112,Exeter,Colecalciferol,400,11.0
202112,Exeter,Colecalciferol,800,9.0
202112,Exeter,Colecalciferol,880,145.0
202112,Exeter,Colecalciferol,unknown,97.0
202112,Leeds,Colecalciferol,1000,668.0
202112,Leeds,Colecalciferol,10000,10.0
202112,Leeds,Colecalciferol,200,182.0
202112,Leeds,Colecalciferol,2000,13.0
202112,Leeds,Colecalciferol,20000,73.0
202112,Leeds,Colecalciferol,2200,1.0
202112,Leeds,Colecalciferol,2400,1.0
202112,Leeds,Colecalciferol,2500,1.0
202112,Leeds,Colecalciferol,25000,34.0
202112,Leeds,Colecalciferol,2740,1.0
202112,Leeds,Colecalciferol,3000,3.0
202112,Leeds,Colecalciferol,3200,6.0
202112,Leeds,Colecalciferol,400,756.0
202112,Leeds,Colecalciferol,4000,1.0
202112,Leeds,Colecalciferol,40000,5.0
202112,Leeds,Colecalciferol,440,2.0
202112,Leeds,Colecalciferol,50000,11.0
202112,Leeds,Colecalciferol,800,519.0
202112,Leeds,Colecalciferol,880,15.0
202112,Leeds,Colecalciferol,unknown,644.0
202112,London,Colecalciferol,1000,28760.0
202112,London,Colecalciferol,10000,707.0
202112,London,Colecalciferol,15000,21.0
202112,London,Colecalciferol,200,17351.0
202112,London,Colecalciferol,2000,965.0
202112,London,Colecalciferol,20000,12403.0
202112,London,Colecalciferol,2200,47.0
202112,London,Colecalciferol,2400,126.0
202112,London,Colecalciferol,2500,104.0
202112,London,Colecalciferol,25000,2844.0
202112,London,Colecalciferol,2740,102.0
202112,London,Colecalciferol,3000,325.0
202112,London,Colecalciferol,30000,2.0
202112,London,Colecalciferol,300000,2.0
202112,London,Colecalciferol,3200,273.0
202112,London,Colecalciferol,400,44447.0
202112,London,Colecalciferol,4000,189.0
202112,London,Colecalciferol,40000,440.0
202112,London,Colecalciferol,440,238.0
202112,London,Colecalciferol,5000,443.0
202112,London,Colecalciferol,50000,58.0
202112,London,Colecalciferol,5600,18.0
202112,London,Colecalciferol,600,39.0
202112,London,Colecalciferol,800,24519.0
202112,London,Colecalciferol,880,1959.0
202112,London,Colecalciferol,unknown,41283.0
202112,Manchester,Colecalciferol,1000,510.0
202112,Manchester,Colecalciferol,10000,54.0
202112,Manchester,Colecalciferol,15000,1.0
202112,Manchester,Colecalciferol,200,3604.0
202112,Manchester,Colecalciferol,2000,33.0
202112,Manchester,Colecalciferol,20000,1579.0
202112,Manchester,Colecalciferol,2400,4.0
202112,Manchester,Colecalciferol,2500,2.0
202112,Manchester,Colecalciferol,25000,58.0
202112,Manchester,Colecalciferol,2740,18.0
202112,Manchester,Colecalciferol,3000,9.0
202112,Manchester,Colecalciferol,3200,52.0
202112,Manchester,Colecalciferol,400,2866.0
202112,Manchester,Colecalciferol,4000,20.0
202112,Manchester,Colecalciferol,40000,14.0
202112,Manchester,Colecalciferol,440,20.0
202112,Manchester,Colecalciferol,5000,10.0
202112,Manchester,Colecalciferol,50000,48.0
202112,Manchester,Colecalciferol,5600,7.0
202112,Manchester,Colecalciferol,600,3.0
202112,Manchester,Colecalciferol,800,2034.0
202112,Manchester,Colecalciferol,880,484.0
202112,Manchester,Colecalciferol,unknown,6048.0
202112,Middlesbrough,Colecalciferol,1000,75.0
202112,Middlesbrough,Colecalciferol,200,70.0
202112,Middlesbrough,Colecalciferol,2000,5.0
202112,Middlesbrough,Colecalciferol,20000,8.0
202112,Middlesbrough,Colecalciferol,3200,2.0
202112,Middlesbrough,Colecalciferol,400,155.0
202112,Middlesbrough,Colecalciferol,4000,3.0
202112,Middlesbrough,Colecalciferol,5000,1.0
202112,Middlesbrough,Colecalciferol,800,259.0
202112,Middlesbrough,Colecalciferol,880,66.0
202112,Middlesbrough,Colecalciferol,unknown,106.0
202112,Newcastle upon Tyne,Colecalciferol,1000,26.0
202112,Newcastle upon Tyne,Colecalciferol,10000,1.0
202112,Newcastle upon Tyne,Colecalciferol,15000,2.0
202112,Newcastle upon Tyne,Colecalciferol,200,234.0
202112,Newcastle upon Tyne,Colecalciferol,2000,4.0
202112,Newcastle upon Tyne,Colecalciferol,20000,153.0
202112,Newcastle upon Tyne,Colecalciferol,2400,1.0
202112,Newcastle upon Tyne,Colecalciferol,2500,1.0
202112,Newcastle upon Tyne,Colecalciferol,25000,8.0
202112,Newcastle upon Tyne,Colecalciferol,2740,33.0
202112,Newcastle upon Tyne,Colecalciferol,3200,2.0
202112,Newcastle upon Tyne,Colecalciferol,400,1959.0
202112,Newcastle upon Tyne,Colecalciferol,40000,1.0
202112,Newcastle upon Tyne,Colecalciferol,440,3.0
202112,Newcastle upon Tyne,Colecalciferol,50000,9.0
202112,Newcastle upon Tyne,Colecalciferol,5600,6.0
202112,Newcastle upon Tyne,Colecalciferol,800,5582.0
202112,Newcastle upon Tyne,Colecalciferol,880,12.0
202112,Newcastle upon Tyne,Colecalciferol,unknown,1035.0
202112,Nottingham,Colecalciferol,1000,2466.0
202112,Nottingham,Colecalciferol,10000,15.0
202112,Nottingham,Colecalciferol,200,599.0
202112,Nottingham,Colecalciferol,2000,6.0
202112,Nottingham,Colecalciferol,20000,98.0
202112,Nottingham,Colecalciferol,2200,3.0
202112,Nottingham,Colecalciferol,2400,5.0
202112,Nottingham,Colecalciferol,25000,141.0
202112,Nottingham,Colecalciferol,2740,44.0
202112,Nottingham,Colecalciferol,3000,5.0
202112,Nottingham,Colecalciferol,3200,7.0
202112,Nottingham,Colecalciferol,400,728.0
202112,Nottingham,Colecalciferol,4000,4.0
202112,Nottingham,Colecalciferol,5000,5.0
202112,Nottingham,Colecalciferol,50000,113.0
202112,Nottingham,Colecalciferol,800,2285.0
202112,Nottingham,Colecalciferol,880,13.0
202112,Nottingham,Colecalciferol,unknown,1260.0
202112,Peterborough,Colecalciferol,1000,1.0
202112,Peterborough,Colecalciferol,200,12.0
202112,Peterborough,Colecalciferol,20000,1.0
202112,Peterborough,Colecalciferol,3200,7.0
202112,Peterborough,Colecalciferol,400,53.0
202112,Peterborough,Colecalciferol,50000,1.0
202112,Peterborough,Colecalciferol,800,9.0
202112,Peterborough,Colecalciferol,880,24.0
202112,Peterborough,Colecalciferol,unknown,25.0
202112,Plymouth,Colecalciferol,1000,45.0
202112,Plymouth,Colecalciferol,200,34.0
202112,Plymouth,Colecalciferol,2000,3.0
202112,Plymouth,Colecalciferol,25000,5.0
202112,Plymouth,Colecalciferol,400,69.0
202112,Plymouth,Colecalciferol,40000,1.0
202112,Plymouth,Colecalciferol,5000,1.0
202112,Plymouth,Colecalciferol,800,15.0
202112,Plymouth,Colecalciferol,880,23.0
202112,Plymouth,Colecalciferol,unknown,82.0
202112,Sunderland,Colecalciferol,1000,49.0
202112,Sunderland,Colecalciferol,10000,2.0
202112,Sunderland,Colecalciferol,200,83.0
202112,Sunderland,Colecalciferol,20000,26.0
202112,Sunderland,Colecalciferol,400,115.0
202112,Sunderland,Colecalciferol,4000,1.0
202112,Sunderland,Colecalciferol,50000,1.0
202112,Sunderland,Colecalciferol,800,310.0
202112,Sunderland,Colecalciferol,880,11.0
202112,Sunderland,Colecalciferol,unknown,501.0
202112,York,Colecalciferol,1000,244.0
202112,York,Colecalciferol,10000,7.0
202112,York,Colecalciferol,200,447.0
202112,York,Colecalciferol,2000,5.0
202112,York,Colecalciferol,20000,3.0
202112,York,Colecalciferol,2400,3.0
202112,York,Colecalciferol,25000,43.0
202112,York,Colecalciferol,3000,6.0
202112,York,Colecalciferol,3200,3.0
202112,York,Colecalciferol,400,425.0
202112,York,Colecalciferol,4000,1.0
202112,York,Colecalciferol,440,3.0
202112,York,Colecalciferol,5000,1.0
202112,York,Colecalciferol,50000,23.0
202112,York,Colecalciferol,5600,1.0
202112,York,Colecalciferol,800,635.0
202112,York,Colecalciferol,880,49.0
202112,York,Colecalciferol,unknown,871.0
202201,Birmingham,Colecalciferol,1000,752.0
202201,Birmingham,Colecalciferol,10000,69.0
202201,Birmingham,Colecalciferol,200,2331.0
202201,Birmingham,Colecalciferol,2000,33.0
202201,Birmingham,Colecalciferol,20000,475.0
202201,Birmingham,Colecalciferol,2200,1.0
202201,Birmingham,Colecalciferol,2400,22.0
202201,Birmingham,Colecalciferol,2500,4.0
202201,Birmingham,Colecalciferol,25000,435.0
202201,Birmingham,Colecalciferol,2740,10.0
202201,Birmingham,Colecalciferol,3000,23.0
202201,Birmingham,Colecalciferol,3200,142.0
202201,Birmingham,Colecalciferol,400,1245.0
202201,Birmingham,Colecalciferol,4000,8.0
202201,Birmingham,Colecalciferol,40000,2.0
202201,Birmingham,Colecalciferol,440,10.0
202201,Birmingham,Colecalciferol,5000,2.0
202201,Birmingham,Colecalciferol,50000,487.0
202201,Birmingham,Colecalciferol,5600,5.0
202201,Birmingham,Colecalciferol,600,2.0
202201,Birmingham,Colecalciferol,800,3727.0
202201,Birmingham,Colecalciferol,880,148.0
202201,Birmingham,Colecalciferol,unknown,2025.0
202201,Brighton,Colecalciferol,200,14.0
202201,Brighton,Colecalciferol,20000,23.0
202201,Brighton,Colecalciferol,3000,1.0
202201,Brighton,Colecalciferol,3200,2.0
202201,Brighton,Colecalciferol,400,127.0
202201,Brighton,Colecalciferol,4000,4.0
202201,Brighton,Colecalciferol,800,55.0
202201,Brighton,Colecalciferol,unknown,63.0
202201,Bristol,Colecalciferol,1000,275.0
202201,Bristol,Colecalciferol,10000,5.0
202201,Bristol,Colecalciferol,200,474.0
202201,Bristol,Colecalciferol,2000,4.0
202201,Bristol,Colecalciferol,20000,41.0
202201,Bristol,Colecalciferol,2200,2.0
202201,Bristol,Colecalciferol,25000,103.0
202201,Bristol,Colecalciferol,2740,1.0
202201,Bristol,Colecalciferol,3000,1.0
202201,Bristol,Colecalciferol,3200,10.0
202201,Bristol,Colecalciferol,400,1143.0
202201,Bristol,Colecalciferol,40000,4.0
202201,Bristol,Colecalciferol,440,2.0
202201,Bristol,Colecalciferol,50000,5.0
202201,Bristol,Colecalciferol,800,1491.0
202201,Bristol,Colecalciferol,880,179.0
202201,Bristol,Colecalciferol,unknown,1104.0
202201,Canterbury,Colecalciferol,1000,192.0
202201,Canterbury,Colecalciferol,10000,5.0
202201,Canterbury,Colecalciferol,200,310.0
202201,Canterbury,Colecalciferol,2000,3.0
202201,Canterbury,Colecalciferol,20000,16.0
202201,Canterbury,Colecalciferol,2500,1.0
202201,Canterbury,Colecalciferol,25000,3.0
202201,Canterbury,Colecalciferol,3200,5.0
202201,Canterbury,Colecalciferol,400,576.0
202201,Canterbury,Colecalciferol,4000,3.0
202201,Canterbury,Colecalciferol,40000,2.0
202201,Canterbury,Colecalciferol,440,5.0
202201,Canterbury,Colecalciferol,5000,2.0
202201,Canterbury,Colecalciferol,50000,2.0
202201,Canterbury,Colecalciferol,600,1.0
202201,Canterbury,Colecalciferol,800,265.0
202201,Canterbury,Colecalciferol,880,21.0
202201,Canterbury,Colecalciferol,unknown,579.0
202201,Exeter,Colecalciferol,1000,42.0
202201,Exeter,Colecalciferol,200,13.0
202201,Exeter,Colecalciferol,2400,1.0
202201,Exeter,Colecalciferol,25000,2.0
202201,Exeter,Colecalciferol,2740,1.0
202201,Exeter,Colecalciferol,400,8.0
202201,Exeter,Colecalciferol,800,13.0
202201,Exeter,Colecalciferol,880,140.0
202201,Exeter,Colecalciferol,unknown,74.0
202201,Leeds,Colecalciferol,1000,669.0
202201,Leeds,Colecalciferol,10000,6.0
202201,Leeds,Colecalciferol,200,169.0
202201,Leeds,Colecalciferol,2000,14.0
202201,Leeds,Colecalciferol,20000,99.0
202201,Leeds,Colecalciferol,2200,1.0
202201,Leeds,Colecalciferol,2400,1.0
202201,Leeds,Colecalciferol,2500,1.0
202201,Leeds,Colecalciferol,25000,25.0
202201,Leeds,Colecalciferol,2740,1.0
202201,Leeds,Colecalciferol,30000,1.0
202201,Leeds,Colecalciferol,3200,6.0
202201,Leeds,Colecalciferol,400,760.0
202201,Leeds,Colecalciferol,4000,1.0
202201,Leeds,Colecalciferol,40000,9.0
202201,Leeds,Colecalciferol,440,1.0
202201,Leeds,Colecalciferol,50000,19.0
202201,Leeds,Colecalciferol,600,1.0
202201,Leeds,Colecalciferol,800,454.0
202201,Leeds,Colecalciferol,880,11.0
202201,Leeds,Colecalciferol,unknown,621.0
202201,London,Colecalciferol,1000,28692.0
202201,London,Colecalciferol,10000,709.0
202201,London,Colecalciferol,15000,26.0
202201,London,Colecalciferol,200,16985.0
202201,London,Colecalciferol,2000,1021.0
202201,London,Colecalciferol,20000,12261.0
202201,London,Colecalciferol,2200,56.0
202201,London,Colecalciferol,2400,126.0
202201,London,Colecalciferol,2500,99.0
202201,London,Colecalciferol,25000,2774.0
202201,London,Colecalciferol,2740,99.0
202201,London,Colecalciferol,3000,325.0
202201,London,Colecalciferol,30000,4.0
202201,London,Colecalciferol,3200,263.0
202201,London,Colecalciferol,400,44199.0
202201,London,Colecalciferol,4000,232.0
202201,London,Colecalciferol,40000,489.0
202201,London,Colecalciferol,440,233.0
202201,London,Colecalciferol,5000,404.0
202201,London,Colecalciferol,50000,71.0
202201,London,Colecalciferol,5600,11.0
202201,London,Colecalciferol,600,42.0
202201,London,Colecalciferol,800,24229.0
202201,London,Colecalciferol,880,1948.0
202201,London,Colecalciferol,unknown,40622.0
202201,Manchester,Colecalciferol,1000,453.0
202201,Manchester,Colecalciferol,10000,55.0
202201,Manchester,Colecalciferol,200,3390.0
202201,Manchester,Colecalciferol,2000,29.0
202201,Manchester,Colecalciferol,20000,1621.0
202201,Manchester,Colecalciferol,2200,2.0
202201,Manchester,Colecalciferol,2400,5.0
202201,Manchester,Colecalciferol,2500,1.0
202201,Manchester,Colecalciferol,25000,75.0
202201,Manchester,Colecalciferol,2740,17.0
202201,Manchester,Colecalciferol,3000,7.0
202201,Manchester,Colecalciferol,3200,63.0
202201,Manchester,Colecalciferol,400,2567.0
202201,Manchester,Colecalciferol,4000,20.0
202201,Manchester,Colecalciferol,40000,15.0
202201,Manchester,Colecalciferol,440,23.0
202201,Manchester,Colecalciferol,5000,12.0
202201,Manchester,Colecalciferol,50000,31.0
202201,Manchester,Colecalciferol,5600,9.0
202201,Manchester,Colecalciferol,600,8.0
202201,Manchester,Colecalciferol,800,1972.0
202201,Manchester,Colecalciferol,880,454.0
202201,Manchester,Colecalciferol,unknown,5637.0
202201,Middlesbrough,Colecalciferol,1000,62.0
202201,Middlesbrough,Colecalciferol,10000,2.0
202201,Middlesbrough,Colecalciferol,200,70.0
202201,Middlesbrough,Colecalciferol,2000,2.0
202201,Middlesbrough,Colecalciferol,20000,20.0
202201,Middlesbrough,Colecalciferol,2400,3.0
202201,Middlesbrough,Colecalciferol,3200,1.0
202201,Middlesbrough,Colecalciferol,400,166.0
202201,Middlesbrough,Colecalciferol,4000,7.0
202201,Middlesbrough,Colecalciferol,5000,1.0
202201,Middlesbrough,Colecalciferol,800,230.0
202201,Middlesbrough,Colecalciferol,880,71.0
202201,Middlesbrough,Colecalciferol,unknown,101.0
202201,Newcastle upon Tyne,Colecalciferol,1000,25.0
202201,Newcastle upon Tyne,Colecalciferol,10000,2.0
202201,Newcastle upon Tyne,Colecalciferol,15000,1.0
202201,Newcastle upon Tyne,Colecalciferol,200,240.0
202201,Newcastle upon Tyne,Colecalciferol,2000,5.0
202201,Newcastle upon Tyne,Colecalciferol,20000,157.0
202201,Newcastle upon Tyne,Colecalciferol,2400,1.0
202201,Newcastle upon Tyne,Colecalciferol,2500,1.0
202201,Newcastle upon Tyne,Colecalciferol,25000,4.0
202201,Newcastle upon Tyne,Colecalciferol,2740,21.0
202201,Newcastle upon Tyne,Colecalciferol,400,1700.0
202201,Newcastle upon Tyne,Colecalciferol,440,1.0
202201,Newcastle upon Tyne,Colecalciferol,50000,3.0
202201,Newcastle upon Tyne,Colecalciferol,5600,6.0
202201,Newcastle upon Tyne,Colecalciferol,600,1.0
202201,Newcastle upon Tyne,Colecalciferol,800,5129.0
202201,Newcastle upon Tyne,Colecalciferol,880,14.0
202201,Newcastle upon Tyne,Colecalciferol,unknown,971.0
202201,Nottingham,Colecalciferol,1000,2396.0
202201,Nottingham,Colecalciferol,10000,7.0
202201,Nottingham,Colecalciferol,200,577.0
202201,Nottingham,Colecalciferol,2000,10.0
202201,Nottingham,Colecalciferol,20000,111.0
202201,Nottingham,Colecalciferol,2200,3.0
202201,Nottingham,Colecalciferol,2400,4.0
202201,Nottingham,Colecalciferol,25000,192.0
202201,Nottingham,Colecalciferol,2740,33.0
202201,Nottingham,Colecalciferol,3000,3.0
202201,Nottingham,Colecalciferol,3200,8.0
202201,Nottingham,Colecalciferol,400,639.0
202201,Nottingham,Colecalciferol,4000,2.0
202201,Nottingham,Colecalciferol,40000,2.0
202201,Nottingham,Colecalciferol,5000,1.0
202201,Nottingham,Colecalciferol,50000,108.0
202201,Nottingham,Colecalciferol,5600,4.0
202201,Nottingham,Colecalciferol,600,1.0
202201,Nottingham,Colecalciferol,800,2149.0
202201,Nottingham,Colecalciferol,880,8.0
202201,Nottingham,Colecalciferol,unknown,1075.0
202201,Peterborough,Colecalciferol,10000,1.0
202201,Peterborough,Colecalciferol,200,8.0
202201,Peterborough,Colecalciferol,20000,2.0
202201,Peterborough,Colecalciferol,3200,14.0
202201,Peterborough,Colecalciferol,400,54.0
202201,Peterborough,Colecalciferol,50000,1.0
202201,Peterborough,Colecalciferol,800,10.0
202201,Peterborough,Colecalciferol,880,19.0
202201,Peterborough,Colecalciferol,unknown,22.0
202201,Plymouth,Colecalciferol,1000,53.0
202201,Plymouth,Colecalciferol,200,35.0
202201,Plymouth,Colecalciferol,2000,2.0
202201,Plymouth,Colecalciferol,25000,7.0
202201,Plymouth,Colecalciferol,400,63.0
202201,Plymouth,Colecalciferol,5000,1.0
202201,Plymouth,Colecalciferol,800,19.0
202201,Plymouth,Colecalciferol,880,22.0
202201,Plymouth,Colecalciferol,unknown,78.0
202201,Sunderland,Colecalciferol,1000,48.0
202201,Sunderland,Colecalciferol,10000,5.0
202201,Sunderland,Colecalciferol,200,87.0
202201,Sunderland,Colecalciferol,2000,1.0
202201,Sunderland,Colecalciferol,20000,17.0
202201,Sunderland,Colecalciferol,2400,2.0
202201,Sunderland,Colecalciferol,400,107.0
202201,Sunderland,Colecalciferol,800,232.0
202201,Sunderland,Colecalciferol,880,11.0
202201,Sunderland,Colecalciferol,unknown,479.0
202201,York,Colecalciferol,1000,205.0
202201,York,Colecalciferol,10000,9.0
202201,York,Colecalciferol,200,406.0
202201,York,Colecalciferol,20000,9.0
202201,York,Colecalciferol,2400,1.0
202201,York,Colecalciferol,25000,41.0
202201,York,Colecalciferol,3000,2.0
202201,York,Colecalciferol,3200,1.0
202201,York,Colecalciferol,400,406.0
202201,York,Colecalciferol,440,1.0
202201,York,Colecalciferol,50000,16.0
202201,York,Colecalciferol,5600,1.0
202201,York,Colecalciferol,800,596.0
202201,York,Colecalciferol,880,43.0
202201,York,Colecalciferol,unknown,799.0
202202,Birmingham,Colecalciferol,1000,701.0
202202,Birmingham,Colecalciferol,10000,83.0
202202,Birmingham,Colecalciferol,200,2190.0
202202,Birmingham,Colecalciferol,2000,52.0
202202,Birmingham,Colecalciferol,20000,495.0
202202,Birmingham,Colecalciferol,2200,3.0
202202,Birmingham,Colecalciferol,2400,23.0
202202,Birmingham,Colecalciferol,2500,4.0
202202,Birmingham,Colecalciferol,25000,401.0
202202,Birmingham,Colecalciferol,2740,5.0
202202,Birmingham,Colecalciferol,3000,30.0
202202,Birmingham,Colecalciferol,30000,1.0
202202,Birmingham,Colecalciferol,3200,150.0
202202,Birmingham,Colecalciferol,400,1216.0
202202,Birmingham,Colecalciferol,4000,14.0
202202,Birmingham,Colecalciferol,40000,2.0
202202,Birmingham,Colecalciferol,440,11.0
202202,Birmingham,Colecalciferol,5000,8.0
202202,Birmingham,Colecalciferol,50000,636.0
202202,Birmingham,Colecalciferol,5600,2.0
202202,Birmingham,Colecalciferol,800,3645.0
202202,Birmingham,Colecalciferol,880,144.0
202202,Birmingham,Colecalciferol,unknown,1904.0
202202,Brighton,Colecalciferol,10000,1.0
202202,Brighton,Colecalciferol,200,15.0
202202,Brighton,Colecalciferol,2000,2.0
202202,Brighton,Colecalciferol,20000,23.0
202202,Brighton,Colecalciferol,3200,3.0
202202,Brighton,Colecalciferol,400,120.0
202202,Brighton,Colecalciferol,4000,8.0
202202,Brighton,Colecalciferol,800,55.0
202202,Brighton,Colecalciferol,unknown,55.0
202202,Bristol,Colecalciferol,1000,252.0
202202,Bristol,Colecalciferol,10000,7.0
202202,Bristol,Colecalciferol,15000,1.0
202202,Bristol,Colecalciferol,200,532.0
202202,Bristol,Colecalciferol,20000,48.0
202202,Bristol,Colecalciferol,2400,2.0
202202,Bristol,Colecalciferol,25000,104.0
202202,Bristol,Colecalciferol,2740,2.0
202202,Bristol,Colecalciferol,3000,1.0
202202,Bristol,Colecalciferol,3200,21.0
202202,Bristol,Colecalciferol,400,1204.0
202202,Bristol,Colecalciferol,4000,4.0
202202,Bristol,Colecalciferol,40000,1.0
202202,Bristol,Colecalciferol,440,3.0
202202,Bristol,Colecalciferol,50000,11.0
202202,Bristol,Colecalciferol,800,1385.0
202202,Bristol,Colecalciferol,880,132.0
202202,Bristol,Colecalciferol,unknown,1060.0
202202,Canterbury,Colecalciferol,1000,181.0
202202,Canterbury,Colecalciferol,10000,3.0
202202,Canterbury,Colecalciferol,200,348.0
202202,Canterbury,Colecalciferol,2000,4.0
202202,Canterbury,Colecalciferol,20000,14.0
202202,Canterbury,Colecalciferol,2500,3.0
202202,Canterbury,Colecalciferol,25000,4.0
202202,Canterbury,Colecalciferol,2740,2.0
202202,Canterbury,Colecalciferol,3200,4.0
202202,Canterbury,Colecalciferol,400,642.0
202202,Canterbury,Colecalciferol,4000,2.0
202202,Canterbury,Colecalciferol,440,5.0
202202,Canterbury,Colecalciferol,5000,3.0
202202,Canterbury,Colecalciferol,50000,1.0
202202,Canterbury,Colecalciferol,800,257.0
202202,Canterbury,Colecalciferol,880,23.0
202202,Canterbury,Colecalciferol,unknown,566.0
202202,Exeter,Colecalciferol,1000,40.0
202202,Exeter,Colecalciferol,200,15.0
202202,Exeter,Colecalciferol,2400,1.0
202202,Exeter,Colecalciferol,25000,2.0
202202,Exeter,Colecalciferol,400,10.0
202202,Exeter,Colecalciferol,800,16.0
202202,Exeter,Colecalciferol,880,121.0
202202,Exeter,Colecalciferol,unknown,84.0
202202,Leeds,Colecalciferol,1000,634.0
202202,Leeds,Colecalciferol,10000,8.0
202202,Leeds,Colecalciferol,200,172.0
202202,Leeds,Colecalciferol,2000,17.0
202202,Leeds,Colecalciferol,20000,97.0
202202,Leeds,Colecalciferol,2400,2.0
202202,Leeds,Colecalciferol,2500,1.0
202202,Leeds,Colecalciferol,25000,13.0
202202,Leeds,Colecalciferol,3000,1.0
202202,Leeds,Colecalciferol,400,695.0
202202,Leeds,Colecalciferol,40000,11.0
202202,Leeds,Colecalciferol,440,1.0
202202,Leeds,Colecalciferol,50000,17.0
202202,Leeds,Colecalciferol,800,433.0
202202,Leeds,Colecalciferol,880,9.0
202202,Leeds,Colecalciferol,unknown,526.0
202202,London,Colecalciferol,1000,26714.0
202202,London,Colecalciferol,10000,767.0
202202,London,Colecalciferol,15000,22.0
202202,London,Colecalciferol,200,15648.0
202202,London,Colecalciferol,2000,972.0
202202,London,Colecalciferol,20000,12420.0
202202,London,Colecalciferol,2200,59.0
202202,London,Colecalciferol,2400,140.0
202202,London,Colecalciferol,2500,90.0
202202,London,Colecalciferol,25000,2918.0
202202,London,Colecalciferol,2740,103.0
202202,London,Colecalciferol,3000,336.0
202202,London,Colecalciferol,30000,1.0
202202,London,Colecalciferol,300000,2.0
202202,London,Colecalciferol,3200,237.0
202202,London,Colecalciferol,400,40662.0
202202,London,Colecalciferol,4000,176.0
202202,London,Colecalciferol,40000,513.0
202202,London,Colecalciferol,440,224.0
202202,London,Colecalciferol,5000,381.0
202202,London,Colecalciferol,50000,96.0
202202,London,Colecalciferol,5600,14.0
202202,London,Colecalciferol,600,65.0
202202,London,Colecalciferol,800,22458.0
202202,London,Colecalciferol,880,1833.0
202202,London,Colecalciferol,unknown,37345.0
202202,Manchester,Colecalciferol,1000,453.0
202202,Manchester,Colecalciferol,10000,62.0
202202,Manchester,Colecalciferol,200,3148.0
202202,Manchester,Colecalciferol,2000,39.0
202202,Manchester,Colecalciferol,20000,1670.0
202202,Manchester,Colecalciferol,2200,1.0
202202,Manchester,Colecalciferol,2400,6.0
202202,Manchester,Colecalciferol,25000,75.0
202202,Manchester,Colecalciferol,2740,13.0
202202,Manchester,Colecalciferol,3000,9.0
202202,Manchester,Colecalciferol,3200,53.0
202202,Manchester,Colecalciferol,400,2403.0
202202,Manchester,Colecalciferol,4000,16.0
202202,Manchester,Colecalciferol,40000,20.0
202202,Manchester,Colecalciferol,440,14.0
202202,Manchester,Colecalciferol,5000,10.0
202202,Manchester,Colecalciferol,50000,38.0
202202,Manchester,Colecalciferol,5600,10.0
202202,Manchester,Colecalciferol,600,8.0
202202,Manchester,Colecalciferol,800,1844.0
202202,Manchester,Colecalciferol,880,418.0
202202,Manchester,Colecalciferol,unknown,5375.0
202202,Middlesbrough,Colecalciferol,1000,69.0
202202,Middlesbrough,Colecalciferol,10000,2.0
202202,Middlesbrough,Colecalciferol,200,63.0
202202,Middlesbrough,Colecalciferol,2000,5.0
202202,Middlesbrough,Colecalciferol,20000,21.0
202202,Middlesbrough,Colecalciferol,3000,1.0
202202,Middlesbrough,Colecalciferol,3200,2.0
202202,Middlesbrough,Colecalciferol,400,140.0
202202,Middlesbrough,Colecalciferol,4000,7.0
202202,Middlesbrough,Colecalciferol,5000,1.0
202202,Middlesbrough,Colecalciferol,800,261.0
202202,Middlesbrough,Colecalciferol,880,52.0
202202,Middlesbrough,Colecalciferol,unknown,94.0
202202,Newcastle upon Tyne,Colecalciferol,1000,22.0
202202,Newcastle upon Tyne,Colecalciferol,10000,2.0
202202,Newcastle upon Tyne,Colecalciferol,15000,1.0
202202,Newcastle upon Tyne,Colecalciferol,200,216.0
202202,Newcastle upon Tyne,Colecalciferol,2000,5.0
202202,Newcastle upon Tyne,Colecalciferol,20000,161.0
202202,Newcastle upon Tyne,Colecalciferol,2400,1.0
202202,Newcastle upon Tyne,Colecalciferol,2500,1.0
202202,Newcastle upon Tyne,Colecalciferol,25000,7.0
202202,Newcastle upon Tyne,Colecalciferol,2740,26.0
202202,Newcastle upon Tyne,Colecalciferol,3000,1.0
202202,Newcastle upon Tyne,Colecalciferol,400,1625.0
202202,Newcastle upon Tyne,Colecalciferol,440,2.0
202202,Newcastle upon Tyne,Colecalciferol,5600,12.0
202202,Newcastle upon Tyne,Colecalciferol,600,1.0
202202,Newcastle upon Tyne,Colecalciferol,800,4841.0
202202,Newcastle upon Tyne,Colecalciferol,880,9.0
202202,Newcastle upon Tyne,Colecalciferol,unknown,867.0
202202,Nottingham,Colecalciferol,1000,2301.0
202202,Nottingham,Colecalciferol,10000,11.0
202202,Nottingham,Colecalciferol,200,505.0
202202,Nottingham,Colecalciferol,2000,10.0
202202,Nottingham,Colecalciferol,20000,98.0
202202,Nottingham,Colecalciferol,2200,2.0
202202,Nottingham,Colecalciferol,2400,3.0
202202,Nottingham,Colecalciferol,25000,239.0
202202,Nottingham,Colecalciferol,2740,35.0
202202,Nottingham,Colecalciferol,3000,6.0
202202,Nottingham,Colecalciferol,30000,1.0
202202,Nottingham,Colecalciferol,3200,10.0
202202,Nottingham,Colecalciferol,400,607.0
202202,Nottingham,Colecalciferol,4000,2.0
202202,Nottingham,Colecalciferol,440,4.0
202202,Nottingham,Colecalciferol,5000,3.0
202202,Nottingham,Colecalciferol,50000,158.0
202202,Nottingham,Colecalciferol,5600,3.0
202202,Nottingham,Colecalciferol,800,2095.0
202202,Nottingham,Colecalciferol,880,7.0
202202,Nottingham,Colecalciferol,unknown,1035.0
202202,Peterborough,Colecalciferol,1000,2.0
202202,Peterborough,Colecalciferol,200,7.0
202202,Peterborough,Colecalciferol,20000,1.0
202202,Peterborough,Colecalciferol,25000,1.0
202202,Peterborough,Colecalciferol,3200,8.0
202202,Peterborough,Colecalciferol,400,39.0
202202,Peterborough,Colecalciferol,800,12.0
202202,Peterborough,Colecalciferol,880,20.0
202202,Peterborough,Colecalciferol,unknown,26.0
202202,Plymouth,Colecalciferol,1000,48.0
202202,Plymouth,Colecalciferol,200,31.0
202202,Plymouth,Colecalciferol,2000,8.0
202202,Plymouth,Colecalciferol,25000,8.0
202202,Plymouth,Colecalciferol,400,54.0
202202,Plymouth,Colecalciferol,4000,1.0
202202,Plymouth,Colecalciferol,440,1.0
202202,Plymouth,Colecalciferol,50000,1.0
202202,Plymouth,Colecalciferol,800,18.0
202202,Plymouth,Colecalciferol,880,23.0
202202,Plymouth,Colecalciferol,unknown,77.0
202202,Sunderland,Colecalciferol,1000,29.0
202202,Sunderland,Colecalciferol,10000,2.0
202202,Sunderland,Colecalciferol,200,83.0
202202,Sunderland,Colecalciferol,20000,31.0
202202,Sunderland,Colecalciferol,2740,1.0
202202,Sunderland,Colecalciferol,400,90.0
202202,Sunderland,Colecalciferol,800,232.0
202202,Sunderland,Colecalciferol,880,9.0
202202,Sunderland,Colecalciferol,unknown,467.0
202202,York,Colecalciferol,1000,235.0
202202,York,Colecalciferol,10000,6.0
202202,York,Colecalciferol,200,372.0
202202,York,Colecalciferol,2000,5.0
202202,York,Colecalciferol,20000,10.0
202202,York,Colecalciferol,2400,3.0
202202,York,Colecalciferol,25000,40.0
202202,York,Colecalciferol,3000,5.0
202202,York,Colecalciferol,3200,2.0
202202,York,Colecalciferol,400,406.0
202202,York,Colecalciferol,4000,3.0
202202,York,Colecalciferol,440,3.0
202202,York,Colecalciferol,50000,30.0
202202,York,Colecalciferol,5600,1.0
202202,York,Colecalciferol,800,578.0
202202,York,Colecalciferol,880,41.0
202202,York,Colecalciferol,unknown,713.0
202203,Birmingham,Colecalciferol,1000,867.0
202203,Birmingham,Colecalciferol,10000,130.0
202203,Birmingham,Colecalciferol,200,2351.0
202203,Birmingham,Colecalciferol,2000,55.0
202203,Birmingham,Colecalciferol,20000,562.0
202203,Birmingham,Colecalciferol,2200,3.0
202203,Birmingham,Colecalciferol,2400,32.0
202203,Birmingham,Colecalciferol,2500,2.0
202203,Birmingham,Colecalciferol,25000,522.0
202203,Birmingham,Colecalciferol,2740,6.0
202203,Birmingham,Colecalciferol,3000,30.0
202203,Birmingham,Colecalciferol,3200,185.0
202203,Birmingham,Colecalciferol,400,1234.0
202203,Birmingham,Colecalciferol,4000,22.0
202203,Birmingham,Colecalciferol,40000,2.0
202203,Birmingham,Colecalciferol,440,10.0
202203,Birmingham,Colecalciferol,5000,5.0
202203,Birmingham,Colecalciferol,50000,748.0
202203,Birmingham,Colecalciferol,5600,5.0
202203,Birmingham,Colecalciferol,800,4060.0
202203,Birmingham,Colecalciferol,880,156.0
202203,Birmingham,Colecalciferol,unknown,2019.0
202203,Brighton,Colecalciferol,1000,1.0
202203,Brighton,Colecalciferol,200,12.0
202203,Brighton,Colecalciferol,2000,1.0
202203,Brighton,Colecalciferol,20000,18.0
202203,Brighton,Colecalciferol,2500,1.0
202203,Brighton,Colecalciferol,3000,2.0
202203,Brighton,Colecalciferol,3200,1.0
202203,Brighton,Colecalciferol,400,149.0
202203,Brighton,Colecalciferol,4000,8.0
202203,Brighton,Colecalciferol,800,58.0
202203,Brighton,Colecalciferol,unknown,56.0
202203,Bristol,Colecalciferol,1000,286.0
202203,Bristol,Colecalciferol,10000,5.0
202203,Bristol,Colecalciferol,15000,1.0
202203,Bristol,Colecalciferol,200,511.0
202203,Bristol,Colecalciferol,2000,4.0
202203,Bristol,Colecalciferol,20000,47.0
202203,Bristol,Colecalciferol,2200,2.0
202203,Bristol,Colecalciferol,2400,2.0
202203,Bristol,Colecalciferol,25000,102.0
202203,Bristol,Colecalciferol,2740,2.0
202203,Bristol,Colecalciferol,3000,6.0
202203,Bristol,Colecalciferol,3200,16.0
202203,Bristol,Colecalciferol,400,1176.0
202203,Bristol,Colecalciferol,4000,3.0
202203,Bristol,Colecalciferol,40000,3.0
202203,Bristol,Colecalciferol,440,2.0
202203,Bristol,Colecalciferol,50000,12.0
202203,Bristol,Colecalciferol,600,1.0
202203,Bristol,Colecalciferol,800,1555.0
202203,Bristol,Colecalciferol,880,194.0
202203,Bristol,Colecalciferol,unknown,1058.0
202203,Canterbury,Colecalciferol,1000,221.0
202203,Canterbury,Colecalciferol,10000,4.0
202203,Canterbury,Colecalciferol,200,355.0
202203,Canterbury,Colecalciferol,2000,5.0
202203,Canterbury,Colecalciferol,20000,22.0
202203,Canterbury,Colecalciferol,2500,3.0
202203,Canterbury,Colecalciferol,25000,3.0
202203,Canterbury,Colecalciferol,3000,1.0
202203,Canterbury,Colecalciferol,3200,4.0
202203,Canterbury,Colecalciferol,400,639.0
202203,Canterbury,Colecalciferol,4000,2.0
202203,Canterbury,Colecalciferol,40000,1.0
202203,Canterbury,Colecalciferol,440,5.0
202203,Canterbury,Colecalciferol,50000,4.0
202203,Canterbury,Colecalciferol,800,300.0
202203,Canterbury,Colecalciferol,880,26.0
202203,Canterbury,Colecalciferol,unknown,632.0
202203,Exeter,Colecalciferol,1000,47.0
202203,Exeter,Colecalciferol,200,19.0
202203,Exeter,Colecalciferol,25000,3.0
202203,Exeter,Colecalciferol,400,7.0
202203,Exeter,Colecalciferol,800,14.0
202203,Exeter,Colecalciferol,880,159.0
202203,Exeter,Colecalciferol,unknown,80.0
202203,Leeds,Colecalciferol,1000,695.0
202203,Leeds,Colecalciferol,10000,3.0
202203,Leeds,Colecalciferol,200,179.0
202203,Leeds,Colecalciferol,2000,9.0
202203,Leeds,Colecalciferol,20000,107.0
202203,Leeds,Colecalciferol,2400,2.0
202203,Leeds,Colecalciferol,25000,25.0
202203,Leeds,Colecalciferol,30000,1.0
202203,Leeds,Colecalciferol,3200,2.0
202203,Leeds,Colecalciferol,400,818.0
202203,Leeds,Colecalciferol,4000,4.0
202203,Leeds,Colecalciferol,40000,8.0
202203,Leeds,Colecalciferol,440,4.0
202203,Leeds,Colecalciferol,50000,15.0
202203,Leeds,Colecalciferol,800,561.0
202203,Leeds,Colecalciferol,880,15.0
202203,Leeds,Colecalciferol,unknown,601.0
202203,London,Colecalciferol,1000,30650.0
202203,London,Colecalciferol,10000,919.0
202203,London,Colecalciferol,15000,22.0
202203,London,Colecalciferol,200,17209.0
202203,London,Colecalciferol,2000,1240.0
202203,London,Colecalciferol,20000,15219.0
202203,London,Colecalciferol,2200,56.0
202203,London,Colecalciferol,2400,119.0
202203,London,Colecalciferol,2500,92.0
202203,London,Colecalciferol,25000,3451.0
202203,London,Colecalciferol,2740,126.0
202203,London,Colecalciferol,3000,432.0
202203,London,Colecalciferol,30000,5.0
202203,London,Colecalciferol,300000,6.0
202203,London,Colecalciferol,3200,326.0
202203,London,Colecalciferol,400,45604.0
202203,London,Colecalciferol,4000,230.0
202203,London,Colecalciferol,40000,646.0
202203,London,Colecalciferol,440,225.0
202203,London,Colecalciferol,5000,454.0
202203,London,Colecalciferol,50000,126.0
202203,London,Colecalciferol,5600,20.0
202203,London,Colecalciferol,600,39.0
202203,London,Colecalciferol,800,25390.0
202203,London,Colecalciferol,880,2074.0
202203,London,Colecalciferol,unknown,41705.0
202203,Manchester,Colecalciferol,1000,496.0
202203,Manchester,Colecalciferol,10000,76.0
202203,Manchester,Colecalciferol,15000,1.0
202203,Manchester,Colecalciferol,200,3510.0
202203,Manchester,Colecalciferol,2000,44.0
202203,Manchester,Colecalciferol,20000,1937.0
202203,Manchester,Colecalciferol,2200,1.0
202203,Manchester,Colecalciferol,2400,6.0
202203,Manchester,Colecalciferol,2500,1.0
202203,Manchester,Colecalciferol,25000,85.0
202203,Manchester,Colecalciferol,2740,17.0
202203,Manchester,Colecalciferol,3000,17.0
202203,Manchester,Colecalciferol,3200,49.0
202203,Manchester,Colecalciferol,400,2572.0
202203,Manchester,Colecalciferol,4000,23.0
202203,Manchester,Colecalciferol,40000,14.0
202203,Manchester,Colecalciferol,440,18.0
202203,Manchester,Colecalciferol,5000,11.0
202203,Manchester,Colecalciferol,50000,50.0
202203,Manchester,Colecalciferol,5600,9.0
202203,Manchester,Colecalciferol,600,10.0
202203,Manchester,Colecalciferol,800,2039.0
202203,Manchester,Colecalciferol,880,477.0
202203,Manchester,Colecalciferol,unknown,5917.0
202203,Middlesbrough,Colecalciferol,1000,76.0
202203,Middlesbrough,Colecalciferol,10000,2.0
202203,Middlesbrough,Colecalciferol,200,69.0
202203,Middlesbrough,Colecalciferol,20000,33.0
202203,Middlesbrough,Colecalciferol,3000,1.0
202203,Middlesbrough,Colecalciferol,3200,1.0
202203,Middlesbrough,Colecalciferol,400,174.0
202203,Middlesbrough,Colecalciferol,4000,3.0
202203,Middlesbrough,Colecalciferol,5000,3.0
202203,Middlesbrough,Colecalciferol,50000,1.0
202203,Middlesbrough,Colecalciferol,800,276.0
202203,Middlesbrough,Colecalciferol,880,72.0
202203,Middlesbrough,Colecalciferol,unknown,111.0
202203,Newcastle upon Tyne,Colecalciferol,1000,29.0
202203,Newcastle upon Tyne,Colecalciferol,10000,4.0
202203,Newcastle upon Tyne,Colecalciferol,15000,1.0
202203,Newcastle upon Tyne,Colecalciferol,200,232.0
202203,Newcastle upon Tyne,Colecalciferol,2000,5.0
202203,Newcastle upon Tyne,Colecalciferol,20000,239.0
202203,Newcastle upon Tyne,Colecalciferol,2500,1.0
202203,Newcastle upon Tyne,Colecalciferol,25000,10.0
202203,Newcastle upon Tyne,Colecalciferol,2740,32.0
202203,Newcastle upon Tyne,Colecalciferol,3200,1.0
202203,Newcastle upon Tyne,Colecalciferol,400,1872.0
202203,Newcastle upon Tyne,Colecalciferol,440,3.0
202203,Newcastle upon Tyne,Colecalciferol,50000,1.0
202203,Newcastle upon Tyne,Colecalciferol,5600,6.0
202203,Newcastle upon Tyne,Colecalciferol,800,5515.0
202203,Newcastle upon Tyne,Colecalciferol,880,16.0
202203,Newcastle upon Tyne,Colecalciferol,unknown,1002.0
202203,Nottingham,Colecalciferol,1000,2652.0
202203,Nottingham,Colecalciferol,10000,14.0
202203,Nottingham,Colecalciferol,200,562.0
202203,Nottingham,Colecalciferol,2000,13.0
202203,Nottingham,Colecalciferol,20000,154.0
202203,Nottingham,Colecalciferol,2200,2.0
202203,Nottingham,Colecalciferol,2400,4.0
202203,Nottingham,Colecalciferol,25000,219.0
202203,Nottingham,Colecalciferol,2740,50.0
202203,Nottingham,Colecalciferol,3000,2.0
202203,Nottingham,Colecalciferol,3200,6.0
202203,Nottingham,Colecalciferol,400,639.0
202203,Nottingham,Colecalciferol,4000,3.0
202203,Nottingham,Colecalciferol,40000,3.0
202203,Nottingham,Colecalciferol,440,3.0
202203,Nottingham,Colecalciferol,5000,1.0
202203,Nottingham,Colecalciferol,50000,223.0
202203,Nottingham,Colecalciferol,5600,3.0
202203,Nottingham,Colecalciferol,800,2218.0
202203,Nottingham,Colecalciferol,880,7.0
202203,Nottingham,Colecalciferol,unknown,1089.0
202203,Peterborough,Colecalciferol,1000,1.0
202203,Peterborough,Colecalciferol,10000,4.0
202203,Peterborough,Colecalciferol,200,11.0
202203,Peterborough,Colecalciferol,3200,11.0
202203,Peterborough,Colecalciferol,400,54.0
202203,Peterborough,Colecalciferol,800,10.0
202203,Peterborough,Colecalciferol,880,25.0
202203,Peterborough,Colecalciferol,unknown,26.0
202203,Plymouth,Colecalciferol,1000,66.0
202203,Plymouth,Colecalciferol,200,41.0
202203,Plymouth,Colecalciferol,2000,6.0
202203,Plymouth,Colecalciferol,25000,4.0
202203,Plymouth,Colecalciferol,400,71.0
202203,Plymouth,Colecalciferol,5000,1.0
202203,Plymouth,Colecalciferol,800,20.0
202203,Plymouth,Colecalciferol,880,28.0
202203,Plymouth,Colecalciferol,unknown,80.0
202203,Sunderland,Colecalciferol,1000,37.0
202203,Sunderland,Colecalciferol,10000,1.0
202203,Sunderland,Colecalciferol,200,99.0
202203,Sunderland,Colecalciferol,20000,38.0
202203,Sunderland,Colecalciferol,400,106.0
202203,Sunderland,Colecalciferol,800,267.0
202203,Sunderland,Colecalciferol,880,12.0
202203,Sunderland,Colecalciferol,unknown,537.0
202203,York,Colecalciferol,1000,243.0
202203,York,Colecalciferol,10000,13.0
202203,York,Colecalciferol,200,426.0
202203,York,Colecalciferol,2000,5.0
202203,York,Colecalciferol,20000,7.0
202203,York,Colecalciferol,2400,1.0
202203,York,Colecalciferol,25000,48.0
202203,York,Colecalciferol,3000,4.0
202203,York,Colecalciferol,3200,3.0
202203,York,Colecalciferol,400,426.0
202203,York,Colecalciferol,4000,1.0
202203,York,Colecalciferol,440,3.0
202203,York,Colecalciferol,50000,29.0
202203,York,Colecalciferol,5600,2.0
202203,York,Colecalciferol,800,618.0
202203,York,Colecalciferol,880,48.0
202203,York,Colecalciferol,unknown,858.0
202204,Birmingham,Colecalciferol,1000,758.0
202204,Birmingham,Colecalciferol,10000,80.0
202204,Birmingham,Colecalciferol,200,2224.0
202204,Birmingham,Colecalciferol,2000,43.0
202204,Birmingham,Colecalciferol,20000,487.0
202204,Birmingham,Colecalciferol,2200,3.0
202204,Birmingham,Colecalciferol,2400,27.0
202204,Birmingham,Colecalciferol,2500,5.0
202204,Birmingham,Colecalciferol,25000,366.0
202204,Birmingham,Colecalciferol,2740,6.0
202204,Birmingham,Colecalciferol,3000,18.0
202204,Birmingham,Colecalciferol,30000,1.0
202204,Birmingham,Colecalciferol,3200,119.0
202204,Birmingham,Colecalciferol,400,1172.0
202204,Birmingham,Colecalciferol,4000,17.0
202204,Birmingham,Colecalciferol,40000,2.0
202204,Birmingham,Colecalciferol,440,9.0
202204,Birmingham,Colecalciferol,5000,3.0
202204,Birmingham,Colecalciferol,50000,510.0
202204,Birmingham,Colecalciferol,5600,6.0
202204,Birmingham,Colecalciferol,600,5.0
202204,Birmingham,Colecalciferol,800,3586.0
202204,Birmingham,Colecalciferol,880,147.0
202204,Birmingham,Colecalciferol,unknown,1887.0
202204,Brighton,Colecalciferol,1000,1.0
202204,Brighton,Colecalciferol,200,15.0
202204,Brighton,Colecalciferol,20000,27.0
202204,Brighton,Colecalciferol,2500,1.0
202204,Brighton,Colecalciferol,3000,2.0
202204,Brighton,Colecalciferol,3200,2.0
202204,Brighton,Colecalciferol,400,133.0
202204,Brighton,Colecalciferol,4000,4.0
202204,Brighton,Colecalciferol,800,62.0
202204,Brighton,Colecalciferol,unknown,58.0
202204,Bristol,Colecalciferol,1000,269.0
202204,Bristol,Colecalciferol,10000,10.0
202204,Bristol,Colecalciferol,200,500.0
202204,Bristol,Colecalciferol,2000,3.0
202204,Bristol,Colecalciferol,20000,34.0
202204,Bristol,Colecalciferol,2200,1.0
202204,Bristol,Colecalciferol,2400,2.0
202204,Bristol,Colecalciferol,25000,99.0
202204,Bristol,Colecalciferol,2740,1.0
202204,Bristol,Colecalciferol,3000,5.0
202204,Bristol,Colecalciferol,3200,5.0
202204,Bristol,Colecalciferol,400,1066.0
202204,Bristol,Colecalciferol,4000,5.0
202204,Bristol,Colecalciferol,40000,1.0
202204,Bristol,Colecalciferol,440,4.0
202204,Bristol,Colecalciferol,50000,5.0
202204,Bristol,Colecalciferol,5600,1.0
202204,Bristol,Colecalciferol,600,1.0
202204,Bristol,Colecalciferol,800,1462.0
202204,Bristol,Colecalciferol,880,136.0
202204,Bristol,Colecalciferol,unknown,1006.0
202204,Canterbury,Colecalciferol,1000,187.0
202204,Canterbury,Colecalciferol,10000,3.0
202204,Canterbury,Colecalciferol,200,326.0
202204,Canterbury,Colecalciferol,2000,3.0
202204,Canterbury,Colecalciferol,20000,10.0
202204,Canterbury,Colecalciferol,2200,1.0
202204,Canterbury,Colecalciferol,2500,2.0
202204,Canterbury,Colecalciferol,25000,1.0
202204,Canterbury,Colecalciferol,2740,1.0
202204,Canterbury,Colecalciferol,3200,2.0
202204,Canterbury,Colecalciferol,400,607.0
202204,Canterbury,Colecalciferol,4000,1.0
202204,Canterbury,Colecalciferol,440,5.0
202204,Canterbury,Colecalciferol,5000,3.0
202204,Canterbury,Colecalciferol,50000,3.0
202204,Canterbury,Colecalciferol,800,274.0
202204,Canterbury,Colecalciferol,880,25.0
202204,Canterbury,Colecalciferol,unknown,587.0
202204,Exeter,Colecalciferol,1000,40.0
202204,Exeter,Colecalciferol,200,14.0
202204,Exeter,Colecalciferol,2400,1.0
202204,Exeter,Colecalciferol,400,11.0
202204,Exeter,Colecalciferol,800,18.0
202204,Exeter,Colecalciferol,880,149.0
202204,Exeter,Colecalciferol,unknown,91.0
202204,Leeds,Colecalciferol,1000,657.0
202204,Leeds,Colecalciferol,10000,7.0
202204,Leeds,Colecalciferol,200,183.0
202204,Leeds,Colecalciferol,2000,11.0
202204,Leeds,Colecalciferol,20000,107.0
202204,Leeds,Colecalciferol,2400,1.0
202204,Leeds,Colecalciferol,2500,4.0
202204,Leeds,Colecalciferol,25000,15.0
202204,Leeds,Colecalciferol,3000,3.0
202204,Leeds,Colecalciferol,30000,2.0
202204,Leeds,Colecalciferol,3200,3.0
202204,Leeds,Colecalciferol,400,741.0
202204,Leeds,Colecalciferol,4000,3.0
202204,Leeds,Colecalciferol,40000,7.0
202204,Leeds,Colecalciferol,440,1.0
202204,Leeds,Colecalciferol,50000,9.0
202204,Leeds,Colecalciferol,800,538.0
202204,Leeds,Colecalciferol,880,13.0
202204,Leeds,Colecalciferol,unknown,566.0
202204,London,Colecalciferol,1000,29336.0
202204,London,Colecalciferol,10000,852.0
202204,London,Colecalciferol,15000,19.0
202204,London,Colecalciferol,200,16745.0
202204,London,Colecalciferol,2000,1099.0
202204,London,Colecalciferol,20000,13422.0
202204,London,Colecalciferol,2200,41.0
202204,London,Colecalciferol,2400,120.0
202204,London,Colecalciferol,2500,104.0
202204,London,Colecalciferol,25000,3219.0
202204,London,Colecalciferol,2740,96.0
202204,London,Colecalciferol,3000,352.0
202204,London,Colecalciferol,30000,3.0
202204,London,Colecalciferol,300000,6.0
202204,London,Colecalciferol,3200,305.0
202204,London,Colecalciferol,400,42847.0
202204,London,Colecalciferol,4000,204.0
202204,London,Colecalciferol,40000,509.0
202204,London,Colecalciferol,440,243.0
202204,London,Colecalciferol,5000,417.0
202204,London,Colecalciferol,50000,72.0
202204,London,Colecalciferol,5600,15.0
202204,London,Colecalciferol,600,33.0
202204,London,Colecalciferol,800,24086.0
202204,London,Colecalciferol,880,1947.0
202204,London,Colecalciferol,unknown,39771.0
202204,Manchester,Colecalciferol,1000,448.0
202204,Manchester,Colecalciferol,10000,56.0
202204,Manchester,Colecalciferol,200,3050.0
202204,Manchester,Colecalciferol,2000,38.0
202204,Manchester,Colecalciferol,20000,1549.0
202204,Manchester,Colecalciferol,2200,1.0
202204,Manchester,Colecalciferol,2400,4.0
202204,Manchester,Colecalciferol,25000,61.0
202204,Manchester,Colecalciferol,2740,13.0
202204,Manchester,Colecalciferol,3000,12.0
202204,Manchester,Colecalciferol,3200,58.0
202204,Manchester,Colecalciferol,400,2390.0
202204,Manchester,Colecalciferol,4000,15.0
202204,Manchester,Colecalciferol,40000,12.0
202204,Manchester,Colecalciferol,440,16.0
202204,Manchester,Colecalciferol,5000,12.0
202204,Manchester,Colecalciferol,50000,38.0
202204,Manchester,Colecalciferol,5600,7.0
202204,Manchester,Colecalciferol,600,5.0
202204,Manchester,Colecalciferol,800,1879.0
202204,Manchester,Colecalciferol,880,454.0
202204,Manchester,Colecalciferol,unknown,5517.0
202204,Middlesbrough,Colecalciferol,1000,59.0
202204,Middlesbrough,Colecalciferol,10000,2.0
202204,Middlesbrough,Colecalciferol,200,61.0
202204,Middlesbrough,Colecalciferol,2000,5.0
202204,Middlesbrough,Colecalciferol,20000,24.0
202204,Middlesbrough,Colecalciferol,2400,1.0
202204,Middlesbrough,Colecalciferol,3000,1.0
202204,Middlesbrough,Colecalciferol,3200,1.0
202204,Middlesbrough,Colecalciferol,400,139.0
202204,Middlesbrough,Colecalciferol,4000,1.0
202204,Middlesbrough,Colecalciferol,5000,2.0
202204,Middlesbrough,Colecalciferol,50000,1.0
202204,Middlesbrough,Colecalciferol,800,259.0
202204,Middlesbrough,Colecalciferol,880,55.0
202204,Middlesbrough,Colecalciferol,unknown,102.0
202204,Newcastle upon Tyne,Colecalciferol,1000,21.0
202204,Newcastle upon Tyne,Colecalciferol,10000,7.0
202204,Newcastle upon Tyne,Colecalciferol,15000,1.0
202204,Newcastle upon Tyne,Colecalciferol,200,249.0
202204,Newcastle upon Tyne,Colecalciferol,2000,3.0
202204,Newcastle upon Tyne,Colecalciferol,20000,178.0
202204,Newcastle upon Tyne,Colecalciferol,2500,1.0
202204,Newcastle upon Tyne,Colecalciferol,25000,3.0
202204,Newcastle upon Tyne,Colecalciferol,2740,20.0
202204,Newcastle upon Tyne,Colecalciferol,3000,2.0
202204,Newcastle upon Tyne,Colecalciferol,400,1799.0
202204,Newcastle upon Tyne,Colecalciferol,40000,1.0
202204,Newcastle upon Tyne,Colecalciferol,440,4.0
202204,Newcastle upon Tyne,Colecalciferol,50000,3.0
202204,Newcastle upon Tyne,Colecalciferol,5600,16.0
202204,Newcastle upon Tyne,Colecalciferol,800,5252.0
202204,Newcastle upon Tyne,Colecalciferol,880,18.0
202204,Newcastle upon Tyne,Colecalciferol,unknown,989.0
202204,Nottingham,Colecalciferol,1000,2396.0
202204,Nottingham,Colecalciferol,10000,10.0
202204,Nottingham,Colecalciferol,200,506.0
202204,Nottingham,Colecalciferol,2000,10.0
202204,Nottingham,Colecalciferol,20000,122.0
202204,Nottingham,Colecalciferol,2200,3.0
202204,Nottingham,Colecalciferol,2400,3.0
202204,Nottingham,Colecalciferol,2500,1.0
202204,Nottingham,Colecalciferol,25000,128.0
202204,Nottingham,Colecalciferol,2740,49.0
202204,Nottingham,Colecalciferol,3000,5.0
202204,Nottingham,Colecalciferol,3200,11.0
202204,Nottingham,Colecalciferol,400,601.0
202204,Nottingham,Colecalciferol,4000,2.0
202204,Nottingham,Colecalciferol,40000,1.0
202204,Nottingham,Colecalciferol,440,3.0
202204,Nottingham,Colecalciferol,5000,7.0
202204,Nottingham,Colecalciferol,50000,194.0
202204,Nottingham,Colecalciferol,5600,8.0
202204,Nottingham,Colecalciferol,800,2104.0
202204,Nottingham,Colecalciferol,880,2.0
202204,Nottingham,Colecalciferol,unknown,998.0
202204,Peterborough,Colecalciferol,1000,1.0
202204,Peterborough,Colecalciferol,200,11.0
202204,Peterborough,Colecalciferol,20000,4.0
202204,Peterborough,Colecalciferol,3200,13.0
202204,Peterborough,Colecalciferol,400,43.0
202204,Peterborough,Colecalciferol,50000,2.0
202204,Peterborough,Colecalciferol,800,14.0
202204,Peterborough,Colecalciferol,880,19.0
202204,Peterborough,Colecalciferol,unknown,28.0
202204,Plymouth,Colecalciferol,1000,55.0
202204,Plymouth,Colecalciferol,200,34.0
202204,Plymouth,Colecalciferol,2000,4.0
202204,Plymouth,Colecalciferol,25000,4.0
202204,Plymouth,Colecalciferol,400,55.0
202204,Plymouth,Colecalciferol,4000,2.0
202204,Plymouth,Colecalciferol,40000,1.0
202204,Plymouth,Colecalciferol,440,1.0
202204,Plymouth,Colecalciferol,800,16.0
202204,Plymouth,Colecalciferol,880,31.0
202204,Plymouth,Colecalciferol,unknown,70.0
202204,Sunderland,Colecalciferol,1000,41.0
202204,Sunderland,Colecalciferol,10000,4.0
202204,Sunderland,Colecalciferol,200,79.0
202204,Sunderland,Colecalciferol,20000,24.0
202204,Sunderland,Colecalciferol,400,97.0
202204,Sunderland,Colecalciferol,50000,2.0
202204,Sunderland,Colecalciferol,800,247.0
202204,Sunderland,Colecalciferol,880,14.0
202204,Sunderland,Colecalciferol,unknown,538.0
202204,York,Colecalciferol,1000,225.0
202204,York,Colecalciferol,10000,8.0
202204,York,Colecalciferol,200,410.0
202204,York,Colecalciferol,2000,5.0
202204,York,Colecalciferol,20000,6.0
202204,York,Colecalciferol,2200,1.0
202204,York,Colecalciferol,2400,1.0
202204,York,Colecalciferol,25000,30.0
202204,York,Colecalciferol,3000,4.0
202204,York,Colecalciferol,3200,2.0
202204,York,Colecalciferol,400,382.0
202204,York,Colecalciferol,4000,4.0
202204,York,Colecalciferol,440,2.0
202204,York,Colecalciferol,50000,21.0
202204,York,Colecalciferol,5600,2.0
202204,York,Colecalciferol,800,659.0
202204,York,Colecalciferol,880,38.0
202204,York,Colecalciferol,unknown,806.0
202205,Birmingham,Colecalciferol,1000,877.0
202205,Birmingham,Colecalciferol,10000,71.0
202205,Birmingham,Colecalciferol,200,2384.0
202205,Birmingham,Colecalciferol,2000,55.0
202205,Birmingham,Colecalciferol,20000,529.0
202205,Birmingham,Colecalciferol,2200,3.0
202205,Birmingham,Colecalciferol,2400,27.0
202205,Birmingham,Colecalciferol,2500,3.0
202205,Birmingham,Colecalciferol,25000,368.0
202205,Birmingham,Colecalciferol,2740,10.0
202205,Birmingham,Colecalciferol,3000,20.0
202205,Birmingham,Colecalciferol,3200,130.0
202205,Birmingham,Colecalciferol,400,1319.0
202205,Birmingham,Colecalciferol,4000,21.0
202205,Birmingham,Colecalciferol,40000,2.0
202205,Birmingham,Colecalciferol,440,11.0
202205,Birmingham,Colecalciferol,5000,4.0
202205,Birmingham,Colecalciferol,50000,631.0
202205,Birmingham,Colecalciferol,5600,4.0
202205,Birmingham,Colecalciferol,600,1.0
202205,Birmingham,Colecalciferol,800,4024.0
202205,Birmingham,Colecalciferol,880,177.0
202205,Birmingham,Colecalciferol,unknown,2022.0
202205,Brighton,Colecalciferol,10000,1.0
202205,Brighton,Colecalciferol,200,16.0
202205,Brighton,Colecalciferol,2000,1.0
202205,Brighton,Colecalciferol,20000,16.0
202205,Brighton,Colecalciferol,2740,1.0
202205,Brighton,Colecalciferol,3000,1.0
202205,Brighton,Colecalciferol,3200,1.0
202205,Brighton,Colecalciferol,400,145.0
202205,Brighton,Colecalciferol,4000,3.0
202205,Brighton,Colecalciferol,800,62.0
202205,Brighton,Colecalciferol,unknown,57.0
202205,Bristol,Colecalciferol,1000,283.0
202205,Bristol,Colecalciferol,10000,5.0
202205,Bristol,Colecalciferol,200,702.0
202205,Bristol,Colecalciferol,2000,3.0
202205,Bristol,Colecalciferol,20000,37.0
202205,Bristol,Colecalciferol,2200,1.0
202205,Bristol,Colecalciferol,2400,1.0
202205,Bristol,Colecalciferol,25000,128.0
202205,Bristol,Colecalciferol,2740,1.0
202205,Bristol,Colecalciferol,3000,7.0
202205,Bristol,Colecalciferol,3200,16.0
202205,Bristol,Colecalciferol,400,1571.0
202205,Bristol,Colecalciferol,4000,4.0
202205,Bristol,Colecalciferol,40000,2.0
202205,Bristol,Colecalciferol,440,7.0
202205,Bristol,Colecalciferol,5000,1.0
202205,Bristol,Colecalciferol,50000,9.0
202205,Bristol,Colecalciferol,5600,1.0
202205,Bristol,Colecalciferol,800,1813.0
202205,Bristol,Colecalciferol,880,158.0
202205,Bristol,Colecalciferol,unknown,1199.0
202205,Canterbury,Colecalciferol,1000,229.0
202205,Canterbury,Colecalciferol,10000,7.0
202205,Canterbury,Colecalciferol,200,365.0
202205,Canterbury,Colecalciferol,2000,5.0
202205,Canterbury,Colecalciferol,20000,19.0
202205,Canterbury,Colecalciferol,2400,2.0
202205,Canterbury,Colecalciferol,2500,3.0
202205,Canterbury,Colecalciferol,25000,2.0
202205,Canterbury,Colecalciferol,2740,1.0
202205,Canterbury,Colecalciferol,3200,4.0
202205,Canterbury,Colecalciferol,400,675.0
202205,Canterbury,Colecalciferol,4000,2.0
202205,Canterbury,Colecalciferol,40000,2.0
202205,Canterbury,Colecalciferol,440,7.0
202205,Canterbury,Colecalciferol,5000,2.0
202205,Canterbury,Colecalciferol,800,290.0
202205,Canterbury,Colecalciferol,880,27.0
202205,Canterbury,Colecalciferol,unknown,673.0
202205,Exeter,Colecalciferol,1000,48.0
202205,Exeter,Colecalciferol,200,12.0
202205,Exeter,Colecalciferol,25000,3.0
202205,Exeter,Colecalciferol,400,12.0
202205,Exeter,Colecalciferol,800,12.0
202205,Exeter,Colecalciferol,880,170.0
202205,Exeter,Colecalciferol,unknown,79.0
202205,Leeds,Colecalciferol,1000,670.0
202205,Leeds,Colecalciferol,10000,8.0
202205,Leeds,Colecalciferol,200,158.0
202205,Leeds,Colecalciferol,2000,14.0
202205,Leeds,Colecalciferol,20000,87.0
202205,Leeds,Colecalciferol,2500,1.0
202205,Leeds,Colecalciferol,25000,20.0
202205,Leeds,Colecalciferol,3000,1.0
202205,Leeds,Colecalciferol,400,792.0
202205,Leeds,Colecalciferol,4000,2.0
202205,Leeds,Colecalciferol,40000,5.0
202205,Leeds,Colecalciferol,440,4.0
202205,Leeds,Colecalciferol,50000,7.0
202205,Leeds,Colecalciferol,800,500.0
202205,Leeds,Colecalciferol,880,14.0
202205,Leeds,Colecalciferol,unknown,577.0
202205,London,Colecalciferol,1000,29497.0
202205,London,Colecalciferol,10000,848.0
202205,London,Colecalciferol,15000,22.0
202205,London,Colecalciferol,200,17012.0
202205,London,Colecalciferol,2000,1106.0
202205,London,Colecalciferol,20000,13047.0
202205,London,Colecalciferol,2200,81.0
202205,London,Colecalciferol,2400,107.0
202205,London,Colecalciferol,2500,103.0
202205,London,Colecalciferol,25000,3234.0
202205,London,Colecalciferol,2740,99.0
202205,London,Colecalciferol,3000,311.0
202205,London,Colecalciferol,300000,9.0
202205,London,Colecalciferol,3200,302.0
202205,London,Colecalciferol,400,44368.0
202205,London,Colecalciferol,4000,235.0
202205,London,Colecalciferol,40000,456.0
202205,London,Colecalciferol,440,245.0
202205,London,Colecalciferol,5000,438.0
202205,London,Colecalciferol,50000,70.0
202205,London,Colecalciferol,5600,11.0
202205,London,Colecalciferol,600,38.0
202205,London,Colecalciferol,800,24890.0
202205,London,Colecalciferol,880,2031.0
202205,London,Colecalciferol,unknown,40745.0
202205,Manchester,Colecalciferol,1000,474.0
202205,Manchester,Colecalciferol,10000,48.0
202205,Manchester,Colecalciferol,15000,1.0
202205,Manchester,Colecalciferol,200,3120.0
202205,Manchester,Colecalciferol,2000,30.0
202205,Manchester,Colecalciferol,20000,1556.0
202205,Manchester,Colecalciferol,2200,1.0
202205,Manchester,Colecalciferol,2400,9.0
202205,Manchester,Colecalciferol,25000,57.0
202205,Manchester,Colecalciferol,2740,16.0
202205,Manchester,Colecalciferol,3000,8.0
202205,Manchester,Colecalciferol,3200,69.0
202205,Manchester,Colecalciferol,400,2321.0
202205,Manchester,Colecalciferol,4000,12.0
202205,Manchester,Colecalciferol,40000,14.0
202205,Manchester,Colecalciferol,440,23.0
202205,Manchester,Colecalciferol,5000,12.0
202205,Manchester,Colecalciferol,50000,30.0
202205,Manchester,Colecalciferol,5600,7.0
202205,Manchester,Colecalciferol,600,4.0
202205,Manchester,Colecalciferol,800,1946.0
202205,Manchester,Colecalciferol,880,516.0
202205,Manchester,Colecalciferol,unknown,5611.0
202205,Middlesbrough,Colecalciferol,1000,87.0
202205,Middlesbrough,Colecalciferol,10000,5.0
202205,Middlesbrough,Colecalciferol,15000,1.0
202205,Middlesbrough,Colecalciferol,200,70.0
202205,Middlesbrough,Colecalciferol,2000,1.0
202205,Middlesbrough,Colecalciferol,20000,15.0
202205,Middlesbrough,Colecalciferol,25000,1.0
202205,Middlesbrough,Colecalciferol,3000,1.0
202205,Middlesbrough,Colecalciferol,3200,1.0
202205,Middlesbrough,Colecalciferol,400,153.0
202205,Middlesbrough,Colecalciferol,4000,5.0
202205,Middlesbrough,Colecalciferol,5000,2.0
202205,Middlesbrough,Colecalciferol,50000,2.0
202205,Middlesbrough,Colecalciferol,800,267.0
202205,Middlesbrough,Colecalciferol,880,56.0
202205,Middlesbrough,Colecalciferol,unknown,103.0
202205,Newcastle upon Tyne,Colecalciferol,1000,26.0
202205,Newcastle upon Tyne,Colecalciferol,10000,4.0
202205,Newcastle upon Tyne,Colecalciferol,15000,1.0
202205,Newcastle upon Tyne,Colecalciferol,200,244.0
202205,Newcastle upon Tyne,Colecalciferol,2000,4.0
202205,Newcastle upon Tyne,Colecalciferol,20000,201.0
202205,Newcastle upon Tyne,Colecalciferol,2400,1.0
202205,Newcastle upon Tyne,Colecalciferol,2500,1.0
202205,Newcastle upon Tyne,Colecalciferol,25000,6.0
202205,Newcastle upon Tyne,Colecalciferol,2740,32.0
202205,Newcastle upon Tyne,Colecalciferol,3000,1.0
202205,Newcastle upon Tyne,Colecalciferol,400,1804.0
202205,Newcastle upon Tyne,Colecalciferol,40000,1.0
202205,Newcastle upon Tyne,Colecalciferol,440,3.0
202205,Newcastle upon Tyne,Colecalciferol,50000,1.0
202205,Newcastle upon Tyne,Colecalciferol,5600,2.0
202205,Newcastle upon Tyne,Colecalciferol,600,1.0
202205,Newcastle upon Tyne,Colecalciferol,800,5068.0
202205,Newcastle upon Tyne,Colecalciferol,880,15.0
202205,Newcastle upon Tyne,Colecalciferol,unknown,924.0
202205,Nottingham,Colecalciferol,1000,2570.0
202205,Nottingham,Colecalciferol,10000,12.0
202205,Nottingham,Colecalciferol,200,532.0
202205,Nottingham,Colecalciferol,2000,16.0
202205,Nottingham,Colecalciferol,20000,144.0
202205,Nottingham,Colecalciferol,2200,3.0
202205,Nottingham,Colecalciferol,2400,1.0
202205,Nottingham,Colecalciferol,25000,97.0
202205,Nottingham,Colecalciferol,2740,44.0
202205,Nottingham,Colecalciferol,3000,3.0
202205,Nottingham,Colecalciferol,3200,8.0
202205,Nottingham,Colecalciferol,400,626.0
202205,Nottingham,Colecalciferol,4000,4.0
202205,Nottingham,Colecalciferol,440,1.0
202205,Nottingham,Colecalciferol,5000,2.0
202205,Nottingham,Colecalciferol,50000,170.0
202205,Nottingham,Colecalciferol,5600,3.0
202205,Nottingham,Colecalciferol,800,2244.0
202205,Nottingham,Colecalciferol,880,6.0
202205,Nottingham,Colecalciferol,unknown,1077.0
202205,Peterborough,Colecalciferol,1000,2.0
202205,Peterborough,Colecalciferol,10000,1.0
202205,Peterborough,Colecalciferol,200,13.0
202205,Peterborough,Colecalciferol,20000,2.0
202205,Peterborough,Colecalciferol,3200,10.0
202205,Peterborough,Colecalciferol,400,48.0
202205,Peterborough,Colecalciferol,50000,3.0
202205,Peterborough,Colecalciferol,800,8.0
202205,Peterborough,Colecalciferol,880,31.0
202205,Peterborough,Colecalciferol,unknown,22.0
202205,Plymouth,Colecalciferol,1000,84.0
202205,Plymouth,Colecalciferol,200,32.0
202205,Plymouth,Colecalciferol,2000,1.0
202205,Plymouth,Colecalciferol,20000,1.0
202205,Plymouth,Colecalciferol,25000,6.0
202205,Plymouth,Colecalciferol,400,70.0
202205,Plymouth,Colecalciferol,5000,1.0
202205,Plymouth,Colecalciferol,50000,1.0
202205,Plymouth,Colecalciferol,800,21.0
202205,Plymouth,Colecalciferol,880,28.0
202205,Plymouth,Colecalciferol,unknown,79.0
202205,Sunderland,Colecalciferol,1000,48.0
202205,Sunderland,Colecalciferol,10000,2.0
202205,Sunderland,Colecalciferol,15000,1.0
202205,Sunderland,Colecalciferol,200,87.0
202205,Sunderland,Colecalciferol,20000,35.0
202205,Sunderland,Colecalciferol,2740,1.0
202205,Sunderland,Colecalciferol,400,114.0
202205,Sunderland,Colecalciferol,800,290.0
202205,Sunderland,Colecalciferol,880,16.0
202205,Sunderland,Colecalciferol,unknown,524.0
202205,York,Colecalciferol,1000,263.0
202205,York,Colecalciferol,10000,12.0
202205,York,Colecalciferol,200,426.0
202205,York,Colecalciferol,2000,7.0
202205,York,Colecalciferol,20000,6.0
202205,York,Colecalciferol,25000,34.0
202205,York,Colecalciferol,3000,5.0
202205,York,Colecalciferol,3200,2.0
202205,York,Colecalciferol,400,432.0
202205,York,Colecalciferol,4000,1.0
202205,York,Colecalciferol,440,4.0
202205,York,Colecalciferol,50000,21.0
202205,York,Colecalciferol,5600,2.0
202205,York,Colecalciferol,800,591.0
202205,York,Colecalciferol,880,52.0
202205,York,Colecalciferol,unknown,910.0
202206,Birmingham,Colecalciferol,1000,847.0
202206,Birmingham,Colecalciferol,10000,75.0
202206,Birmingham,Colecalciferol,15000,1.0
202206,Birmingham,Colecalciferol,200,2255.0
202206,Birmingham,Colecalciferol,2000,45.0
202206,Birmingham,Colecalciferol,20000,457.0
202206,Birmingham,Colecalciferol,2200,3.0
202206,Birmingham,Colecalciferol,2400,17.0
202206,Birmingham,Colecalciferol,2500,5.0
202206,Birmingham,Colecalciferol,25000,415.0
202206,Birmingham,Colecalciferol,2740,10.0
202206,Birmingham,Colecalciferol,3000,17.0
202206,Birmingham,Colecalciferol,3200,131.0
202206,Birmingham,Colecalciferol,400,1161.0
202206,Birmingham,Colecalciferol,4000,20.0
202206,Birmingham,Colecalciferol,40000,1.0
202206,Birmingham,Colecalciferol,440,10.0
202206,Birmingham,Colecalciferol,5000,2.0
202206,Birmingham,Colecalciferol,50000,598.0
202206,Birmingham,Colecalciferol,5600,4.0
202206,Birmingham,Colecalciferol,600,1.0
202206,Birmingham,Colecalciferol,800,3891.0
202206,Birmingham,Colecalciferol,880,160.0
202206,Birmingham,Colecalciferol,unknown,1831.0
202206,Brighton,Colecalciferol,200,17.0
202206,Brighton,Colecalciferol,20000,13.0
202206,Brighton,Colecalciferol,3200,3.0
202206,Brighton,Colecalciferol,400,132.0
202206,Brighton,Colecalciferol,4000,4.0
202206,Brighton,Colecalciferol,800,63.0
202206,Brighton,Colecalciferol,unknown,64.0
202206,Bristol,Colecalciferol,1000,262.0
202206,Bristol,Colecalciferol,10000,6.0
202206,Bristol,Colecalciferol,200,635.0
202206,Bristol,Colecalciferol,2000,1.0
202206,Bristol,Colecalciferol,20000,28.0
202206,Bristol,Colecalciferol,2200,1.0
202206,Bristol,Colecalciferol,2400,1.0
202206,Bristol,Colecalciferol,25000,122.0
202206,Bristol,Colecalciferol,3000,4.0
202206,Bristol,Colecalciferol,3200,9.0
202206,Bristol,Colecalciferol,400,1487.0
202206,Bristol,Colecalciferol,4000,4.0
202206,Bristol,Colecalciferol,40000,2.0
202206,Bristol,Colecalciferol,440,4.0
202206,Bristol,Colecalciferol,50000,10.0
202206,Bristol,Colecalciferol,800,1696.0
202206,Bristol,Colecalciferol,880,172.0
202206,Bristol,Colecalciferol,unknown,1134.0
202206,Canterbury,Colecalciferol,1000,190.0
202206,Canterbury,Colecalciferol,10000,6.0
202206,Canterbury,Colecalciferol,200,316.0
202206,Canterbury,Colecalciferol,2000,3.0
202206,Canterbury,Colecalciferol,20000,16.0
202206,Canterbury,Colecalciferol,2400,1.0
202206,Canterbury,Colecalciferol,2500,1.0
202206,Canterbury,Colecalciferol,25000,1.0
202206,Canterbury,Colecalciferol,2740,1.0
202206,Canterbury,Colecalciferol,3200,4.0
202206,Canterbury,Colecalciferol,400,633.0
202206,Canterbury,Colecalciferol,4000,1.0
202206,Canterbury,Colecalciferol,40000,1.0
202206,Canterbury,Colecalciferol,440,3.0
202206,Canterbury,Colecalciferol,5000,3.0
202206,Canterbury,Colecalciferol,50000,1.0
202206,Canterbury,Colecalciferol,800,268.0
202206,Canterbury,Colecalciferol,880,22.0
202206,Canterbury,Colecalciferol,unknown,608.0
202206,Exeter,Colecalciferol,1000,43.0
202206,Exeter,Colecalciferol,200,14.0
202206,Exeter,Colecalciferol,2000,1.0
202206,Exeter,Colecalciferol,20000,2.0
202206,Exeter,Colecalciferol,2400,1.0
202206,Exeter,Colecalciferol,25000,1.0
202206,Exeter,Colecalciferol,3200,1.0
202206,Exeter,Colecalciferol,400,14.0
202206,Exeter,Colecalciferol,800,14.0
202206,Exeter,Colecalciferol,880,151.0
202206,Exeter,Colecalciferol,unknown,93.0
202206,Leeds,Colecalciferol,1000,631.0
202206,Leeds,Colecalciferol,10000,7.0
202206,Leeds,Colecalciferol,200,167.0
202206,Leeds,Colecalciferol,2000,16.0
202206,Leeds,Colecalciferol,20000,74.0
202206,Leeds,Colecalciferol,2400,2.0
202206,Leeds,Colecalciferol,2500,1.0
202206,Leeds,Colecalciferol,25000,15.0
202206,Leeds,Colecalciferol,30000,1.0
202206,Leeds,Colecalciferol,3200,2.0
202206,Leeds,Colecalciferol,400,758.0
202206,Leeds,Colecalciferol,4000,1.0
202206,Leeds,Colecalciferol,40000,18.0
202206,Leeds,Colecalciferol,50000,17.0
202206,Leeds,Colecalciferol,600,3.0
202206,Leeds,Colecalciferol,800,553.0
202206,Leeds,Colecalciferol,880,12.0
202206,Leeds,Colecalciferol,unknown,585.0
202206,London,Colecalciferol,1000,29109.0
202206,London,Colecalciferol,10000,745.0
202206,London,Colecalciferol,15000,20.0
202206,London,Colecalciferol,200,16719.0
202206,London,Colecalciferol,2000,947.0
202206,London,Colecalciferol,20000,12322.0
202206,London,Colecalciferol,2200,43.0
202206,London,Colecalciferol,2400,108.0
202206,London,Colecalciferol,2500,89.0
202206,London,Colecalciferol,25000,2900.0
202206,London,Colecalciferol,2740,107.0
202206,London,Colecalciferol,3000,315.0
202206,London,Colecalciferol,30000,2.0
202206,London,Colecalciferol,300000,4.0
202206,London,Colecalciferol,3200,282.0
202206,London,Colecalciferol,400,43047.0
202206,London,Colecalciferol,4000,234.0
202206,London,Colecalciferol,40000,412.0
202206,London,Colecalciferol,440,268.0
202206,London,Colecalciferol,5000,397.0
202206,London,Colecalciferol,50000,73.0
202206,London,Colecalciferol,5600,15.0
202206,London,Colecalciferol,600,46.0
202206,London,Colecalciferol,800,24479.0
202206,London,Colecalciferol,880,1952.0
202206,London,Colecalciferol,unknown,39962.0
202206,Manchester,Colecalciferol,1000,484.0
202206,Manchester,Colecalciferol,10000,27.0
202206,Manchester,Colecalciferol,200,3090.0
202206,Manchester,Colecalciferol,2000,39.0
202206,Manchester,Colecalciferol,20000,1481.0
202206,Manchester,Colecalciferol,2400,3.0
202206,Manchester,Colecalciferol,25000,60.0
202206,Manchester,Colecalciferol,2740,17.0
202206,Manchester,Colecalciferol,3000,9.0
202206,Manchester,Colecalciferol,3200,49.0
202206,Manchester,Colecalciferol,400,2383.0
202206,Manchester,Colecalciferol,4000,14.0
202206,Manchester,Colecalciferol,40000,14.0
202206,Manchester,Colecalciferol,440,18.0
202206,Manchester,Colecalciferol,5000,9.0
202206,Manchester,Colecalciferol,50000,45.0
202206,Manchester,Colecalciferol,5600,8.0
202206,Manchester,Colecalciferol,600,4.0
202206,Manchester,Colecalciferol,800,1935.0
202206,Manchester,Colecalciferol,880,478.0
202206,Manchester,Colecalciferol,unknown,5516.0
202206,Middlesbrough,Colecalciferol,1000,92.0
202206,Middlesbrough,Colecalciferol,10000,3.0
202206,Middlesbrough,Colecalciferol,200,61.0
202206,Middlesbrough,Colecalciferol,2000,3.0
202206,Middlesbrough,Colecalciferol,20000,21.0
202206,Middlesbrough,Colecalciferol,3000,1.0
202206,Middlesbrough,Colecalciferol,3200,2.0
202206,Middlesbrough,Colecalciferol,400,140.0
202206,Middlesbrough,Colecalciferol,4000,2.0
202206,Middlesbrough,Colecalciferol,5000,1.0
202206,Middlesbrough,Colecalciferol,50000,2.0
202206,Middlesbrough,Colecalciferol,800,270.0
202206,Middlesbrough,Colecalciferol,880,64.0
202206,Middlesbrough,Colecalciferol,unknown,119.0
202206,Newcastle upon Tyne,Colecalciferol,1000,26.0
202206,Newcastle upon Tyne,Colecalciferol,10000,5.0
202206,Newcastle upon Tyne,Colecalciferol,200,230.0
202206,Newcastle upon Tyne,Colecalciferol,2000,4.0
202206,Newcastle upon Tyne,Colecalciferol,20000,176.0
202206,Newcastle upon Tyne,Colecalciferol,2500,1.0
202206,Newcastle upon Tyne,Colecalciferol,25000,4.0
202206,Newcastle upon Tyne,Colecalciferol,2740,36.0
202206,Newcastle upon Tyne,Colecalciferol,400,1765.0
202206,Newcastle upon Tyne,Colecalciferol,40000,1.0
202206,Newcastle upon Tyne,Colecalciferol,440,3.0
202206,Newcastle upon Tyne,Colecalciferol,50000,1.0
202206,Newcastle upon Tyne,Colecalciferol,5600,12.0
202206,Newcastle upon Tyne,Colecalciferol,800,5528.0
202206,Newcastle upon Tyne,Colecalciferol,880,16.0
202206,Newcastle upon Tyne,Colecalciferol,unknown,1038.0
202206,Nottingham,Colecalciferol,1000,2514.0
202206,Nottingham,Colecalciferol,10000,5.0
202206,Nottingham,Colecalciferol,200,500.0
202206,Nottingham,Colecalciferol,2000,17.0
202206,Nottingham,Colecalciferol,20000,97.0
202206,Nottingham,Colecalciferol,2200,3.0
202206,Nottingham,Colecalciferol,2400,1.0
202206,Nottingham,Colecalciferol,2500,1.0
202206,Nottingham,Colecalciferol,25000,92.0
202206,Nottingham,Colecalciferol,2740,50.0
202206,Nottingham,Colecalciferol,3000,2.0
202206,Nottingham,Colecalciferol,3200,11.0
202206,Nottingham,Colecalciferol,400,582.0
202206,Nottingham,Colecalciferol,4000,2.0
202206,Nottingham,Colecalciferol,40000,1.0
202206,Nottingham,Colecalciferol,440,4.0
202206,Nottingham,Colecalciferol,5000,4.0
202206,Nottingham,Colecalciferol,50000,187.0
202206,Nottingham,Colecalciferol,800,2218.0
202206,Nottingham,Colecalciferol,880,1.0
202206,Nottingham,Colecalciferol,unknown,976.0
202206,Peterborough,Colecalciferol,1000,1.0
202206,Peterborough,Colecalciferol,10000,5.0
202206,Peterborough,Colecalciferol,200,8.0
202206,Peterborough,Colecalciferol,20000,1.0
202206,Peterborough,Colecalciferol,25000,1.0
202206,Peterborough,Colecalciferol,3200,3.0
202206,Peterborough,Colecalciferol,400,40.0
202206,Peterborough,Colecalciferol,50000,5.0
202206,Peterborough,Colecalciferol,800,6.0
202206,Peterborough,Colecalciferol,880,19.0
202206,Peterborough,Colecalciferol,unknown,22.0
202206,Plymouth,Colecalciferol,1000,55.0
202206,Plymouth,Colecalciferol,200,40.0
202206,Plymouth,Colecalciferol,2000,2.0
202206,Plymouth,Colecalciferol,25000,10.0
202206,Plymouth,Colecalciferol,400,63.0
202206,Plymouth,Colecalciferol,440,1.0
202206,Plymouth,Colecalciferol,5000,1.0
202206,Plymouth,Colecalciferol,800,17.0
202206,Plymouth,Colecalciferol,880,27.0
202206,Plymouth,Colecalciferol,unknown,76.0
202206,Sunderland,Colecalciferol,1000,38.0
202206,Sunderland,Colecalciferol,10000,2.0
202206,Sunderland,Colecalciferol,200,74.0
202206,Sunderland,Colecalciferol,20000,24.0
202206,Sunderland,Colecalciferol,25000,2.0
202206,Sunderland,Colecalciferol,400,104.0
202206,Sunderland,Colecalciferol,800,230.0
202206,Sunderland,Colecalciferol,880,10.0
202206,Sunderland,Colecalciferol,unknown,459.0
202206,York,Colecalciferol,1000,206.0
202206,York,Colecalciferol,10000,14.0
202206,York,Colecalciferol,200,393.0
202206,York,Colecalciferol,2000,5.0
202206,York,Colecalciferol,20000,11.0
202206,York,Colecalciferol,2400,2.0
202206,York,Colecalciferol,25000,51.0
202206,York,Colecalciferol,3000,1.0
202206,York,Colecalciferol,3200,3.0
202206,York,Colecalciferol,400,386.0
202206,York,Colecalciferol,4000,3.0
202206,York,Colecalciferol,440,2.0
202206,York,Colecalciferol,50000,15.0
202206,York,Colecalciferol,5600,2.0
202206,York,Colecalciferol,800,610.0
202206,York,Colecalciferol,880,41.0
202206,York,Colecalciferol,unknown,822.0
202207,Birmingham,Colecalciferol,1000,904.0
202207,Birmingham,Colecalciferol,10000,59.0
202207,Birmingham,Colecalciferol,200,2231.0
202207,Birmingham,Colecalciferol,2000,41.0
202207,Birmingham,Colecalciferol,20000,359.0
202207,Birmingham,Colecalciferol,2200,2.0
202207,Birmingham,Colecalciferol,2400,13.0
202207,Birmingham,Colecalciferol,2500,4.0
202207,Birmingham,Colecalciferol,25000,359.0
202207,Birmingham,Colecalciferol,2740,9.0
202207,Birmingham,Colecalciferol,3000,10.0
202207,Birmingham,Colecalciferol,3200,89.0
202207,Birmingham,Colecalciferol,400,1186.0
202207,Birmingham,Colecalciferol,4000,24.0
202207,Birmingham,Colecalciferol,440,9.0
202207,Birmingham,Colecalciferol,5000,2.0
202207,Birmingham,Colecalciferol,50000,496.0
202207,Birmingham,Colecalciferol,5600,6.0
202207,Birmingham,Colecalciferol,600,3.0
202207,Birmingham,Colecalciferol,800,3727.0
202207,Birmingham,Colecalciferol,880,153.0
202207,Birmingham,Colecalciferol,unknown,1855.0
202207,Brighton,Colecalciferol,10000,1.0
202207,Brighton,Colecalciferol,200,21.0
202207,Brighton,Colecalciferol,2000,2.0
202207,Brighton,Colecalciferol,20000,16.0
202207,Brighton,Colecalciferol,25000,1.0
202207,Brighton,Colecalciferol,3000,1.0
202207,Brighton,Colecalciferol,3200,2.0
202207,Brighton,Colecalciferol,400,132.0
202207,Brighton,Colecalciferol,4000,4.0
202207,Brighton,Colecalciferol,800,74.0
202207,Brighton,Colecalciferol,unknown,54.0
202207,Bristol,Colecalciferol,1000,305.0
202207,Bristol,Colecalciferol,10000,4.0
202207,Bristol,Colecalciferol,200,674.0
202207,Bristol,Colecalciferol,2000,2.0
202207,Bristol,Colecalciferol,20000,31.0
202207,Bristol,Colecalciferol,2200,1.0
202207,Bristol,Colecalciferol,2400,1.0
202207,Bristol,Colecalciferol,25000,117.0
202207,Bristol,Colecalciferol,2740,2.0
202207,Bristol,Colecalciferol,3000,6.0
202207,Bristol,Colecalciferol,3200,10.0
202207,Bristol,Colecalciferol,400,1545.0
202207,Bristol,Colecalciferol,4000,4.0
202207,Bristol,Colecalciferol,40000,1.0
202207,Bristol,Colecalciferol,440,7.0
202207,Bristol,Colecalciferol,50000,7.0
202207,Bristol,Colecalciferol,5600,1.0
202207,Bristol,Colecalciferol,600,1.0
202207,Bristol,Colecalciferol,800,1806.0
202207,Bristol,Colecalciferol,880,165.0
202207,Bristol,Colecalciferol,unknown,1133.0
202207,Canterbury,Colecalciferol,1000,179.0
202207,Canterbury,Colecalciferol,10000,5.0
202207,Canterbury,Colecalciferol,200,353.0
202207,Canterbury,Colecalciferol,2000,3.0
202207,Canterbury,Colecalciferol,20000,14.0
202207,Canterbury,Colecalciferol,2500,2.0
202207,Canterbury,Colecalciferol,2740,2.0
202207,Canterbury,Colecalciferol,3000,1.0
202207,Canterbury,Colecalciferol,3200,2.0
202207,Canterbury,Colecalciferol,400,633.0
202207,Canterbury,Colecalciferol,440,5.0
202207,Canterbury,Colecalciferol,5000,1.0
202207,Canterbury,Colecalciferol,50000,1.0
202207,Canterbury,Colecalciferol,800,283.0
202207,Canterbury,Colecalciferol,880,24.0
202207,Canterbury,Colecalciferol,unknown,606.0
202207,Exeter,Colecalciferol,1000,38.0
202207,Exeter,Colecalciferol,200,15.0
202207,Exeter,Colecalciferol,2400,1.0
202207,Exeter,Colecalciferol,25000,4.0
202207,Exeter,Colecalciferol,400,7.0
202207,Exeter,Colecalciferol,800,10.0
202207,Exeter,Colecalciferol,880,166.0
202207,Exeter,Colecalciferol,unknown,68.0
202207,Leeds,Colecalciferol,1000,612.0
202207,Leeds,Colecalciferol,10000,4.0
202207,Leeds,Colecalciferol,200,175.0
202207,Leeds,Colecalciferol,2000,21.0
202207,Leeds,Colecalciferol,20000,62.0
202207,Leeds,Colecalciferol,2200,1.0
202207,Leeds,Colecalciferol,2400,2.0
202207,Leeds,Colecalciferol,2500,1.0
202207,Leeds,Colecalciferol,25000,15.0
202207,Leeds,Colecalciferol,3000,2.0
202207,Leeds,Colecalciferol,3200,1.0
202207,Leeds,Colecalciferol,400,715.0
202207,Leeds,Colecalciferol,40000,10.0
202207,Leeds,Colecalciferol,440,1.0
202207,Leeds,Colecalciferol,50000,13.0
202207,Leeds,Colecalciferol,600,2.0
202207,Leeds,Colecalciferol,800,530.0
202207,Leeds,Colecalciferol,880,7.0
202207,Leeds,Colecalciferol,unknown,555.0
202207,London,Colecalciferol,1000,29270.0
202207,London,Colecalciferol,10000,703.0
202207,London,Colecalciferol,15000,12.0
202207,London,Colecalciferol,200,16612.0
202207,London,Colecalciferol,2000,927.0
202207,London,Colecalciferol,20000,12000.0
202207,London,Colecalciferol,2200,57.0
202207,London,Colecalciferol,2400,120.0
202207,London,Colecalciferol,2500,90.0
202207,London,Colecalciferol,25000,2402.0
202207,London,Colecalciferol,2740,92.0
202207,London,Colecalciferol,3000,294.0
202207,London,Colecalciferol,30000,3.0
202207,London,Colecalciferol,3200,302.0
202207,London,Colecalciferol,400,43294.0
202207,London,Colecalciferol,4000,241.0
202207,London,Colecalciferol,40000,407.0
202207,London,Colecalciferol,440,231.0
202207,London,Colecalciferol,5000,374.0
202207,London,Colecalciferol,50000,96.0
202207,London,Colecalciferol,5600,10.0
202207,London,Colecalciferol,600,37.0
202207,London,Colecalciferol,800,24488.0
202207,London,Colecalciferol,880,1948.0
202207,London,Colecalciferol,unknown,39760.0
202207,Manchester,Colecalciferol,1000,449.0
202207,Manchester,Colecalciferol,10000,33.0
202207,Manchester,Colecalciferol,200,2952.0
202207,Manchester,Colecalciferol,2000,31.0
202207,Manchester,Colecalciferol,20000,1345.0
202207,Manchester,Colecalciferol,2200,1.0
202207,Manchester,Colecalciferol,2400,6.0
202207,Manchester,Colecalciferol,2500,1.0
202207,Manchester,Colecalciferol,25000,46.0
202207,Manchester,Colecalciferol,2740,22.0
202207,Manchester,Colecalciferol,3000,7.0
202207,Manchester,Colecalciferol,3200,53.0
202207,Manchester,Colecalciferol,400,2294.0
202207,Manchester,Colecalciferol,4000,15.0
202207,Manchester,Colecalciferol,40000,10.0
202207,Manchester,Colecalciferol,440,20.0
202207,Manchester,Colecalciferol,5000,10.0
202207,Manchester,Colecalciferol,50000,42.0
202207,Manchester,Colecalciferol,5600,7.0
202207,Manchester,Colecalciferol,600,3.0
202207,Manchester,Colecalciferol,800,1926.0
202207,Manchester,Colecalciferol,880,458.0
202207,Manchester,Colecalciferol,unknown,5432.0
202207,Middlesbrough,Colecalciferol,1000,86.0
202207,Middlesbrough,Colecalciferol,10000,4.0
202207,Middlesbrough,Colecalciferol,200,60.0
202207,Middlesbrough,Colecalciferol,2000,3.0
202207,Middlesbrough,Colecalciferol,20000,16.0
202207,Middlesbrough,Colecalciferol,3200,1.0
202207,Middlesbrough,Colecalciferol,400,165.0
202207,Middlesbrough,Colecalciferol,4000,1.0
202207,Middlesbrough,Colecalciferol,5000,1.0
202207,Middlesbrough,Colecalciferol,800,262.0
202207,Middlesbrough,Colecalciferol,880,51.0
202207,Middlesbrough,Colecalciferol,unknown,88.0
202207,Newcastle upon Tyne,Colecalciferol,1000,24.0
202207,Newcastle upon Tyne,Colecalciferol,10000,1.0
202207,Newcastle upon Tyne,Colecalciferol,15000,1.0
202207,Newcastle upon Tyne,Colecalciferol,200,218.0
202207,Newcastle upon Tyne,Colecalciferol,2000,6.0
202207,Newcastle upon Tyne,Colecalciferol,20000,177.0
202207,Newcastle upon Tyne,Colecalciferol,2500,1.0
202207,Newcastle upon Tyne,Colecalciferol,25000,7.0
202207,Newcastle upon Tyne,Colecalciferol,2740,34.0
202207,Newcastle upon Tyne,Colecalciferol,3000,1.0
202207,Newcastle upon Tyne,Colecalciferol,3200,1.0
202207,Newcastle upon Tyne,Colecalciferol,400,1693.0
202207,Newcastle upon Tyne,Colecalciferol,4000,1.0
202207,Newcastle upon Tyne,Colecalciferol,440,2.0
202207,Newcastle upon Tyne,Colecalciferol,5600,7.0
202207,Newcastle upon Tyne,Colecalciferol,600,1.0
202207,Newcastle upon Tyne,Colecalciferol,800,5314.0
202207,Newcastle upon Tyne,Colecalciferol,880,20.0
202207,Newcastle upon Tyne,Colecalciferol,unknown,906.0
202207,Nottingham,Colecalciferol,1000,2660.0
202207,Nottingham,Colecalciferol,10000,6.0
202207,Nottingham,Colecalciferol,200,505.0
202207,Nottingham,Colecalciferol,2000,13.0
202207,Nottingham,Colecalciferol,20000,98.0
202207,Nottingham,Colecalciferol,2200,2.0
202207,Nottingham,Colecalciferol,2400,3.0
202207,Nottingham,Colecalciferol,25000,81.0
202207,Nottingham,Colecalciferol,2740,49.0
202207,Nottingham,Colecalciferol,3000,4.0
202207,Nottingham,Colecalciferol,3200,8.0
202207,Nottingham,Colecalciferol,400,553.0
202207,Nottingham,Colecalciferol,4000,4.0
202207,Nottingham,Colecalciferol,440,4.0
202207,Nottingham,Colecalciferol,5000,3.0
202207,Nottingham,Colecalciferol,50000,165.0
202207,Nottingham,Colecalciferol,5600,3.0
202207,Nottingham,Colecalciferol,800,2175.0
202207,Nottingham,Colecalciferol,880,1.0
202207,Nottingham,Colecalciferol,unknown,977.0
202207,Peterborough,Colecalciferol,1000,3.0
202207,Peterborough,Colecalciferol,10000,1.0
202207,Peterborough,Colecalciferol,200,11.0
202207,Peterborough,Colecalciferol,20000,4.0
202207,Peterborough,Colecalciferol,25000,1.0
202207,Peterborough,Colecalciferol,3200,9.0
202207,Peterborough,Colecalciferol,400,50.0
202207,Peterborough,Colecalciferol,50000,2.0
202207,Peterborough,Colecalciferol,800,14.0
202207,Peterborough,Colecalciferol,880,30.0
202207,Peterborough,Colecalciferol,unknown,20.0
202207,Plymouth,Colecalciferol,1000,62.0
202207,Plymouth,Colecalciferol,200,34.0
202207,Plymouth,Colecalciferol,2000,4.0
202207,Plymouth,Colecalciferol,25000,3.0
202207,Plymouth,Colecalciferol,400,54.0
202207,Plymouth,Colecalciferol,5000,1.0
202207,Plymouth,Colecalciferol,800,18.0
202207,Plymouth,Colecalciferol,880,24.0
202207,Plymouth,Colecalciferol,unknown,81.0
202207,Sunderland,Colecalciferol,1000,34.0
202207,Sunderland,Colecalciferol,10000,1.0
202207,Sunderland,Colecalciferol,200,55.0
202207,Sunderland,Colecalciferol,20000,14.0
202207,Sunderland,Colecalciferol,25000,1.0
202207,Sunderland,Colecalciferol,400,94.0
202207,Sunderland,Colecalciferol,800,241.0
202207,Sunderland,Colecalciferol,880,15.0
202207,Sunderland,Colecalciferol,unknown,509.0
202207,York,Colecalciferol,1000,231.0
202207,York,Colecalciferol,10000,12.0
202207,York,Colecalciferol,200,401.0
202207,York,Colecalciferol,2000,6.0
202207,York,Colecalciferol,20000,7.0
202207,York,Colecalciferol,2400,1.0
202207,York,Colecalciferol,25000,38.0
202207,York,Colecalciferol,3000,3.0
202207,York,Colecalciferol,30000,1.0
202207,York,Colecalciferol,3200,1.0
202207,York,Colecalciferol,400,396.0
202207,York,Colecalciferol,4000,1.0
202207,York,Colecalciferol,440,2.0
202207,York,Colecalciferol,50000,16.0
202207,York,Colecalciferol,5600,2.0
202207,York,Colecalciferol,800,623.0
202207,York,Colecalciferol,880,43.0
202207,York,Colecalciferol,unknown,789.0
202208,Birmingham,Colecalciferol,1000,971.0
202208,Birmingham,Colecalciferol,10000,65.0
202208,Birmingham,Colecalciferol,200,2348.0
202208,Birmingham,Colecalciferol,2000,40.0
202208,Birmingham,Colecalciferol,20000,317.0
202208,Birmingham,Colecalciferol,2200,4.0
202208,Birmingham,Colecalciferol,2400,21.0
202208,Birmingham,Colecalciferol,2500,4.0
202208,Birmingham,Colecalciferol,25000,382.0
202208,Birmingham,Colecalciferol,2740,9.0
202208,Birmingham,Colecalciferol,3000,7.0
202208,Birmingham,Colecalciferol,30000,1.0
202208,Birmingham,Colecalciferol,3200,73.0
202208,Birmingham,Colecalciferol,400,1220.0
202208,Birmingham,Colecalciferol,4000,18.0
202208,Birmingham,Colecalciferol,40000,1.0
202208,Birmingham,Colecalciferol,440,8.0
202208,Birmingham,Colecalciferol,5000,2.0
202208,Birmingham,Colecalciferol,50000,435.0
202208,Birmingham,Colecalciferol,5600,4.0
202208,Birmingham,Colecalciferol,600,3.0
202208,Birmingham,Colecalciferol,800,4022.0
202208,Birmingham,Colecalciferol,880,174.0
202208,Birmingham,Colecalciferol,unknown,1912.0
202208,Brighton,Colecalciferol,200,22.0
202208,Brighton,Colecalciferol,20000,9.0
202208,Brighton,Colecalciferol,3200,2.0
202208,Brighton,Colecalciferol,400,152.0
202208,Brighton,Colecalciferol,4000,3.0
202208,Brighton,Colecalciferol,800,69.0
202208,Brighton,Colecalciferol,unknown,66.0
202208,Bristol,Colecalciferol,1000,283.0
202208,Bristol,Colecalciferol,10000,6.0
202208,Bristol,Colecalciferol,200,642.0
202208,Bristol,Colecalciferol,2000,3.0
202208,Bristol,Colecalciferol,20000,28.0
202208,Bristol,Colecalciferol,2200,1.0
202208,Bristol,Colecalciferol,2400,2.0
202208,Bristol,Colecalciferol,25000,106.0
202208,Bristol,Colecalciferol,3000,5.0
202208,Bristol,Colecalciferol,3200,10.0
202208,Bristol,Colecalciferol,400,1645.0
202208,Bristol,Colecalciferol,4000,4.0
202208,Bristol,Colecalciferol,40000,3.0
202208,Bristol,Colecalciferol,440,5.0
202208,Bristol,Colecalciferol,50000,6.0
202208,Bristol,Colecalciferol,5600,1.0
202208,Bristol,Colecalciferol,800,1887.0
202208,Bristol,Colecalciferol,880,170.0
202208,Bristol,Colecalciferol,unknown,1052.0
202208,Canterbury,Colecalciferol,1000,194.0
202208,Canterbury,Colecalciferol,10000,5.0
202208,Canterbury,Colecalciferol,200,335.0
202208,Canterbury,Colecalciferol,2000,3.0
202208,Canterbury,Colecalciferol,20000,13.0
202208,Canterbury,Colecalciferol,2200,1.0
202208,Canterbury,Colecalciferol,2400,1.0
202208,Canterbury,Colecalciferol,2500,2.0
202208,Canterbury,Colecalciferol,25000,1.0
202208,Canterbury,Colecalciferol,2740,1.0
202208,Canterbury,Colecalciferol,3200,4.0
202208,Canterbury,Colecalciferol,400,660.0
202208,Canterbury,Colecalciferol,4000,2.0
202208,Canterbury,Colecalciferol,440,5.0
202208,Canterbury,Colecalciferol,5000,3.0
202208,Canterbury,Colecalciferol,800,263.0
202208,Canterbury,Colecalciferol,880,26.0
202208,Canterbury,Colecalciferol,unknown,597.0
202208,Exeter,Colecalciferol,1000,40.0
202208,Exeter,Colecalciferol,200,17.0
202208,Exeter,Colecalciferol,400,8.0
202208,Exeter,Colecalciferol,800,9.0
202208,Exeter,Colecalciferol,880,161.0
202208,Exeter,Colecalciferol,unknown,65.0
202208,Leeds,Colecalciferol,1000,683.0
202208,Leeds,Colecalciferol,10000,3.0
202208,Leeds,Colecalciferol,200,164.0
202208,Leeds,Colecalciferol,2000,15.0
202208,Leeds,Colecalciferol,20000,51.0
202208,Leeds,Colecalciferol,2400,2.0
202208,Leeds,Colecalciferol,2500,1.0
202208,Leeds,Colecalciferol,25000,8.0
202208,Leeds,Colecalciferol,3000,1.0
202208,Leeds,Colecalciferol,3200,1.0
202208,Leeds,Colecalciferol,400,800.0
202208,Leeds,Colecalciferol,40000,10.0
202208,Leeds,Colecalciferol,440,4.0
202208,Leeds,Colecalciferol,50000,14.0
202208,Leeds,Colecalciferol,600,2.0
202208,Leeds,Colecalciferol,800,581.0
202208,Leeds,Colecalciferol,880,13.0
202208,Leeds,Colecalciferol,unknown,597.0
202208,London,Colecalciferol,1000,30034.0
202208,London,Colecalciferol,10000,675.0
202208,London,Colecalciferol,15000,21.0
202208,London,Colecalciferol,200,17113.0
202208,London,Colecalciferol,2000,917.0
202208,London,Colecalciferol,20000,11110.0
202208,London,Colecalciferol,2200,56.0
202208,London,Colecalciferol,2400,122.0
202208,London,Colecalciferol,2500,85.0
202208,London,Colecalciferol,25000,2293.0
202208,London,Colecalciferol,2740,102.0
202208,London,Colecalciferol,3000,295.0
202208,London,Colecalciferol,30000,4.0
202208,London,Colecalciferol,300000,3.0
202208,London,Colecalciferol,3200,288.0
202208,London,Colecalciferol,400,43601.0
202208,London,Colecalciferol,4000,216.0
202208,London,Colecalciferol,40000,306.0
202208,London,Colecalciferol,440,231.0
202208,London,Colecalciferol,5000,379.0
202208,London,Colecalciferol,50000,83.0
202208,London,Colecalciferol,5600,14.0
202208,London,Colecalciferol,600,39.0
202208,London,Colecalciferol,800,24672.0
202208,London,Colecalciferol,880,1896.0
202208,London,Colecalciferol,unknown,40852.0
202208,Manchester,Colecalciferol,1000,488.0
202208,Manchester,Colecalciferol,10000,43.0
202208,Manchester,Colecalciferol,15000,1.0
202208,Manchester,Colecalciferol,200,3157.0
202208,Manchester,Colecalciferol,2000,31.0
202208,Manchester,Colecalciferol,20000,1259.0
202208,Manchester,Colecalciferol,2400,7.0
202208,Manchester,Colecalciferol,2500,2.0
202208,Manchester,Colecalciferol,25000,39.0
202208,Manchester,Colecalciferol,2740,22.0
202208,Manchester,Colecalciferol,3000,8.0
202208,Manchester,Colecalciferol,30000,1.0
202208,Manchester,Colecalciferol,3200,49.0
202208,Manchester,Colecalciferol,400,2386.0
202208,Manchester,Colecalciferol,4000,13.0
202208,Manchester,Colecalciferol,40000,15.0
202208,Manchester,Colecalciferol,440,18.0
202208,Manchester,Colecalciferol,5000,8.0
202208,Manchester,Colecalciferol,50000,23.0
202208,Manchester,Colecalciferol,5600,9.0
202208,Manchester,Colecalciferol,600,2.0
202208,Manchester,Colecalciferol,800,2005.0
202208,Manchester,Colecalciferol,880,497.0
202208,Manchester,Colecalciferol,unknown,5631.0
202208,Middlesbrough,Colecalciferol,1000,79.0
202208,Middlesbrough,Colecalciferol,10000,3.0
202208,Middlesbrough,Colecalciferol,200,70.0
202208,Middlesbrough,Colecalciferol,2000,3.0
202208,Middlesbrough,Colecalciferol,20000,12.0
202208,Middlesbrough,Colecalciferol,2400,1.0
202208,Middlesbrough,Colecalciferol,3000,2.0
202208,Middlesbrough,Colecalciferol,3200,1.0
202208,Middlesbrough,Colecalciferol,400,157.0
202208,Middlesbrough,Colecalciferol,4000,1.0
202208,Middlesbrough,Colecalciferol,5000,1.0
202208,Middlesbrough,Colecalciferol,50000,1.0
202208,Middlesbrough,Colecalciferol,800,238.0
202208,Middlesbrough,Colecalciferol,880,51.0
202208,Middlesbrough,Colecalciferol,unknown,124.0
202208,Newcastle upon Tyne,Colecalciferol,1000,34.0
202208,Newcastle upon Tyne,Colecalciferol,15000,2.0
202208,Newcastle upon Tyne,Colecalciferol,200,241.0
202208,Newcastle upon Tyne,Colecalciferol,2000,6.0
202208,Newcastle upon Tyne,Colecalciferol,20000,124.0
202208,Newcastle upon Tyne,Colecalciferol,2400,1.0
202208,Newcastle upon Tyne,Colecalciferol,2500,1.0
202208,Newcastle upon Tyne,Colecalciferol,25000,3.0
202208,Newcastle upon Tyne,Colecalciferol,2740,25.0
202208,Newcastle upon Tyne,Colecalciferol,3000,1.0
202208,Newcastle upon Tyne,Colecalciferol,3200,5.0
202208,Newcastle upon Tyne,Colecalciferol,400,1777.0
202208,Newcastle upon Tyne,Colecalciferol,440,3.0
202208,Newcastle upon Tyne,Colecalciferol,5600,8.0
202208,Newcastle upon Tyne,Colecalciferol,800,5329.0
202208,Newcastle upon Tyne,Colecalciferol,880,17.0
202208,Newcastle upon Tyne,Colecalciferol,unknown,974.0
202208,Nottingham,Colecalciferol,1000,2628.0
202208,Nottingham,Colecalciferol,10000,5.0
202208,Nottingham,Colecalciferol,200,536.0
202208,Nottingham,Colecalciferol,2000,12.0
202208,Nottingham,Colecalciferol,20000,81.0
202208,Nottingham,Colecalciferol,2200,4.0
202208,Nottingham,Colecalciferol,2400,4.0
202208,Nottingham,Colecalciferol,25000,90.0
202208,Nottingham,Colecalciferol,2740,45.0
202208,Nottingham,Colecalciferol,3000,1.0
202208,Nottingham,Colecalciferol,3200,7.0
202208,Nottingham,Colecalciferol,400,572.0
202208,Nottingham,Colecalciferol,4000,4.0
202208,Nottingham,Colecalciferol,440,3.0
202208,Nottingham,Colecalciferol,5000,6.0
202208,Nottingham,Colecalciferol,50000,112.0
202208,Nottingham,Colecalciferol,800,2252.0
202208,Nottingham,Colecalciferol,880,2.0
202208,Nottingham,Colecalciferol,unknown,995.0
202208,Peterborough,Colecalciferol,1000,6.0
202208,Peterborough,Colecalciferol,200,10.0
202208,Peterborough,Colecalciferol,2740,1.0
202208,Peterborough,Colecalciferol,3200,2.0
202208,Peterborough,Colecalciferol,400,42.0
202208,Peterborough,Colecalciferol,50000,1.0
202208,Peterborough,Colecalciferol,800,11.0
202208,Peterborough,Colecalciferol,880,32.0
202208,Peterborough,Colecalciferol,unknown,21.0
202208,Plymouth,Colecalciferol,1000,62.0
202208,Plymouth,Colecalciferol,200,29.0
202208,Plymouth,Colecalciferol,2000,7.0
202208,Plymouth,Colecalciferol,25000,3.0
202208,Plymouth,Colecalciferol,400,64.0
202208,Plymouth,Colecalciferol,5000,1.0
202208,Plymouth,Colecalciferol,800,15.0
202208,Plymouth,Colecalciferol,880,29.0
202208,Plymouth,Colecalciferol,unknown,79.0
202208,Sunderland,Colecalciferol,1000,38.0
202208,Sunderland,Colecalciferol,10000,1.0
202208,Sunderland,Colecalciferol,200,86.0
202208,Sunderland,Colecalciferol,20000,20.0
202208,Sunderland,Colecalciferol,25000,1.0
202208,Sunderland,Colecalciferol,400,113.0
202208,Sunderland,Colecalciferol,800,273.0
202208,Sunderland,Colecalciferol,880,14.0
202208,Sunderland,Colecalciferol,unknown,494.0
202208,York,Colecalciferol,1000,215.0
202208,York,Colecalciferol,10000,9.0
202208,York,Colecalciferol,200,425.0
202208,York,Colecalciferol,2000,5.0
202208,York,Colecalciferol,20000,6.0
202208,York,Colecalciferol,2400,2.0
202208,York,Colecalciferol,25000,27.0
202208,York,Colecalciferol,3000,4.0
202208,York,Colecalciferol,3200,2.0
202208,York,Colecalciferol,400,410.0
202208,York,Colecalciferol,4000,2.0
202208,York,Colecalciferol,440,3.0
202208,York,Colecalciferol,50000,11.0
202208,York,Colecalciferol,5600,2.0
202208,York,Colecalciferol,800,635.0
202208,York,Colecalciferol,880,47.0
202208,York,Colecalciferol,unknown,908.0
202209,Birmingham,Colecalciferol,1000,1007.0
202209,Birmingham,Colecalciferol,10000,65.0
202209,Birmingham,Colecalciferol,200,2392.0
202209,Birmingham,Colecalciferol,2000,41.0
202209,Birmingham,Colecalciferol,20000,316.0
202209,Birmingham,Colecalciferol,2200,5.0
202209,Birmingham,Colecalciferol,2400,18.0
202209,Birmingham,Colecalciferol,2500,3.0
202209,Birmingham,Colecalciferol,25000,337.0
202209,Birmingham,Colecalciferol,2740,5.0
202209,Birmingham,Colecalciferol,3000,12.0
202209,Birmingham,Colecalciferol,30000,1.0
202209,Birmingham,Colecalciferol,3200,89.0
202209,Birmingham,Colecalciferol,400,1135.0
202209,Birmingham,Colecalciferol,4000,13.0
202209,Birmingham,Colecalciferol,40000,1.0
202209,Birmingham,Colecalciferol,440,10.0
202209,Birmingham,Colecalciferol,5000,2.0
202209,Birmingham,Colecalciferol,50000,435.0
202209,Birmingham,Colecalciferol,5600,3.0
202209,Birmingham,Colecalciferol,600,2.0
202209,Birmingham,Colecalciferol,800,3888.0
202209,Birmingham,Colecalciferol,880,149.0
202209,Birmingham,Colecalciferol,unknown,1853.0
202209,Brighton,Colecalciferol,200,24.0
202209,Brighton,Colecalciferol,2000,1.0
202209,Brighton,Colecalciferol,20000,9.0
202209,Brighton,Colecalciferol,3000,1.0
202209,Brighton,Colecalciferol,3200,2.0
202209,Brighton,Colecalciferol,400,135.0
202209,Brighton,Colecalciferol,4000,2.0
202209,Brighton,Colecalciferol,800,68.0
202209,Brighton,Colecalciferol,unknown,65.0
202209,Bristol,Colecalciferol,1000,306.0
202209,Bristol,Colecalciferol,10000,10.0
202209,Bristol,Colecalciferol,200,675.0
202209,Bristol,Colecalciferol,2000,1.0
202209,Bristol,Colecalciferol,20000,24.0
202209,Bristol,Colecalciferol,2200,2.0
202209,Bristol,Colecalciferol,2400,1.0
202209,Bristol,Colecalciferol,25000,104.0
202209,Bristol,Colecalciferol,2740,1.0
202209,Bristol,Colecalciferol,3000,5.0
202209,Bristol,Colecalciferol,3200,3.0
202209,Bristol,Colecalciferol,400,1602.0
202209,Bristol,Colecalciferol,4000,7.0
202209,Bristol,Colecalciferol,40000,1.0
202209,Bristol,Colecalciferol,440,5.0
202209,Bristol,Colecalciferol,50000,4.0
202209,Bristol,Colecalciferol,5600,1.0
202209,Bristol,Colecalciferol,600,1.0
202209,Bristol,Colecalciferol,800,1679.0
202209,Bristol,Colecalciferol,880,182.0
202209,Bristol,Colecalciferol,unknown,1014.0
202209,Canterbury,Colecalciferol,1000,189.0
202209,Canterbury,Colecalciferol,10000,2.0
202209,Canterbury,Colecalciferol,200,324.0
202209,Canterbury,Colecalciferol,2000,1.0
202209,Canterbury,Colecalciferol,20000,20.0
202209,Canterbury,Colecalciferol,2400,1.0
202209,Canterbury,Colecalciferol,2500,2.0
202209,Canterbury,Colecalciferol,25000,1.0
202209,Canterbury,Colecalciferol,3200,8.0
202209,Canterbury,Colecalciferol,400,643.0
202209,Canterbury,Colecalciferol,4000,2.0
202209,Canterbury,Colecalciferol,440,4.0
202209,Canterbury,Colecalciferol,5000,2.0
202209,Canterbury,Colecalciferol,800,280.0
202209,Canterbury,Colecalciferol,880,32.0
202209,Canterbury,Colecalciferol,unknown,607.0
202209,Exeter,Colecalciferol,1000,29.0
202209,Exeter,Colecalciferol,200,15.0
202209,Exeter,Colecalciferol,400,9.0
202209,Exeter,Colecalciferol,800,11.0
202209,Exeter,Colecalciferol,880,169.0
202209,Exeter,Colecalciferol,unknown,62.0
202209,Leeds,Colecalciferol,1000,640.0
202209,Leeds,Colecalciferol,10000,7.0
202209,Leeds,Colecalciferol,200,166.0
202209,Leeds,Colecalciferol,2000,14.0
202209,Leeds,Colecalciferol,20000,45.0
202209,Leeds,Colecalciferol,2400,3.0
202209,Leeds,Colecalciferol,25000,7.0
202209,Leeds,Colecalciferol,400,719.0
202209,Leeds,Colecalciferol,4000,4.0
202209,Leeds,Colecalciferol,40000,8.0
202209,Leeds,Colecalciferol,440,1.0
202209,Leeds,Colecalciferol,50000,16.0
202209,Leeds,Colecalciferol,600,1.0
202209,Leeds,Colecalciferol,800,537.0
202209,Leeds,Colecalciferol,880,7.0
202209,Leeds,Colecalciferol,unknown,585.0
202209,London,Colecalciferol,1000,30050.0
202209,London,Colecalciferol,10000,639.0
202209,London,Colecalciferol,15000,16.0
202209,London,Colecalciferol,200,17044.0
202209,London,Colecalciferol,2000,879.0
202209,London,Colecalciferol,20000,10815.0
202209,London,Colecalciferol,2200,52.0
202209,London,Colecalciferol,2400,99.0
202209,London,Colecalciferol,2500,65.0
202209,London,Colecalciferol,25000,2357.0
202209,London,Colecalciferol,2740,84.0
202209,London,Colecalciferol,3000,271.0
202209,London,Colecalciferol,30000,3.0
202209,London,Colecalciferol,300000,1.0
202209,London,Colecalciferol,3200,259.0
202209,London,Colecalciferol,400,43300.0
202209,London,Colecalciferol,4000,227.0
202209,London,Colecalciferol,40000,287.0
202209,London,Colecalciferol,440,241.0
202209,London,Colecalciferol,5000,373.0
202209,London,Colecalciferol,50000,85.0
202209,London,Colecalciferol,5600,14.0
202209,London,Colecalciferol,600,28.0
202209,London,Colecalciferol,800,24523.0
202209,London,Colecalciferol,880,2031.0
202209,London,Colecalciferol,unknown,40823.0
202209,Manchester,Colecalciferol,1000,549.0
202209,Manchester,Colecalciferol,10000,33.0
202209,Manchester,Colecalciferol,200,3038.0
202209,Manchester,Colecalciferol,2000,27.0
202209,Manchester,Colecalciferol,20000,1204.0
202209,Manchester,Colecalciferol,2200,3.0
202209,Manchester,Colecalciferol,2400,7.0
202209,Manchester,Colecalciferol,25000,37.0
202209,Manchester,Colecalciferol,2740,17.0
202209,Manchester,Colecalciferol,3000,7.0
202209,Manchester,Colecalciferol,3200,46.0
202209,Manchester,Colecalciferol,400,2457.0
202209,Manchester,Colecalciferol,4000,13.0
202209,Manchester,Colecalciferol,40000,11.0
202209,Manchester,Colecalciferol,440,19.0
202209,Manchester,Colecalciferol,5000,5.0
202209,Manchester,Colecalciferol,50000,13.0
202209,Manchester,Colecalciferol,5600,8.0
202209,Manchester,Colecalciferol,600,3.0
202209,Manchester,Colecalciferol,800,2100.0
202209,Manchester,Colecalciferol,880,504.0
202209,Manchester,Colecalciferol,unknown,5622.0
202209,Middlesbrough,Colecalciferol,1000,85.0
202209,Middlesbrough,Colecalciferol,10000,3.0
202209,Middlesbrough,Colecalciferol,200,63.0
202209,Middlesbrough,Colecalciferol,2000,8.0
202209,Middlesbrough,Colecalciferol,20000,15.0
202209,Middlesbrough,Colecalciferol,3200,1.0
202209,Middlesbrough,Colecalciferol,400,154.0
202209,Middlesbrough,Colecalciferol,4000,1.0
202209,Middlesbrough,Colecalciferol,5000,1.0
202209,Middlesbrough,Colecalciferol,800,278.0
202209,Middlesbrough,Colecalciferol,880,61.0
202209,Middlesbrough,Colecalciferol,unknown,124.0
202209,Newcastle upon Tyne,Colecalciferol,1000,25.0
202209,Newcastle upon Tyne,Colecalciferol,10000,2.0
202209,Newcastle upon Tyne,Colecalciferol,200,222.0
202209,Newcastle upon Tyne,Colecalciferol,2000,4.0
202209,Newcastle upon Tyne,Colecalciferol,20000,129.0
202209,Newcastle upon Tyne,Colecalciferol,2500,1.0
202209,Newcastle upon Tyne,Colecalciferol,25000,4.0
202209,Newcastle upon Tyne,Colecalciferol,2740,35.0
202209,Newcastle upon Tyne,Colecalciferol,3200,4.0
202209,Newcastle upon Tyne,Colecalciferol,400,1629.0
202209,Newcastle upon Tyne,Colecalciferol,440,2.0
202209,Newcastle upon Tyne,Colecalciferol,50000,1.0
202209,Newcastle upon Tyne,Colecalciferol,5600,11.0
202209,Newcastle upon Tyne,Colecalciferol,800,5206.0
202209,Newcastle upon Tyne,Colecalciferol,880,21.0
202209,Newcastle upon Tyne,Colecalciferol,unknown,999.0
202209,Nottingham,Colecalciferol,1000,2675.0
202209,Nottingham,Colecalciferol,10000,4.0
202209,Nottingham,Colecalciferol,200,512.0
202209,Nottingham,Colecalciferol,2000,15.0
202209,Nottingham,Colecalciferol,20000,69.0
202209,Nottingham,Colecalciferol,2200,3.0
202209,Nottingham,Colecalciferol,2400,1.0
202209,Nottingham,Colecalciferol,2500,1.0
202209,Nottingham,Colecalciferol,25000,70.0
202209,Nottingham,Colecalciferol,2740,49.0
202209,Nottingham,Colecalciferol,3000,1.0
202209,Nottingham,Colecalciferol,3200,7.0
202209,Nottingham,Colecalciferol,400,584.0
202209,Nottingham,Colecalciferol,4000,4.0
202209,Nottingham,Colecalciferol,40000,2.0
202209,Nottingham,Colecalciferol,440,2.0
202209,Nottingham,Colecalciferol,5000,6.0
202209,Nottingham,Colecalciferol,50000,103.0
202209,Nottingham,Colecalciferol,5600,1.0
202209,Nottingham,Colecalciferol,800,2259.0
202209,Nottingham,Colecalciferol,880,2.0
202209,Nottingham,Colecalciferol,unknown,967.0
202209,Peterborough,Colecalciferol,1000,6.0
202209,Peterborough,Colecalciferol,200,12.0
202209,Peterborough,Colecalciferol,2740,2.0
202209,Peterborough,Colecalciferol,3200,4.0
202209,Peterborough,Colecalciferol,400,42.0
202209,Peterborough,Colecalciferol,50000,3.0
202209,Peterborough,Colecalciferol,800,9.0
202209,Peterborough,Colecalciferol,880,24.0
202209,Peterborough,Colecalciferol,unknown,31.0
202209,Plymouth,Colecalciferol,1000,56.0
202209,Plymouth,Colecalciferol,200,36.0
202209,Plymouth,Colecalciferol,2000,6.0
202209,Plymouth,Colecalciferol,25000,6.0
202209,Plymouth,Colecalciferol,400,51.0
202209,Plymouth,Colecalciferol,800,23.0
202209,Plymouth,Colecalciferol,880,25.0
202209,Plymouth,Colecalciferol,unknown,72.0
202209,Sunderland,Colecalciferol,1000,37.0
202209,Sunderland,Colecalciferol,10000,2.0
202209,Sunderland,Colecalciferol,200,62.0
202209,Sunderland,Colecalciferol,20000,21.0
202209,Sunderland,Colecalciferol,400,98.0
202209,Sunderland,Colecalciferol,50000,2.0
202209,Sunderland,Colecalciferol,800,260.0
202209,Sunderland,Colecalciferol,880,10.0
202209,Sunderland,Colecalciferol,unknown,515.0
202209,York,Colecalciferol,1000,243.0
202209,York,Colecalciferol,10000,7.0
202209,York,Colecalciferol,200,380.0
202209,York,Colecalciferol,2000,8.0
202209,York,Colecalciferol,20000,3.0
202209,York,Colecalciferol,2400,1.0
202209,York,Colecalciferol,25000,35.0
202209,York,Colecalciferol,3000,2.0
202209,York,Colecalciferol,3200,1.0
202209,York,Colecalciferol,400,358.0
202209,York,Colecalciferol,4000,2.0
202209,York,Colecalciferol,440,3.0
202209,York,Colecalciferol,5000,1.0
202209,York,Colecalciferol,50000,18.0
202209,York,Colecalciferol,5600,1.0
202209,York,Colecalciferol,800,553.0
202209,York,Colecalciferol,880,46.0
202209,York,Colecalciferol,unknown,799.0
202210,Birmingham,Colecalciferol,1000,940.0
202210,Birmingham,Colecalciferol,10000,55.0
202210,Birmingham,Colecalciferol,15000,1.0
202210,Birmingham,Colecalciferol,200,2179.0
202210,Birmingham,Colecalciferol,2000,46.0
202210,Birmingham,Colecalciferol,20000,370.0
202210,Birmingham,Colecalciferol,2200,5.0
202210,Birmingham,Colecalciferol,2400,15.0
202210,Birmingham,Colecalciferol,2500,4.0
202210,Birmingham,Colecalciferol,25000,336.0
202210,Birmingham,Colecalciferol,2740,6.0
202210,Birmingham,Colecalciferol,3000,14.0
202210,Birmingham,Colecalciferol,3200,90.0
202210,Birmingham,Colecalciferol,400,1165.0
202210,Birmingham,Colecalciferol,4000,23.0
202210,Birmingham,Colecalciferol,440,9.0
202210,Birmingham,Colecalciferol,5000,4.0
202210,Birmingham,Colecalciferol,50000,586.0
202210,Birmingham,Colecalciferol,5600,5.0
202210,Birmingham,Colecalciferol,600,1.0
202210,Birmingham,Colecalciferol,800,3825.0
202210,Birmingham,Colecalciferol,880,155.0
202210,Birmingham,Colecalciferol,unknown,1733.0
202210,Brighton,Colecalciferol,200,19.0
202210,Brighton,Colecalciferol,2000,1.0
202210,Brighton,Colecalciferol,20000,10.0
202210,Brighton,Colecalciferol,2500,1.0
202210,Brighton,Colecalciferol,3200,1.0
202210,Brighton,Colecalciferol,400,119.0
202210,Brighton,Colecalciferol,4000,3.0
202210,Brighton,Colecalciferol,50000,1.0
202210,Brighton,Colecalciferol,800,55.0
202210,Brighton,Colecalciferol,unknown,60.0
202210,Bristol,Colecalciferol,1000,309.0
202210,Bristol,Colecalciferol,10000,4.0
202210,Bristol,Colecalciferol,15000,1.0
202210,Bristol,Colecalciferol,200,686.0
202210,Bristol,Colecalciferol,20000,24.0
202210,Bristol,Colecalciferol,25000,117.0
202210,Bristol,Colecalciferol,2740,1.0
202210,Bristol,Colecalciferol,3000,4.0
202210,Bristol,Colecalciferol,3200,8.0
202210,Bristol,Colecalciferol,400,1742.0
202210,Bristol,Colecalciferol,4000,5.0
202210,Bristol,Colecalciferol,40000,4.0
202210,Bristol,Colecalciferol,440,5.0
202210,Bristol,Colecalciferol,50000,7.0
202210,Bristol,Colecalciferol,600,1.0
202210,Bristol,Colecalciferol,800,1866.0
202210,Bristol,Colecalciferol,880,198.0
202210,Bristol,Colecalciferol,unknown,1060.0
202210,Canterbury,Colecalciferol,1000,180.0
202210,Canterbury,Colecalciferol,10000,5.0
202210,Canterbury,Colecalciferol,200,351.0
202210,Canterbury,Colecalciferol,2000,2.0
202210,Canterbury,Colecalciferol,20000,10.0
202210,Canterbury,Colecalciferol,2200,1.0
202210,Canterbury,Colecalciferol,2400,1.0
202210,Canterbury,Colecalciferol,2500,3.0
202210,Canterbury,Colecalciferol,25000,1.0
202210,Canterbury,Colecalciferol,3200,4.0
202210,Canterbury,Colecalciferol,400,614.0
202210,Canterbury,Colecalciferol,40000,3.0
202210,Canterbury,Colecalciferol,440,3.0
202210,Canterbury,Colecalciferol,5000,3.0
202210,Canterbury,Colecalciferol,50000,2.0
202210,Canterbury,Colecalciferol,800,291.0
202210,Canterbury,Colecalciferol,880,25.0
202210,Canterbury,Colecalciferol,unknown,616.0
202210,Exeter,Colecalciferol,1000,37.0
202210,Exeter,Colecalciferol,200,14.0
202210,Exeter,Colecalciferol,25000,1.0
202210,Exeter,Colecalciferol,400,8.0
202210,Exeter,Colecalciferol,800,17.0
202210,Exeter,Colecalciferol,880,166.0
202210,Exeter,Colecalciferol,unknown,57.0
202210,Leeds,Colecalciferol,1000,622.0
202210,Leeds,Colecalciferol,10000,6.0
202210,Leeds,Colecalciferol,200,185.0
202210,Leeds,Colecalciferol,2000,13.0
202210,Leeds,Colecalciferol,20000,55.0
202210,Leeds,Colecalciferol,2200,1.0
202210,Leeds,Colecalciferol,2400,2.0
202210,Leeds,Colecalciferol,2500,2.0
202210,Leeds,Colecalciferol,25000,13.0
202210,Leeds,Colecalciferol,3000,2.0
202210,Leeds,Colecalciferol,3200,1.0
202210,Leeds,Colecalciferol,400,679.0
202210,Leeds,Colecalciferol,4000,1.0
202210,Leeds,Colecalciferol,40000,12.0
202210,Leeds,Colecalciferol,440,1.0
202210,Leeds,Colecalciferol,50000,11.0
202210,Leeds,Colecalciferol,600,1.0
202210,Leeds,Colecalciferol,800,525.0
202210,Leeds,Colecalciferol,880,11.0
202210,Leeds,Colecalciferol,unknown,592.0
202210,London,Colecalciferol,1000,30663.0
202210,London,Colecalciferol,10000,677.0
202210,London,Colecalciferol,15000,16.0
202210,London,Colecalciferol,200,16875.0
202210,London,Colecalciferol,2000,882.0
202210,London,Colecalciferol,20000,11193.0
202210,London,Colecalciferol,2200,44.0
202210,London,Colecalciferol,2400,128.0
202210,London,Colecalciferol,2500,104.0
202210,London,Colecalciferol,25000,2454.0
202210,London,Colecalciferol,2740,70.0
202210,London,Colecalciferol,3000,292.0
202210,London,Colecalciferol,30000,1.0
202210,London,Colecalciferol,300000,4.0
202210,London,Colecalciferol,3200,300.0
202210,London,Colecalciferol,400,44011.0
202210,London,Colecalciferol,4000,167.0
202210,London,Colecalciferol,40000,346.0
202210,London,Colecalciferol,440,214.0
202210,London,Colecalciferol,5000,408.0
202210,London,Colecalciferol,50000,70.0
202210,London,Colecalciferol,5600,17.0
202210,London,Colecalciferol,600,32.0
202210,London,Colecalciferol,800,24997.0
202210,London,Colecalciferol,880,1973.0
202210,London,Colecalciferol,unknown,40759.0
202210,Manchester,Colecalciferol,1000,599.0
202210,Manchester,Colecalciferol,10000,38.0
202210,Manchester,Colecalciferol,200,3042.0
202210,Manchester,Colecalciferol,2000,34.0
202210,Manchester,Colecalciferol,20000,1181.0
202210,Manchester,Colecalciferol,2400,5.0
202210,Manchester,Colecalciferol,2500,2.0
202210,Manchester,Colecalciferol,25000,53.0
202210,Manchester,Colecalciferol,2740,11.0
202210,Manchester,Colecalciferol,3000,8.0
202210,Manchester,Colecalciferol,3200,45.0
202210,Manchester,Colecalciferol,400,2326.0
202210,Manchester,Colecalciferol,4000,13.0
202210,Manchester,Colecalciferol,40000,9.0
202210,Manchester,Colecalciferol,440,18.0
202210,Manchester,Colecalciferol,5000,2.0
202210,Manchester,Colecalciferol,50000,31.0
202210,Manchester,Colecalciferol,5600,8.0
202210,Manchester,Colecalciferol,600,6.0
202210,Manchester,Colecalciferol,800,2015.0
202210,Manchester,Colecalciferol,880,493.0
202210,Manchester,Colecalciferol,unknown,5407.0
202210,Middlesbrough,Colecalciferol,1000,78.0
202210,Middlesbrough,Colecalciferol,10000,1.0
202210,Middlesbrough,Colecalciferol,200,68.0
202210,Middlesbrough,Colecalciferol,2000,6.0
202210,Middlesbrough,Colecalciferol,20000,13.0
202210,Middlesbrough,Colecalciferol,3000,3.0
202210,Middlesbrough,Colecalciferol,30000,1.0
202210,Middlesbrough,Colecalciferol,3200,1.0
202210,Middlesbrough,Colecalciferol,400,139.0
202210,Middlesbrough,Colecalciferol,5000,1.0
202210,Middlesbrough,Colecalciferol,800,243.0
202210,Middlesbrough,Colecalciferol,880,51.0
202210,Middlesbrough,Colecalciferol,unknown,117.0
202210,Newcastle upon Tyne,Colecalciferol,1000,29.0
202210,Newcastle upon Tyne,Colecalciferol,10000,1.0
202210,Newcastle upon Tyne,Colecalciferol,200,195.0
202210,Newcastle upon Tyne,Colecalciferol,2000,3.0
202210,Newcastle upon Tyne,Colecalciferol,20000,138.0
202210,Newcastle upon Tyne,Colecalciferol,2400,1.0
202210,Newcastle upon Tyne,Colecalciferol,2500,1.0
202210,Newcastle upon Tyne,Colecalciferol,25000,2.0
202210,Newcastle upon Tyne,Colecalciferol,2740,23.0
202210,Newcastle upon Tyne,Colecalciferol,3200,4.0
202210,Newcastle upon Tyne,Colecalciferol,400,1629.0
202210,Newcastle upon Tyne,Colecalciferol,440,3.0
202210,Newcastle upon Tyne,Colecalciferol,50000,2.0
202210,Newcastle upon Tyne,Colecalciferol,5600,7.0
202210,Newcastle upon Tyne,Colecalciferol,600,1.0
202210,Newcastle upon Tyne,Colecalciferol,800,5130.0
202210,Newcastle upon Tyne,Colecalciferol,880,13.0
202210,Newcastle upon Tyne,Colecalciferol,unknown,936.0
202210,Nottingham,Colecalciferol,1000,2711.0
202210,Nottingham,Colecalciferol,10000,6.0
202210,Nottingham,Colecalciferol,200,515.0
202210,Nottingham,Colecalciferol,2000,19.0
202210,Nottingham,Colecalciferol,20000,78.0
202210,Nottingham,Colecalciferol,2200,3.0
202210,Nottingham,Colecalciferol,2400,4.0
202210,Nottingham,Colecalciferol,2500,1.0
202210,Nottingham,Colecalciferol,25000,67.0
202210,Nottingham,Colecalciferol,2740,36.0
202210,Nottingham,Colecalciferol,3000,2.0
202210,Nottingham,Colecalciferol,3200,13.0
202210,Nottingham,Colecalciferol,400,539.0
202210,Nottingham,Colecalciferol,4000,4.0
202210,Nottingham,Colecalciferol,40000,3.0
202210,Nottingham,Colecalciferol,440,4.0
202210,Nottingham,Colecalciferol,5000,4.0
202210,Nottingham,Colecalciferol,50000,148.0
202210,Nottingham,Colecalciferol,800,2222.0
202210,Nottingham,Colecalciferol,880,2.0
202210,Nottingham,Colecalciferol,unknown,958.0
202210,Peterborough,Colecalciferol,1000,8.0
202210,Peterborough,Colecalciferol,200,10.0
202210,Peterborough,Colecalciferol,3200,4.0
202210,Peterborough,Colecalciferol,400,39.0
202210,Peterborough,Colecalciferol,800,12.0
202210,Peterborough,Colecalciferol,880,25.0
202210,Peterborough,Colecalciferol,unknown,25.0
202210,Plymouth,Colecalciferol,1000,65.0
202210,Plymouth,Colecalciferol,200,35.0
202210,Plymouth,Colecalciferol,2000,7.0
202210,Plymouth,Colecalciferol,20000,1.0
202210,Plymouth,Colecalciferol,25000,5.0
202210,Plymouth,Colecalciferol,400,64.0
202210,Plymouth,Colecalciferol,440,1.0
202210,Plymouth,Colecalciferol,5000,1.0
202210,Plymouth,Colecalciferol,800,15.0
202210,Plymouth,Colecalciferol,880,27.0
202210,Plymouth,Colecalciferol,unknown,84.0
202210,Sunderland,Colecalciferol,1000,37.0
202210,Sunderland,Colecalciferol,200,79.0
202210,Sunderland,Colecalciferol,20000,21.0
202210,Sunderland,Colecalciferol,25000,2.0
202210,Sunderland,Colecalciferol,2740,1.0
202210,Sunderland,Colecalciferol,400,92.0
202210,Sunderland,Colecalciferol,800,255.0
202210,Sunderland,Colecalciferol,880,20.0
202210,Sunderland,Colecalciferol,unknown,538.0
202210,York,Colecalciferol,1000,220.0
202210,York,Colecalciferol,10000,8.0
202210,York,Colecalciferol,200,421.0
202210,York,Colecalciferol,2000,3.0
202210,York,Colecalciferol,20000,4.0
202210,York,Colecalciferol,25000,35.0
202210,York,Colecalciferol,3000,4.0
202210,York,Colecalciferol,3200,3.0
202210,York,Colecalciferol,400,406.0
202210,York,Colecalciferol,4000,1.0
202210,York,Colecalciferol,40000,1.0
202210,York,Colecalciferol,440,2.0
202210,York,Colecalciferol,50000,18.0
202210,York,Colecalciferol,5600,2.0
202210,York,Colecalciferol,800,667.0
202210,York,Colecalciferol,880,41.0
202210,York,Colecalciferol,unknown,877.0
202211,Birmingham,Colecalciferol,1000,996.0
202211,Birmingham,Colecalciferol,10000,67.0
202211,Birmingham,Colecalciferol,15000,2.0
202211,Birmingham,Colecalciferol,200,2240.0
202211,Birmingham,Colecalciferol,2000,45.0
202211,Birmingham,Colecalciferol,20000,370.0
202211,Birmingham,Colecalciferol,2200,4.0
202211,Birmingham,Colecalciferol,2400,12.0
202211,Birmingham,Colecalciferol,2500,3.0
202211,Birmingham,Colecalciferol,25000,401.0
202211,Birmingham,Colecalciferol,2740,8.0
202211,Birmingham,Colecalciferol,3000,17.0
202211,Birmingham,Colecalciferol,3200,83.0
202211,Birmingham,Colecalciferol,400,1168.0
202211,Birmingham,Colecalciferol,4000,26.0
202211,Birmingham,Colecalciferol,40000,1.0
202211,Birmingham,Colecalciferol,440,9.0
202211,Birmingham,Colecalciferol,5000,4.0
202211,Birmingham,Colecalciferol,50000,596.0
202211,Birmingham,Colecalciferol,5600,2.0
202211,Birmingham,Colecalciferol,800,3913.0
202211,Birmingham,Colecalciferol,880,172.0
202211,Birmingham,Colecalciferol,unknown,1835.0
202211,Brighton,Colecalciferol,200,23.0
202211,Brighton,Colecalciferol,20000,17.0
202211,Brighton,Colecalciferol,3200,2.0
202211,Brighton,Colecalciferol,400,129.0
202211,Brighton,Colecalciferol,50000,1.0
202211,Brighton,Colecalciferol,600,1.0
202211,Brighton,Colecalciferol,800,59.0
202211,Brighton,Colecalciferol,unknown,67.0
202211,Bristol,Colecalciferol,1000,314.0
202211,Bristol,Colecalciferol,10000,7.0
202211,Bristol,Colecalciferol,200,720.0
202211,Bristol,Colecalciferol,2000,3.0
202211,Bristol,Colecalciferol,20000,43.0
202211,Bristol,Colecalciferol,2200,1.0
202211,Bristol,Colecalciferol,2400,1.0
202211,Bristol,Colecalciferol,25000,107.0
202211,Bristol,Colecalciferol,2740,1.0
202211,Bristol,Colecalciferol,3000,5.0
202211,Bristol,Colecalciferol,3200,5.0
202211,Bristol,Colecalciferol,400,1776.0
202211,Bristol,Colecalciferol,4000,6.0
202211,Bristol,Colecalciferol,40000,1.0
202211,Bristol,Colecalciferol,440,4.0
202211,Bristol,Colecalciferol,50000,3.0
202211,Bristol,Colecalciferol,5600,1.0
202211,Bristol,Colecalciferol,600,1.0
202211,Bristol,Colecalciferol,800,1885.0
202211,Bristol,Colecalciferol,880,201.0
202211,Bristol,Colecalciferol,unknown,1037.0
202211,Canterbury,Colecalciferol,1000,177.0
202211,Canterbury,Colecalciferol,10000,4.0
202211,Canterbury,Colecalciferol,200,325.0
202211,Canterbury,Colecalciferol,2000,2.0
202211,Canterbury,Colecalciferol,20000,21.0
202211,Canterbury,Colecalciferol,2500,1.0
202211,Canterbury,Colecalciferol,3200,2.0
202211,Canterbury,Colecalciferol,400,611.0
202211,Canterbury,Colecalciferol,4000,1.0
202211,Canterbury,Colecalciferol,40000,4.0
202211,Canterbury,Colecalciferol,440,3.0
202211,Canterbury,Colecalciferol,5000,1.0
202211,Canterbury,Colecalciferol,800,294.0
202211,Canterbury,Colecalciferol,880,26.0
202211,Canterbury,Colecalciferol,unknown,659.0
202211,Exeter,Colecalciferol,1000,29.0
202211,Exeter,Colecalciferol,200,11.0
202211,Exeter,Colecalciferol,2400,1.0
202211,Exeter,Colecalciferol,400,12.0
202211,Exeter,Colecalciferol,800,8.0
202211,Exeter,Colecalciferol,880,149.0
202211,Exeter,Colecalciferol,unknown,53.0
202211,Leeds,Colecalciferol,1000,676.0
202211,Leeds,Colecalciferol,10000,8.0
202211,Leeds,Colecalciferol,200,185.0
202211,Leeds,Colecalciferol,2000,16.0
202211,Leeds,Colecalciferol,20000,55.0
202211,Leeds,Colecalciferol,2400,2.0
202211,Leeds,Colecalciferol,25000,12.0
202211,Leeds,Colecalciferol,3000,1.0
202211,Leeds,Colecalciferol,400,738.0
202211,Leeds,Colecalciferol,4000,1.0
202211,Leeds,Colecalciferol,40000,12.0
202211,Leeds,Colecalciferol,440,1.0
202211,Leeds,Colecalciferol,50000,16.0
202211,Leeds,Colecalciferol,600,1.0
202211,Leeds,Colecalciferol,800,547.0
202211,Leeds,Colecalciferol,880,13.0
202211,Leeds,Colecalciferol,unknown,618.0
202211,London,Colecalciferol,1000,31025.0
202211,London,Colecalciferol,10000,831.0
202211,London,Colecalciferol,15000,26.0
202211,London,Colecalciferol,200,17376.0
202211,London,Colecalciferol,2000,907.0
202211,London,Colecalciferol,20000,11832.0
202211,London,Colecalciferol,2200,109.0
202211,London,Colecalciferol,2400,136.0
202211,London,Colecalciferol,2500,120.0
202211,London,Colecalciferol,25000,2650.0
202211,London,Colecalciferol,2740,84.0
202211,London,Colecalciferol,3000,251.0
202211,London,Colecalciferol,30000,4.0
202211,London,Colecalciferol,300000,2.0
202211,London,Colecalciferol,3200,270.0
202211,London,Colecalciferol,400,44224.0
202211,London,Colecalciferol,4000,272.0
202211,London,Colecalciferol,40000,449.0
202211,London,Colecalciferol,440,243.0
202211,London,Colecalciferol,5000,412.0
202211,London,Colecalciferol,50000,118.0
202211,London,Colecalciferol,5600,23.0
202211,London,Colecalciferol,600,28.0
202211,London,Colecalciferol,800,25144.0
202211,London,Colecalciferol,880,2033.0
202211,London,Colecalciferol,unknown,40958.0
202211,Manchester,Colecalciferol,1000,654.0
202211,Manchester,Colecalciferol,10000,44.0
202211,Manchester,Colecalciferol,200,3072.0
202211,Manchester,Colecalciferol,2000,29.0
202211,Manchester,Colecalciferol,20000,1357.0
202211,Manchester,Colecalciferol,2200,1.0
202211,Manchester,Colecalciferol,2400,7.0
202211,Manchester,Colecalciferol,2500,3.0
202211,Manchester,Colecalciferol,25000,48.0
202211,Manchester,Colecalciferol,2740,10.0
202211,Manchester,Colecalciferol,3000,6.0
202211,Manchester,Colecalciferol,3200,44.0
202211,Manchester,Colecalciferol,400,2409.0
202211,Manchester,Colecalciferol,4000,18.0
202211,Manchester,Colecalciferol,40000,15.0
202211,Manchester,Colecalciferol,440,21.0
202211,Manchester,Colecalciferol,5000,3.0
202211,Manchester,Colecalciferol,50000,40.0
202211,Manchester,Colecalciferol,5600,7.0
202211,Manchester,Colecalciferol,600,3.0
202211,Manchester,Colecalciferol,800,2012.0
202211,Manchester,Colecalciferol,880,499.0
202211,Manchester,Colecalciferol,unknown,5483.0
202211,Middlesbrough,Colecalciferol,1000,89.0
202211,Middlesbrough,Colecalciferol,10000,1.0
202211,Middlesbrough,Colecalciferol,200,67.0
202211,Middlesbrough,Colecalciferol,2000,5.0
202211,Middlesbrough,Colecalciferol,20000,20.0
202211,Middlesbrough,Colecalciferol,3200,1.0
202211,Middlesbrough,Colecalciferol,400,145.0
202211,Middlesbrough,Colecalciferol,5000,3.0
202211,Middlesbrough,Colecalciferol,800,270.0
202211,Middlesbrough,Colecalciferol,880,62.0
202211,Middlesbrough,Colecalciferol,unknown,130.0
202211,Newcastle upon Tyne,Colecalciferol,1000,35.0
202211,Newcastle upon Tyne,Colecalciferol,10000,6.0
202211,Newcastle upon Tyne,Colecalciferol,200,238.0
202211,Newcastle upon Tyne,Colecalciferol,2000,5.0
202211,Newcastle upon Tyne,Colecalciferol,20000,135.0
202211,Newcastle upon Tyne,Colecalciferol,2400,2.0
202211,Newcastle upon Tyne,Colecalciferol,2500,1.0
202211,Newcastle upon Tyne,Colecalciferol,25000,5.0
202211,Newcastle upon Tyne,Colecalciferol,2740,11.0
202211,Newcastle upon Tyne,Colecalciferol,3200,4.0
202211,Newcastle upon Tyne,Colecalciferol,400,1681.0
202211,Newcastle upon Tyne,Colecalciferol,440,2.0
202211,Newcastle upon Tyne,Colecalciferol,5000,1.0
202211,Newcastle upon Tyne,Colecalciferol,5600,8.0
202211,Newcastle upon Tyne,Colecalciferol,600,2.0
202211,Newcastle upon Tyne,Colecalciferol,800,5308.0
202211,Newcastle upon Tyne,Colecalciferol,880,18.0
202211,Newcastle upon Tyne,Colecalciferol,unknown,951.0
202211,Nottingham,Colecalciferol,1000,2781.0
202211,Nottingham,Colecalciferol,10000,9.0
202211,Nottingham,Colecalciferol,200,542.0
202211,Nottingham,Colecalciferol,2000,23.0
202211,Nottingham,Colecalciferol,20000,86.0
202211,Nottingham,Colecalciferol,2200,5.0
202211,Nottingham,Colecalciferol,2400,5.0
202211,Nottingham,Colecalciferol,25000,89.0
202211,Nottingham,Colecalciferol,2740,33.0
202211,Nottingham,Colecalciferol,3200,7.0
202211,Nottingham,Colecalciferol,400,591.0
202211,Nottingham,Colecalciferol,4000,5.0
202211,Nottingham,Colecalciferol,40000,2.0
202211,Nottingham,Colecalciferol,440,3.0
202211,Nottingham,Colecalciferol,5000,4.0
202211,Nottingham,Colecalciferol,50000,198.0
202211,Nottingham,Colecalciferol,5600,4.0
202211,Nottingham,Colecalciferol,800,2169.0
202211,Nottingham,Colecalciferol,880,1.0
202211,Nottingham,Colecalciferol,unknown,943.0
202211,Peterborough,Colecalciferol,1000,8.0
202211,Peterborough,Colecalciferol,200,9.0
202211,Peterborough,Colecalciferol,3200,3.0
202211,Peterborough,Colecalciferol,400,45.0
202211,Peterborough,Colecalciferol,800,8.0
202211,Peterborough,Colecalciferol,880,35.0
202211,Peterborough,Colecalciferol,unknown,27.0
202211,Plymouth,Colecalciferol,1000,56.0
202211,Plymouth,Colecalciferol,200,39.0
202211,Plymouth,Colecalciferol,2000,7.0
202211,Plymouth,Colecalciferol,20000,1.0
202211,Plymouth,Colecalciferol,25000,4.0
202211,Plymouth,Colecalciferol,400,52.0
202211,Plymouth,Colecalciferol,4000,1.0
202211,Plymouth,Colecalciferol,40000,1.0
202211,Plymouth,Colecalciferol,5000,1.0
202211,Plymouth,Colecalciferol,800,18.0
202211,Plymouth,Colecalciferol,880,27.0
202211,Plymouth,Colecalciferol,unknown,78.0
202211,Sunderland,Colecalciferol,1000,36.0
202211,Sunderland,Colecalciferol,10000,1.0
202211,Sunderland,Colecalciferol,200,61.0
202211,Sunderland,Colecalciferol,2000,1.0
202211,Sunderland,Colecalciferol,20000,12.0
202211,Sunderland,Colecalciferol,25000,2.0
202211,Sunderland,Colecalciferol,400,121.0
202211,Sunderland,Colecalciferol,50000,2.0
202211,Sunderland,Colecalciferol,800,261.0
202211,Sunderland,Colecalciferol,880,16.0
202211,Sunderland,Colecalciferol,unknown,519.0
202211,York,Colecalciferol,1000,252.0
202211,York,Colecalciferol,10000,10.0
202211,York,Colecalciferol,200,413.0
202211,York,Colecalciferol,2000,5.0
202211,York,Colecalciferol,20000,7.0
202211,York,Colecalciferol,2400,1.0
202211,York,Colecalciferol,25000,36.0
202211,York,Colecalciferol,3000,2.0
202211,York,Colecalciferol,3200,2.0
202211,York,Colecalciferol,400,407.0
202211,York,Colecalciferol,4000,1.0
202211,York,Colecalciferol,40000,1.0
202211,York,Colecalciferol,440,1.0
202211,York,Colecalciferol,5000,1.0
202211,York,Colecalciferol,50000,19.0
202211,York,Colecalciferol,5600,4.0
202211,York,Colecalciferol,800,611.0
202211,York,Colecalciferol,880,41.0
202211,York,Colecalciferol,unknown,893.0
202212,Birmingham,Colecalciferol,1000,1064.0
202212,Birmingham,Colecalciferol,10000,68.0
202212,Birmingham,Colecalciferol,15000,1.0
202212,Birmingham,Colecalciferol,200,2313.0
202212,Birmingham,Colecalciferol,2000,76.0
202212,Birmingham,Colecalciferol,20000,401.0
202212,Birmingham,Colecalciferol,2200,2.0
202212,Birmingham,Colecalciferol,2400,19.0
202212,Birmingham,Colecalciferol,2500,6.0
202212,Birmingham,Colecalciferol,25000,318.0
202212,Birmingham,Colecalciferol,2740,12.0
202212,Birmingham,Colecalciferol,3000,16.0
202212,Birmingham,Colecalciferol,3200,97.0
202212,Birmingham,Colecalciferol,400,1227.0
202212,Birmingham,Colecalciferol,4000,22.0
202212,Birmingham,Colecalciferol,40000,2.0
202212,Birmingham,Colecalciferol,440,8.0
202212,Birmingham,Colecalciferol,5000,4.0
202212,Birmingham,Colecalciferol,50000,493.0
202212,Birmingham,Colecalciferol,5600,5.0
202212,Birmingham,Colecalciferol,600,2.0
202212,Birmingham,Colecalciferol,800,3951.0
202212,Birmingham,Colecalciferol,880,169.0
202212,Birmingham,Colecalciferol,unknown,1807.0
202212,Brighton,Colecalciferol,10000,2.0
202212,Brighton,Colecalciferol,200,24.0
202212,Brighton,Colecalciferol,20000,21.0
202212,Brighton,Colecalciferol,3000,1.0
202212,Brighton,Colecalciferol,3200,1.0
202212,Brighton,Colecalciferol,400,113.0
202212,Brighton,Colecalciferol,4000,1.0
202212,Brighton,Colecalciferol,800,55.0
202212,Brighton,Colecalciferol,unknown,70.0
202212,Bristol,Colecalciferol,1000,315.0
202212,Bristol,Colecalciferol,10000,3.0
202212,Bristol,Colecalciferol,15000,1.0
202212,Bristol,Colecalciferol,200,707.0
202212,Bristol,Colecalciferol,2000,1.0
202212,Bristol,Colecalciferol,20000,32.0
202212,Bristol,Colecalciferol,2200,1.0
202212,Bristol,Colecalciferol,2400,1.0
202212,Bristol,Colecalciferol,2500,1.0
202212,Bristol,Colecalciferol,25000,97.0
202212,Bristol,Colecalciferol,2740,1.0
202212,Bristol,Colecalciferol,3000,7.0
202212,Bristol,Colecalciferol,3200,7.0
202212,Bristol,Colecalciferol,400,1696.0
202212,Bristol,Colecalciferol,4000,2.0
202212,Bristol,Colecalciferol,40000,3.0
202212,Bristol,Colecalciferol,440,6.0
202212,Bristol,Colecalciferol,50000,8.0
202212,Bristol,Colecalciferol,800,1914.0
202212,Bristol,Colecalciferol,880,182.0
202212,Bristol,Colecalciferol,unknown,1035.0
202212,Canterbury,Colecalciferol,1000,208.0
202212,Canterbury,Colecalciferol,10000,2.0
202212,Canterbury,Colecalciferol,200,355.0
202212,Canterbury,Colecalciferol,2000,1.0
202212,Canterbury,Colecalciferol,20000,21.0
202212,Canterbury,Colecalciferol,2500,3.0
202212,Canterbury,Colecalciferol,3200,4.0
202212,Canterbury,Colecalciferol,400,677.0
202212,Canterbury,Colecalciferol,440,8.0
202212,Canterbury,Colecalciferol,5000,3.0
202212,Canterbury,Colecalciferol,50000,3.0
202212,Canterbury,Colecalciferol,800,300.0
202212,Canterbury,Colecalciferol,880,28.0
202212,Canterbury,Colecalciferol,unknown,645.0
202212,Exeter,Colecalciferol,1000,37.0
202212,Exeter,Colecalciferol,200,15.0
202212,Exeter,Colecalciferol,25000,2.0
202212,Exeter,Colecalciferol,3200,1.0
202212,Exeter,Colecalciferol,400,12.0
202212,Exeter,Colecalciferol,800,12.0
202212,Exeter,Colecalciferol,880,166.0
202212,Exeter,Colecalciferol,unknown,51.0
202212,Leeds,Colecalciferol,1000,664.0
202212,Leeds,Colecalciferol,10000,4.0
202212,Leeds,Colecalciferol,200,180.0
202212,Leeds,Colecalciferol,2000,18.0
202212,Leeds,Colecalciferol,20000,50.0
202212,Leeds,Colecalciferol,2400,2.0
202212,Leeds,Colecalciferol,2500,1.0
202212,Leeds,Colecalciferol,25000,15.0
202212,Leeds,Colecalciferol,3000,1.0
202212,Leeds,Colecalciferol,3200,1.0
202212,Leeds,Colecalciferol,400,739.0
202212,Leeds,Colecalciferol,40000,8.0
202212,Leeds,Colecalciferol,440,1.0
202212,Leeds,Colecalciferol,50000,15.0
202212,Leeds,Colecalciferol,600,3.0
202212,Leeds,Colecalciferol,800,531.0
202212,Leeds,Colecalciferol,880,9.0
202212,Leeds,Colecalciferol,unknown,601.0
202212,London,Colecalciferol,1000,30848.0
202212,London,Colecalciferol,10000,706.0
202212,London,Colecalciferol,15000,20.0
202212,London,Colecalciferol,200,16784.0
202212,London,Colecalciferol,2000,870.0
202212,London,Colecalciferol,20000,11411.0
202212,London,Colecalciferol,2200,68.0
202212,London,Colecalciferol,2400,99.0
202212,London,Colecalciferol,2500,99.0
202212,London,Colecalciferol,25000,2493.0
202212,London,Colecalciferol,2740,94.0
202212,London,Colecalciferol,3000,301.0
202212,London,Colecalciferol,30000,3.0
202212,London,Colecalciferol,300000,3.0
202212,London,Colecalciferol,3200,288.0
202212,London,Colecalciferol,400,43675.0
202212,London,Colecalciferol,4000,286.0
202212,London,Colecalciferol,40000,426.0
202212,London,Colecalciferol,440,235.0
202212,London,Colecalciferol,5000,399.0
202212,London,Colecalciferol,50000,88.0
202212,London,Colecalciferol,5600,20.0
202212,London,Colecalciferol,600,40.0
202212,London,Colecalciferol,800,25103.0
202212,London,Colecalciferol,880,2004.0
202212,London,Colecalciferol,unknown,40770.0
202212,Manchester,Colecalciferol,1000,659.0
202212,Manchester,Colecalciferol,10000,48.0
202212,Manchester,Colecalciferol,200,3105.0
202212,Manchester,Colecalciferol,2000,30.0
202212,Manchester,Colecalciferol,20000,1353.0
202212,Manchester,Colecalciferol,2200,1.0
202212,Manchester,Colecalciferol,2400,9.0
202212,Manchester,Colecalciferol,2500,1.0
202212,Manchester,Colecalciferol,25000,46.0
202212,Manchester,Colecalciferol,2740,11.0
202212,Manchester,Colecalciferol,3000,8.0
202212,Manchester,Colecalciferol,3200,48.0
202212,Manchester,Colecalciferol,400,2397.0
202212,Manchester,Colecalciferol,4000,14.0
202212,Manchester,Colecalciferol,40000,9.0
202212,Manchester,Colecalciferol,440,26.0
202212,Manchester,Colecalciferol,5000,6.0
202212,Manchester,Colecalciferol,50000,28.0
202212,Manchester,Colecalciferol,5600,7.0
202212,Manchester,Colecalciferol,600,2.0
202212,Manchester,Colecalciferol,800,2152.0
202212,Manchester,Colecalciferol,880,510.0
202212,Manchester,Colecalciferol,unknown,5738.0
202212,Middlesbrough,Colecalciferol,1000,86.0
202212,Middlesbrough,Colecalciferol,200,70.0
202212,Middlesbrough,Colecalciferol,2000,2.0
202212,Middlesbrough,Colecalciferol,20000,24.0
202212,Middlesbrough,Colecalciferol,2400,1.0
202212,Middlesbrough,Colecalciferol,25000,1.0
202212,Middlesbrough,Colecalciferol,3000,1.0
202212,Middlesbrough,Colecalciferol,3200,1.0
202212,Middlesbrough,Colecalciferol,400,185.0
202212,Middlesbrough,Colecalciferol,800,297.0
202212,Middlesbrough,Colecalciferol,880,48.0
202212,Middlesbrough,Colecalciferol,unknown,148.0
202212,Newcastle upon Tyne,Colecalciferol,1000,33.0
202212,Newcastle upon Tyne,Colecalciferol,10000,7.0
202212,Newcastle upon Tyne,Colecalciferol,200,223.0
202212,Newcastle upon Tyne,Colecalciferol,2000,5.0
202212,Newcastle upon Tyne,Colecalciferol,20000,141.0
202212,Newcastle upon Tyne,Colecalciferol,2400,1.0
202212,Newcastle upon Tyne,Colecalciferol,25000,2.0
202212,Newcastle upon Tyne,Colecalciferol,2740,23.0
202212,Newcastle upon Tyne,Colecalciferol,3200,8.0
202212,Newcastle upon Tyne,Colecalciferol,400,1696.0
202212,Newcastle upon Tyne,Colecalciferol,440,7.0
202212,Newcastle upon Tyne,Colecalciferol,5600,6.0
202212,Newcastle upon Tyne,Colecalciferol,800,5444.0
202212,Newcastle upon Tyne,Colecalciferol,880,23.0
202212,Newcastle upon Tyne,Colecalciferol,unknown,996.0
202212,Nottingham,Colecalciferol,1000,2882.0
202212,Nottingham,Colecalciferol,10000,2.0
202212,Nottingham,Colecalciferol,200,553.0
202212,Nottingham,Colecalciferol,2000,17.0
202212,Nottingham,Colecalciferol,20000,100.0
202212,Nottingham,Colecalciferol,2200,2.0
202212,Nottingham,Colecalciferol,2400,2.0
202212,Nottingham,Colecalciferol,25000,95.0
202212,Nottingham,Colecalciferol,2740,41.0
202212,Nottingham,Colecalciferol,3000,1.0
202212,Nottingham,Colecalciferol,3200,6.0
202212,Nottingham,Colecalciferol,400,565.0
202212,Nottingham,Colecalciferol,4000,5.0
202212,Nottingham,Colecalciferol,440,6.0
202212,Nottingham,Colecalciferol,5000,8.0
202212,Nottingham,Colecalciferol,50000,154.0
202212,Nottingham,Colecalciferol,800,2247.0
202212,Nottingham,Colecalciferol,880,2.0
202212,Nottingham,Colecalciferol,unknown,919.0
202212,Peterborough,Colecalciferol,1000,11.0
202212,Peterborough,Colecalciferol,10000,1.0
202212,Peterborough,Colecalciferol,200,11.0
202212,Peterborough,Colecalciferol,3200,3.0
202212,Peterborough,Colecalciferol,400,52.0
202212,Peterborough,Colecalciferol,50000,2.0
202212,Peterborough,Colecalciferol,800,8.0
202212,Peterborough,Colecalciferol,880,28.0
202212,Peterborough,Colecalciferol,unknown,31.0
202212,Plymouth,Colecalciferol,1000,68.0
202212,Plymouth,Colecalciferol,200,37.0
202212,Plymouth,Colecalciferol,2000,8.0
202212,Plymouth,Colecalciferol,20000,3.0
202212,Plymouth,Colecalciferol,25000,4.0
202212,Plymouth,Colecalciferol,400,61.0
202212,Plymouth,Colecalciferol,4000,3.0
202212,Plymouth,Colecalciferol,5000,2.0
202212,Plymouth,Colecalciferol,800,17.0
202212,Plymouth,Colecalciferol,880,24.0
202212,Plymouth,Colecalciferol,unknown,79.0
202212,Sunderland,Colecalciferol,1000,31.0
202212,Sunderland,Colecalciferol,10000,2.0
202212,Sunderland,Colecalciferol,200,58.0
202212,Sunderland,Colecalciferol,20000,23.0
202212,Sunderland,Colecalciferol,25000,1.0
202212,Sunderland,Colecalciferol,400,100.0
202212,Sunderland,Colecalciferol,50000,1.0
202212,Sunderland,Colecalciferol,800,248.0
202212,Sunderland,Colecalciferol,880,19.0
202212,Sunderland,Colecalciferol,unknown,469.0
202212,York,Colecalciferol,1000,218.0
202212,York,Colecalciferol,10000,6.0
202212,York,Colecalciferol,200,424.0
202212,York,Colecalciferol,2000,3.0
202212,York,Colecalciferol,20000,8.0
202212,York,Colecalciferol,2200,1.0
202212,York,Colecalciferol,2400,1.0
202212,York,Colecalciferol,25000,38.0
202212,York,Colecalciferol,3000,3.0
202212,York,Colecalciferol,3200,1.0
202212,York,Colecalciferol,400,401.0
202212,York,Colecalciferol,4000,1.0
202212,York,Colecalciferol,40000,1.0
202212,York,Colecalciferol,440,2.0
202212,York,Colecalciferol,5000,1.0
202212,York,Colecalciferol,50000,12.0
202212,York,Colecalciferol,5600,2.0
202212,York,Colecalciferol,800,640.0
202212,York,Colecalciferol,880,49.0
202212,York,Colecalciferol,unknown,889.0
202301,Birmingham,Colecalciferol,1000,983.0
202301,Birmingham,Colecalciferol,10000,139.0
202301,Birmingham,Colecalciferol,200,2256.0
202301,Birmingham,Colecalciferol,2000,57.0
202301,Birmingham,Colecalciferol,20000,510.0
202301,Birmingham,Colecalciferol,2200,4.0
202301,Birmingham,Colecalciferol,2400,25.0
202301,Birmingham,Colecalciferol,2500,7.0
202301,Birmingham,Colecalciferol,25000,465.0
202301,Birmingham,Colecalciferol,2740,20.0
202301,Birmingham,Colecalciferol,3000,19.0
202301,Birmingham,Colecalciferol,3200,104.0
202301,Birmingham,Colecalciferol,400,1203.0
202301,Birmingham,Colecalciferol,4000,35.0
202301,Birmingham,Colecalciferol,40000,4.0
202301,Birmingham,Colecalciferol,440,3.0
202301,Birmingham,Colecalciferol,5000,3.0
202301,Birmingham,Colecalciferol,50000,705.0
202301,Birmingham,Colecalciferol,5600,7.0
202301,Birmingham,Colecalciferol,600,5.0
202301,Birmingham,Colecalciferol,800,4031.0
202301,Birmingham,Colecalciferol,880,150.0
202301,Birmingham,Colecalciferol,unknown,1795.0
202301,Brighton,Colecalciferol,10000,3.0
202301,Brighton,Colecalciferol,200,20.0
202301,Brighton,Colecalciferol,20000,20.0
202301,Brighton,Colecalciferol,2500,1.0
202301,Brighton,Colecalciferol,3200,1.0
202301,Brighton,Colecalciferol,400,111.0
202301,Brighton,Colecalciferol,4000,4.0
202301,Brighton,Colecalciferol,800,56.0
202301,Brighton,Colecalciferol,unknown,61.0
202301,Bristol,Colecalciferol,1000,276.0
202301,Bristol,Colecalciferol,10000,8.0
202301,Bristol,Colecalciferol,15000,1.0
202301,Bristol,Colecalciferol,200,671.0
202301,Bristol,Colecalciferol,2000,3.0
202301,Bristol,Colecalciferol,20000,39.0
202301,Bristol,Colecalciferol,2400,2.0
202301,Bristol,Colecalciferol,25000,82.0
202301,Bristol,Colecalciferol,2740,1.0
202301,Bristol,Colecalciferol,3000,5.0
202301,Bristol,Colecalciferol,3200,11.0
202301,Bristol,Colecalciferol,400,1728.0
202301,Bristol,Colecalciferol,4000,4.0
202301,Bristol,Colecalciferol,40000,2.0
202301,Bristol,Colecalciferol,440,7.0
202301,Bristol,Colecalciferol,50000,12.0
202301,Bristol,Colecalciferol,5600,1.0
202301,Bristol,Colecalciferol,800,1964.0
202301,Bristol,Colecalciferol,880,190.0
202301,Bristol,Colecalciferol,unknown,1031.0
202301,Canterbury,Colecalciferol,1000,194.0
202301,Canterbury,Colecalciferol,10000,7.0
202301,Canterbury,Colecalciferol,200,317.0
202301,Canterbury,Colecalciferol,2000,2.0
202301,Canterbury,Colecalciferol,20000,31.0
202301,Canterbury,Colecalciferol,25000,1.0
202301,Canterbury,Colecalciferol,2740,1.0
202301,Canterbury,Colecalciferol,3200,4.0
202301,Canterbury,Colecalciferol,400,630.0
202301,Canterbury,Colecalciferol,440,2.0
202301,Canterbury,Colecalciferol,5000,2.0
202301,Canterbury,Colecalciferol,50000,1.0
202301,Canterbury,Colecalciferol,800,297.0
202301,Canterbury,Colecalciferol,880,29.0
202301,Canterbury,Colecalciferol,unknown,661.0
202301,Exeter,Colecalciferol,1000,36.0
202301,Exeter,Colecalciferol,200,18.0
202301,Exeter,Colecalciferol,400,6.0
202301,Exeter,Colecalciferol,50000,1.0
202301,Exeter,Colecalciferol,800,9.0
202301,Exeter,Colecalciferol,880,153.0
202301,Exeter,Colecalciferol,unknown,57.0
202301,Leeds,Colecalciferol,1000,709.0
202301,Leeds,Colecalciferol,10000,5.0
202301,Leeds,Colecalciferol,200,168.0
202301,Leeds,Colecalciferol,2000,15.0
202301,Leeds,Colecalciferol,20000,73.0
202301,Leeds,Colecalciferol,2400,1.0
202301,Leeds,Colecalciferol,2500,1.0
202301,Leeds,Colecalciferol,25000,21.0
202301,Leeds,Colecalciferol,3000,1.0
202301,Leeds,Colecalciferol,3200,2.0
202301,Leeds,Colecalciferol,400,719.0
202301,Leeds,Colecalciferol,40000,17.0
202301,Leeds,Colecalciferol,440,1.0
202301,Leeds,Colecalciferol,50000,18.0
202301,Leeds,Colecalciferol,600,1.0
202301,Leeds,Colecalciferol,800,581.0
202301,Leeds,Colecalciferol,880,11.0
202301,Leeds,Colecalciferol,unknown,612.0
202301,London,Colecalciferol,1000,31427.0
202301,London,Colecalciferol,10000,848.0
202301,London,Colecalciferol,15000,27.0
202301,London,Colecalciferol,200,17471.0
202301,London,Colecalciferol,2000,952.0
202301,London,Colecalciferol,20000,12541.0
202301,London,Colecalciferol,2200,83.0
202301,London,Colecalciferol,2400,129.0
202301,London,Colecalciferol,2500,112.0
202301,London,Colecalciferol,25000,2871.0
202301,London,Colecalciferol,2740,117.0
202301,London,Colecalciferol,3000,281.0
202301,London,Colecalciferol,30000,1.0
202301,London,Colecalciferol,300000,4.0
202301,London,Colecalciferol,3200,272.0
202301,London,Colecalciferol,400,44372.0
202301,London,Colecalciferol,4000,289.0
202301,London,Colecalciferol,40000,553.0
202301,London,Colecalciferol,440,214.0
202301,London,Colecalciferol,5000,386.0
202301,London,Colecalciferol,50000,105.0
202301,London,Colecalciferol,5600,15.0
202301,London,Colecalciferol,600,34.0
202301,London,Colecalciferol,800,25164.0
202301,London,Colecalciferol,880,2101.0
202301,London,Colecalciferol,unknown,41103.0
202301,Manchester,Colecalciferol,1000,665.0
202301,Manchester,Colecalciferol,10000,58.0
202301,Manchester,Colecalciferol,200,3022.0
202301,Manchester,Colecalciferol,2000,37.0
202301,Manchester,Colecalciferol,20000,1646.0
202301,Manchester,Colecalciferol,2200,1.0
202301,Manchester,Colecalciferol,2400,9.0
202301,Manchester,Colecalciferol,2500,2.0
202301,Manchester,Colecalciferol,25000,51.0
202301,Manchester,Colecalciferol,2740,19.0
202301,Manchester,Colecalciferol,3000,7.0
202301,Manchester,Colecalciferol,3200,46.0
202301,Manchester,Colecalciferol,400,2458.0
202301,Manchester,Colecalciferol,4000,16.0
202301,Manchester,Colecalciferol,40000,11.0
202301,Manchester,Colecalciferol,440,24.0
202301,Manchester,Colecalciferol,5000,3.0
202301,Manchester,Colecalciferol,50000,69.0
202301,Manchester,Colecalciferol,5600,11.0
202301,Manchester,Colecalciferol,600,2.0
202301,Manchester,Colecalciferol,800,2094.0
202301,Manchester,Colecalciferol,880,507.0
202301,Manchester,Colecalciferol,unknown,5508.0
202301,Middlesbrough,Colecalciferol,1000,98.0
202301,Middlesbrough,Colecalciferol,10000,2.0
202301,Middlesbrough,Colecalciferol,200,57.0
202301,Middlesbrough,Colecalciferol,2000,4.0
202301,Middlesbrough,Colecalciferol,20000,18.0
202301,Middlesbrough,Colecalciferol,3000,1.0
202301,Middlesbrough,Colecalciferol,3200,1.0
202301,Middlesbrough,Colecalciferol,400,176.0
202301,Middlesbrough,Colecalciferol,5000,1.0
202301,Middlesbrough,Colecalciferol,800,274.0
202301,Middlesbrough,Colecalciferol,880,63.0
202301,Middlesbrough,Colecalciferol,unknown,125.0
202301,Newcastle upon Tyne,Colecalciferol,1000,31.0
202301,Newcastle upon Tyne,Colecalciferol,10000,5.0
202301,Newcastle upon Tyne,Colecalciferol,200,235.0
202301,Newcastle upon Tyne,Colecalciferol,2000,5.0
202301,Newcastle upon Tyne,Colecalciferol,20000,161.0
202301,Newcastle upon Tyne,Colecalciferol,2400,1.0
202301,Newcastle upon Tyne,Colecalciferol,2500,1.0
202301,Newcastle upon Tyne,Colecalciferol,25000,6.0
202301,Newcastle upon Tyne,Colecalciferol,2740,19.0
202301,Newcastle upon Tyne,Colecalciferol,3200,4.0
202301,Newcastle upon Tyne,Colecalciferol,400,1697.0
202301,Newcastle upon Tyne,Colecalciferol,440,9.0
202301,Newcastle upon Tyne,Colecalciferol,5000,1.0
202301,Newcastle upon Tyne,Colecalciferol,50000,2.0
202301,Newcastle upon Tyne,Colecalciferol,5600,8.0
202301,Newcastle upon Tyne,Colecalciferol,800,5271.0
202301,Newcastle upon Tyne,Colecalciferol,880,15.0
202301,Newcastle upon Tyne,Colecalciferol,unknown,957.0
202301,Nottingham,Colecalciferol,1000,2813.0
202301,Nottingham,Colecalciferol,10000,9.0
202301,Nottingham,Colecalciferol,200,546.0
202301,Nottingham,Colecalciferol,2000,16.0
202301,Nottingham,Colecalciferol,20000,106.0
202301,Nottingham,Colecalciferol,2200,4.0
202301,Nottingham,Colecalciferol,2500,1.0
202301,Nottingham,Colecalciferol,25000,136.0
202301,Nottingham,Colecalciferol,2740,36.0
202301,Nottingham,Colecalciferol,3000,2.0
202301,Nottingham,Colecalciferol,3200,5.0
202301,Nottingham,Colecalciferol,400,539.0
202301,Nottingham,Colecalciferol,4000,7.0
202301,Nottingham,Colecalciferol,40000,1.0
202301,Nottingham,Colecalciferol,440,4.0
202301,Nottingham,Colecalciferol,5000,4.0
202301,Nottingham,Colecalciferol,50000,172.0
202301,Nottingham,Colecalciferol,5600,1.0
202301,Nottingham,Colecalciferol,800,2190.0
202301,Nottingham,Colecalciferol,880,1.0
202301,Nottingham,Colecalciferol,unknown,901.0
202301,Peterborough,Colecalciferol,1000,4.0
202301,Peterborough,Colecalciferol,200,10.0
202301,Peterborough,Colecalciferol,20000,1.0
202301,Peterborough,Colecalciferol,3200,2.0
202301,Peterborough,Colecalciferol,400,47.0
202301,Peterborough,Colecalciferol,50000,5.0
202301,Peterborough,Colecalciferol,600,1.0
202301,Peterborough,Colecalciferol,800,11.0
202301,Peterborough,Colecalciferol,880,34.0
202301,Peterborough,Colecalciferol,unknown,23.0
202301,Plymouth,Colecalciferol,1000,59.0
202301,Plymouth,Colecalciferol,200,45.0
202301,Plymouth,Colecalciferol,2000,9.0
202301,Plymouth,Colecalciferol,25000,4.0
202301,Plymouth,Colecalciferol,400,71.0
202301,Plymouth,Colecalciferol,800,21.0
202301,Plymouth,Colecalciferol,880,27.0
202301,Plymouth,Colecalciferol,unknown,77.0
202301,Sunderland,Colecalciferol,1000,42.0
202301,Sunderland,Colecalciferol,10000,3.0
202301,Sunderland,Colecalciferol,200,79.0
202301,Sunderland,Colecalciferol,20000,27.0
202301,Sunderland,Colecalciferol,25000,1.0
202301,Sunderland,Colecalciferol,400,107.0
202301,Sunderland,Colecalciferol,50000,1.0
202301,Sunderland,Colecalciferol,800,285.0
202301,Sunderland,Colecalciferol,880,27.0
202301,Sunderland,Colecalciferol,unknown,494.0
202301,York,Colecalciferol,1000,287.0
202301,York,Colecalciferol,10000,15.0
202301,York,Colecalciferol,200,427.0
202301,York,Colecalciferol,2000,5.0
202301,York,Colecalciferol,20000,13.0
202301,York,Colecalciferol,2400,3.0
202301,York,Colecalciferol,25000,47.0
202301,York,Colecalciferol,3000,1.0
202301,York,Colecalciferol,3200,4.0
202301,York,Colecalciferol,400,396.0
202301,York,Colecalciferol,4000,1.0
202301,York,Colecalciferol,40000,1.0
202301,York,Colecalciferol,440,1.0
202301,York,Colecalciferol,50000,33.0
202301,York,Colecalciferol,5600,3.0
202301,York,Colecalciferol,800,608.0
202301,York,Colecalciferol,880,54.0
202301,York,Colecalciferol,unknown,880.0
202302,Birmingham,Colecalciferol,1000,946.0
202302,Birmingham,Colecalciferol,10000,158.0
202302,Birmingham,Colecalciferol,200,2064.0
202302,Birmingham,Colecalciferol,2000,57.0
202302,Birmingham,Colecalciferol,20000,452.0
202302,Birmingham,Colecalciferol,2200,6.0
202302,Birmingham,Colecalciferol,2400,18.0
202302,Birmingham,Colecalciferol,2500,6.0
202302,Birmingham,Colecalciferol,25000,442.0
202302,Birmingham,Colecalciferol,2740,13.0
202302,Birmingham,Colecalciferol,3000,19.0
202302,Birmingham,Colecalciferol,30000,2.0
202302,Birmingham,Colecalciferol,3200,115.0
202302,Birmingham,Colecalciferol,400,1072.0
202302,Birmingham,Colecalciferol,4000,28.0
202302,Birmingham,Colecalciferol,40000,2.0
202302,Birmingham,Colecalciferol,440,5.0
202302,Birmingham,Colecalciferol,5000,2.0
202302,Birmingham,Colecalciferol,50000,723.0
202302,Birmingham,Colecalciferol,5600,3.0
202302,Birmingham,Colecalciferol,600,8.0
202302,Birmingham,Colecalciferol,800,3661.0
202302,Birmingham,Colecalciferol,880,138.0
202302,Birmingham,Colecalciferol,unknown,1657.0
202302,Brighton,Colecalciferol,10000,1.0
202302,Brighton,Colecalciferol,200,23.0
202302,Brighton,Colecalciferol,2000,1.0
202302,Brighton,Colecalciferol,20000,13.0
202302,Brighton,Colecalciferol,3200,1.0
202302,Brighton,Colecalciferol,400,96.0
202302,Brighton,Colecalciferol,800,55.0
202302,Brighton,Colecalciferol,unknown,58.0
202302,Bristol,Colecalciferol,1000,279.0
202302,Bristol,Colecalciferol,10000,3.0
202302,Bristol,Colecalciferol,200,631.0
202302,Bristol,Colecalciferol,2000,4.0
202302,Bristol,Colecalciferol,20000,67.0
202302,Bristol,Colecalciferol,25000,98.0
202302,Bristol,Colecalciferol,3000,4.0
202302,Bristol,Colecalciferol,3200,11.0
202302,Bristol,Colecalciferol,400,1645.0
202302,Bristol,Colecalciferol,4000,4.0
202302,Bristol,Colecalciferol,40000,2.0
202302,Bristol,Colecalciferol,440,4.0
202302,Bristol,Colecalciferol,50000,11.0
202302,Bristol,Colecalciferol,800,1771.0
202302,Bristol,Colecalciferol,880,163.0
202302,Bristol,Colecalciferol,unknown,876.0
202302,Canterbury,Colecalciferol,1000,161.0
202302,Canterbury,Colecalciferol,10000,2.0
202302,Canterbury,Colecalciferol,200,295.0
202302,Canterbury,Colecalciferol,2000,1.0
202302,Canterbury,Colecalciferol,20000,27.0
202302,Canterbury,Colecalciferol,2200,1.0
202302,Canterbury,Colecalciferol,2500,2.0
202302,Canterbury,Colecalciferol,25000,1.0
202302,Canterbury,Colecalciferol,2740,1.0
202302,Canterbury,Colecalciferol,3200,8.0
202302,Canterbury,Colecalciferol,400,583.0
202302,Canterbury,Colecalciferol,4000,1.0
202302,Canterbury,Colecalciferol,440,2.0
202302,Canterbury,Colecalciferol,5000,2.0
202302,Canterbury,Colecalciferol,50000,11.0
202302,Canterbury,Colecalciferol,800,268.0
202302,Canterbury,Colecalciferol,880,22.0
202302,Canterbury,Colecalciferol,unknown,586.0
202302,Exeter,Colecalciferol,1000,38.0
202302,Exeter,Colecalciferol,200,11.0
202302,Exeter,Colecalciferol,2400,1.0
202302,Exeter,Colecalciferol,400,8.0
202302,Exeter,Colecalciferol,800,12.0
202302,Exeter,Colecalciferol,880,152.0
202302,Exeter,Colecalciferol,unknown,53.0
202302,Leeds,Colecalciferol,1000,633.0
202302,Leeds,Colecalciferol,10000,12.0
202302,Leeds,Colecalciferol,200,180.0
202302,Leeds,Colecalciferol,2000,10.0
202302,Leeds,Colecalciferol,20000,48.0
202302,Leeds,Colecalciferol,2400,2.0
202302,Leeds,Colecalciferol,2500,2.0
202302,Leeds,Colecalciferol,25000,14.0
202302,Leeds,Colecalciferol,30000,1.0
202302,Leeds,Colecalciferol,3200,1.0
202302,Leeds,Colecalciferol,400,663.0
202302,Leeds,Colecalciferol,40000,18.0
202302,Leeds,Colecalciferol,440,6.0
202302,Leeds,Colecalciferol,50000,21.0
202302,Leeds,Colecalciferol,600,2.0
202302,Leeds,Colecalciferol,800,539.0
202302,Leeds,Colecalciferol,880,12.0
202302,Leeds,Colecalciferol,unknown,576.0
202302,London,Colecalciferol,1000,29682.0
202302,London,Colecalciferol,10000,826.0
202302,London,Colecalciferol,15000,23.0
202302,London,Colecalciferol,200,15831.0
202302,London,Colecalciferol,2000,898.0
202302,London,Colecalciferol,20000,12149.0
202302,London,Colecalciferol,2200,42.0
202302,London,Colecalciferol,2400,119.0
202302,London,Colecalciferol,2500,89.0
202302,London,Colecalciferol,25000,2693.0
202302,London,Colecalciferol,2740,117.0
202302,London,Colecalciferol,3000,258.0
202302,London,Colecalciferol,30000,2.0
202302,London,Colecalciferol,300000,3.0
202302,London,Colecalciferol,3200,304.0
202302,London,Colecalciferol,400,40993.0
202302,London,Colecalciferol,4000,298.0
202302,London,Colecalciferol,40000,591.0
202302,London,Colecalciferol,440,234.0
202302,London,Colecalciferol,5000,216.0
202302,London,Colecalciferol,50000,132.0
202302,London,Colecalciferol,5600,26.0
202302,London,Colecalciferol,600,33.0
202302,London,Colecalciferol,800,23352.0
202302,London,Colecalciferol,880,1784.0
202302,London,Colecalciferol,unknown,37978.0
202302,Manchester,Colecalciferol,1000,590.0
202302,Manchester,Colecalciferol,10000,57.0
202302,Manchester,Colecalciferol,15000,1.0
202302,Manchester,Colecalciferol,200,2862.0
202302,Manchester,Colecalciferol,2000,26.0
202302,Manchester,Colecalciferol,20000,1680.0
202302,Manchester,Colecalciferol,2200,2.0
202302,Manchester,Colecalciferol,2400,4.0
202302,Manchester,Colecalciferol,2500,1.0
202302,Manchester,Colecalciferol,25000,72.0
202302,Manchester,Colecalciferol,2740,14.0
202302,Manchester,Colecalciferol,3000,10.0
202302,Manchester,Colecalciferol,30000,1.0
202302,Manchester,Colecalciferol,3200,47.0
202302,Manchester,Colecalciferol,400,2212.0
202302,Manchester,Colecalciferol,4000,17.0
202302,Manchester,Colecalciferol,40000,18.0
202302,Manchester,Colecalciferol,440,19.0
202302,Manchester,Colecalciferol,5000,3.0
202302,Manchester,Colecalciferol,50000,65.0
202302,Manchester,Colecalciferol,5600,5.0
202302,Manchester,Colecalciferol,600,5.0
202302,Manchester,Colecalciferol,800,1947.0
202302,Manchester,Colecalciferol,880,467.0
202302,Manchester,Colecalciferol,unknown,5227.0
202302,Middlesbrough,Colecalciferol,1000,68.0
202302,Middlesbrough,Colecalciferol,10000,1.0
202302,Middlesbrough,Colecalciferol,200,60.0
202302,Middlesbrough,Colecalciferol,2000,4.0
202302,Middlesbrough,Colecalciferol,20000,32.0
202302,Middlesbrough,Colecalciferol,3000,1.0
202302,Middlesbrough,Colecalciferol,3200,1.0
202302,Middlesbrough,Colecalciferol,400,161.0
202302,Middlesbrough,Colecalciferol,800,255.0
202302,Middlesbrough,Colecalciferol,880,26.0
202302,Middlesbrough,Colecalciferol,unknown,134.0
202302,Newcastle upon Tyne,Colecalciferol,1000,36.0
202302,Newcastle upon Tyne,Colecalciferol,10000,1.0
202302,Newcastle upon Tyne,Colecalciferol,15000,1.0
202302,Newcastle upon Tyne,Colecalciferol,200,199.0
202302,Newcastle upon Tyne,Colecalciferol,2000,3.0
202302,Newcastle upon Tyne,Colecalciferol,20000,194.0
202302,Newcastle upon Tyne,Colecalciferol,2400,1.0
202302,Newcastle upon Tyne,Colecalciferol,2500,1.0
202302,Newcastle upon Tyne,Colecalciferol,25000,3.0
202302,Newcastle upon Tyne,Colecalciferol,2740,22.0
202302,Newcastle upon Tyne,Colecalciferol,3000,1.0
202302,Newcastle upon Tyne,Colecalciferol,3200,4.0
202302,Newcastle upon Tyne,Colecalciferol,400,1543.0
202302,Newcastle upon Tyne,Colecalciferol,440,3.0
202302,Newcastle upon Tyne,Colecalciferol,5000,1.0
202302,Newcastle upon Tyne,Colecalciferol,50000,3.0
202302,Newcastle upon Tyne,Colecalciferol,5600,8.0
202302,Newcastle upon Tyne,Colecalciferol,800,4928.0
202302,Newcastle upon Tyne,Colecalciferol,880,17.0
202302,Newcastle upon Tyne,Colecalciferol,unknown,859.0
202302,Nottingham,Colecalciferol,1000,2663.0
202302,Nottingham,Colecalciferol,10000,3.0
202302,Nottingham,Colecalciferol,200,500.0
202302,Nottingham,Colecalciferol,2000,19.0
202302,Nottingham,Colecalciferol,20000,119.0
202302,Nottingham,Colecalciferol,2200,7.0
202302,Nottingham,Colecalciferol,2400,6.0
202302,Nottingham,Colecalciferol,2500,1.0
202302,Nottingham,Colecalciferol,25000,212.0
202302,Nottingham,Colecalciferol,2740,46.0
202302,Nottingham,Colecalciferol,3000,1.0
202302,Nottingham,Colecalciferol,3200,9.0
202302,Nottingham,Colecalciferol,400,515.0
202302,Nottingham,Colecalciferol,4000,6.0
202302,Nottingham,Colecalciferol,440,6.0
202302,Nottingham,Colecalciferol,5000,6.0
202302,Nottingham,Colecalciferol,50000,185.0
202302,Nottingham,Colecalciferol,5600,3.0
202302,Nottingham,Colecalciferol,800,2006.0
202302,Nottingham,Colecalciferol,880,5.0
202302,Nottingham,Colecalciferol,unknown,792.0
202302,Peterborough,Colecalciferol,1000,7.0
202302,Peterborough,Colecalciferol,10000,1.0
202302,Peterborough,Colecalciferol,200,6.0
202302,Peterborough,Colecalciferol,20000,6.0
202302,Peterborough,Colecalciferol,400,40.0
202302,Peterborough,Colecalciferol,440,2.0
202302,Peterborough,Colecalciferol,50000,6.0
202302,Peterborough,Colecalciferol,800,11.0
202302,Peterborough,Colecalciferol,880,16.0
202302,Peterborough,Colecalciferol,unknown,27.0
202302,Plymouth,Colecalciferol,1000,63.0
202302,Plymouth,Colecalciferol,200,37.0
202302,Plymouth,Colecalciferol,2000,6.0
202302,Plymouth,Colecalciferol,25000,6.0
202302,Plymouth,Colecalciferol,3200,1.0
202302,Plymouth,Colecalciferol,400,56.0
202302,Plymouth,Colecalciferol,4000,1.0
202302,Plymouth,Colecalciferol,440,1.0
202302,Plymouth,Colecalciferol,50000,1.0
202302,Plymouth,Colecalciferol,800,17.0
202302,Plymouth,Colecalciferol,880,22.0
202302,Plymouth,Colecalciferol,unknown,77.0
202302,Sunderland,Colecalciferol,1000,31.0
202302,Sunderland,Colecalciferol,10000,2.0
202302,Sunderland,Colecalciferol,200,52.0
202302,Sunderland,Colecalciferol,2000,2.0
202302,Sunderland,Colecalciferol,20000,26.0
202302,Sunderland,Colecalciferol,25000,2.0
202302,Sunderland,Colecalciferol,400,96.0
202302,Sunderland,Colecalciferol,50000,1.0
202302,Sunderland,Colecalciferol,800,241.0
202302,Sunderland,Colecalciferol,880,12.0
202302,Sunderland,Colecalciferol,unknown,413.0
202302,York,Colecalciferol,1000,231.0
202302,York,Colecalciferol,10000,21.0
202302,York,Colecalciferol,200,375.0
202302,York,Colecalciferol,2000,4.0
202302,York,Colecalciferol,20000,5.0
202302,York,Colecalciferol,2200,1.0
202302,York,Colecalciferol,2400,1.0
202302,York,Colecalciferol,25000,52.0
202302,York,Colecalciferol,3000,5.0
202302,York,Colecalciferol,3200,2.0
202302,York,Colecalciferol,400,363.0
202302,York,Colecalciferol,4000,1.0
202302,York,Colecalciferol,40000,1.0
202302,York,Colecalciferol,440,1.0
202302,York,Colecalciferol,5000,1.0
202302,York,Colecalciferol,50000,38.0
202302,York,Colecalciferol,5600,2.0
202302,York,Colecalciferol,800,574.0
202302,York,Colecalciferol,880,43.0
202302,York,Colecalciferol,unknown,871.0
202303,Birmingham,Colecalciferol,1000,1121.0
202303,Birmingham,Colecalciferol,10000,134.0
202303,Birmingham,Colecalciferol,200,2383.0
202303,Birmingham,Colecalciferol,2000,69.0
202303,Birmingham,Colecalciferol,20000,505.0
202303,Birmingham,Colecalciferol,2200,4.0
202303,Birmingham,Colecalciferol,2400,20.0
202303,Birmingham,Colecalciferol,2500,14.0
202303,Birmingham,Colecalciferol,25000,493.0
202303,Birmingham,Colecalciferol,2740,16.0
202303,Birmingham,Colecalciferol,3000,25.0
202303,Birmingham,Colecalciferol,30000,2.0
202303,Birmingham,Colecalciferol,3200,126.0
202303,Birmingham,Colecalciferol,400,1229.0
202303,Birmingham,Colecalciferol,4000,63.0
202303,Birmingham,Colecalciferol,40000,5.0
202303,Birmingham,Colecalciferol,440,8.0
202303,Birmingham,Colecalciferol,5000,5.0
202303,Birmingham,Colecalciferol,50000,913.0
202303,Birmingham,Colecalciferol,5600,9.0
202303,Birmingham,Colecalciferol,600,5.0
202303,Birmingham,Colecalciferol,800,4224.0
202303,Birmingham,Colecalciferol,880,158.0
202303,Birmingham,Colecalciferol,unknown,1812.0
202303,Brighton,Colecalciferol,200,24.0
202303,Brighton,Colecalciferol,2000,1.0
202303,Brighton,Colecalciferol,20000,14.0
202303,Brighton,Colecalciferol,3000,1.0
202303,Brighton,Colecalciferol,3200,3.0
202303,Brighton,Colecalciferol,400,118.0
202303,Brighton,Colecalciferol,4000,5.0
202303,Brighton,Colecalciferol,800,59.0
202303,Brighton,Colecalciferol,unknown,63.0
202303,Bristol,Colecalciferol,1000,298.0
202303,Bristol,Colecalciferol,10000,5.0
202303,Bristol,Colecalciferol,15000,1.0
202303,Bristol,Colecalciferol,200,709.0
202303,Bristol,Colecalciferol,2000,3.0
202303,Bristol,Colecalciferol,20000,66.0
202303,Bristol,Colecalciferol,2200,1.0
202303,Bristol,Colecalciferol,2400,2.0
202303,Bristol,Colecalciferol,25000,115.0
202303,Bristol,Colecalciferol,3000,4.0
202303,Bristol,Colecalciferol,3200,13.0
202303,Bristol,Colecalciferol,400,1978.0
202303,Bristol,Colecalciferol,4000,8.0
202303,Bristol,Colecalciferol,40000,1.0
202303,Bristol,Colecalciferol,440,6.0
202303,Bristol,Colecalciferol,50000,20.0
202303,Bristol,Colecalciferol,800,2165.0
202303,Bristol,Colecalciferol,880,202.0
202303,Bristol,Colecalciferol,unknown,1129.0
202303,Canterbury,Colecalciferol,1000,203.0
202303,Canterbury,Colecalciferol,10000,6.0
202303,Canterbury,Colecalciferol,200,362.0
202303,Canterbury,Colecalciferol,2000,1.0
202303,Canterbury,Colecalciferol,20000,17.0
202303,Canterbury,Colecalciferol,2500,1.0
202303,Canterbury,Colecalciferol,25000,2.0
202303,Canterbury,Colecalciferol,2740,2.0
202303,Canterbury,Colecalciferol,3200,5.0
202303,Canterbury,Colecalciferol,400,631.0
202303,Canterbury,Colecalciferol,40000,1.0
202303,Canterbury,Colecalciferol,440,3.0
202303,Canterbury,Colecalciferol,5000,2.0
202303,Canterbury,Colecalciferol,50000,13.0
202303,Canterbury,Colecalciferol,5600,1.0
202303,Canterbury,Colecalciferol,800,343.0
202303,Canterbury,Colecalciferol,880,31.0
202303,Canterbury,Colecalciferol,unknown,674.0
202303,Exeter,Colecalciferol,1000,39.0
202303,Exeter,Colecalciferol,200,19.0
202303,Exeter,Colecalciferol,2400,1.0
202303,Exeter,Colecalciferol,400,5.0
202303,Exeter,Colecalciferol,800,14.0
202303,Exeter,Colecalciferol,880,169.0
202303,Exeter,Colecalciferol,unknown,53.0
202303,Leeds,Colecalciferol,1000,749.0
202303,Leeds,Colecalciferol,10000,14.0
202303,Leeds,Colecalciferol,200,167.0
202303,Leeds,Colecalciferol,2000,21.0
202303,Leeds,Colecalciferol,20000,64.0
202303,Leeds,Colecalciferol,2400,2.0
202303,Leeds,Colecalciferol,2500,1.0
202303,Leeds,Colecalciferol,25000,18.0
202303,Leeds,Colecalciferol,3000,1.0
202303,Leeds,Colecalciferol,400,822.0
202303,Leeds,Colecalciferol,4000,2.0
202303,Leeds,Colecalciferol,40000,26.0
202303,Leeds,Colecalciferol,440,6.0
202303,Leeds,Colecalciferol,50000,36.0
202303,Leeds,Colecalciferol,600,3.0
202303,Leeds,Colecalciferol,800,549.0
202303,Leeds,Colecalciferol,880,13.0
202303,Leeds,Colecalciferol,unknown,705.0
202303,London,Colecalciferol,1000,33517.0
202303,London,Colecalciferol,10000,966.0
202303,London,Colecalciferol,15000,21.0
202303,London,Colecalciferol,200,17953.0
202303,London,Colecalciferol,2000,1012.0
202303,London,Colecalciferol,20000,14718.0
202303,London,Colecalciferol,2200,58.0
202303,London,Colecalciferol,2400,120.0
202303,London,Colecalciferol,2500,107.0
202303,London,Colecalciferol,25000,3395.0
202303,London,Colecalciferol,2740,142.0
202303,London,Colecalciferol,3000,370.0
202303,London,Colecalciferol,30000,3.0
202303,London,Colecalciferol,300000,2.0
202303,London,Colecalciferol,3200,355.0
202303,London,Colecalciferol,400,46314.0
202303,London,Colecalciferol,4000,373.0
202303,London,Colecalciferol,40000,759.0
202303,London,Colecalciferol,440,255.0
202303,London,Colecalciferol,5000,203.0
202303,London,Colecalciferol,50000,155.0
202303,London,Colecalciferol,5600,21.0
202303,London,Colecalciferol,600,40.0
202303,London,Colecalciferol,800,26208.0
202303,London,Colecalciferol,880,1983.0
202303,London,Colecalciferol,unknown,42447.0
202303,Manchester,Colecalciferol,1000,720.0
202303,Manchester,Colecalciferol,10000,66.0
202303,Manchester,Colecalciferol,15000,2.0
202303,Manchester,Colecalciferol,200,3216.0
202303,Manchester,Colecalciferol,2000,46.0
202303,Manchester,Colecalciferol,20000,2019.0
202303,Manchester,Colecalciferol,2400,7.0
202303,Manchester,Colecalciferol,2500,2.0
202303,Manchester,Colecalciferol,25000,108.0
202303,Manchester,Colecalciferol,2740,24.0
202303,Manchester,Colecalciferol,3000,9.0
202303,Manchester,Colecalciferol,3200,58.0
202303,Manchester,Colecalciferol,400,2594.0
202303,Manchester,Colecalciferol,4000,17.0
202303,Manchester,Colecalciferol,40000,44.0
202303,Manchester,Colecalciferol,440,25.0
202303,Manchester,Colecalciferol,5000,4.0
202303,Manchester,Colecalciferol,50000,76.0
202303,Manchester,Colecalciferol,5600,10.0
202303,Manchester,Colecalciferol,600,2.0
202303,Manchester,Colecalciferol,800,2227.0
202303,Manchester,Colecalciferol,880,535.0
202303,Manchester,Colecalciferol,unknown,5898.0
202303,Middlesbrough,Colecalciferol,1000,84.0
202303,Middlesbrough,Colecalciferol,10000,3.0
202303,Middlesbrough,Colecalciferol,200,72.0
202303,Middlesbrough,Colecalciferol,2000,1.0
202303,Middlesbrough,Colecalciferol,20000,30.0
202303,Middlesbrough,Colecalciferol,25000,1.0
202303,Middlesbrough,Colecalciferol,3200,1.0
202303,Middlesbrough,Colecalciferol,400,197.0
202303,Middlesbrough,Colecalciferol,5000,1.0
202303,Middlesbrough,Colecalciferol,50000,1.0
202303,Middlesbrough,Colecalciferol,800,311.0
202303,Middlesbrough,Colecalciferol,880,52.0
202303,Middlesbrough,Colecalciferol,unknown,133.0
202303,Newcastle upon Tyne,Colecalciferol,1000,42.0
202303,Newcastle upon Tyne,Colecalciferol,10000,4.0
202303,Newcastle upon Tyne,Colecalciferol,200,227.0
202303,Newcastle upon Tyne,Colecalciferol,2000,2.0
202303,Newcastle upon Tyne,Colecalciferol,20000,235.0
202303,Newcastle upon Tyne,Colecalciferol,2500,1.0
202303,Newcastle upon Tyne,Colecalciferol,25000,9.0
202303,Newcastle upon Tyne,Colecalciferol,2740,25.0
202303,Newcastle upon Tyne,Colecalciferol,3200,4.0
202303,Newcastle upon Tyne,Colecalciferol,400,1698.0
202303,Newcastle upon Tyne,Colecalciferol,440,3.0
202303,Newcastle upon Tyne,Colecalciferol,5000,3.0
202303,Newcastle upon Tyne,Colecalciferol,50000,1.0
202303,Newcastle upon Tyne,Colecalciferol,5600,6.0
202303,Newcastle upon Tyne,Colecalciferol,600,1.0
202303,Newcastle upon Tyne,Colecalciferol,800,5576.0
202303,Newcastle upon Tyne,Colecalciferol,880,13.0
202303,Newcastle upon Tyne,Colecalciferol,unknown,978.0
202303,Nottingham,Colecalciferol,1000,3179.0
202303,Nottingham,Colecalciferol,10000,7.0
202303,Nottingham,Colecalciferol,200,546.0
202303,Nottingham,Colecalciferol,2000,13.0
202303,Nottingham,Colecalciferol,20000,116.0
202303,Nottingham,Colecalciferol,2200,6.0
202303,Nottingham,Colecalciferol,2400,3.0
202303,Nottingham,Colecalciferol,25000,231.0
202303,Nottingham,Colecalciferol,2740,47.0
202303,Nottingham,Colecalciferol,3200,7.0
202303,Nottingham,Colecalciferol,400,526.0
202303,Nottingham,Colecalciferol,4000,4.0
202303,Nottingham,Colecalciferol,440,5.0
202303,Nottingham,Colecalciferol,5000,6.0
202303,Nottingham,Colecalciferol,50000,255.0
202303,Nottingham,Colecalciferol,5600,2.0
202303,Nottingham,Colecalciferol,600,1.0
202303,Nottingham,Colecalciferol,800,2179.0
202303,Nottingham,Colecalciferol,880,3.0
202303,Nottingham,Colecalciferol,unknown,923.0
202303,Peterborough,Colecalciferol,1000,8.0
202303,Peterborough,Colecalciferol,10000,1.0
202303,Peterborough,Colecalciferol,200,11.0
202303,Peterborough,Colecalciferol,20000,5.0
202303,Peterborough,Colecalciferol,3200,1.0
202303,Peterborough,Colecalciferol,400,63.0
202303,Peterborough,Colecalciferol,440,1.0
202303,Peterborough,Colecalciferol,50000,11.0
202303,Peterborough,Colecalciferol,800,17.0
202303,Peterborough,Colecalciferol,880,16.0
202303,Peterborough,Colecalciferol,unknown,31.0
202303,Plymouth,Colecalciferol,1000,65.0
202303,Plymouth,Colecalciferol,200,34.0
202303,Plymouth,Colecalciferol,2000,6.0
202303,Plymouth,Colecalciferol,25000,10.0
202303,Plymouth,Colecalciferol,400,64.0
202303,Plymouth,Colecalciferol,4000,2.0
202303,Plymouth,Colecalciferol,50000,1.0
202303,Plymouth,Colecalciferol,800,19.0
202303,Plymouth,Colecalciferol,880,25.0
202303,Plymouth,Colecalciferol,unknown,78.0
202303,Sunderland,Colecalciferol,1000,39.0
202303,Sunderland,Colecalciferol,10000,1.0
202303,Sunderland,Colecalciferol,200,62.0
202303,Sunderland,Colecalciferol,2000,1.0
202303,Sunderland,Colecalciferol,20000,41.0
202303,Sunderland,Colecalciferol,25000,2.0
202303,Sunderland,Colecalciferol,400,122.0
202303,Sunderland,Colecalciferol,50000,1.0
202303,Sunderland,Colecalciferol,800,285.0
202303,Sunderland,Colecalciferol,880,14.0
202303,Sunderland,Colecalciferol,unknown,484.0
202303,York,Colecalciferol,1000,248.0
202303,York,Colecalciferol,10000,13.0
202303,York,Colecalciferol,200,434.0
202303,York,Colecalciferol,2000,7.0
202303,York,Colecalciferol,20000,6.0
202303,York,Colecalciferol,2200,1.0
202303,York,Colecalciferol,2400,1.0
202303,York,Colecalciferol,25000,48.0
202303,York,Colecalciferol,3000,3.0
202303,York,Colecalciferol,3200,3.0
202303,York,Colecalciferol,400,430.0
202303,York,Colecalciferol,4000,2.0
202303,York,Colecalciferol,40000,1.0
202303,York,Colecalciferol,440,1.0
202303,York,Colecalciferol,5000,1.0
202303,York,Colecalciferol,50000,47.0
202303,York,Colecalciferol,5600,2.0
202303,York,Colecalciferol,800,644.0
202303,York,Colecalciferol,880,43.0
202303,York,Colecalciferol,unknown,917.0
202304,Birmingham,Colecalciferol,1000,1021.0
202304,Birmingham,Colecalciferol,10000,87.0
202304,Birmingham,Colecalciferol,200,2042.0
202304,Birmingham,Colecalciferol,2000,47.0
202304,Birmingham,Colecalciferol,20000,387.0
202304,Birmingham,Colecalciferol,2200,10.0
202304,Birmingham,Colecalciferol,2400,24.0
202304,Birmingham,Colecalciferol,2500,6.0
202304,Birmingham,Colecalciferol,25000,415.0
202304,Birmingham,Colecalciferol,2740,7.0
202304,Birmingham,Colecalciferol,3000,10.0
202304,Birmingham,Colecalciferol,3200,77.0
202304,Birmingham,Colecalciferol,400,1104.0
202304,Birmingham,Colecalciferol,4000,48.0
202304,Birmingham,Colecalciferol,40000,4.0
202304,Birmingham,Colecalciferol,440,4.0
202304,Birmingham,Colecalciferol,5000,5.0
202304,Birmingham,Colecalciferol,50000,708.0
202304,Birmingham,Colecalciferol,5600,4.0
202304,Birmingham,Colecalciferol,600,6.0
202304,Birmingham,Colecalciferol,800,3801.0
202304,Birmingham,Colecalciferol,880,138.0
202304,Birmingham,Colecalciferol,unknown,1655.0
202304,Brighton,Colecalciferol,1000,1.0
202304,Brighton,Colecalciferol,200,22.0
202304,Brighton,Colecalciferol,2000,1.0
202304,Brighton,Colecalciferol,20000,17.0
202304,Brighton,Colecalciferol,2500,1.0
202304,Brighton,Colecalciferol,3200,2.0
202304,Brighton,Colecalciferol,400,116.0
202304,Brighton,Colecalciferol,4000,5.0
202304,Brighton,Colecalciferol,50000,1.0
202304,Brighton,Colecalciferol,800,62.0
202304,Brighton,Colecalciferol,unknown,62.0
202304,Bristol,Colecalciferol,1000,290.0
202304,Bristol,Colecalciferol,10000,2.0
202304,Bristol,Colecalciferol,200,667.0
202304,Bristol,Colecalciferol,2000,4.0
202304,Bristol,Colecalciferol,20000,71.0
202304,Bristol,Colecalciferol,2200,1.0
202304,Bristol,Colecalciferol,25000,138.0
202304,Bristol,Colecalciferol,3000,3.0
202304,Bristol,Colecalciferol,3200,12.0
202304,Bristol,Colecalciferol,400,1754.0
202304,Bristol,Colecalciferol,4000,2.0
202304,Bristol,Colecalciferol,40000,1.0
202304,Bristol,Colecalciferol,440,8.0
202304,Bristol,Colecalciferol,50000,8.0
202304,Bristol,Colecalciferol,800,1891.0
202304,Bristol,Colecalciferol,880,161.0
202304,Bristol,Colecalciferol,unknown,905.0
202304,Canterbury,Colecalciferol,1000,173.0
202304,Canterbury,Colecalciferol,10000,3.0
202304,Canterbury,Colecalciferol,200,275.0
202304,Canterbury,Colecalciferol,20000,33.0
202304,Canterbury,Colecalciferol,2200,1.0
202304,Canterbury,Colecalciferol,25000,4.0
202304,Canterbury,Colecalciferol,3200,7.0
202304,Canterbury,Colecalciferol,400,579.0
202304,Canterbury,Colecalciferol,4000,2.0
202304,Canterbury,Colecalciferol,40000,2.0
202304,Canterbury,Colecalciferol,440,3.0
202304,Canterbury,Colecalciferol,50000,8.0
202304,Canterbury,Colecalciferol,800,276.0
202304,Canterbury,Colecalciferol,880,22.0
202304,Canterbury,Colecalciferol,unknown,580.0
202304,Exeter,Colecalciferol,1000,45.0
202304,Exeter,Colecalciferol,200,13.0
202304,Exeter,Colecalciferol,400,6.0
202304,Exeter,Colecalciferol,800,11.0
202304,Exeter,Colecalciferol,880,156.0
202304,Exeter,Colecalciferol,unknown,59.0
202304,Leeds,Colecalciferol,1000,635.0
202304,Leeds,Colecalciferol,10000,9.0
202304,Leeds,Colecalciferol,200,155.0
202304,Leeds,Colecalciferol,2000,14.0
202304,Leeds,Colecalciferol,20000,43.0
202304,Leeds,Colecalciferol,2400,2.0
202304,Leeds,Colecalciferol,2500,2.0
202304,Leeds,Colecalciferol,25000,12.0
202304,Leeds,Colecalciferol,2740,2.0
202304,Leeds,Colecalciferol,3000,2.0
202304,Leeds,Colecalciferol,30000,1.0
202304,Leeds,Colecalciferol,3200,2.0
202304,Leeds,Colecalciferol,400,638.0
202304,Leeds,Colecalciferol,40000,18.0
202304,Leeds,Colecalciferol,440,2.0
202304,Leeds,Colecalciferol,50000,22.0
202304,Leeds,Colecalciferol,800,559.0
202304,Leeds,Colecalciferol,880,8.0
202304,Leeds,Colecalciferol,unknown,568.0
202304,London,Colecalciferol,1000,31778.0
202304,London,Colecalciferol,10000,914.0
202304,London,Colecalciferol,15000,25.0
202304,London,Colecalciferol,200,16225.0
202304,London,Colecalciferol,2000,873.0
202304,London,Colecalciferol,20000,12786.0
202304,London,Colecalciferol,2200,55.0
202304,London,Colecalciferol,2400,112.0
202304,London,Colecalciferol,2500,101.0
202304,London,Colecalciferol,25000,2780.0
202304,London,Colecalciferol,2740,121.0
202304,London,Colecalciferol,3000,279.0
202304,London,Colecalciferol,30000,4.0
202304,London,Colecalciferol,300000,2.0
202304,London,Colecalciferol,3200,280.0
202304,London,Colecalciferol,400,42567.0
202304,London,Colecalciferol,4000,336.0
202304,London,Colecalciferol,40000,619.0
202304,London,Colecalciferol,440,214.0
202304,London,Colecalciferol,5000,176.0
202304,London,Colecalciferol,50000,150.0
202304,London,Colecalciferol,5600,27.0
202304,London,Colecalciferol,600,28.0
202304,London,Colecalciferol,800,24167.0
202304,London,Colecalciferol,880,1739.0
202304,London,Colecalciferol,unknown,39058.0
202304,Manchester,Colecalciferol,1000,681.0
202304,Manchester,Colecalciferol,10000,53.0
202304,Manchester,Colecalciferol,15000,1.0
202304,Manchester,Colecalciferol,200,2785.0
202304,Manchester,Colecalciferol,2000,41.0
202304,Manchester,Colecalciferol,20000,1578.0
202304,Manchester,Colecalciferol,2200,1.0
202304,Manchester,Colecalciferol,2400,8.0
202304,Manchester,Colecalciferol,2500,1.0
202304,Manchester,Colecalciferol,25000,83.0
202304,Manchester,Colecalciferol,2740,13.0
202304,Manchester,Colecalciferol,3000,12.0
202304,Manchester,Colecalciferol,3200,52.0
202304,Manchester,Colecalciferol,400,2301.0
202304,Manchester,Colecalciferol,4000,10.0
202304,Manchester,Colecalciferol,40000,48.0
202304,Manchester,Colecalciferol,440,26.0
202304,Manchester,Colecalciferol,5000,3.0
202304,Manchester,Colecalciferol,50000,56.0
202304,Manchester,Colecalciferol,5600,6.0
202304,Manchester,Colecalciferol,600,2.0
202304,Manchester,Colecalciferol,800,1996.0
202304,Manchester,Colecalciferol,880,495.0
202304,Manchester,Colecalciferol,unknown,5174.0
202304,Middlesbrough,Colecalciferol,1000,81.0
202304,Middlesbrough,Colecalciferol,10000,4.0
202304,Middlesbrough,Colecalciferol,200,63.0
202304,Middlesbrough,Colecalciferol,2000,3.0
202304,Middlesbrough,Colecalciferol,20000,25.0
202304,Middlesbrough,Colecalciferol,25000,1.0
202304,Middlesbrough,Colecalciferol,400,152.0
202304,Middlesbrough,Colecalciferol,5000,2.0
202304,Middlesbrough,Colecalciferol,50000,1.0
202304,Middlesbrough,Colecalciferol,800,252.0
202304,Middlesbrough,Colecalciferol,880,61.0
202304,Middlesbrough,Colecalciferol,unknown,127.0
202304,Newcastle upon Tyne,Colecalciferol,1000,32.0
202304,Newcastle upon Tyne,Colecalciferol,10000,5.0
202304,Newcastle upon Tyne,Colecalciferol,15000,1.0
202304,Newcastle upon Tyne,Colecalciferol,200,213.0
202304,Newcastle upon Tyne,Colecalciferol,2000,4.0
202304,Newcastle upon Tyne,Colecalciferol,20000,220.0
202304,Newcastle upon Tyne,Colecalciferol,2500,1.0
202304,Newcastle upon Tyne,Colecalciferol,25000,9.0
202304,Newcastle upon Tyne,Colecalciferol,2740,19.0
202304,Newcastle upon Tyne,Colecalciferol,3200,4.0
202304,Newcastle upon Tyne,Colecalciferol,400,1564.0
202304,Newcastle upon Tyne,Colecalciferol,40000,4.0
202304,Newcastle upon Tyne,Colecalciferol,440,2.0
202304,Newcastle upon Tyne,Colecalciferol,50000,1.0
202304,Newcastle upon Tyne,Colecalciferol,5600,7.0
202304,Newcastle upon Tyne,Colecalciferol,800,5242.0
202304,Newcastle upon Tyne,Colecalciferol,880,16.0
202304,Newcastle upon Tyne,Colecalciferol,unknown,895.0
202304,Nottingham,Colecalciferol,1000,2826.0
202304,Nottingham,Colecalciferol,10000,6.0
202304,Nottingham,Colecalciferol,200,441.0
202304,Nottingham,Colecalciferol,2000,7.0
202304,Nottingham,Colecalciferol,20000,121.0
202304,Nottingham,Colecalciferol,2200,3.0
202304,Nottingham,Colecalciferol,2400,6.0
202304,Nottingham,Colecalciferol,2500,1.0
202304,Nottingham,Colecalciferol,25000,171.0
202304,Nottingham,Colecalciferol,2740,30.0
202304,Nottingham,Colecalciferol,3000,1.0
202304,Nottingham,Colecalciferol,3200,5.0
202304,Nottingham,Colecalciferol,400,474.0
202304,Nottingham,Colecalciferol,4000,4.0
202304,Nottingham,Colecalciferol,440,3.0
202304,Nottingham,Colecalciferol,5000,2.0
202304,Nottingham,Colecalciferol,50000,164.0
202304,Nottingham,Colecalciferol,5600,2.0
202304,Nottingham,Colecalciferol,800,1910.0
202304,Nottingham,Colecalciferol,880,1.0
202304,Nottingham,Colecalciferol,unknown,822.0
202304,Peterborough,Colecalciferol,1000,5.0
202304,Peterborough,Colecalciferol,10000,1.0
202304,Peterborough,Colecalciferol,200,6.0
202304,Peterborough,Colecalciferol,20000,3.0
202304,Peterborough,Colecalciferol,400,52.0
202304,Peterborough,Colecalciferol,440,1.0
202304,Peterborough,Colecalciferol,50000,6.0
202304,Peterborough,Colecalciferol,5600,2.0
202304,Peterborough,Colecalciferol,800,11.0
202304,Peterborough,Colecalciferol,880,8.0
202304,Peterborough,Colecalciferol,unknown,26.0
202304,Plymouth,Colecalciferol,1000,71.0
202304,Plymouth,Colecalciferol,200,40.0
202304,Plymouth,Colecalciferol,2000,9.0
202304,Plymouth,Colecalciferol,25000,12.0
202304,Plymouth,Colecalciferol,400,56.0
202304,Plymouth,Colecalciferol,4000,1.0
202304,Plymouth,Colecalciferol,800,12.0
202304,Plymouth,Colecalciferol,880,23.0
202304,Plymouth,Colecalciferol,unknown,89.0
202304,Sunderland,Colecalciferol,1000,45.0
202304,Sunderland,Colecalciferol,10000,2.0
202304,Sunderland,Colecalciferol,200,60.0
202304,Sunderland,Colecalciferol,20000,19.0
202304,Sunderland,Colecalciferol,2400,1.0
202304,Sunderland,Colecalciferol,25000,1.0
202304,Sunderland,Colecalciferol,400,98.0
202304,Sunderland,Colecalciferol,50000,1.0
202304,Sunderland,Colecalciferol,800,245.0
202304,Sunderland,Colecalciferol,880,8.0
202304,Sunderland,Colecalciferol,unknown,459.0
202304,York,Colecalciferol,1000,267.0
202304,York,Colecalciferol,10000,10.0
202304,York,Colecalciferol,200,373.0
202304,York,Colecalciferol,2000,4.0
202304,York,Colecalciferol,20000,13.0
202304,York,Colecalciferol,2200,2.0
202304,York,Colecalciferol,2400,1.0
202304,York,Colecalciferol,25000,56.0
202304,York,Colecalciferol,3000,3.0
202304,York,Colecalciferol,3200,3.0
202304,York,Colecalciferol,400,385.0
202304,York,Colecalciferol,4000,1.0
202304,York,Colecalciferol,440,1.0
202304,York,Colecalciferol,5000,1.0
202304,York,Colecalciferol,50000,43.0
202304,York,Colecalciferol,5600,2.0
202304,York,Colecalciferol,800,576.0
202304,York,Colecalciferol,880,28.0
202304,York,Colecalciferol,unknown,854.0
202305,Birmingham,Colecalciferol,1000,1088.0
202305,Birmingham,Colecalciferol,10000,94.0
202305,Birmingham,Colecalciferol,200,2271.0
202305,Birmingham,Colecalciferol,2000,56.0
202305,Birmingham,Colecalciferol,20000,499.0
202305,Birmingham,Colecalciferol,2200,9.0
202305,Birmingham,Colecalciferol,2400,26.0
202305,Birmingham,Colecalciferol,2500,3.0
202305,Birmingham,Colecalciferol,25000,465.0
202305,Birmingham,Colecalciferol,2740,12.0
202305,Birmingham,Colecalciferol,3000,8.0
202305,Birmingham,Colecalciferol,30000,1.0
202305,Birmingham,Colecalciferol,3200,118.0
202305,Birmingham,Colecalciferol,400,1230.0
202305,Birmingham,Colecalciferol,4000,26.0
202305,Birmingham,Colecalciferol,40000,14.0
202305,Birmingham,Colecalciferol,440,5.0
202305,Birmingham,Colecalciferol,5000,6.0
202305,Birmingham,Colecalciferol,50000,862.0
202305,Birmingham,Colecalciferol,5600,6.0
202305,Birmingham,Colecalciferol,600,2.0
202305,Birmingham,Colecalciferol,800,4076.0
202305,Birmingham,Colecalciferol,880,140.0
202305,Birmingham,Colecalciferol,unknown,1778.0
202305,Brighton,Colecalciferol,1000,2.0
202305,Brighton,Colecalciferol,10000,2.0
202305,Brighton,Colecalciferol,200,28.0
202305,Brighton,Colecalciferol,2000,1.0
202305,Brighton,Colecalciferol,20000,8.0
202305,Brighton,Colecalciferol,3200,2.0
202305,Brighton,Colecalciferol,400,111.0
202305,Brighton,Colecalciferol,4000,4.0
202305,Brighton,Colecalciferol,40000,2.0
202305,Brighton,Colecalciferol,50000,3.0
202305,Brighton,Colecalciferol,600,1.0
202305,Brighton,Colecalciferol,800,62.0
202305,Brighton,Colecalciferol,880,1.0
202305,Brighton,Colecalciferol,unknown,59.0
202305,Bristol,Colecalciferol,1000,281.0
202305,Bristol,Colecalciferol,10000,3.0
202305,Bristol,Colecalciferol,200,666.0
202305,Bristol,Colecalciferol,2000,1.0
202305,Bristol,Colecalciferol,20000,53.0
202305,Bristol,Colecalciferol,2400,1.0
202305,Bristol,Colecalciferol,25000,84.0
202305,Bristol,Colecalciferol,2740,1.0
202305,Bristol,Colecalciferol,3000,6.0
202305,Bristol,Colecalciferol,3200,15.0
202305,Bristol,Colecalciferol,400,1813.0
202305,Bristol,Colecalciferol,4000,5.0
202305,Bristol,Colecalciferol,40000,5.0
202305,Bristol,Colecalciferol,440,7.0
202305,Bristol,Colecalciferol,5000,1.0
202305,Bristol,Colecalciferol,50000,6.0
202305,Bristol,Colecalciferol,800,1907.0
202305,Bristol,Colecalciferol,880,159.0
202305,Bristol,Colecalciferol,unknown,898.0
202305,Canterbury,Colecalciferol,1000,197.0
202305,Canterbury,Colecalciferol,10000,3.0
202305,Canterbury,Colecalciferol,200,327.0
202305,Canterbury,Colecalciferol,20000,26.0
202305,Canterbury,Colecalciferol,2500,1.0
202305,Canterbury,Colecalciferol,25000,8.0
202305,Canterbury,Colecalciferol,3200,10.0
202305,Canterbury,Colecalciferol,400,668.0
202305,Canterbury,Colecalciferol,4000,9.0
202305,Canterbury,Colecalciferol,40000,2.0
202305,Canterbury,Colecalciferol,440,3.0
202305,Canterbury,Colecalciferol,50000,1.0
202305,Canterbury,Colecalciferol,800,310.0
202305,Canterbury,Colecalciferol,880,29.0
202305,Canterbury,Colecalciferol,unknown,697.0
202305,Exeter,Colecalciferol,1000,43.0
202305,Exeter,Colecalciferol,200,13.0
202305,Exeter,Colecalciferol,25000,2.0
202305,Exeter,Colecalciferol,400,9.0
202305,Exeter,Colecalciferol,800,11.0
202305,Exeter,Colecalciferol,880,155.0
202305,Exeter,Colecalciferol,unknown,54.0
202305,Leeds,Colecalciferol,1000,675.0
202305,Leeds,Colecalciferol,10000,10.0
202305,Leeds,Colecalciferol,200,153.0
202305,Leeds,Colecalciferol,2000,10.0
202305,Leeds,Colecalciferol,20000,36.0
202305,Leeds,Colecalciferol,2400,2.0
202305,Leeds,Colecalciferol,2500,1.0
202305,Leeds,Colecalciferol,25000,17.0
202305,Leeds,Colecalciferol,2740,1.0
202305,Leeds,Colecalciferol,3000,1.0
202305,Leeds,Colecalciferol,30000,1.0
202305,Leeds,Colecalciferol,3200,1.0
202305,Leeds,Colecalciferol,400,681.0
202305,Leeds,Colecalciferol,40000,17.0
202305,Leeds,Colecalciferol,440,2.0
202305,Leeds,Colecalciferol,50000,18.0
202305,Leeds,Colecalciferol,600,2.0
202305,Leeds,Colecalciferol,800,523.0
202305,Leeds,Colecalciferol,880,9.0
202305,Leeds,Colecalciferol,unknown,646.0
202305,London,Colecalciferol,1000,33962.0
202305,London,Colecalciferol,10000,857.0
202305,London,Colecalciferol,15000,27.0
202305,London,Colecalciferol,200,17119.0
202305,London,Colecalciferol,2000,950.0
202305,London,Colecalciferol,20000,13586.0
202305,London,Colecalciferol,2200,49.0
202305,London,Colecalciferol,2400,120.0
202305,London,Colecalciferol,2500,102.0
202305,London,Colecalciferol,25000,2963.0
202305,London,Colecalciferol,2740,109.0
202305,London,Colecalciferol,3000,302.0
202305,London,Colecalciferol,30000,1.0
202305,London,Colecalciferol,300000,2.0
202305,London,Colecalciferol,3200,300.0
202305,London,Colecalciferol,400,45255.0
202305,London,Colecalciferol,4000,323.0
202305,London,Colecalciferol,40000,629.0
202305,London,Colecalciferol,440,232.0
202305,London,Colecalciferol,5000,171.0
202305,London,Colecalciferol,50000,148.0
202305,London,Colecalciferol,5600,28.0
202305,London,Colecalciferol,600,53.0
202305,London,Colecalciferol,800,25645.0
202305,London,Colecalciferol,880,1825.0
202305,London,Colecalciferol,unknown,41913.0
202305,Manchester,Colecalciferol,1000,680.0
202305,Manchester,Colecalciferol,10000,67.0
202305,Manchester,Colecalciferol,200,2919.0
202305,Manchester,Colecalciferol,2000,33.0
202305,Manchester,Colecalciferol,20000,1718.0
202305,Manchester,Colecalciferol,2400,4.0
202305,Manchester,Colecalciferol,2500,4.0
202305,Manchester,Colecalciferol,25000,74.0
202305,Manchester,Colecalciferol,2740,14.0
202305,Manchester,Colecalciferol,3000,9.0
202305,Manchester,Colecalciferol,3200,62.0
202305,Manchester,Colecalciferol,400,2417.0
202305,Manchester,Colecalciferol,4000,17.0
202305,Manchester,Colecalciferol,40000,50.0
202305,Manchester,Colecalciferol,440,23.0
202305,Manchester,Colecalciferol,5000,5.0
202305,Manchester,Colecalciferol,50000,77.0
202305,Manchester,Colecalciferol,5600,8.0
202305,Manchester,Colecalciferol,600,5.0
202305,Manchester,Colecalciferol,800,2090.0
202305,Manchester,Colecalciferol,880,494.0
202305,Manchester,Colecalciferol,unknown,5467.0
202305,Middlesbrough,Colecalciferol,1000,110.0
202305,Middlesbrough,Colecalciferol,10000,1.0
202305,Middlesbrough,Colecalciferol,200,72.0
202305,Middlesbrough,Colecalciferol,2000,2.0
202305,Middlesbrough,Colecalciferol,20000,43.0
202305,Middlesbrough,Colecalciferol,3000,2.0
202305,Middlesbrough,Colecalciferol,3200,1.0
202305,Middlesbrough,Colecalciferol,400,174.0
202305,Middlesbrough,Colecalciferol,40000,1.0
202305,Middlesbrough,Colecalciferol,50000,2.0
202305,Middlesbrough,Colecalciferol,800,285.0
202305,Middlesbrough,Colecalciferol,880,52.0
202305,Middlesbrough,Colecalciferol,unknown,126.0
202305,Newcastle upon Tyne,Colecalciferol,1000,38.0
202305,Newcastle upon Tyne,Colecalciferol,10000,4.0
202305,Newcastle upon Tyne,Colecalciferol,200,241.0
202305,Newcastle upon Tyne,Colecalciferol,2000,3.0
202305,Newcastle upon Tyne,Colecalciferol,20000,170.0
202305,Newcastle upon Tyne,Colecalciferol,2400,1.0
202305,Newcastle upon Tyne,Colecalciferol,25000,3.0
202305,Newcastle upon Tyne,Colecalciferol,2740,27.0
202305,Newcastle upon Tyne,Colecalciferol,3000,1.0
202305,Newcastle upon Tyne,Colecalciferol,3200,5.0
202305,Newcastle upon Tyne,Colecalciferol,400,1624.0
202305,Newcastle upon Tyne,Colecalciferol,40000,4.0
202305,Newcastle upon Tyne,Colecalciferol,440,1.0
202305,Newcastle upon Tyne,Colecalciferol,50000,1.0
202305,Newcastle upon Tyne,Colecalciferol,5600,6.0
202305,Newcastle upon Tyne,Colecalciferol,800,5309.0
202305,Newcastle upon Tyne,Colecalciferol,880,9.0
202305,Newcastle upon Tyne,Colecalciferol,unknown,916.0
202305,Nottingham,Colecalciferol,1000,3159.0
202305,Nottingham,Colecalciferol,10000,8.0
202305,Nottingham,Colecalciferol,200,511.0
202305,Nottingham,Colecalciferol,2000,10.0
202305,Nottingham,Colecalciferol,20000,129.0
202305,Nottingham,Colecalciferol,2200,5.0
202305,Nottingham,Colecalciferol,2400,2.0
202305,Nottingham,Colecalciferol,25000,191.0
202305,Nottingham,Colecalciferol,2740,45.0
202305,Nottingham,Colecalciferol,3200,8.0
202305,Nottingham,Colecalciferol,400,529.0
202305,Nottingham,Colecalciferol,4000,6.0
202305,Nottingham,Colecalciferol,440,2.0
202305,Nottingham,Colecalciferol,5000,6.0
202305,Nottingham,Colecalciferol,50000,168.0
202305,Nottingham,Colecalciferol,5600,3.0
202305,Nottingham,Colecalciferol,800,2075.0
202305,Nottingham,Colecalciferol,880,3.0
202305,Nottingham,Colecalciferol,unknown,896.0
202305,Peterborough,Colecalciferol,1000,6.0
202305,Peterborough,Colecalciferol,200,9.0
202305,Peterborough,Colecalciferol,20000,5.0
202305,Peterborough,Colecalciferol,25000,2.0
202305,Peterborough,Colecalciferol,3200,1.0
202305,Peterborough,Colecalciferol,400,62.0
202305,Peterborough,Colecalciferol,50000,7.0
202305,Peterborough,Colecalciferol,5600,1.0
202305,Peterborough,Colecalciferol,800,10.0
202305,Peterborough,Colecalciferol,880,4.0
202305,Peterborough,Colecalciferol,unknown,28.0
202305,Plymouth,Colecalciferol,1000,56.0
202305,Plymouth,Colecalciferol,200,49.0
202305,Plymouth,Colecalciferol,2000,6.0
202305,Plymouth,Colecalciferol,25000,11.0
202305,Plymouth,Colecalciferol,400,57.0
202305,Plymouth,Colecalciferol,4000,5.0
202305,Plymouth,Colecalciferol,800,13.0
202305,Plymouth,Colecalciferol,880,23.0
202305,Plymouth,Colecalciferol,unknown,77.0
202305,Sunderland,Colecalciferol,1000,41.0
202305,Sunderland,Colecalciferol,10000,5.0
202305,Sunderland,Colecalciferol,200,64.0
202305,Sunderland,Colecalciferol,20000,32.0
202305,Sunderland,Colecalciferol,2400,1.0
202305,Sunderland,Colecalciferol,25000,2.0
202305,Sunderland,Colecalciferol,400,114.0
202305,Sunderland,Colecalciferol,50000,2.0
202305,Sunderland,Colecalciferol,800,269.0
202305,Sunderland,Colecalciferol,880,13.0
202305,Sunderland,Colecalciferol,unknown,457.0
202305,York,Colecalciferol,1000,281.0
202305,York,Colecalciferol,10000,8.0
202305,York,Colecalciferol,200,432.0
202305,York,Colecalciferol,2000,4.0
202305,York,Colecalciferol,20000,7.0
202305,York,Colecalciferol,2200,1.0
202305,York,Colecalciferol,2400,3.0
202305,York,Colecalciferol,25000,44.0
202305,York,Colecalciferol,3000,3.0
202305,York,Colecalciferol,3200,1.0
202305,York,Colecalciferol,400,408.0
202305,York,Colecalciferol,4000,1.0
202305,York,Colecalciferol,40000,2.0
202305,York,Colecalciferol,440,1.0
202305,York,Colecalciferol,5000,2.0
202305,York,Colecalciferol,50000,34.0
202305,York,Colecalciferol,5600,2.0
202305,York,Colecalciferol,800,567.0
202305,York,Colecalciferol,880,36.0
202305,York,Colecalciferol,unknown,925.0
202306,Birmingham,Colecalciferol,1000,1082.0
202306,Birmingham,Colecalciferol,10000,87.0
202306,Birmingham,Colecalciferol,200,2283.0
202306,Birmingham,Colecalciferol,2000,47.0
202306,Birmingham,Colecalciferol,20000,381.0
202306,Birmingham,Colecalciferol,2200,6.0
202306,Birmingham,Colecalciferol,2400,24.0
202306,Birmingham,Colecalciferol,2500,2.0
202306,Birmingham,Colecalciferol,25000,354.0
202306,Birmingham,Colecalciferol,2740,9.0
202306,Birmingham,Colecalciferol,3000,4.0
202306,Birmingham,Colecalciferol,30000,1.0
202306,Birmingham,Colecalciferol,3200,104.0
202306,Birmingham,Colecalciferol,400,1176.0
202306,Birmingham,Colecalciferol,4000,15.0
202306,Birmingham,Colecalciferol,40000,2.0
202306,Birmingham,Colecalciferol,440,6.0
202306,Birmingham,Colecalciferol,5000,2.0
202306,Birmingham,Colecalciferol,50000,762.0
202306,Birmingham,Colecalciferol,5600,7.0
202306,Birmingham,Colecalciferol,600,4.0
202306,Birmingham,Colecalciferol,800,4148.0
202306,Birmingham,Colecalciferol,880,151.0
202306,Birmingham,Colecalciferol,unknown,1785.0
202306,Brighton,Colecalciferol,1000,2.0
202306,Brighton,Colecalciferol,200,27.0
202306,Brighton,Colecalciferol,2000,1.0
202306,Brighton,Colecalciferol,20000,5.0
202306,Brighton,Colecalciferol,3000,1.0
202306,Brighton,Colecalciferol,3200,5.0
202306,Brighton,Colecalciferol,400,113.0
202306,Brighton,Colecalciferol,50000,3.0
202306,Brighton,Colecalciferol,800,56.0
202306,Brighton,Colecalciferol,880,2.0
202306,Brighton,Colecalciferol,unknown,58.0
202306,Bristol,Colecalciferol,1000,339.0
202306,Bristol,Colecalciferol,10000,7.0
202306,Bristol,Colecalciferol,200,679.0
202306,Bristol,Colecalciferol,2000,3.0
202306,Bristol,Colecalciferol,20000,37.0
202306,Bristol,Colecalciferol,2200,5.0
202306,Bristol,Colecalciferol,25000,120.0
202306,Bristol,Colecalciferol,3000,4.0
202306,Bristol,Colecalciferol,3200,11.0
202306,Bristol,Colecalciferol,400,1924.0
202306,Bristol,Colecalciferol,4000,5.0
202306,Bristol,Colecalciferol,40000,4.0
202306,Bristol,Colecalciferol,440,9.0
202306,Bristol,Colecalciferol,5000,1.0
202306,Bristol,Colecalciferol,50000,2.0
202306,Bristol,Colecalciferol,800,2073.0
202306,Bristol,Colecalciferol,880,181.0
202306,Bristol,Colecalciferol,unknown,1003.0
202306,Canterbury,Colecalciferol,1000,195.0
202306,Canterbury,Colecalciferol,10000,5.0
202306,Canterbury,Colecalciferol,200,351.0
202306,Canterbury,Colecalciferol,2000,1.0
202306,Canterbury,Colecalciferol,20000,19.0
202306,Canterbury,Colecalciferol,25000,5.0
202306,Canterbury,Colecalciferol,3200,5.0
202306,Canterbury,Colecalciferol,400,664.0
202306,Canterbury,Colecalciferol,4000,2.0
202306,Canterbury,Colecalciferol,440,4.0
202306,Canterbury,Colecalciferol,5000,1.0
202306,Canterbury,Colecalciferol,50000,2.0
202306,Canterbury,Colecalciferol,600,2.0
202306,Canterbury,Colecalciferol,800,318.0
202306,Canterbury,Colecalciferol,880,27.0
202306,Canterbury,Colecalciferol,unknown,626.0
202306,Exeter,Colecalciferol,1000,44.0
202306,Exeter,Colecalciferol,200,16.0
202306,Exeter,Colecalciferol,400,7.0
202306,Exeter,Colecalciferol,440,1.0
202306,Exeter,Colecalciferol,800,12.0
202306,Exeter,Colecalciferol,880,153.0
202306,Exeter,Colecalciferol,unknown,67.0
202306,Leeds,Colecalciferol,1000,684.0
202306,Leeds,Colecalciferol,10000,7.0
202306,Leeds,Colecalciferol,200,165.0
202306,Leeds,Colecalciferol,2000,13.0
202306,Leeds,Colecalciferol,20000,30.0
202306,Leeds,Colecalciferol,2400,2.0
202306,Leeds,Colecalciferol,2500,1.0
202306,Leeds,Colecalciferol,25000,12.0
202306,Leeds,Colecalciferol,2740,1.0
202306,Leeds,Colecalciferol,3000,1.0
202306,Leeds,Colecalciferol,30000,1.0
202306,Leeds,Colecalciferol,3200,2.0
202306,Leeds,Colecalciferol,400,743.0
202306,Leeds,Colecalciferol,4000,1.0
202306,Leeds,Colecalciferol,40000,14.0
202306,Leeds,Colecalciferol,440,6.0
202306,Leeds,Colecalciferol,50000,11.0
202306,Leeds,Colecalciferol,600,1.0
202306,Leeds,Colecalciferol,800,576.0
202306,Leeds,Colecalciferol,880,11.0
202306,Leeds,Colecalciferol,unknown,697.0
202306,London,Colecalciferol,1000,34536.0
202306,London,Colecalciferol,10000,879.0
202306,London,Colecalciferol,15000,24.0
202306,London,Colecalciferol,200,17294.0
202306,London,Colecalciferol,2000,951.0
202306,London,Colecalciferol,20000,13173.0
202306,London,Colecalciferol,2200,62.0
202306,London,Colecalciferol,2400,118.0
202306,London,Colecalciferol,2500,96.0
202306,London,Colecalciferol,25000,2830.0
202306,London,Colecalciferol,2740,136.0
202306,London,Colecalciferol,3000,334.0
202306,London,Colecalciferol,30000,3.0
202306,London,Colecalciferol,300000,1.0
202306,London,Colecalciferol,3200,308.0
202306,London,Colecalciferol,400,45804.0
202306,London,Colecalciferol,4000,407.0
202306,London,Colecalciferol,40000,634.0
202306,London,Colecalciferol,440,252.0
202306,London,Colecalciferol,5000,184.0
202306,London,Colecalciferol,50000,141.0
202306,London,Colecalciferol,5600,35.0
202306,London,Colecalciferol,600,32.0
202306,London,Colecalciferol,800,25385.0
202306,London,Colecalciferol,880,1790.0
202306,London,Colecalciferol,unknown,41615.0
202306,Manchester,Colecalciferol,1000,727.0
202306,Manchester,Colecalciferol,10000,45.0
202306,Manchester,Colecalciferol,15000,1.0
202306,Manchester,Colecalciferol,200,3052.0
202306,Manchester,Colecalciferol,2000,34.0
202306,Manchester,Colecalciferol,20000,1455.0
202306,Manchester,Colecalciferol,2200,1.0
202306,Manchester,Colecalciferol,2400,6.0
202306,Manchester,Colecalciferol,25000,63.0
202306,Manchester,Colecalciferol,2740,14.0
202306,Manchester,Colecalciferol,3000,9.0
202306,Manchester,Colecalciferol,3200,46.0
202306,Manchester,Colecalciferol,400,2482.0
202306,Manchester,Colecalciferol,4000,15.0
202306,Manchester,Colecalciferol,40000,19.0
202306,Manchester,Colecalciferol,440,31.0
202306,Manchester,Colecalciferol,5000,5.0
202306,Manchester,Colecalciferol,50000,75.0
202306,Manchester,Colecalciferol,5600,11.0
202306,Manchester,Colecalciferol,600,3.0
202306,Manchester,Colecalciferol,800,2118.0
202306,Manchester,Colecalciferol,880,502.0
202306,Manchester,Colecalciferol,unknown,5562.0
202306,Middlesbrough,Colecalciferol,1000,102.0
202306,Middlesbrough,Colecalciferol,10000,2.0
202306,Middlesbrough,Colecalciferol,200,65.0
202306,Middlesbrough,Colecalciferol,2000,2.0
202306,Middlesbrough,Colecalciferol,20000,35.0
202306,Middlesbrough,Colecalciferol,25000,1.0
202306,Middlesbrough,Colecalciferol,3200,1.0
202306,Middlesbrough,Colecalciferol,400,193.0
202306,Middlesbrough,Colecalciferol,40000,1.0
202306,Middlesbrough,Colecalciferol,5000,1.0
202306,Middlesbrough,Colecalciferol,50000,3.0
202306,Middlesbrough,Colecalciferol,800,293.0
202306,Middlesbrough,Colecalciferol,880,59.0
202306,Middlesbrough,Colecalciferol,unknown,136.0
202306,Newcastle upon Tyne,Colecalciferol,1000,35.0
202306,Newcastle upon Tyne,Colecalciferol,10000,3.0
202306,Newcastle upon Tyne,Colecalciferol,15000,1.0
202306,Newcastle upon Tyne,Colecalciferol,200,239.0
202306,Newcastle upon Tyne,Colecalciferol,2000,3.0
202306,Newcastle upon Tyne,Colecalciferol,20000,174.0
202306,Newcastle upon Tyne,Colecalciferol,2500,1.0
202306,Newcastle upon Tyne,Colecalciferol,25000,5.0
202306,Newcastle upon Tyne,Colecalciferol,2740,36.0
202306,Newcastle upon Tyne,Colecalciferol,3000,2.0
202306,Newcastle upon Tyne,Colecalciferol,3200,4.0
202306,Newcastle upon Tyne,Colecalciferol,400,1669.0
202306,Newcastle upon Tyne,Colecalciferol,40000,4.0
202306,Newcastle upon Tyne,Colecalciferol,440,2.0
202306,Newcastle upon Tyne,Colecalciferol,50000,2.0
202306,Newcastle upon Tyne,Colecalciferol,5600,9.0
202306,Newcastle upon Tyne,Colecalciferol,800,5560.0
202306,Newcastle upon Tyne,Colecalciferol,880,13.0
202306,Newcastle upon Tyne,Colecalciferol,unknown,887.0
202306,Nottingham,Colecalciferol,1000,3198.0
202306,Nottingham,Colecalciferol,10000,14.0
202306,Nottingham,Colecalciferol,200,540.0
202306,Nottingham,Colecalciferol,2000,13.0
202306,Nottingham,Colecalciferol,20000,117.0
202306,Nottingham,Colecalciferol,2200,6.0
202306,Nottingham,Colecalciferol,2400,2.0
202306,Nottingham,Colecalciferol,2500,1.0
202306,Nottingham,Colecalciferol,25000,211.0
202306,Nottingham,Colecalciferol,2740,47.0
202306,Nottingham,Colecalciferol,3200,8.0
202306,Nottingham,Colecalciferol,400,538.0
202306,Nottingham,Colecalciferol,4000,5.0
202306,Nottingham,Colecalciferol,440,5.0
202306,Nottingham,Colecalciferol,5000,3.0
202306,Nottingham,Colecalciferol,50000,161.0
202306,Nottingham,Colecalciferol,5600,4.0
202306,Nottingham,Colecalciferol,800,2003.0
202306,Nottingham,Colecalciferol,880,3.0
202306,Nottingham,Colecalciferol,unknown,899.0
202306,Peterborough,Colecalciferol,1000,15.0
202306,Peterborough,Colecalciferol,10000,1.0
202306,Peterborough,Colecalciferol,200,7.0
202306,Peterborough,Colecalciferol,25000,2.0
202306,Peterborough,Colecalciferol,3200,2.0
202306,Peterborough,Colecalciferol,400,60.0
202306,Peterborough,Colecalciferol,4000,1.0
202306,Peterborough,Colecalciferol,440,1.0
202306,Peterborough,Colecalciferol,50000,1.0
202306,Peterborough,Colecalciferol,800,16.0
202306,Peterborough,Colecalciferol,880,4.0
202306,Peterborough,Colecalciferol,unknown,21.0
202306,Plymouth,Colecalciferol,1000,71.0
202306,Plymouth,Colecalciferol,200,40.0
202306,Plymouth,Colecalciferol,2000,9.0
202306,Plymouth,Colecalciferol,25000,8.0
202306,Plymouth,Colecalciferol,400,50.0
202306,Plymouth,Colecalciferol,4000,1.0
202306,Plymouth,Colecalciferol,440,1.0
202306,Plymouth,Colecalciferol,800,21.0
202306,Plymouth,Colecalciferol,880,28.0
202306,Plymouth,Colecalciferol,unknown,88.0
202306,Sunderland,Colecalciferol,1000,51.0
202306,Sunderland,Colecalciferol,10000,1.0
202306,Sunderland,Colecalciferol,200,68.0
202306,Sunderland,Colecalciferol,20000,21.0
202306,Sunderland,Colecalciferol,2400,1.0
202306,Sunderland,Colecalciferol,25000,1.0
202306,Sunderland,Colecalciferol,400,114.0
202306,Sunderland,Colecalciferol,440,1.0
202306,Sunderland,Colecalciferol,50000,7.0
202306,Sunderland,Colecalciferol,800,270.0
202306,Sunderland,Colecalciferol,880,3.0
202306,Sunderland,Colecalciferol,unknown,455.0
202306,York,Colecalciferol,1000,248.0
202306,York,Colecalciferol,10000,7.0
202306,York,Colecalciferol,200,398.0
202306,York,Colecalciferol,2000,3.0
202306,York,Colecalciferol,20000,15.0
202306,York,Colecalciferol,2200,1.0
202306,York,Colecalciferol,2400,2.0
202306,York,Colecalciferol,25000,47.0
202306,York,Colecalciferol,3000,2.0
202306,York,Colecalciferol,3200,2.0
202306,York,Colecalciferol,400,394.0
202306,York,Colecalciferol,4000,2.0
202306,York,Colecalciferol,40000,2.0
202306,York,Colecalciferol,440,1.0
202306,York,Colecalciferol,5000,1.0
202306,York,Colecalciferol,50000,30.0
202306,York,Colecalciferol,5600,2.0
202306,York,Colecalciferol,800,552.0
202306,York,Colecalciferol,880,35.0
202306,York,Colecalciferol,unknown,897.0
202307,Birmingham,Colecalciferol,1000,1086.0
202307,Birmingham,Colecalciferol,10000,67.0
202307,Birmingham,Colecalciferol,200,2209.0
202307,Birmingham,Colecalciferol,2000,45.0
202307,Birmingham,Colecalciferol,20000,320.0
202307,Birmingham,Colecalciferol,2200,10.0
202307,Birmingham,Colecalciferol,2400,21.0
202307,Birmingham,Colecalciferol,2500,4.0
202307,Birmingham,Colecalciferol,25000,338.0
202307,Birmingham,Colecalciferol,2740,11.0
202307,Birmingham,Colecalciferol,3000,9.0
202307,Birmingham,Colecalciferol,3200,88.0
202307,Birmingham,Colecalciferol,400,1204.0
202307,Birmingham,Colecalciferol,4000,18.0
202307,Birmingham,Colecalciferol,40000,8.0
202307,Birmingham,Colecalciferol,440,4.0
202307,Birmingham,Colecalciferol,5000,7.0
202307,Birmingham,Colecalciferol,50000,669.0
202307,Birmingham,Colecalciferol,5600,5.0
202307,Birmingham,Colecalciferol,600,3.0
202307,Birmingham,Colecalciferol,800,4154.0
202307,Birmingham,Colecalciferol,880,155.0
202307,Birmingham,Colecalciferol,unknown,1749.0
202307,Brighton,Colecalciferol,1000,2.0
202307,Brighton,Colecalciferol,200,21.0
202307,Brighton,Colecalciferol,2000,1.0
202307,Brighton,Colecalciferol,20000,4.0
202307,Brighton,Colecalciferol,3200,1.0
202307,Brighton,Colecalciferol,400,115.0
202307,Brighton,Colecalciferol,4000,2.0
202307,Brighton,Colecalciferol,800,53.0
202307,Brighton,Colecalciferol,880,2.0
202307,Brighton,Colecalciferol,unknown,58.0
202307,Bristol,Colecalciferol,1000,314.0
202307,Bristol,Colecalciferol,10000,9.0
202307,Bristol,Colecalciferol,200,688.0
202307,Bristol,Colecalciferol,2000,6.0
202307,Bristol,Colecalciferol,20000,25.0
202307,Bristol,Colecalciferol,2400,1.0
202307,Bristol,Colecalciferol,25000,93.0
202307,Bristol,Colecalciferol,3000,4.0
202307,Bristol,Colecalciferol,3200,10.0
202307,Bristol,Colecalciferol,400,1827.0
202307,Bristol,Colecalciferol,4000,7.0
202307,Bristol,Colecalciferol,40000,2.0
202307,Bristol,Colecalciferol,440,9.0
202307,Bristol,Colecalciferol,50000,22.0
202307,Bristol,Colecalciferol,5600,1.0
202307,Bristol,Colecalciferol,800,2037.0
202307,Bristol,Colecalciferol,880,174.0
202307,Bristol,Colecalciferol,unknown,939.0
202307,Canterbury,Colecalciferol,1000,180.0
202307,Canterbury,Colecalciferol,10000,2.0
202307,Canterbury,Colecalciferol,200,315.0
202307,Canterbury,Colecalciferol,2000,1.0
202307,Canterbury,Colecalciferol,20000,20.0
202307,Canterbury,Colecalciferol,2200,1.0
202307,Canterbury,Colecalciferol,25000,1.0
202307,Canterbury,Colecalciferol,3200,4.0
202307,Canterbury,Colecalciferol,400,620.0
202307,Canterbury,Colecalciferol,4000,1.0
202307,Canterbury,Colecalciferol,440,3.0
202307,Canterbury,Colecalciferol,5000,1.0
202307,Canterbury,Colecalciferol,50000,1.0
202307,Canterbury,Colecalciferol,600,1.0
202307,Canterbury,Colecalciferol,800,291.0
202307,Canterbury,Colecalciferol,880,30.0
202307,Canterbury,Colecalciferol,unknown,633.0
202307,Exeter,Colecalciferol,1000,47.0
202307,Exeter,Colecalciferol,200,14.0
202307,Exeter,Colecalciferol,2000,1.0
202307,Exeter,Colecalciferol,25000,1.0
202307,Exeter,Colecalciferol,400,10.0
202307,Exeter,Colecalciferol,800,10.0
202307,Exeter,Colecalciferol,880,156.0
202307,Exeter,Colecalciferol,unknown,46.0
202307,Leeds,Colecalciferol,1000,705.0
202307,Leeds,Colecalciferol,10000,7.0
202307,Leeds,Colecalciferol,200,184.0
202307,Leeds,Colecalciferol,2000,12.0
202307,Leeds,Colecalciferol,20000,38.0
202307,Leeds,Colecalciferol,2500,1.0
202307,Leeds,Colecalciferol,25000,14.0
202307,Leeds,Colecalciferol,3000,2.0
202307,Leeds,Colecalciferol,30000,1.0
202307,Leeds,Colecalciferol,400,738.0
202307,Leeds,Colecalciferol,40000,11.0
202307,Leeds,Colecalciferol,440,1.0
202307,Leeds,Colecalciferol,50000,7.0
202307,Leeds,Colecalciferol,600,1.0
202307,Leeds,Colecalciferol,800,553.0
202307,Leeds,Colecalciferol,880,3.0
202307,Leeds,Colecalciferol,unknown,665.0
202307,London,Colecalciferol,1000,34117.0
202307,London,Colecalciferol,10000,855.0
202307,London,Colecalciferol,15000,25.0
202307,London,Colecalciferol,200,17432.0
202307,London,Colecalciferol,2000,894.0
202307,London,Colecalciferol,20000,12458.0
202307,London,Colecalciferol,2200,55.0
202307,London,Colecalciferol,2400,115.0
202307,London,Colecalciferol,2500,129.0
202307,London,Colecalciferol,25000,2643.0
202307,London,Colecalciferol,2740,83.0
202307,London,Colecalciferol,3000,249.0
202307,London,Colecalciferol,30000,5.0
202307,London,Colecalciferol,300000,6.0
202307,London,Colecalciferol,3200,257.0
202307,London,Colecalciferol,400,45416.0
202307,London,Colecalciferol,4000,354.0
202307,London,Colecalciferol,40000,531.0
202307,London,Colecalciferol,440,241.0
202307,London,Colecalciferol,5000,180.0
202307,London,Colecalciferol,50000,167.0
202307,London,Colecalciferol,5600,80.0
202307,London,Colecalciferol,600,43.0
202307,London,Colecalciferol,800,25305.0
202307,London,Colecalciferol,880,1711.0
202307,London,Colecalciferol,unknown,41760.0
202307,Manchester,Colecalciferol,1000,687.0
202307,Manchester,Colecalciferol,10000,57.0
202307,Manchester,Colecalciferol,200,2925.0
202307,Manchester,Colecalciferol,2000,39.0
202307,Manchester,Colecalciferol,20000,1341.0
202307,Manchester,Colecalciferol,2200,2.0
202307,Manchester,Colecalciferol,2400,5.0
202307,Manchester,Colecalciferol,2500,5.0
202307,Manchester,Colecalciferol,25000,49.0
202307,Manchester,Colecalciferol,2740,12.0
202307,Manchester,Colecalciferol,3000,7.0
202307,Manchester,Colecalciferol,3200,44.0
202307,Manchester,Colecalciferol,400,2520.0
202307,Manchester,Colecalciferol,4000,13.0
202307,Manchester,Colecalciferol,40000,13.0
202307,Manchester,Colecalciferol,440,32.0
202307,Manchester,Colecalciferol,5000,3.0
202307,Manchester,Colecalciferol,50000,66.0
202307,Manchester,Colecalciferol,5600,9.0
202307,Manchester,Colecalciferol,600,1.0
202307,Manchester,Colecalciferol,800,2133.0
202307,Manchester,Colecalciferol,880,481.0
202307,Manchester,Colecalciferol,unknown,5484.0
202307,Middlesbrough,Colecalciferol,1000,109.0
202307,Middlesbrough,Colecalciferol,10000,2.0
202307,Middlesbrough,Colecalciferol,200,89.0
202307,Middlesbrough,Colecalciferol,20000,29.0
202307,Middlesbrough,Colecalciferol,25000,1.0
202307,Middlesbrough,Colecalciferol,400,169.0
202307,Middlesbrough,Colecalciferol,40000,1.0
202307,Middlesbrough,Colecalciferol,800,295.0
202307,Middlesbrough,Colecalciferol,880,46.0
202307,Middlesbrough,Colecalciferol,unknown,133.0
202307,Newcastle upon Tyne,Colecalciferol,1000,40.0
202307,Newcastle upon Tyne,Colecalciferol,10000,4.0
202307,Newcastle upon Tyne,Colecalciferol,200,219.0
202307,Newcastle upon Tyne,Colecalciferol,2000,1.0
202307,Newcastle upon Tyne,Colecalciferol,20000,125.0
202307,Newcastle upon Tyne,Colecalciferol,2400,1.0
202307,Newcastle upon Tyne,Colecalciferol,2500,1.0
202307,Newcastle upon Tyne,Colecalciferol,25000,3.0
202307,Newcastle upon Tyne,Colecalciferol,2740,29.0
202307,Newcastle upon Tyne,Colecalciferol,3000,1.0
202307,Newcastle upon Tyne,Colecalciferol,3200,5.0
202307,Newcastle upon Tyne,Colecalciferol,400,1535.0
202307,Newcastle upon Tyne,Colecalciferol,440,3.0
202307,Newcastle upon Tyne,Colecalciferol,50000,1.0
202307,Newcastle upon Tyne,Colecalciferol,5600,6.0
202307,Newcastle upon Tyne,Colecalciferol,800,5366.0
202307,Newcastle upon Tyne,Colecalciferol,880,11.0
202307,Newcastle upon Tyne,Colecalciferol,unknown,900.0
202307,Nottingham,Colecalciferol,1000,3045.0
202307,Nottingham,Colecalciferol,10000,7.0
202307,Nottingham,Colecalciferol,200,480.0
202307,Nottingham,Colecalciferol,2000,14.0
202307,Nottingham,Colecalciferol,20000,71.0
202307,Nottingham,Colecalciferol,2200,5.0
202307,Nottingham,Colecalciferol,2400,3.0
202307,Nottingham,Colecalciferol,25000,161.0
202307,Nottingham,Colecalciferol,2740,38.0
202307,Nottingham,Colecalciferol,3000,1.0
202307,Nottingham,Colecalciferol,3200,7.0
202307,Nottingham,Colecalciferol,400,508.0
202307,Nottingham,Colecalciferol,4000,5.0
202307,Nottingham,Colecalciferol,440,4.0
202307,Nottingham,Colecalciferol,5000,10.0
202307,Nottingham,Colecalciferol,50000,120.0
202307,Nottingham,Colecalciferol,5600,4.0
202307,Nottingham,Colecalciferol,800,1955.0
202307,Nottingham,Colecalciferol,880,5.0
202307,Nottingham,Colecalciferol,unknown,841.0
202307,Peterborough,Colecalciferol,1000,6.0
202307,Peterborough,Colecalciferol,200,8.0
202307,Peterborough,Colecalciferol,20000,3.0
202307,Peterborough,Colecalciferol,3200,1.0
202307,Peterborough,Colecalciferol,400,69.0
202307,Peterborough,Colecalciferol,440,1.0
202307,Peterborough,Colecalciferol,50000,1.0
202307,Peterborough,Colecalciferol,800,29.0
202307,Peterborough,Colecalciferol,880,6.0
202307,Peterborough,Colecalciferol,unknown,24.0
202307,Plymouth,Colecalciferol,1000,74.0
202307,Plymouth,Colecalciferol,10000,1.0
202307,Plymouth,Colecalciferol,200,35.0
202307,Plymouth,Colecalciferol,2000,4.0
202307,Plymouth,Colecalciferol,25000,12.0
202307,Plymouth,Colecalciferol,400,53.0
202307,Plymouth,Colecalciferol,40000,1.0
202307,Plymouth,Colecalciferol,800,16.0
202307,Plymouth,Colecalciferol,880,28.0
202307,Plymouth,Colecalciferol,unknown,74.0
202307,Sunderland,Colecalciferol,1000,52.0
202307,Sunderland,Colecalciferol,10000,1.0
202307,Sunderland,Colecalciferol,200,67.0
202307,Sunderland,Colecalciferol,20000,23.0
202307,Sunderland,Colecalciferol,25000,1.0
202307,Sunderland,Colecalciferol,400,108.0
202307,Sunderland,Colecalciferol,440,1.0
202307,Sunderland,Colecalciferol,800,256.0
202307,Sunderland,Colecalciferol,880,3.0
202307,Sunderland,Colecalciferol,unknown,435.0
202307,York,Colecalciferol,1000,304.0
202307,York,Colecalciferol,10000,8.0
202307,York,Colecalciferol,200,440.0
202307,York,Colecalciferol,2000,2.0
202307,York,Colecalciferol,20000,6.0
202307,York,Colecalciferol,2200,1.0
202307,York,Colecalciferol,2400,2.0
202307,York,Colecalciferol,25000,33.0
202307,York,Colecalciferol,3000,5.0
202307,York,Colecalciferol,400,388.0
202307,York,Colecalciferol,40000,1.0
202307,York,Colecalciferol,440,1.0
202307,York,Colecalciferol,50000,25.0
202307,York,Colecalciferol,5600,3.0
202307,York,Colecalciferol,800,574.0
202307,York,Colecalciferol,880,35.0
202307,York,Colecalciferol,unknown,935.0
202308,Birmingham,Colecalciferol,1000,1087.0
202308,Birmingham,Colecalciferol,10000,68.0
202308,Birmingham,Colecalciferol,200,2261.0
202308,Birmingham,Colecalciferol,2000,39.0
202308,Birmingham,Colecalciferol,20000,370.0
202308,Birmingham,Colecalciferol,2200,7.0
202308,Birmingham,Colecalciferol,2400,19.0
202308,Birmingham,Colecalciferol,2500,2.0
202308,Birmingham,Colecalciferol,25000,314.0
202308,Birmingham,Colecalciferol,2740,11.0
202308,Birmingham,Colecalciferol,3000,7.0
202308,Birmingham,Colecalciferol,3200,96.0
202308,Birmingham,Colecalciferol,400,1178.0
202308,Birmingham,Colecalciferol,4000,13.0
202308,Birmingham,Colecalciferol,40000,1.0
202308,Birmingham,Colecalciferol,440,7.0
202308,Birmingham,Colecalciferol,5000,2.0
202308,Birmingham,Colecalciferol,50000,677.0
202308,Birmingham,Colecalciferol,5600,7.0
202308,Birmingham,Colecalciferol,600,4.0
202308,Birmingham,Colecalciferol,800,4069.0
202308,Birmingham,Colecalciferol,880,145.0
202308,Birmingham,Colecalciferol,unknown,1777.0
202308,Brighton,Colecalciferol,1000,4.0
202308,Brighton,Colecalciferol,200,28.0
202308,Brighton,Colecalciferol,2000,1.0
202308,Brighton,Colecalciferol,20000,1.0
202308,Brighton,Colecalciferol,3200,2.0
202308,Brighton,Colecalciferol,400,121.0
202308,Brighton,Colecalciferol,4000,1.0
202308,Brighton,Colecalciferol,40000,1.0
202308,Brighton,Colecalciferol,5000,1.0
202308,Brighton,Colecalciferol,800,55.0
202308,Brighton,Colecalciferol,880,1.0
202308,Brighton,Colecalciferol,unknown,65.0
202308,Bristol,Colecalciferol,1000,363.0
202308,Bristol,Colecalciferol,10000,5.0
202308,Bristol,Colecalciferol,200,668.0
202308,Bristol,Colecalciferol,2000,2.0
202308,Bristol,Colecalciferol,20000,25.0
202308,Bristol,Colecalciferol,2200,1.0
202308,Bristol,Colecalciferol,25000,111.0
202308,Bristol,Colecalciferol,2740,1.0
202308,Bristol,Colecalciferol,3000,5.0
202308,Bristol,Colecalciferol,3200,9.0
202308,Bristol,Colecalciferol,400,1976.0
202308,Bristol,Colecalciferol,4000,6.0
202308,Bristol,Colecalciferol,40000,1.0
202308,Bristol,Colecalciferol,440,10.0
202308,Bristol,Colecalciferol,5000,1.0
202308,Bristol,Colecalciferol,50000,9.0
202308,Bristol,Colecalciferol,5600,1.0
202308,Bristol,Colecalciferol,800,2040.0
202308,Bristol,Colecalciferol,880,181.0
202308,Bristol,Colecalciferol,unknown,979.0
202308,Canterbury,Colecalciferol,1000,187.0
202308,Canterbury,Colecalciferol,10000,2.0
202308,Canterbury,Colecalciferol,200,354.0
202308,Canterbury,Colecalciferol,2000,1.0
202308,Canterbury,Colecalciferol,20000,11.0
202308,Canterbury,Colecalciferol,25000,1.0
202308,Canterbury,Colecalciferol,3000,1.0
202308,Canterbury,Colecalciferol,3200,6.0
202308,Canterbury,Colecalciferol,400,651.0
202308,Canterbury,Colecalciferol,440,4.0
202308,Canterbury,Colecalciferol,50000,2.0
202308,Canterbury,Colecalciferol,600,2.0
202308,Canterbury,Colecalciferol,800,295.0
202308,Canterbury,Colecalciferol,880,26.0
202308,Canterbury,Colecalciferol,unknown,669.0
202308,Exeter,Colecalciferol,1000,47.0
202308,Exeter,Colecalciferol,200,20.0
202308,Exeter,Colecalciferol,25000,1.0
202308,Exeter,Colecalciferol,400,8.0
202308,Exeter,Colecalciferol,800,11.0
202308,Exeter,Colecalciferol,880,164.0
202308,Exeter,Colecalciferol,unknown,60.0
202308,Leeds,Colecalciferol,1000,786.0
202308,Leeds,Colecalciferol,10000,13.0
202308,Leeds,Colecalciferol,200,181.0
202308,Leeds,Colecalciferol,2000,7.0
202308,Leeds,Colecalciferol,20000,22.0
202308,Leeds,Colecalciferol,2400,1.0
202308,Leeds,Colecalciferol,2500,1.0
202308,Leeds,Colecalciferol,25000,11.0
202308,Leeds,Colecalciferol,2740,1.0
202308,Leeds,Colecalciferol,3000,1.0
202308,Leeds,Colecalciferol,3200,1.0
202308,Leeds,Colecalciferol,400,748.0
202308,Leeds,Colecalciferol,40000,14.0
202308,Leeds,Colecalciferol,440,1.0
202308,Leeds,Colecalciferol,50000,15.0
202308,Leeds,Colecalciferol,600,1.0
202308,Leeds,Colecalciferol,800,587.0
202308,Leeds,Colecalciferol,880,9.0
202308,Leeds,Colecalciferol,unknown,674.0
202308,London,Colecalciferol,1000,34982.0
202308,London,Colecalciferol,10000,794.0
202308,London,Colecalciferol,15000,19.0
202308,London,Colecalciferol,200,17472.0
202308,London,Colecalciferol,2000,795.0
202308,London,Colecalciferol,20000,12266.0
202308,London,Colecalciferol,2200,65.0
202308,London,Colecalciferol,2400,110.0
202308,London,Colecalciferol,2500,87.0
202308,London,Colecalciferol,25000,2556.0
202308,London,Colecalciferol,2740,94.0
202308,London,Colecalciferol,3000,296.0
202308,London,Colecalciferol,30000,2.0
202308,London,Colecalciferol,300000,1.0
202308,London,Colecalciferol,3200,269.0
202308,London,Colecalciferol,400,45853.0
202308,London,Colecalciferol,4000,342.0
202308,London,Colecalciferol,40000,499.0
202308,London,Colecalciferol,440,214.0
202308,London,Colecalciferol,5000,160.0
202308,London,Colecalciferol,50000,159.0
202308,London,Colecalciferol,5600,16.0
202308,London,Colecalciferol,600,52.0
202308,London,Colecalciferol,6000,1.0
202308,London,Colecalciferol,800,25601.0
202308,London,Colecalciferol,880,1692.0
202308,London,Colecalciferol,unknown,42029.0
202308,Manchester,Colecalciferol,1000,725.0
202308,Manchester,Colecalciferol,10000,44.0
202308,Manchester,Colecalciferol,200,3001.0
202308,Manchester,Colecalciferol,2000,34.0
202308,Manchester,Colecalciferol,20000,1242.0
202308,Manchester,Colecalciferol,2200,2.0
202308,Manchester,Colecalciferol,2400,7.0
202308,Manchester,Colecalciferol,2500,2.0
202308,Manchester,Colecalciferol,25000,46.0
202308,Manchester,Colecalciferol,2740,10.0
202308,Manchester,Colecalciferol,3000,11.0
202308,Manchester,Colecalciferol,3200,53.0
202308,Manchester,Colecalciferol,400,2689.0
202308,Manchester,Colecalciferol,4000,17.0
202308,Manchester,Colecalciferol,40000,16.0
202308,Manchester,Colecalciferol,440,30.0
202308,Manchester,Colecalciferol,5000,4.0
202308,Manchester,Colecalciferol,50000,52.0
202308,Manchester,Colecalciferol,5600,10.0
202308,Manchester,Colecalciferol,600,3.0
202308,Manchester,Colecalciferol,800,2095.0
202308,Manchester,Colecalciferol,880,513.0
202308,Manchester,Colecalciferol,unknown,5719.0
202308,Middlesbrough,Colecalciferol,1000,106.0
202308,Middlesbrough,Colecalciferol,10000,1.0
202308,Middlesbrough,Colecalciferol,200,77.0
202308,Middlesbrough,Colecalciferol,2000,2.0
202308,Middlesbrough,Colecalciferol,20000,31.0
202308,Middlesbrough,Colecalciferol,25000,2.0
202308,Middlesbrough,Colecalciferol,3000,1.0
202308,Middlesbrough,Colecalciferol,3200,1.0
202308,Middlesbrough,Colecalciferol,400,187.0
202308,Middlesbrough,Colecalciferol,50000,3.0
202308,Middlesbrough,Colecalciferol,800,305.0
202308,Middlesbrough,Colecalciferol,880,42.0
202308,Middlesbrough,Colecalciferol,unknown,140.0
202308,Newcastle upon Tyne,Colecalciferol,1000,36.0
202308,Newcastle upon Tyne,Colecalciferol,10000,2.0
202308,Newcastle upon Tyne,Colecalciferol,200,219.0
202308,Newcastle upon Tyne,Colecalciferol,2000,5.0
202308,Newcastle upon Tyne,Colecalciferol,20000,143.0
202308,Newcastle upon Tyne,Colecalciferol,2400,2.0
202308,Newcastle upon Tyne,Colecalciferol,25000,4.0
202308,Newcastle upon Tyne,Colecalciferol,2740,35.0
202308,Newcastle upon Tyne,Colecalciferol,3200,6.0
202308,Newcastle upon Tyne,Colecalciferol,400,1604.0
202308,Newcastle upon Tyne,Colecalciferol,440,1.0
202308,Newcastle upon Tyne,Colecalciferol,50000,1.0
202308,Newcastle upon Tyne,Colecalciferol,5600,8.0
202308,Newcastle upon Tyne,Colecalciferol,800,5273.0
202308,Newcastle upon Tyne,Colecalciferol,880,7.0
202308,Newcastle upon Tyne,Colecalciferol,unknown,916.0
202308,Nottingham,Colecalciferol,1000,3353.0
202308,Nottingham,Colecalciferol,10000,5.0
202308,Nottingham,Colecalciferol,200,503.0
202308,Nottingham,Colecalciferol,2000,11.0
202308,Nottingham,Colecalciferol,20000,64.0
202308,Nottingham,Colecalciferol,2200,4.0
202308,Nottingham,Colecalciferol,2400,1.0
202308,Nottingham,Colecalciferol,2500,1.0
202308,Nottingham,Colecalciferol,25000,130.0
202308,Nottingham,Colecalciferol,2740,42.0
202308,Nottingham,Colecalciferol,3000,1.0
202308,Nottingham,Colecalciferol,3200,8.0
202308,Nottingham,Colecalciferol,400,524.0
202308,Nottingham,Colecalciferol,4000,10.0
202308,Nottingham,Colecalciferol,440,5.0
202308,Nottingham,Colecalciferol,5000,5.0
202308,Nottingham,Colecalciferol,50000,115.0
202308,Nottingham,Colecalciferol,5600,3.0
202308,Nottingham,Colecalciferol,800,2019.0
202308,Nottingham,Colecalciferol,880,2.0
202308,Nottingham,Colecalciferol,unknown,879.0
202308,Peterborough,Colecalciferol,1000,19.0
202308,Peterborough,Colecalciferol,200,7.0
202308,Peterborough,Colecalciferol,20000,2.0
202308,Peterborough,Colecalciferol,25000,2.0
202308,Peterborough,Colecalciferol,3200,1.0
202308,Peterborough,Colecalciferol,400,75.0
202308,Peterborough,Colecalciferol,440,1.0
202308,Peterborough,Colecalciferol,50000,4.0
202308,Peterborough,Colecalciferol,800,25.0
202308,Peterborough,Colecalciferol,880,6.0
202308,Peterborough,Colecalciferol,unknown,22.0
202308,Plymouth,Colecalciferol,1000,90.0
202308,Plymouth,Colecalciferol,200,38.0
202308,Plymouth,Colecalciferol,2000,9.0
202308,Plymouth,Colecalciferol,2500,6.0
202308,Plymouth,Colecalciferol,25000,10.0
202308,Plymouth,Colecalciferol,400,57.0
202308,Plymouth,Colecalciferol,800,12.0
202308,Plymouth,Colecalciferol,880,26.0
202308,Plymouth,Colecalciferol,unknown,98.0
202308,Sunderland,Colecalciferol,1000,52.0
202308,Sunderland,Colecalciferol,200,80.0
202308,Sunderland,Colecalciferol,20000,16.0
202308,Sunderland,Colecalciferol,25000,1.0
202308,Sunderland,Colecalciferol,2740,1.0
202308,Sunderland,Colecalciferol,400,146.0
202308,Sunderland,Colecalciferol,800,280.0
202308,Sunderland,Colecalciferol,880,6.0
202308,Sunderland,Colecalciferol,unknown,471.0
202308,York,Colecalciferol,1000,288.0
202308,York,Colecalciferol,10000,12.0
202308,York,Colecalciferol,200,395.0
202308,York,Colecalciferol,2000,2.0
202308,York,Colecalciferol,20000,9.0
202308,York,Colecalciferol,25000,48.0
202308,York,Colecalciferol,3000,1.0
202308,York,Colecalciferol,30000,4.0
202308,York,Colecalciferol,3200,1.0
202308,York,Colecalciferol,400,385.0
202308,York,Colecalciferol,40000,1.0
202308,York,Colecalciferol,440,1.0
202308,York,Colecalciferol,50000,30.0
202308,York,Colecalciferol,5600,1.0
202308,York,Colecalciferol,800,549.0
202308,York,Colecalciferol,880,36.0
202308,York,Colecalciferol,unknown,937.0
202309,Birmingham,Colecalciferol,1000,1158.0
202309,Birmingham,Colecalciferol,10000,67.0
202309,Birmingham,Colecalciferol,15000,1.0
202309,Birmingham,Colecalciferol,200,2310.0
202309,Birmingham,Colecalciferol,2000,34.0
202309,Birmingham,Colecalciferol,20000,352.0
202309,Birmingham,Colecalciferol,2200,6.0
202309,Birmingham,Colecalciferol,2400,18.0
202309,Birmingham,Colecalciferol,2500,7.0
202309,Birmingham,Colecalciferol,25000,299.0
202309,Birmingham,Colecalciferol,2740,9.0
202309,Birmingham,Colecalciferol,3000,12.0
202309,Birmingham,Colecalciferol,3200,69.0
202309,Birmingham,Colecalciferol,400,1172.0
202309,Birmingham,Colecalciferol,4000,12.0
202309,Birmingham,Colecalciferol,40000,8.0
202309,Birmingham,Colecalciferol,440,4.0
202309,Birmingham,Colecalciferol,5000,2.0
202309,Birmingham,Colecalciferol,50000,589.0
202309,Birmingham,Colecalciferol,5600,6.0
202309,Birmingham,Colecalciferol,600,2.0
202309,Birmingham,Colecalciferol,800,4127.0
202309,Birmingham,Colecalciferol,880,145.0
202309,Birmingham,Colecalciferol,unknown,1773.0
202309,Brighton,Colecalciferol,1000,1.0
202309,Brighton,Colecalciferol,200,25.0
202309,Brighton,Colecalciferol,20000,2.0
202309,Brighton,Colecalciferol,2500,1.0
202309,Brighton,Colecalciferol,3200,2.0
202309,Brighton,Colecalciferol,400,101.0
202309,Brighton,Colecalciferol,4000,2.0
202309,Brighton,Colecalciferol,5000,1.0
202309,Brighton,Colecalciferol,600,1.0
202309,Brighton,Colecalciferol,800,56.0
202309,Brighton,Colecalciferol,880,2.0
202309,Brighton,Colecalciferol,unknown,47.0
202309,Bristol,Colecalciferol,1000,329.0
202309,Bristol,Colecalciferol,10000,5.0
202309,Bristol,Colecalciferol,15000,1.0
202309,Bristol,Colecalciferol,200,701.0
202309,Bristol,Colecalciferol,2000,2.0
202309,Bristol,Colecalciferol,20000,19.0
202309,Bristol,Colecalciferol,2400,1.0
202309,Bristol,Colecalciferol,25000,95.0
202309,Bristol,Colecalciferol,3000,4.0
202309,Bristol,Colecalciferol,3200,3.0
202309,Bristol,Colecalciferol,400,1772.0
202309,Bristol,Colecalciferol,4000,3.0
202309,Bristol,Colecalciferol,40000,1.0
202309,Bristol,Colecalciferol,440,6.0
202309,Bristol,Colecalciferol,50000,8.0
202309,Bristol,Colecalciferol,600,1.0
202309,Bristol,Colecalciferol,800,1883.0
202309,Bristol,Colecalciferol,880,151.0
202309,Bristol,Colecalciferol,unknown,918.0
202309,Canterbury,Colecalciferol,1000,178.0
202309,Canterbury,Colecalciferol,10000,1.0
202309,Canterbury,Colecalciferol,200,328.0
202309,Canterbury,Colecalciferol,2000,1.0
202309,Canterbury,Colecalciferol,20000,18.0
202309,Canterbury,Colecalciferol,2740,1.0
202309,Canterbury,Colecalciferol,3000,1.0
202309,Canterbury,Colecalciferol,3200,5.0
202309,Canterbury,Colecalciferol,400,682.0
202309,Canterbury,Colecalciferol,40000,2.0
202309,Canterbury,Colecalciferol,440,3.0
202309,Canterbury,Colecalciferol,50000,2.0
202309,Canterbury,Colecalciferol,600,1.0
202309,Canterbury,Colecalciferol,800,259.0
202309,Canterbury,Colecalciferol,880,27.0
202309,Canterbury,Colecalciferol,unknown,654.0
202309,Exeter,Colecalciferol,1000,50.0
202309,Exeter,Colecalciferol,200,11.0
202309,Exeter,Colecalciferol,2400,1.0
202309,Exeter,Colecalciferol,400,9.0
202309,Exeter,Colecalciferol,800,9.0
202309,Exeter,Colecalciferol,880,142.0
202309,Exeter,Colecalciferol,unknown,49.0
202309,Leeds,Colecalciferol,1000,676.0
202309,Leeds,Colecalciferol,10000,9.0
202309,Leeds,Colecalciferol,200,153.0
202309,Leeds,Colecalciferol,2000,16.0
202309,Leeds,Colecalciferol,20000,38.0
202309,Leeds,Colecalciferol,2400,2.0
202309,Leeds,Colecalciferol,2500,1.0
202309,Leeds,Colecalciferol,25000,15.0
202309,Leeds,Colecalciferol,2740,2.0
202309,Leeds,Colecalciferol,400,693.0
202309,Leeds,Colecalciferol,40000,9.0
202309,Leeds,Colecalciferol,440,2.0
202309,Leeds,Colecalciferol,50000,11.0
202309,Leeds,Colecalciferol,600,1.0
202309,Leeds,Colecalciferol,800,554.0
202309,Leeds,Colecalciferol,880,7.0
202309,Leeds,Colecalciferol,unknown,651.0
202309,London,Colecalciferol,1000,34838.0
202309,London,Colecalciferol,10000,793.0
202309,London,Colecalciferol,15000,17.0
202309,London,Colecalciferol,200,17071.0
202309,London,Colecalciferol,2000,779.0
202309,London,Colecalciferol,20000,11626.0
202309,London,Colecalciferol,2200,173.0
202309,London,Colecalciferol,2400,108.0
202309,London,Colecalciferol,2500,85.0
202309,London,Colecalciferol,25000,2360.0
202309,London,Colecalciferol,2740,115.0
202309,London,Colecalciferol,3000,247.0
202309,London,Colecalciferol,30000,4.0
202309,London,Colecalciferol,300000,2.0
202309,London,Colecalciferol,3200,250.0
202309,London,Colecalciferol,400,45429.0
202309,London,Colecalciferol,4000,339.0
202309,London,Colecalciferol,40000,438.0
202309,London,Colecalciferol,440,221.0
202309,London,Colecalciferol,5000,176.0
202309,London,Colecalciferol,50000,128.0
202309,London,Colecalciferol,5600,25.0
202309,London,Colecalciferol,600,60.0
202309,London,Colecalciferol,800,25384.0
202309,London,Colecalciferol,880,1677.0
202309,London,Colecalciferol,unknown,41015.0
202309,Manchester,Colecalciferol,1000,697.0
202309,Manchester,Colecalciferol,10000,52.0
202309,Manchester,Colecalciferol,200,3087.0
202309,Manchester,Colecalciferol,2000,37.0
202309,Manchester,Colecalciferol,20000,1318.0
202309,Manchester,Colecalciferol,2200,2.0
202309,Manchester,Colecalciferol,2400,6.0
202309,Manchester,Colecalciferol,2500,2.0
202309,Manchester,Colecalciferol,25000,54.0
202309,Manchester,Colecalciferol,2740,13.0
202309,Manchester,Colecalciferol,3000,9.0
202309,Manchester,Colecalciferol,3200,41.0
202309,Manchester,Colecalciferol,400,2652.0
202309,Manchester,Colecalciferol,4000,22.0
202309,Manchester,Colecalciferol,40000,29.0
202309,Manchester,Colecalciferol,440,32.0
202309,Manchester,Colecalciferol,5000,5.0
202309,Manchester,Colecalciferol,50000,49.0
202309,Manchester,Colecalciferol,5600,8.0
202309,Manchester,Colecalciferol,600,6.0
202309,Manchester,Colecalciferol,800,2056.0
202309,Manchester,Colecalciferol,880,502.0
202309,Manchester,Colecalciferol,unknown,5463.0
202309,Middlesbrough,Colecalciferol,1000,112.0
202309,Middlesbrough,Colecalciferol,10000,1.0
202309,Middlesbrough,Colecalciferol,200,77.0
202309,Middlesbrough,Colecalciferol,2000,3.0
202309,Middlesbrough,Colecalciferol,20000,30.0
202309,Middlesbrough,Colecalciferol,25000,1.0
202309,Middlesbrough,Colecalciferol,2740,1.0
202309,Middlesbrough,Colecalciferol,400,176.0
202309,Middlesbrough,Colecalciferol,800,287.0
202309,Middlesbrough,Colecalciferol,880,52.0
202309,Middlesbrough,Colecalciferol,unknown,135.0
202309,Newcastle upon Tyne,Colecalciferol,1000,25.0
202309,Newcastle upon Tyne,Colecalciferol,10000,4.0
202309,Newcastle upon Tyne,Colecalciferol,200,200.0
202309,Newcastle upon Tyne,Colecalciferol,2000,6.0
202309,Newcastle upon Tyne,Colecalciferol,20000,113.0
202309,Newcastle upon Tyne,Colecalciferol,2400,1.0
202309,Newcastle upon Tyne,Colecalciferol,25000,4.0
202309,Newcastle upon Tyne,Colecalciferol,2740,21.0
202309,Newcastle upon Tyne,Colecalciferol,3200,8.0
202309,Newcastle upon Tyne,Colecalciferol,400,1303.0
202309,Newcastle upon Tyne,Colecalciferol,440,2.0
202309,Newcastle upon Tyne,Colecalciferol,800,3973.0
202309,Newcastle upon Tyne,Colecalciferol,880,2.0
202309,Newcastle upon Tyne,Colecalciferol,unknown,741.0
202309,Nottingham,Colecalciferol,1000,3292.0
202309,Nottingham,Colecalciferol,10000,7.0
202309,Nottingham,Colecalciferol,200,478.0
202309,Nottingham,Colecalciferol,2000,9.0
202309,Nottingham,Colecalciferol,20000,81.0
202309,Nottingham,Colecalciferol,2200,5.0
202309,Nottingham,Colecalciferol,2400,2.0
202309,Nottingham,Colecalciferol,2500,1.0
202309,Nottingham,Colecalciferol,25000,109.0
202309,Nottingham,Colecalciferol,2740,42.0
202309,Nottingham,Colecalciferol,3000,1.0
202309,Nottingham,Colecalciferol,3200,5.0
202309,Nottingham,Colecalciferol,400,464.0
202309,Nottingham,Colecalciferol,4000,12.0
202309,Nottingham,Colecalciferol,440,2.0
202309,Nottingham,Colecalciferol,5000,7.0
202309,Nottingham,Colecalciferol,50000,108.0
202309,Nottingham,Colecalciferol,5600,2.0
202309,Nottingham,Colecalciferol,800,1932.0
202309,Nottingham,Colecalciferol,880,3.0
202309,Nottingham,Colecalciferol,unknown,821.0
202309,Peterborough,Colecalciferol,1000,7.0
202309,Peterborough,Colecalciferol,200,4.0
202309,Peterborough,Colecalciferol,20000,1.0
202309,Peterborough,Colecalciferol,3200,1.0
202309,Peterborough,Colecalciferol,400,74.0
202309,Peterborough,Colecalciferol,440,1.0
202309,Peterborough,Colecalciferol,50000,2.0
202309,Peterborough,Colecalciferol,5600,1.0
202309,Peterborough,Colecalciferol,800,39.0
202309,Peterborough,Colecalciferol,880,4.0
202309,Peterborough,Colecalciferol,unknown,18.0
202309,Plymouth,Colecalciferol,1000,79.0
202309,Plymouth,Colecalciferol,200,37.0
202309,Plymouth,Colecalciferol,2000,3.0
202309,Plymouth,Colecalciferol,25000,15.0
202309,Plymouth,Colecalciferol,400,47.0
202309,Plymouth,Colecalciferol,800,15.0
202309,Plymouth,Colecalciferol,880,31.0
202309,Plymouth,Colecalciferol,unknown,82.0
202309,Sunderland,Colecalciferol,1000,48.0
202309,Sunderland,Colecalciferol,200,76.0
202309,Sunderland,Colecalciferol,20000,14.0
202309,Sunderland,Colecalciferol,25000,2.0
202309,Sunderland,Colecalciferol,2740,2.0
202309,Sunderland,Colecalciferol,400,109.0
202309,Sunderland,Colecalciferol,800,300.0
202309,Sunderland,Colecalciferol,880,2.0
202309,Sunderland,Colecalciferol,unknown,447.0
202309,York,Colecalciferol,1000,240.0
202309,York,Colecalciferol,10000,5.0
202309,York,Colecalciferol,200,394.0
202309,York,Colecalciferol,2000,2.0
202309,York,Colecalciferol,20000,6.0
202309,York,Colecalciferol,2200,1.0
202309,York,Colecalciferol,2400,1.0
202309,York,Colecalciferol,25000,35.0
202309,York,Colecalciferol,3000,1.0
202309,York,Colecalciferol,3200,4.0
202309,York,Colecalciferol,400,377.0
202309,York,Colecalciferol,4000,2.0
202309,York,Colecalciferol,40000,1.0
202309,York,Colecalciferol,440,1.0
202309,York,Colecalciferol,50000,23.0
202309,York,Colecalciferol,5600,2.0
202309,York,Colecalciferol,800,586.0
202309,York,Colecalciferol,880,29.0
202309,York,Colecalciferol,unknown,908.0
202310,Birmingham,Colecalciferol,1000,1079.0
202310,Birmingham,Colecalciferol,10000,85.0
202310,Birmingham,Colecalciferol,15000,2.0
202310,Birmingham,Colecalciferol,200,2215.0
202310,Birmingham,Colecalciferol,2000,42.0
202310,Birmingham,Colecalciferol,20000,383.0
202310,Birmingham,Colecalciferol,2200,6.0
202310,Birmingham,Colecalciferol,2400,14.0
202310,Birmingham,Colecalciferol,2500,2.0
202310,Birmingham,Colecalciferol,25000,287.0
202310,Birmingham,Colecalciferol,2740,10.0
202310,Birmingham,Colecalciferol,3000,9.0
202310,Birmingham,Colecalciferol,30000,1.0
202310,Birmingham,Colecalciferol,3200,89.0
202310,Birmingham,Colecalciferol,400,1249.0
202310,Birmingham,Colecalciferol,4000,10.0
202310,Birmingham,Colecalciferol,40000,5.0
202310,Birmingham,Colecalciferol,440,5.0
202310,Birmingham,Colecalciferol,50000,625.0
202310,Birmingham,Colecalciferol,5600,9.0
202310,Birmingham,Colecalciferol,600,7.0
202310,Birmingham,Colecalciferol,800,4116.0
202310,Birmingham,Colecalciferol,880,142.0
202310,Birmingham,Colecalciferol,unknown,1758.0
202310,Brighton,Colecalciferol,1000,1.0
202310,Brighton,Colecalciferol,200,25.0
202310,Brighton,Colecalciferol,2000,1.0
202310,Brighton,Colecalciferol,20000,1.0
202310,Brighton,Colecalciferol,3000,1.0
202310,Brighton,Colecalciferol,3200,1.0
202310,Brighton,Colecalciferol,400,119.0
202310,Brighton,Colecalciferol,4000,1.0
202310,Brighton,Colecalciferol,5000,1.0
202310,Brighton,Colecalciferol,50000,1.0
202310,Brighton,Colecalciferol,800,58.0
202310,Brighton,Colecalciferol,880,2.0
202310,Brighton,Colecalciferol,unknown,50.0
202310,Bristol,Colecalciferol,1000,293.0
202310,Bristol,Colecalciferol,10000,6.0
202310,Bristol,Colecalciferol,15000,1.0
202310,Bristol,Colecalciferol,200,681.0
202310,Bristol,Colecalciferol,2000,2.0
202310,Bristol,Colecalciferol,20000,23.0
202310,Bristol,Colecalciferol,2200,1.0
202310,Bristol,Colecalciferol,2400,2.0
202310,Bristol,Colecalciferol,25000,95.0
202310,Bristol,Colecalciferol,3000,7.0
202310,Bristol,Colecalciferol,3200,8.0
202310,Bristol,Colecalciferol,400,1814.0
202310,Bristol,Colecalciferol,4000,4.0
202310,Bristol,Colecalciferol,440,8.0
202310,Bristol,Colecalciferol,5000,1.0
202310,Bristol,Colecalciferol,50000,7.0
202310,Bristol,Colecalciferol,800,2029.0
202310,Bristol,Colecalciferol,880,168.0
202310,Bristol,Colecalciferol,unknown,1001.0
202310,Canterbury,Colecalciferol,1000,184.0
202310,Canterbury,Colecalciferol,10000,1.0
202310,Canterbury,Colecalciferol,200,314.0
202310,Canterbury,Colecalciferol,2000,3.0
202310,Canterbury,Colecalciferol,20000,12.0
202310,Canterbury,Colecalciferol,25000,3.0
202310,Canterbury,Colecalciferol,3000,1.0
202310,Canterbury,Colecalciferol,3200,6.0
202310,Canterbury,Colecalciferol,400,673.0
202310,Canterbury,Colecalciferol,4000,7.0
202310,Canterbury,Colecalciferol,40000,5.0
202310,Canterbury,Colecalciferol,440,5.0
202310,Canterbury,Colecalciferol,5000,1.0
202310,Canterbury,Colecalciferol,50000,3.0
202310,Canterbury,Colecalciferol,600,1.0
202310,Canterbury,Colecalciferol,800,270.0
202310,Canterbury,Colecalciferol,880,30.0
202310,Canterbury,Colecalciferol,unknown,578.0
202310,Exeter,Colecalciferol,1000,50.0
202310,Exeter,Colecalciferol,200,13.0
202310,Exeter,Colecalciferol,2400,1.0
202310,Exeter,Colecalciferol,400,4.0
202310,Exeter,Colecalciferol,800,9.0
202310,Exeter,Colecalciferol,880,160.0
202310,Exeter,Colecalciferol,unknown,50.0
202310,Leeds,Colecalciferol,1000,712.0
202310,Leeds,Colecalciferol,10000,9.0
202310,Leeds,Colecalciferol,200,157.0
202310,Leeds,Colecalciferol,2000,11.0
202310,Leeds,Colecalciferol,20000,38.0
202310,Leeds,Colecalciferol,2400,2.0
202310,Leeds,Colecalciferol,2500,1.0
202310,Leeds,Colecalciferol,25000,9.0
202310,Leeds,Colecalciferol,2740,1.0
202310,Leeds,Colecalciferol,3200,1.0
202310,Leeds,Colecalciferol,400,761.0
202310,Leeds,Colecalciferol,4000,5.0
202310,Leeds,Colecalciferol,40000,13.0
202310,Leeds,Colecalciferol,440,2.0
202310,Leeds,Colecalciferol,50000,25.0
202310,Leeds,Colecalciferol,600,1.0
202310,Leeds,Colecalciferol,800,560.0
202310,Leeds,Colecalciferol,880,13.0
202310,Leeds,Colecalciferol,unknown,618.0
202310,London,Colecalciferol,1000,35630.0
202310,London,Colecalciferol,10000,703.0
202310,London,Colecalciferol,15000,24.0
202310,London,Colecalciferol,200,17358.0
202310,London,Colecalciferol,2000,751.0
202310,London,Colecalciferol,20000,10947.0
202310,London,Colecalciferol,2200,79.0
202310,London,Colecalciferol,2400,121.0
202310,London,Colecalciferol,2500,122.0
202310,London,Colecalciferol,25000,2522.0
202310,London,Colecalciferol,2740,100.0
202310,London,Colecalciferol,3000,228.0
202310,London,Colecalciferol,30000,4.0
202310,London,Colecalciferol,300000,3.0
202310,London,Colecalciferol,3200,241.0
202310,London,Colecalciferol,400,45784.0
202310,London,Colecalciferol,4000,326.0
202310,London,Colecalciferol,40000,478.0
202310,London,Colecalciferol,440,270.0
202310,London,Colecalciferol,5000,164.0
202310,London,Colecalciferol,50000,154.0
202310,London,Colecalciferol,5600,17.0
202310,London,Colecalciferol,600,79.0
202310,London,Colecalciferol,800,25189.0
202310,London,Colecalciferol,880,1691.0
202310,London,Colecalciferol,unknown,41660.0
202310,Manchester,Colecalciferol,1000,701.0
202310,Manchester,Colecalciferol,10000,48.0
202310,Manchester,Colecalciferol,200,3056.0
202310,Manchester,Colecalciferol,2000,30.0
202310,Manchester,Colecalciferol,20000,1377.0
202310,Manchester,Colecalciferol,2200,2.0
202310,Manchester,Colecalciferol,2400,11.0
202310,Manchester,Colecalciferol,2500,6.0
202310,Manchester,Colecalciferol,25000,58.0
202310,Manchester,Colecalciferol,2740,11.0
202310,Manchester,Colecalciferol,3000,8.0
202310,Manchester,Colecalciferol,3200,41.0
202310,Manchester,Colecalciferol,400,2606.0
202310,Manchester,Colecalciferol,4000,17.0
202310,Manchester,Colecalciferol,40000,19.0
202310,Manchester,Colecalciferol,440,28.0
202310,Manchester,Colecalciferol,5000,5.0
202310,Manchester,Colecalciferol,50000,53.0
202310,Manchester,Colecalciferol,5600,9.0
202310,Manchester,Colecalciferol,600,1.0
202310,Manchester,Colecalciferol,800,2119.0
202310,Manchester,Colecalciferol,880,533.0
202310,Manchester,Colecalciferol,unknown,5620.0
202310,Middlesbrough,Colecalciferol,1000,107.0
202310,Middlesbrough,Colecalciferol,10000,1.0
202310,Middlesbrough,Colecalciferol,200,69.0
202310,Middlesbrough,Colecalciferol,20000,25.0
202310,Middlesbrough,Colecalciferol,25000,1.0
202310,Middlesbrough,Colecalciferol,3000,1.0
202310,Middlesbrough,Colecalciferol,3200,1.0
202310,Middlesbrough,Colecalciferol,400,178.0
202310,Middlesbrough,Colecalciferol,5000,1.0
202310,Middlesbrough,Colecalciferol,50000,1.0
202310,Middlesbrough,Colecalciferol,800,296.0
202310,Middlesbrough,Colecalciferol,880,48.0
202310,Middlesbrough,Colecalciferol,unknown,132.0
202310,Newcastle upon Tyne,Colecalciferol,1000,25.0
202310,Newcastle upon Tyne,Colecalciferol,15000,1.0
202310,Newcastle upon Tyne,Colecalciferol,200,224.0
202310,Newcastle upon Tyne,Colecalciferol,2000,2.0
202310,Newcastle upon Tyne,Colecalciferol,20000,93.0
202310,Newcastle upon Tyne,Colecalciferol,25000,2.0
202310,Newcastle upon Tyne,Colecalciferol,2740,25.0
202310,Newcastle upon Tyne,Colecalciferol,400,1315.0
202310,Newcastle upon Tyne,Colecalciferol,440,2.0
202310,Newcastle upon Tyne,Colecalciferol,50000,1.0
202310,Newcastle upon Tyne,Colecalciferol,800,3911.0
202310,Newcastle upon Tyne,Colecalciferol,880,12.0
202310,Newcastle upon Tyne,Colecalciferol,unknown,704.0
202310,Nottingham,Colecalciferol,1000,3403.0
202310,Nottingham,Colecalciferol,200,491.0
202310,Nottingham,Colecalciferol,2000,12.0
202310,Nottingham,Colecalciferol,20000,85.0
202310,Nottingham,Colecalciferol,2200,3.0
202310,Nottingham,Colecalciferol,2400,2.0
202310,Nottingham,Colecalciferol,25000,113.0
202310,Nottingham,Colecalciferol,2740,38.0
202310,Nottingham,Colecalciferol,3200,10.0
202310,Nottingham,Colecalciferol,400,468.0
202310,Nottingham,Colecalciferol,4000,8.0
202310,Nottingham,Colecalciferol,440,5.0
202310,Nottingham,Colecalciferol,5000,9.0
202310,Nottingham,Colecalciferol,50000,106.0
202310,Nottingham,Colecalciferol,5600,4.0
202310,Nottingham,Colecalciferol,800,1946.0
202310,Nottingham,Colecalciferol,880,1.0
202310,Nottingham,Colecalciferol,unknown,867.0
202310,Peterborough,Colecalciferol,1000,10.0
202310,Peterborough,Colecalciferol,200,9.0
202310,Peterborough,Colecalciferol,20000,2.0
202310,Peterborough,Colecalciferol,25000,2.0
202310,Peterborough,Colecalciferol,3200,1.0
202310,Peterborough,Colecalciferol,400,74.0
202310,Peterborough,Colecalciferol,440,1.0
202310,Peterborough,Colecalciferol,50000,2.0
202310,Peterborough,Colecalciferol,800,22.0
202310,Peterborough,Colecalciferol,880,5.0
202310,Peterborough,Colecalciferol,unknown,20.0
202310,Plymouth,Colecalciferol,1000,84.0
202310,Plymouth,Colecalciferol,200,33.0
202310,Plymouth,Colecalciferol,2000,5.0
202310,Plymouth,Colecalciferol,25000,13.0
202310,Plymouth,Colecalciferol,400,57.0
202310,Plymouth,Colecalciferol,800,10.0
202310,Plymouth,Colecalciferol,880,27.0
202310,Plymouth,Colecalciferol,unknown,87.0
202310,Sunderland,Colecalciferol,1000,60.0
202310,Sunderland,Colecalciferol,10000,3.0
202310,Sunderland,Colecalciferol,200,95.0
202310,Sunderland,Colecalciferol,20000,14.0
202310,Sunderland,Colecalciferol,25000,1.0
202310,Sunderland,Colecalciferol,2740,2.0
202310,Sunderland,Colecalciferol,400,137.0
202310,Sunderland,Colecalciferol,50000,4.0
202310,Sunderland,Colecalciferol,800,321.0
202310,Sunderland,Colecalciferol,880,6.0
202310,Sunderland,Colecalciferol,unknown,420.0
202310,York,Colecalciferol,1000,315.0
202310,York,Colecalciferol,10000,13.0
202310,York,Colecalciferol,200,412.0
202310,York,Colecalciferol,2000,4.0
202310,York,Colecalciferol,20000,5.0
202310,York,Colecalciferol,2200,1.0
202310,York,Colecalciferol,2400,1.0
202310,York,Colecalciferol,25000,43.0
202310,York,Colecalciferol,3000,4.0
202310,York,Colecalciferol,30000,1.0
202310,York,Colecalciferol,3200,2.0
202310,York,Colecalciferol,400,401.0
202310,York,Colecalciferol,4000,1.0
202310,York,Colecalciferol,40000,1.0
202310,York,Colecalciferol,440,1.0
202310,York,Colecalciferol,50000,16.0
202310,York,Colecalciferol,5600,1.0
202310,York,Colecalciferol,800,561.0
202310,York,Colecalciferol,880,45.0
202310,York,Colecalciferol,unknown,948.0
202311,Birmingham,Colecalciferol,1000,1099.0
202311,Birmingham,Colecalciferol,10000,94.0
202311,Birmingham,Colecalciferol,200,2288.0
202311,Birmingham,Colecalciferol,2000,56.0
202311,Birmingham,Colecalciferol,20000,350.0
202311,Birmingham,Colecalciferol,2200,3.0
202311,Birmingham,Colecalciferol,2400,17.0
202311,Birmingham,Colecalciferol,2500,5.0
202311,Birmingham,Colecalciferol,25000,374.0
202311,Birmingham,Colecalciferol,2740,7.0
202311,Birmingham,Colecalciferol,3000,4.0
202311,Birmingham,Colecalciferol,3200,101.0
202311,Birmingham,Colecalciferol,400,1195.0
202311,Birmingham,Colecalciferol,4000,11.0
202311,Birmingham,Colecalciferol,40000,5.0
202311,Birmingham,Colecalciferol,440,5.0
202311,Birmingham,Colecalciferol,5000,3.0
202311,Birmingham,Colecalciferol,50000,741.0
202311,Birmingham,Colecalciferol,5600,6.0
202311,Birmingham,Colecalciferol,600,5.0
202311,Birmingham,Colecalciferol,800,4125.0
202311,Birmingham,Colecalciferol,880,152.0
202311,Birmingham,Colecalciferol,unknown,1766.0
202311,Brighton,Colecalciferol,1000,2.0
202311,Brighton,Colecalciferol,200,29.0
202311,Brighton,Colecalciferol,20000,4.0
202311,Brighton,Colecalciferol,25000,1.0
202311,Brighton,Colecalciferol,3200,2.0
202311,Brighton,Colecalciferol,400,130.0
202311,Brighton,Colecalciferol,4000,1.0
202311,Brighton,Colecalciferol,50000,5.0
202311,Brighton,Colecalciferol,800,62.0
202311,Brighton,Colecalciferol,880,2.0
202311,Brighton,Colecalciferol,unknown,61.0
202311,Bristol,Colecalciferol,1000,368.0
202311,Bristol,Colecalciferol,10000,14.0
202311,Bristol,Colecalciferol,200,704.0
202311,Bristol,Colecalciferol,2000,3.0
202311,Bristol,Colecalciferol,20000,34.0
202311,Bristol,Colecalciferol,2200,1.0
202311,Bristol,Colecalciferol,25000,100.0
202311,Bristol,Colecalciferol,2740,1.0
202311,Bristol,Colecalciferol,3200,11.0
202311,Bristol,Colecalciferol,400,1849.0
202311,Bristol,Colecalciferol,4000,1.0
202311,Bristol,Colecalciferol,40000,1.0
202311,Bristol,Colecalciferol,440,14.0
202311,Bristol,Colecalciferol,50000,9.0
202311,Bristol,Colecalciferol,5600,1.0
202311,Bristol,Colecalciferol,800,2037.0
202311,Bristol,Colecalciferol,880,210.0
202311,Bristol,Colecalciferol,unknown,990.0
202311,Canterbury,Colecalciferol,1000,195.0
202311,Canterbury,Colecalciferol,10000,4.0
202311,Canterbury,Colecalciferol,200,337.0
202311,Canterbury,Colecalciferol,2000,1.0
202311,Canterbury,Colecalciferol,20000,13.0
202311,Canterbury,Colecalciferol,2200,1.0
202311,Canterbury,Colecalciferol,25000,1.0
202311,Canterbury,Colecalciferol,2740,2.0
202311,Canterbury,Colecalciferol,3000,1.0
202311,Canterbury,Colecalciferol,3200,6.0
202311,Canterbury,Colecalciferol,400,717.0
202311,Canterbury,Colecalciferol,4000,6.0
202311,Canterbury,Colecalciferol,40000,3.0
202311,Canterbury,Colecalciferol,440,3.0
202311,Canterbury,Colecalciferol,50000,6.0
202311,Canterbury,Colecalciferol,600,1.0
202311,Canterbury,Colecalciferol,800,272.0
202311,Canterbury,Colecalciferol,880,30.0
202311,Canterbury,Colecalciferol,unknown,649.0
202311,Exeter,Colecalciferol,1000,47.0
202311,Exeter,Colecalciferol,200,12.0
202311,Exeter,Colecalciferol,2400,1.0
202311,Exeter,Colecalciferol,400,9.0
202311,Exeter,Colecalciferol,800,11.0
202311,Exeter,Colecalciferol,880,151.0
202311,Exeter,Colecalciferol,unknown,50.0
202311,Leeds,Colecalciferol,1000,699.0
202311,Leeds,Colecalciferol,10000,9.0
202311,Leeds,Colecalciferol,200,158.0
202311,Leeds,Colecalciferol,2000,22.0
202311,Leeds,Colecalciferol,20000,56.0
202311,Leeds,Colecalciferol,2400,2.0
202311,Leeds,Colecalciferol,2500,1.0
202311,Leeds,Colecalciferol,25000,12.0
202311,Leeds,Colecalciferol,3000,1.0
202311,Leeds,Colecalciferol,400,803.0
202311,Leeds,Colecalciferol,40000,21.0
202311,Leeds,Colecalciferol,440,4.0
202311,Leeds,Colecalciferol,50000,20.0
202311,Leeds,Colecalciferol,600,2.0
202311,Leeds,Colecalciferol,800,565.0
202311,Leeds,Colecalciferol,880,15.0
202311,Leeds,Colecalciferol,unknown,672.0
202311,London,Colecalciferol,1000,36536.0
202311,London,Colecalciferol,10000,849.0
202311,London,Colecalciferol,15000,20.0
202311,London,Colecalciferol,200,17673.0
202311,London,Colecalciferol,2000,806.0
202311,London,Colecalciferol,20000,11430.0
202311,London,Colecalciferol,2200,122.0
202311,London,Colecalciferol,2400,117.0
202311,London,Colecalciferol,2500,113.0
202311,London,Colecalciferol,25000,2810.0
202311,London,Colecalciferol,2740,101.0
202311,London,Colecalciferol,3000,227.0
202311,London,Colecalciferol,30000,3.0
202311,London,Colecalciferol,300000,4.0
202311,London,Colecalciferol,3200,250.0
202311,London,Colecalciferol,400,46799.0
202311,London,Colecalciferol,4000,353.0
202311,London,Colecalciferol,40000,598.0
202311,London,Colecalciferol,440,256.0
202311,London,Colecalciferol,5000,176.0
202311,London,Colecalciferol,50000,169.0
202311,London,Colecalciferol,5600,17.0
202311,London,Colecalciferol,600,62.0
202311,London,Colecalciferol,800,25758.0
202311,London,Colecalciferol,880,1738.0
202311,London,Colecalciferol,unknown,41880.0
202311,Manchester,Colecalciferol,1000,728.0
202311,Manchester,Colecalciferol,10000,76.0
202311,Manchester,Colecalciferol,200,3008.0
202311,Manchester,Colecalciferol,2000,36.0
202311,Manchester,Colecalciferol,20000,1606.0
202311,Manchester,Colecalciferol,2200,2.0
202311,Manchester,Colecalciferol,2400,5.0
202311,Manchester,Colecalciferol,2500,8.0
202311,Manchester,Colecalciferol,25000,66.0
202311,Manchester,Colecalciferol,2740,16.0
202311,Manchester,Colecalciferol,3000,4.0
202311,Manchester,Colecalciferol,3200,53.0
202311,Manchester,Colecalciferol,400,2680.0
202311,Manchester,Colecalciferol,4000,21.0
202311,Manchester,Colecalciferol,40000,24.0
202311,Manchester,Colecalciferol,440,38.0
202311,Manchester,Colecalciferol,5000,4.0
202311,Manchester,Colecalciferol,50000,61.0
202311,Manchester,Colecalciferol,5600,5.0
202311,Manchester,Colecalciferol,600,4.0
202311,Manchester,Colecalciferol,800,2172.0
202311,Manchester,Colecalciferol,880,541.0
202311,Manchester,Colecalciferol,unknown,5682.0
202311,Middlesbrough,Colecalciferol,1000,113.0
202311,Middlesbrough,Colecalciferol,10000,4.0
202311,Middlesbrough,Colecalciferol,200,74.0
202311,Middlesbrough,Colecalciferol,2000,5.0
202311,Middlesbrough,Colecalciferol,20000,23.0
202311,Middlesbrough,Colecalciferol,25000,1.0
202311,Middlesbrough,Colecalciferol,3000,2.0
202311,Middlesbrough,Colecalciferol,3200,1.0
202311,Middlesbrough,Colecalciferol,400,177.0
202311,Middlesbrough,Colecalciferol,800,302.0
202311,Middlesbrough,Colecalciferol,880,58.0
202311,Middlesbrough,Colecalciferol,unknown,135.0
202311,Newcastle upon Tyne,Colecalciferol,1000,28.0
202311,Newcastle upon Tyne,Colecalciferol,10000,4.0
202311,Newcastle upon Tyne,Colecalciferol,200,194.0
202311,Newcastle upon Tyne,Colecalciferol,2000,3.0
202311,Newcastle upon Tyne,Colecalciferol,20000,83.0
202311,Newcastle upon Tyne,Colecalciferol,2400,1.0
202311,Newcastle upon Tyne,Colecalciferol,2500,1.0
202311,Newcastle upon Tyne,Colecalciferol,25000,6.0
202311,Newcastle upon Tyne,Colecalciferol,2740,24.0
202311,Newcastle upon Tyne,Colecalciferol,3000,1.0
202311,Newcastle upon Tyne,Colecalciferol,3200,9.0
202311,Newcastle upon Tyne,Colecalciferol,400,1281.0
202311,Newcastle upon Tyne,Colecalciferol,440,3.0
202311,Newcastle upon Tyne,Colecalciferol,50000,1.0
202311,Newcastle upon Tyne,Colecalciferol,800,3600.0
202311,Newcastle upon Tyne,Colecalciferol,880,10.0
202311,Newcastle upon Tyne,Colecalciferol,unknown,711.0
202311,Nottingham,Colecalciferol,1000,3541.0
202311,Nottingham,Colecalciferol,10000,5.0
202311,Nottingham,Colecalciferol,200,496.0
202311,Nottingham,Colecalciferol,2000,6.0
202311,Nottingham,Colecalciferol,20000,89.0
202311,Nottingham,Colecalciferol,2200,5.0
202311,Nottingham,Colecalciferol,2400,4.0
202311,Nottingham,Colecalciferol,2500,2.0
202311,Nottingham,Colecalciferol,25000,109.0
202311,Nottingham,Colecalciferol,2740,41.0
202311,Nottingham,Colecalciferol,3000,1.0
202311,Nottingham,Colecalciferol,3200,4.0
202311,Nottingham,Colecalciferol,400,486.0
202311,Nottingham,Colecalciferol,4000,6.0
202311,Nottingham,Colecalciferol,440,3.0
202311,Nottingham,Colecalciferol,5000,5.0
202311,Nottingham,Colecalciferol,50000,125.0
202311,Nottingham,Colecalciferol,5600,1.0
202311,Nottingham,Colecalciferol,800,1963.0
202311,Nottingham,Colecalciferol,unknown,854.0
202311,Peterborough,Colecalciferol,1000,8.0
202311,Peterborough,Colecalciferol,200,3.0
202311,Peterborough,Colecalciferol,25000,3.0
202311,Peterborough,Colecalciferol,400,68.0
202311,Peterborough,Colecalciferol,440,2.0
202311,Peterborough,Colecalciferol,50000,1.0
202311,Peterborough,Colecalciferol,800,18.0
202311,Peterborough,Colecalciferol,880,11.0
202311,Peterborough,Colecalciferol,unknown,23.0
202311,Plymouth,Colecalciferol,1000,83.0
202311,Plymouth,Colecalciferol,200,40.0
202311,Plymouth,Colecalciferol,2000,3.0
202311,Plymouth,Colecalciferol,25000,12.0
202311,Plymouth,Colecalciferol,400,57.0
202311,Plymouth,Colecalciferol,800,18.0
202311,Plymouth,Colecalciferol,880,36.0
202311,Plymouth,Colecalciferol,unknown,82.0
202311,Sunderland,Colecalciferol,1000,63.0
202311,Sunderland,Colecalciferol,10000,1.0
202311,Sunderland,Colecalciferol,200,78.0
202311,Sunderland,Colecalciferol,20000,17.0
202311,Sunderland,Colecalciferol,25000,2.0
202311,Sunderland,Colecalciferol,2740,4.0
202311,Sunderland,Colecalciferol,400,126.0
202311,Sunderland,Colecalciferol,800,292.0
202311,Sunderland,Colecalciferol,880,6.0
202311,Sunderland,Colecalciferol,unknown,448.0
202311,York,Colecalciferol,1000,294.0
202311,York,Colecalciferol,10000,8.0
202311,York,Colecalciferol,200,414.0
202311,York,Colecalciferol,2000,3.0
202311,York,Colecalciferol,20000,10.0
202311,York,Colecalciferol,2200,1.0
202311,York,Colecalciferol,2400,1.0
202311,York,Colecalciferol,25000,35.0
202311,York,Colecalciferol,3000,3.0
202311,York,Colecalciferol,30000,3.0
202311,York,Colecalciferol,3200,2.0
202311,York,Colecalciferol,400,384.0
202311,York,Colecalciferol,40000,1.0
202311,York,Colecalciferol,440,1.0
202311,York,Colecalciferol,50000,22.0
202311,York,Colecalciferol,5600,2.0
202311,York,Colecalciferol,800,558.0
202311,York,Colecalciferol,880,48.0
202311,York,Colecalciferol,unknown,990.0
202312,Birmingham,Colecalciferol,1000,1129.0
202312,Birmingham,Colecalciferol,10000,79.0
202312,Birmingham,Colecalciferol,15000,1.0
202312,Birmingham,Colecalciferol,200,2198.0
202312,Birmingham,Colecalciferol,2000,55.0
202312,Birmingham,Colecalciferol,20000,414.0
202312,Birmingham,Colecalciferol,2200,7.0
202312,Birmingham,Colecalciferol,2400,16.0
202312,Birmingham,Colecalciferol,2500,5.0
202312,Birmingham,Colecalciferol,25000,365.0
202312,Birmingham,Colecalciferol,2740,9.0
202312,Birmingham,Colecalciferol,3000,7.0
202312,Birmingham,Colecalciferol,3200,124.0
202312,Birmingham,Colecalciferol,400,1231.0
202312,Birmingham,Colecalciferol,4000,20.0
202312,Birmingham,Colecalciferol,40000,5.0
202312,Birmingham,Colecalciferol,440,6.0
202312,Birmingham,Colecalciferol,5000,1.0
202312,Birmingham,Colecalciferol,50000,789.0
202312,Birmingham,Colecalciferol,5600,13.0
202312,Birmingham,Colecalciferol,600,4.0
202312,Birmingham,Colecalciferol,800,4134.0
202312,Birmingham,Colecalciferol,880,126.0
202312,Birmingham,Colecalciferol,unknown,1803.0
202312,Brighton,Colecalciferol,1000,2.0
202312,Brighton,Colecalciferol,200,32.0
202312,Brighton,Colecalciferol,20000,2.0
202312,Brighton,Colecalciferol,25000,1.0
202312,Brighton,Colecalciferol,3000,1.0
202312,Brighton,Colecalciferol,3200,2.0
202312,Brighton,Colecalciferol,400,124.0
202312,Brighton,Colecalciferol,4000,3.0
202312,Brighton,Colecalciferol,50000,3.0
202312,Brighton,Colecalciferol,800,55.0
202312,Brighton,Colecalciferol,880,1.0
202312,Brighton,Colecalciferol,unknown,61.0
202312,Bristol,Colecalciferol,1000,298.0
202312,Bristol,Colecalciferol,10000,7.0
202312,Bristol,Colecalciferol,15000,1.0
202312,Bristol,Colecalciferol,200,672.0
202312,Bristol,Colecalciferol,2000,3.0
202312,Bristol,Colecalciferol,20000,30.0
202312,Bristol,Colecalciferol,25000,88.0
202312,Bristol,Colecalciferol,2740,1.0
202312,Bristol,Colecalciferol,3000,4.0
202312,Bristol,Colecalciferol,3200,15.0
202312,Bristol,Colecalciferol,400,1766.0
202312,Bristol,Colecalciferol,4000,11.0
202312,Bristol,Colecalciferol,40000,5.0
202312,Bristol,Colecalciferol,440,9.0
202312,Bristol,Colecalciferol,50000,26.0
202312,Bristol,Colecalciferol,800,2000.0
202312,Bristol,Colecalciferol,880,190.0
202312,Bristol,Colecalciferol,unknown,919.0
202312,Canterbury,Colecalciferol,1000,202.0
202312,Canterbury,Colecalciferol,10000,4.0
202312,Canterbury,Colecalciferol,200,285.0
202312,Canterbury,Colecalciferol,2000,1.0
202312,Canterbury,Colecalciferol,20000,19.0
202312,Canterbury,Colecalciferol,2500,1.0
202312,Canterbury,Colecalciferol,25000,2.0
202312,Canterbury,Colecalciferol,2740,1.0
202312,Canterbury,Colecalciferol,3200,8.0
202312,Canterbury,Colecalciferol,400,704.0
202312,Canterbury,Colecalciferol,4000,1.0
202312,Canterbury,Colecalciferol,440,5.0
202312,Canterbury,Colecalciferol,5000,1.0
202312,Canterbury,Colecalciferol,50000,4.0
202312,Canterbury,Colecalciferol,600,2.0
202312,Canterbury,Colecalciferol,800,283.0
202312,Canterbury,Colecalciferol,880,26.0
202312,Canterbury,Colecalciferol,unknown,607.0
202312,Exeter,Colecalciferol,1000,56.0
202312,Exeter,Colecalciferol,200,10.0
202312,Exeter,Colecalciferol,25000,2.0
202312,Exeter,Colecalciferol,400,8.0
202312,Exeter,Colecalciferol,800,11.0
202312,Exeter,Colecalciferol,880,165.0
202312,Exeter,Colecalciferol,unknown,53.0
202312,Leeds,Colecalciferol,1000,731.0
202312,Leeds,Colecalciferol,10000,7.0
202312,Leeds,Colecalciferol,200,170.0
202312,Leeds,Colecalciferol,2000,19.0
202312,Leeds,Colecalciferol,20000,59.0
202312,Leeds,Colecalciferol,2400,3.0
202312,Leeds,Colecalciferol,2500,1.0
202312,Leeds,Colecalciferol,25000,13.0
202312,Leeds,Colecalciferol,400,774.0
202312,Leeds,Colecalciferol,4000,2.0
202312,Leeds,Colecalciferol,40000,18.0
202312,Leeds,Colecalciferol,440,3.0
202312,Leeds,Colecalciferol,50000,42.0
202312,Leeds,Colecalciferol,600,2.0
202312,Leeds,Colecalciferol,800,563.0
202312,Leeds,Colecalciferol,880,23.0
202312,Leeds,Colecalciferol,unknown,632.0
202312,London,Colecalciferol,1000,36449.0
202312,London,Colecalciferol,10000,821.0
202312,London,Colecalciferol,15000,21.0
202312,London,Colecalciferol,200,16905.0
202312,London,Colecalciferol,2000,766.0
202312,London,Colecalciferol,20000,11145.0
202312,London,Colecalciferol,2200,68.0
202312,London,Colecalciferol,2400,103.0
202312,London,Colecalciferol,2500,124.0
202312,London,Colecalciferol,25000,2783.0
202312,London,Colecalciferol,2740,90.0
202312,London,Colecalciferol,3000,210.0
202312,London,Colecalciferol,30000,3.0
202312,London,Colecalciferol,300000,6.0
202312,London,Colecalciferol,3200,247.0
202312,London,Colecalciferol,400,45987.0
202312,London,Colecalciferol,4000,341.0
202312,London,Colecalciferol,40000,611.0
202312,London,Colecalciferol,440,273.0
202312,London,Colecalciferol,5000,167.0
202312,London,Colecalciferol,50000,189.0
202312,London,Colecalciferol,5600,19.0
202312,London,Colecalciferol,600,67.0
202312,London,Colecalciferol,800,25036.0
202312,London,Colecalciferol,880,1718.0
202312,London,Colecalciferol,unknown,40573.0
202312,Manchester,Colecalciferol,1000,749.0
202312,Manchester,Colecalciferol,10000,67.0
202312,Manchester,Colecalciferol,200,2935.0
202312,Manchester,Colecalciferol,2000,43.0
202312,Manchester,Colecalciferol,20000,1651.0
202312,Manchester,Colecalciferol,2200,2.0
202312,Manchester,Colecalciferol,2400,8.0
202312,Manchester,Colecalciferol,2500,6.0
202312,Manchester,Colecalciferol,25000,68.0
202312,Manchester,Colecalciferol,2740,14.0
202312,Manchester,Colecalciferol,3000,2.0
202312,Manchester,Colecalciferol,30000,1.0
202312,Manchester,Colecalciferol,3200,48.0
202312,Manchester,Colecalciferol,400,2685.0
202312,Manchester,Colecalciferol,4000,16.0
202312,Manchester,Colecalciferol,40000,32.0
202312,Manchester,Colecalciferol,440,34.0
202312,Manchester,Colecalciferol,5000,5.0
202312,Manchester,Colecalciferol,50000,101.0
202312,Manchester,Colecalciferol,5600,7.0
202312,Manchester,Colecalciferol,600,2.0
202312,Manchester,Colecalciferol,800,2121.0
202312,Manchester,Colecalciferol,880,547.0
202312,Manchester,Colecalciferol,unknown,5489.0
202312,Middlesbrough,Colecalciferol,1000,108.0
202312,Middlesbrough,Colecalciferol,10000,5.0
202312,Middlesbrough,Colecalciferol,200,68.0
202312,Middlesbrough,Colecalciferol,2000,3.0
202312,Middlesbrough,Colecalciferol,20000,45.0
202312,Middlesbrough,Colecalciferol,25000,2.0
202312,Middlesbrough,Colecalciferol,3000,1.0
202312,Middlesbrough,Colecalciferol,400,169.0
202312,Middlesbrough,Colecalciferol,5000,1.0
202312,Middlesbrough,Colecalciferol,50000,5.0
202312,Middlesbrough,Colecalciferol,800,299.0
202312,Middlesbrough,Colecalciferol,880,43.0
202312,Middlesbrough,Colecalciferol,unknown,129.0
202312,Newcastle upon Tyne,Colecalciferol,1000,23.0
202312,Newcastle upon Tyne,Colecalciferol,10000,2.0
202312,Newcastle upon Tyne,Colecalciferol,200,215.0
202312,Newcastle upon Tyne,Colecalciferol,2000,2.0
202312,Newcastle upon Tyne,Colecalciferol,20000,96.0
202312,Newcastle upon Tyne,Colecalciferol,25000,5.0
202312,Newcastle upon Tyne,Colecalciferol,2740,22.0
202312,Newcastle upon Tyne,Colecalciferol,3200,4.0
202312,Newcastle upon Tyne,Colecalciferol,400,1259.0
202312,Newcastle upon Tyne,Colecalciferol,440,3.0
202312,Newcastle upon Tyne,Colecalciferol,50000,2.0
202312,Newcastle upon Tyne,Colecalciferol,800,3730.0
202312,Newcastle upon Tyne,Colecalciferol,880,8.0
202312,Newcastle upon Tyne,Colecalciferol,unknown,757.0
202312,Nottingham,Colecalciferol,1000,3470.0
202312,Nottingham,Colecalciferol,10000,3.0
202312,Nottingham,Colecalciferol,200,483.0
202312,Nottingham,Colecalciferol,2000,9.0
202312,Nottingham,Colecalciferol,20000,85.0
202312,Nottingham,Colecalciferol,2200,5.0
202312,Nottingham,Colecalciferol,2400,3.0
202312,Nottingham,Colecalciferol,2500,1.0
202312,Nottingham,Colecalciferol,25000,109.0
202312,Nottingham,Colecalciferol,2740,44.0
202312,Nottingham,Colecalciferol,3000,1.0
202312,Nottingham,Colecalciferol,3200,15.0
202312,Nottingham,Colecalciferol,400,460.0
202312,Nottingham,Colecalciferol,4000,4.0
202312,Nottingham,Colecalciferol,40000,1.0
202312,Nottingham,Colecalciferol,440,4.0
202312,Nottingham,Colecalciferol,5000,2.0
202312,Nottingham,Colecalciferol,50000,122.0
202312,Nottingham,Colecalciferol,5600,2.0
202312,Nottingham,Colecalciferol,800,1864.0
202312,Nottingham,Colecalciferol,880,1.0
202312,Nottingham,Colecalciferol,unknown,844.0
202312,Peterborough,Colecalciferol,1000,11.0
202312,Peterborough,Colecalciferol,200,8.0
202312,Peterborough,Colecalciferol,25000,1.0
202312,Peterborough,Colecalciferol,400,88.0
202312,Peterborough,Colecalciferol,440,1.0
202312,Peterborough,Colecalciferol,50000,1.0
202312,Peterborough,Colecalciferol,5600,1.0
202312,Peterborough,Colecalciferol,800,28.0
202312,Peterborough,Colecalciferol,880,9.0
202312,Peterborough,Colecalciferol,unknown,21.0
202312,Plymouth,Colecalciferol,1000,71.0
202312,Plymouth,Colecalciferol,200,34.0
202312,Plymouth,Colecalciferol,2000,3.0
202312,Plymouth,Colecalciferol,2500,5.0
202312,Plymouth,Colecalciferol,25000,12.0
202312,Plymouth,Colecalciferol,400,53.0
202312,Plymouth,Colecalciferol,50000,3.0
202312,Plymouth,Colecalciferol,800,16.0
202312,Plymouth,Colecalciferol,880,32.0
202312,Plymouth,Colecalciferol,unknown,91.0
202312,Sunderland,Colecalciferol,1000,61.0
202312,Sunderland,Colecalciferol,10000,1.0
202312,Sunderland,Colecalciferol,200,86.0
202312,Sunderland,Colecalciferol,2000,1.0
202312,Sunderland,Colecalciferol,20000,19.0
202312,Sunderland,Colecalciferol,25000,1.0
202312,Sunderland,Colecalciferol,2740,2.0
202312,Sunderland,Colecalciferol,400,118.0
202312,Sunderland,Colecalciferol,50000,2.0
202312,Sunderland,Colecalciferol,800,311.0
202312,Sunderland,Colecalciferol,880,9.0
202312,Sunderland,Colecalciferol,unknown,431.0
202312,York,Colecalciferol,1000,329.0
202312,York,Colecalciferol,10000,9.0
202312,York,Colecalciferol,200,418.0
202312,York,Colecalciferol,2000,3.0
202312,York,Colecalciferol,20000,8.0
202312,York,Colecalciferol,2200,1.0
202312,York,Colecalciferol,2400,2.0
202312,York,Colecalciferol,25000,45.0
202312,York,Colecalciferol,3000,2.0
202312,York,Colecalciferol,3200,3.0
202312,York,Colecalciferol,400,412.0
202312,York,Colecalciferol,40000,1.0
202312,York,Colecalciferol,5000,1.0
202312,York,Colecalciferol,50000,29.0
202312,York,Colecalciferol,5600,1.0
202312,York,Colecalciferol,800,565.0
202312,York,Colecalciferol,880,46.0
202312,York,Colecalciferol,unknown,982.0
202401,Birmingham,Colecalciferol,1000,1181.0
202401,Birmingham,Colecalciferol,10000,79.0
202401,Birmingham,Colecalciferol,15000,1.0
202401,Birmingham,Colecalciferol,200,2259.0
202401,Birmingham,Colecalciferol,2000,74.0
202401,Birmingham,Colecalciferol,20000,443.0
202401,Birmingham,Colecalciferol,2200,8.0
202401,Birmingham,Colecalciferol,2400,16.0
202401,Birmingham,Colecalciferol,2500,5.0
202401,Birmingham,Colecalciferol,25000,381.0
202401,Birmingham,Colecalciferol,2740,13.0
202401,Birmingham,Colecalciferol,3000,9.0
202401,Birmingham,Colecalciferol,30000,1.0
202401,Birmingham,Colecalciferol,3200,131.0
202401,Birmingham,Colecalciferol,400,1234.0
202401,Birmingham,Colecalciferol,4000,11.0
202401,Birmingham,Colecalciferol,40000,7.0
202401,Birmingham,Colecalciferol,440,5.0
202401,Birmingham,Colecalciferol,5000,11.0
202401,Birmingham,Colecalciferol,50000,973.0
202401,Birmingham,Colecalciferol,5600,7.0
202401,Birmingham,Colecalciferol,600,7.0
202401,Birmingham,Colecalciferol,800,4194.0
202401,Birmingham,Colecalciferol,880,132.0
202401,Birmingham,Colecalciferol,unknown,1816.0
202401,Brighton,Colecalciferol,1000,5.0
202401,Brighton,Colecalciferol,10000,1.0
202401,Brighton,Colecalciferol,200,31.0
202401,Brighton,Colecalciferol,2000,1.0
202401,Brighton,Colecalciferol,20000,2.0
202401,Brighton,Colecalciferol,25000,1.0
202401,Brighton,Colecalciferol,3200,3.0
202401,Brighton,Colecalciferol,400,136.0
202401,Brighton,Colecalciferol,4000,2.0
202401,Brighton,Colecalciferol,50000,2.0
202401,Brighton,Colecalciferol,800,61.0
202401,Brighton,Colecalciferol,880,1.0
202401,Brighton,Colecalciferol,unknown,57.0
202401,Bristol,Colecalciferol,1000,347.0
202401,Bristol,Colecalciferol,10000,14.0
202401,Bristol,Colecalciferol,200,641.0
202401,Bristol,Colecalciferol,2000,1.0
202401,Bristol,Colecalciferol,20000,37.0
202401,Bristol,Colecalciferol,25000,83.0
202401,Bristol,Colecalciferol,3000,5.0
202401,Bristol,Colecalciferol,300000,1.0
202401,Bristol,Colecalciferol,3200,18.0
202401,Bristol,Colecalciferol,400,1745.0
202401,Bristol,Colecalciferol,4000,14.0
202401,Bristol,Colecalciferol,40000,4.0
202401,Bristol,Colecalciferol,440,2.0
202401,Bristol,Colecalciferol,50000,16.0
202401,Bristol,Colecalciferol,5600,1.0
202401,Bristol,Colecalciferol,800,1833.0
202401,Bristol,Colecalciferol,880,225.0
202401,Bristol,Colecalciferol,unknown,909.0
202401,Canterbury,Colecalciferol,1000,192.0
202401,Canterbury,Colecalciferol,10000,6.0
202401,Canterbury,Colecalciferol,200,346.0
202401,Canterbury,Colecalciferol,2000,1.0
202401,Canterbury,Colecalciferol,20000,22.0
202401,Canterbury,Colecalciferol,2200,1.0
202401,Canterbury,Colecalciferol,2500,1.0
202401,Canterbury,Colecalciferol,25000,2.0
202401,Canterbury,Colecalciferol,2740,2.0
202401,Canterbury,Colecalciferol,3000,1.0
202401,Canterbury,Colecalciferol,3200,9.0
202401,Canterbury,Colecalciferol,400,791.0
202401,Canterbury,Colecalciferol,4000,2.0
202401,Canterbury,Colecalciferol,440,4.0
202401,Canterbury,Colecalciferol,50000,9.0
202401,Canterbury,Colecalciferol,600,2.0
202401,Canterbury,Colecalciferol,800,290.0
202401,Canterbury,Colecalciferol,880,26.0
202401,Canterbury,Colecalciferol,unknown,634.0
202401,Exeter,Colecalciferol,1000,54.0
202401,Exeter,Colecalciferol,200,14.0
202401,Exeter,Colecalciferol,400,9.0
202401,Exeter,Colecalciferol,4000,2.0
202401,Exeter,Colecalciferol,800,8.0
202401,Exeter,Colecalciferol,880,157.0
202401,Exeter,Colecalciferol,unknown,50.0
202401,Leeds,Colecalciferol,1000,753.0
202401,Leeds,Colecalciferol,10000,13.0
202401,Leeds,Colecalciferol,200,167.0
202401,Leeds,Colecalciferol,2000,15.0
202401,Leeds,Colecalciferol,20000,51.0
202401,Leeds,Colecalciferol,2400,1.0
202401,Leeds,Colecalciferol,2500,1.0
202401,Leeds,Colecalciferol,25000,13.0
202401,Leeds,Colecalciferol,3000,1.0
202401,Leeds,Colecalciferol,3200,3.0
202401,Leeds,Colecalciferol,400,758.0
202401,Leeds,Colecalciferol,4000,1.0
202401,Leeds,Colecalciferol,40000,16.0
202401,Leeds,Colecalciferol,440,6.0
202401,Leeds,Colecalciferol,50000,35.0
202401,Leeds,Colecalciferol,800,619.0
202401,Leeds,Colecalciferol,880,26.0
202401,Leeds,Colecalciferol,unknown,659.0
202401,London,Colecalciferol,1000,38429.0
202401,London,Colecalciferol,10000,937.0
202401,London,Colecalciferol,15000,22.0
202401,London,Colecalciferol,200,18101.0
202401,London,Colecalciferol,2000,779.0
202401,London,Colecalciferol,20000,12138.0
202401,London,Colecalciferol,2200,62.0
202401,London,Colecalciferol,2400,127.0
202401,London,Colecalciferol,2500,119.0
202401,London,Colecalciferol,25000,3087.0
202401,London,Colecalciferol,2740,127.0
202401,London,Colecalciferol,3000,245.0
202401,London,Colecalciferol,30000,3.0
202401,London,Colecalciferol,300000,5.0
202401,London,Colecalciferol,3200,267.0
202401,London,Colecalciferol,400,47585.0
202401,London,Colecalciferol,4000,378.0
202401,London,Colecalciferol,40000,887.0
202401,London,Colecalciferol,440,262.0
202401,London,Colecalciferol,5000,169.0
202401,London,Colecalciferol,50000,226.0
202401,London,Colecalciferol,5600,17.0
202401,London,Colecalciferol,600,49.0
202401,London,Colecalciferol,800,25987.0
202401,London,Colecalciferol,880,1855.0
202401,London,Colecalciferol,unknown,42442.0
202401,Manchester,Colecalciferol,1000,780.0
202401,Manchester,Colecalciferol,10000,73.0
202401,Manchester,Colecalciferol,200,3077.0
202401,Manchester,Colecalciferol,2000,39.0
202401,Manchester,Colecalciferol,20000,1675.0
202401,Manchester,Colecalciferol,2200,1.0
202401,Manchester,Colecalciferol,2400,8.0
202401,Manchester,Colecalciferol,2500,5.0
202401,Manchester,Colecalciferol,25000,74.0
202401,Manchester,Colecalciferol,2740,14.0
202401,Manchester,Colecalciferol,3000,8.0
202401,Manchester,Colecalciferol,30000,1.0
202401,Manchester,Colecalciferol,3200,45.0
202401,Manchester,Colecalciferol,400,2775.0
202401,Manchester,Colecalciferol,4000,23.0
202401,Manchester,Colecalciferol,40000,26.0
202401,Manchester,Colecalciferol,440,27.0
202401,Manchester,Colecalciferol,5000,3.0
202401,Manchester,Colecalciferol,50000,103.0
202401,Manchester,Colecalciferol,5600,7.0
202401,Manchester,Colecalciferol,600,6.0
202401,Manchester,Colecalciferol,800,2159.0
202401,Manchester,Colecalciferol,880,597.0
202401,Manchester,Colecalciferol,unknown,5680.0
202401,Middlesbrough,Colecalciferol,1000,122.0
202401,Middlesbrough,Colecalciferol,10000,3.0
202401,Middlesbrough,Colecalciferol,200,86.0
202401,Middlesbrough,Colecalciferol,2000,2.0
202401,Middlesbrough,Colecalciferol,20000,43.0
202401,Middlesbrough,Colecalciferol,25000,2.0
202401,Middlesbrough,Colecalciferol,3200,1.0
202401,Middlesbrough,Colecalciferol,400,192.0
202401,Middlesbrough,Colecalciferol,4000,2.0
202401,Middlesbrough,Colecalciferol,5000,1.0
202401,Middlesbrough,Colecalciferol,50000,4.0
202401,Middlesbrough,Colecalciferol,800,307.0
202401,Middlesbrough,Colecalciferol,880,54.0
202401,Middlesbrough,Colecalciferol,unknown,127.0
202401,Newcastle upon Tyne,Colecalciferol,1000,32.0
202401,Newcastle upon Tyne,Colecalciferol,10000,2.0
202401,Newcastle upon Tyne,Colecalciferol,200,220.0
202401,Newcastle upon Tyne,Colecalciferol,2000,3.0
202401,Newcastle upon Tyne,Colecalciferol,20000,118.0
202401,Newcastle upon Tyne,Colecalciferol,2400,1.0
202401,Newcastle upon Tyne,Colecalciferol,25000,4.0
202401,Newcastle upon Tyne,Colecalciferol,2740,23.0
202401,Newcastle upon Tyne,Colecalciferol,3200,6.0
202401,Newcastle upon Tyne,Colecalciferol,400,1247.0
202401,Newcastle upon Tyne,Colecalciferol,440,2.0
202401,Newcastle upon Tyne,Colecalciferol,50000,2.0
202401,Newcastle upon Tyne,Colecalciferol,800,3818.0
202401,Newcastle upon Tyne,Colecalciferol,880,10.0
202401,Newcastle upon Tyne,Colecalciferol,unknown,794.0
202401,Nottingham,Colecalciferol,1000,3693.0
202401,Nottingham,Colecalciferol,10000,6.0
202401,Nottingham,Colecalciferol,200,481.0
202401,Nottingham,Colecalciferol,2000,4.0
202401,Nottingham,Colecalciferol,20000,115.0
202401,Nottingham,Colecalciferol,2200,9.0
202401,Nottingham,Colecalciferol,2400,1.0
202401,Nottingham,Colecalciferol,25000,165.0
202401,Nottingham,Colecalciferol,2740,43.0
202401,Nottingham,Colecalciferol,3200,11.0
202401,Nottingham,Colecalciferol,400,458.0
202401,Nottingham,Colecalciferol,4000,5.0
202401,Nottingham,Colecalciferol,40000,1.0
202401,Nottingham,Colecalciferol,440,1.0
202401,Nottingham,Colecalciferol,5000,6.0
202401,Nottingham,Colecalciferol,50000,217.0
202401,Nottingham,Colecalciferol,5600,5.0
202401,Nottingham,Colecalciferol,800,1869.0
202401,Nottingham,Colecalciferol,unknown,824.0
202401,Peterborough,Colecalciferol,1000,11.0
202401,Peterborough,Colecalciferol,200,5.0
202401,Peterborough,Colecalciferol,25000,2.0
202401,Peterborough,Colecalciferol,3200,1.0
202401,Peterborough,Colecalciferol,400,73.0
202401,Peterborough,Colecalciferol,440,1.0
202401,Peterborough,Colecalciferol,50000,8.0
202401,Peterborough,Colecalciferol,800,31.0
202401,Peterborough,Colecalciferol,880,9.0
202401,Peterborough,Colecalciferol,unknown,20.0
202401,Plymouth,Colecalciferol,1000,107.0
202401,Plymouth,Colecalciferol,10000,1.0
202401,Plymouth,Colecalciferol,200,33.0
202401,Plymouth,Colecalciferol,2000,4.0
202401,Plymouth,Colecalciferol,25000,19.0
202401,Plymouth,Colecalciferol,400,57.0
202401,Plymouth,Colecalciferol,800,17.0
202401,Plymouth,Colecalciferol,880,42.0
202401,Plymouth,Colecalciferol,unknown,78.0
202401,Sunderland,Colecalciferol,1000,65.0
202401,Sunderland,Colecalciferol,10000,1.0
202401,Sunderland,Colecalciferol,200,82.0
202401,Sunderland,Colecalciferol,2000,1.0
202401,Sunderland,Colecalciferol,20000,37.0
202401,Sunderland,Colecalciferol,25000,2.0
202401,Sunderland,Colecalciferol,2740,2.0
202401,Sunderland,Colecalciferol,400,124.0
202401,Sunderland,Colecalciferol,4000,1.0
202401,Sunderland,Colecalciferol,40000,1.0
202401,Sunderland,Colecalciferol,50000,2.0
202401,Sunderland,Colecalciferol,800,351.0
202401,Sunderland,Colecalciferol,880,8.0
202401,Sunderland,Colecalciferol,unknown,443.0
202401,York,Colecalciferol,1000,304.0
202401,York,Colecalciferol,10000,9.0
202401,York,Colecalciferol,200,415.0
202401,York,Colecalciferol,2000,5.0
202401,York,Colecalciferol,20000,10.0
202401,York,Colecalciferol,2200,2.0
202401,York,Colecalciferol,2400,1.0
202401,York,Colecalciferol,25000,46.0
202401,York,Colecalciferol,3000,3.0
202401,York,Colecalciferol,3200,2.0
202401,York,Colecalciferol,400,367.0
202401,York,Colecalciferol,4000,1.0
202401,York,Colecalciferol,50000,29.0
202401,York,Colecalciferol,800,551.0
202401,York,Colecalciferol,880,44.0
202401,York,Colecalciferol,unknown,943.0
202402,Birmingham,Colecalciferol,1000,1131.0
202402,Birmingham,Colecalciferol,10000,84.0
202402,Birmingham,Colecalciferol,200,2142.0
202402,Birmingham,Colecalciferol,2000,59.0
202402,Birmingham,Colecalciferol,20000,492.0
202402,Birmingham,Colecalciferol,2200,5.0
202402,Birmingham,Colecalciferol,2400,23.0
202402,Birmingham,Colecalciferol,2500,6.0
202402,Birmingham,Colecalciferol,25000,450.0
202402,Birmingham,Colecalciferol,2740,10.0
202402,Birmingham,Colecalciferol,3000,3.0
202402,Birmingham,Colecalciferol,3200,126.0
202402,Birmingham,Colecalciferol,400,1186.0
202402,Birmingham,Colecalciferol,4000,28.0
202402,Birmingham,Colecalciferol,40000,4.0
202402,Birmingham,Colecalciferol,440,5.0
202402,Birmingham,Colecalciferol,5000,5.0
202402,Birmingham,Colecalciferol,50000,1027.0
202402,Birmingham,Colecalciferol,5600,8.0
202402,Birmingham,Colecalciferol,600,3.0
202402,Birmingham,Colecalciferol,800,3987.0
202402,Birmingham,Colecalciferol,880,135.0
202402,Birmingham,Colecalciferol,unknown,1755.0
202402,Brighton,Colecalciferol,1000,3.0
202402,Brighton,Colecalciferol,200,21.0
202402,Brighton,Colecalciferol,20000,7.0
202402,Brighton,Colecalciferol,25000,1.0
202402,Brighton,Colecalciferol,3200,1.0
202402,Brighton,Colecalciferol,400,110.0
202402,Brighton,Colecalciferol,800,58.0
202402,Brighton,Colecalciferol,880,1.0
202402,Brighton,Colecalciferol,unknown,56.0
202402,Bristol,Colecalciferol,1000,318.0
202402,Bristol,Colecalciferol,10000,23.0
202402,Bristol,Colecalciferol,200,599.0
202402,Bristol,Colecalciferol,2000,2.0
202402,Bristol,Colecalciferol,20000,36.0
202402,Bristol,Colecalciferol,2200,4.0
202402,Bristol,Colecalciferol,25000,111.0
202402,Bristol,Colecalciferol,2740,1.0
202402,Bristol,Colecalciferol,3000,7.0
202402,Bristol,Colecalciferol,300000,1.0
202402,Bristol,Colecalciferol,3200,20.0
202402,Bristol,Colecalciferol,400,1600.0
202402,Bristol,Colecalciferol,4000,3.0
202402,Bristol,Colecalciferol,40000,1.0
202402,Bristol,Colecalciferol,440,7.0
202402,Bristol,Colecalciferol,50000,24.0
202402,Bristol,Colecalciferol,800,1782.0
202402,Bristol,Colecalciferol,880,156.0
202402,Bristol,Colecalciferol,unknown,845.0
202402,Canterbury,Colecalciferol,1000,189.0
202402,Canterbury,Colecalciferol,10000,8.0
202402,Canterbury,Colecalciferol,200,308.0
202402,Canterbury,Colecalciferol,20000,22.0
202402,Canterbury,Colecalciferol,2200,1.0
202402,Canterbury,Colecalciferol,25000,3.0
202402,Canterbury,Colecalciferol,2740,2.0
202402,Canterbury,Colecalciferol,3200,8.0
202402,Canterbury,Colecalciferol,400,656.0
202402,Canterbury,Colecalciferol,4000,3.0
202402,Canterbury,Colecalciferol,40000,1.0
202402,Canterbury,Colecalciferol,440,4.0
202402,Canterbury,Colecalciferol,50000,11.0
202402,Canterbury,Colecalciferol,800,268.0
202402,Canterbury,Colecalciferol,880,28.0
202402,Canterbury,Colecalciferol,unknown,579.0
202402,Exeter,Colecalciferol,1000,56.0
202402,Exeter,Colecalciferol,200,10.0
202402,Exeter,Colecalciferol,25000,1.0
202402,Exeter,Colecalciferol,400,8.0
202402,Exeter,Colecalciferol,800,6.0
202402,Exeter,Colecalciferol,880,166.0
202402,Exeter,Colecalciferol,unknown,45.0
202402,Leeds,Colecalciferol,1000,712.0
202402,Leeds,Colecalciferol,10000,11.0
202402,Leeds,Colecalciferol,200,140.0
202402,Leeds,Colecalciferol,2000,13.0
202402,Leeds,Colecalciferol,20000,88.0
202402,Leeds,Colecalciferol,2400,4.0
202402,Leeds,Colecalciferol,2500,1.0
202402,Leeds,Colecalciferol,25000,19.0
202402,Leeds,Colecalciferol,2740,4.0
202402,Leeds,Colecalciferol,3200,1.0
202402,Leeds,Colecalciferol,400,694.0
202402,Leeds,Colecalciferol,4000,1.0
202402,Leeds,Colecalciferol,40000,20.0
202402,Leeds,Colecalciferol,440,1.0
202402,Leeds,Colecalciferol,50000,31.0
202402,Leeds,Colecalciferol,600,3.0
202402,Leeds,Colecalciferol,800,532.0
202402,Leeds,Colecalciferol,880,14.0
202402,Leeds,Colecalciferol,unknown,674.0
202402,London,Colecalciferol,1000,36577.0
202402,London,Colecalciferol,10000,960.0
202402,London,Colecalciferol,15000,19.0
202402,London,Colecalciferol,200,17018.0
202402,London,Colecalciferol,2000,699.0
202402,London,Colecalciferol,20000,11896.0
202402,London,Colecalciferol,2200,63.0
202402,London,Colecalciferol,2400,117.0
202402,London,Colecalciferol,2500,113.0
202402,London,Colecalciferol,25000,3290.0
202402,London,Colecalciferol,2740,112.0
202402,London,Colecalciferol,3000,218.0
202402,London,Colecalciferol,30000,1.0
202402,London,Colecalciferol,300000,4.0
202402,London,Colecalciferol,3200,260.0
202402,London,Colecalciferol,400,44880.0
202402,London,Colecalciferol,4000,373.0
202402,London,Colecalciferol,40000,1307.0
202402,London,Colecalciferol,440,233.0
202402,London,Colecalciferol,5000,175.0
202402,London,Colecalciferol,50000,256.0
202402,London,Colecalciferol,5600,34.0
202402,London,Colecalciferol,600,65.0
202402,London,Colecalciferol,800,24195.0
202402,London,Colecalciferol,880,1767.0
202402,London,Colecalciferol,unknown,39846.0
202402,Manchester,Colecalciferol,1000,774.0
202402,Manchester,Colecalciferol,10000,96.0
202402,Manchester,Colecalciferol,200,2804.0
202402,Manchester,Colecalciferol,2000,41.0
202402,Manchester,Colecalciferol,20000,1811.0
202402,Manchester,Colecalciferol,2200,1.0
202402,Manchester,Colecalciferol,2400,11.0
202402,Manchester,Colecalciferol,2500,10.0
202402,Manchester,Colecalciferol,25000,97.0
202402,Manchester,Colecalciferol,2740,14.0
202402,Manchester,Colecalciferol,3000,2.0
202402,Manchester,Colecalciferol,30000,1.0
202402,Manchester,Colecalciferol,3200,60.0
202402,Manchester,Colecalciferol,400,2744.0
202402,Manchester,Colecalciferol,4000,17.0
202402,Manchester,Colecalciferol,40000,37.0
202402,Manchester,Colecalciferol,440,35.0
202402,Manchester,Colecalciferol,5000,5.0
202402,Manchester,Colecalciferol,50000,123.0
202402,Manchester,Colecalciferol,5600,10.0
202402,Manchester,Colecalciferol,600,4.0
202402,Manchester,Colecalciferol,800,2057.0
202402,Manchester,Colecalciferol,880,558.0
202402,Manchester,Colecalciferol,unknown,5281.0
202402,Middlesbrough,Colecalciferol,1000,116.0
202402,Middlesbrough,Colecalciferol,10000,3.0
202402,Middlesbrough,Colecalciferol,200,61.0
202402,Middlesbrough,Colecalciferol,2000,2.0
202402,Middlesbrough,Colecalciferol,20000,48.0
202402,Middlesbrough,Colecalciferol,25000,1.0
202402,Middlesbrough,Colecalciferol,2740,1.0
202402,Middlesbrough,Colecalciferol,400,167.0
202402,Middlesbrough,Colecalciferol,50000,4.0
202402,Middlesbrough,Colecalciferol,600,1.0
202402,Middlesbrough,Colecalciferol,800,309.0
202402,Middlesbrough,Colecalciferol,880,45.0
202402,Middlesbrough,Colecalciferol,unknown,142.0
202402,Newcastle upon Tyne,Colecalciferol,1000,22.0
202402,Newcastle upon Tyne,Colecalciferol,10000,2.0
202402,Newcastle upon Tyne,Colecalciferol,200,211.0
202402,Newcastle upon Tyne,Colecalciferol,2000,4.0
202402,Newcastle upon Tyne,Colecalciferol,20000,96.0
202402,Newcastle upon Tyne,Colecalciferol,2400,2.0
202402,Newcastle upon Tyne,Colecalciferol,25000,4.0
202402,Newcastle upon Tyne,Colecalciferol,2740,20.0
202402,Newcastle upon Tyne,Colecalciferol,3000,1.0
202402,Newcastle upon Tyne,Colecalciferol,3200,6.0
202402,Newcastle upon Tyne,Colecalciferol,400,1327.0
202402,Newcastle upon Tyne,Colecalciferol,440,4.0
202402,Newcastle upon Tyne,Colecalciferol,50000,1.0
202402,Newcastle upon Tyne,Colecalciferol,800,3686.0
202402,Newcastle upon Tyne,Colecalciferol,880,15.0
202402,Newcastle upon Tyne,Colecalciferol,unknown,787.0
202402,Nottingham,Colecalciferol,1000,3484.0
202402,Nottingham,Colecalciferol,10000,8.0
202402,Nottingham,Colecalciferol,200,491.0
202402,Nottingham,Colecalciferol,2000,8.0
202402,Nottingham,Colecalciferol,20000,127.0
202402,Nottingham,Colecalciferol,2200,4.0
202402,Nottingham,Colecalciferol,2400,3.0
202402,Nottingham,Colecalciferol,2500,1.0
202402,Nottingham,Colecalciferol,25000,184.0
202402,Nottingham,Colecalciferol,2740,36.0
202402,Nottingham,Colecalciferol,3000,1.0
202402,Nottingham,Colecalciferol,30000,1.0
202402,Nottingham,Colecalciferol,3200,11.0
202402,Nottingham,Colecalciferol,400,443.0
202402,Nottingham,Colecalciferol,4000,7.0
202402,Nottingham,Colecalciferol,40000,1.0
202402,Nottingham,Colecalciferol,440,1.0
202402,Nottingham,Colecalciferol,5000,3.0
202402,Nottingham,Colecalciferol,50000,273.0
202402,Nottingham,Colecalciferol,5600,3.0
202402,Nottingham,Colecalciferol,800,1764.0
202402,Nottingham,Colecalciferol,880,1.0
202402,Nottingham,Colecalciferol,unknown,808.0
202402,Peterborough,Colecalciferol,1000,7.0
202402,Peterborough,Colecalciferol,200,7.0
202402,Peterborough,Colecalciferol,25000,2.0
202402,Peterborough,Colecalciferol,3200,1.0
202402,Peterborough,Colecalciferol,400,77.0
202402,Peterborough,Colecalciferol,440,1.0
202402,Peterborough,Colecalciferol,50000,5.0
202402,Peterborough,Colecalciferol,800,27.0
202402,Peterborough,Colecalciferol,880,9.0
202402,Peterborough,Colecalciferol,unknown,23.0
202402,Plymouth,Colecalciferol,1000,87.0
202402,Plymouth,Colecalciferol,200,32.0
202402,Plymouth,Colecalciferol,2000,3.0
202402,Plymouth,Colecalciferol,25000,13.0
202402,Plymouth,Colecalciferol,400,51.0
202402,Plymouth,Colecalciferol,440,1.0
202402,Plymouth,Colecalciferol,800,12.0
202402,Plymouth,Colecalciferol,880,34.0
202402,Plymouth,Colecalciferol,unknown,78.0
202402,Sunderland,Colecalciferol,1000,56.0
202402,Sunderland,Colecalciferol,10000,2.0
202402,Sunderland,Colecalciferol,200,89.0
202402,Sunderland,Colecalciferol,2000,2.0
202402,Sunderland,Colecalciferol,20000,36.0
202402,Sunderland,Colecalciferol,25000,3.0
202402,Sunderland,Colecalciferol,2740,1.0
202402,Sunderland,Colecalciferol,400,130.0
202402,Sunderland,Colecalciferol,4000,1.0
202402,Sunderland,Colecalciferol,50000,6.0
202402,Sunderland,Colecalciferol,800,312.0
202402,Sunderland,Colecalciferol,880,15.0
202402,Sunderland,Colecalciferol,unknown,405.0
202402,York,Colecalciferol,1000,292.0
202402,York,Colecalciferol,10000,7.0
202402,York,Colecalciferol,200,332.0
202402,York,Colecalciferol,2000,1.0
202402,York,Colecalciferol,20000,9.0
202402,York,Colecalciferol,2400,2.0
202402,York,Colecalciferol,25000,45.0
202402,York,Colecalciferol,2740,1.0
202402,York,Colecalciferol,3000,1.0
202402,York,Colecalciferol,400,381.0
202402,York,Colecalciferol,4000,2.0
202402,York,Colecalciferol,40000,2.0
202402,York,Colecalciferol,5000,1.0
202402,York,Colecalciferol,50000,25.0
202402,York,Colecalciferol,5600,1.0
202402,York,Colecalciferol,800,530.0
202402,York,Colecalciferol,880,40.0
202402,York,Colecalciferol,unknown,912.0
202403,Birmingham,Colecalciferol,1000,1101.0
202403,Birmingham,Colecalciferol,10000,77.0
202403,Birmingham,Colecalciferol,200,2161.0
202403,Birmingham,Colecalciferol,2000,61.0
202403,Birmingham,Colecalciferol,20000,468.0
202403,Birmingham,Colecalciferol,2200,6.0
202403,Birmingham,Colecalciferol,2400,19.0
202403,Birmingham,Colecalciferol,2500,2.0
202403,Birmingham,Colecalciferol,25000,409.0
202403,Birmingham,Colecalciferol,2740,15.0
202403,Birmingham,Colecalciferol,3000,7.0
202403,Birmingham,Colecalciferol,3200,148.0
202403,Birmingham,Colecalciferol,400,1191.0
202403,Birmingham,Colecalciferol,4000,26.0
202403,Birmingham,Colecalciferol,40000,9.0
202403,Birmingham,Colecalciferol,440,3.0
202403,Birmingham,Colecalciferol,5000,4.0
202403,Birmingham,Colecalciferol,50000,1048.0
202403,Birmingham,Colecalciferol,5600,12.0
202403,Birmingham,Colecalciferol,600,6.0
202403,Birmingham,Colecalciferol,800,4103.0
202403,Birmingham,Colecalciferol,880,128.0
202403,Birmingham,Colecalciferol,unknown,1778.0
202403,Brighton,Colecalciferol,1000,4.0
202403,Brighton,Colecalciferol,200,24.0
202403,Brighton,Colecalciferol,20000,9.0
202403,Brighton,Colecalciferol,3200,1.0
202403,Brighton,Colecalciferol,400,135.0
202403,Brighton,Colecalciferol,40000,1.0
202403,Brighton,Colecalciferol,50000,1.0
202403,Brighton,Colecalciferol,800,58.0
202403,Brighton,Colecalciferol,880,3.0
202403,Brighton,Colecalciferol,unknown,61.0
202403,Bristol,Colecalciferol,1000,308.0
202403,Bristol,Colecalciferol,10000,7.0
202403,Bristol,Colecalciferol,200,555.0
202403,Bristol,Colecalciferol,2000,3.0
202403,Bristol,Colecalciferol,20000,40.0
202403,Bristol,Colecalciferol,25000,81.0
202403,Bristol,Colecalciferol,2740,1.0
202403,Bristol,Colecalciferol,3000,4.0
202403,Bristol,Colecalciferol,3200,16.0
202403,Bristol,Colecalciferol,400,1707.0
202403,Bristol,Colecalciferol,4000,3.0
202403,Bristol,Colecalciferol,40000,1.0
202403,Bristol,Colecalciferol,440,4.0
202403,Bristol,Colecalciferol,50000,13.0
202403,Bristol,Colecalciferol,800,1875.0
202403,Bristol,Colecalciferol,880,174.0
202403,Bristol,Colecalciferol,unknown,806.0
202403,Canterbury,Colecalciferol,1000,185.0
202403,Canterbury,Colecalciferol,10000,10.0
202403,Canterbury,Colecalciferol,200,285.0
202403,Canterbury,Colecalciferol,2000,1.0
202403,Canterbury,Colecalciferol,20000,28.0
202403,Canterbury,Colecalciferol,2740,1.0
202403,Canterbury,Colecalciferol,3200,4.0
202403,Canterbury,Colecalciferol,400,682.0
202403,Canterbury,Colecalciferol,4000,3.0
202403,Canterbury,Colecalciferol,40000,4.0
202403,Canterbury,Colecalciferol,440,6.0
202403,Canterbury,Colecalciferol,5000,1.0
202403,Canterbury,Colecalciferol,50000,11.0
202403,Canterbury,Colecalciferol,600,1.0
202403,Canterbury,Colecalciferol,800,269.0
202403,Canterbury,Colecalciferol,880,31.0
202403,Canterbury,Colecalciferol,unknown,601.0
202403,Exeter,Colecalciferol,1000,58.0
202403,Exeter,Colecalciferol,200,14.0
202403,Exeter,Colecalciferol,2400,1.0
202403,Exeter,Colecalciferol,25000,1.0
202403,Exeter,Colecalciferol,400,14.0
202403,Exeter,Colecalciferol,4000,1.0
202403,Exeter,Colecalciferol,800,10.0
202403,Exeter,Colecalciferol,880,153.0
202403,Exeter,Colecalciferol,unknown,49.0
202403,Leeds,Colecalciferol,1000,725.0
202403,Leeds,Colecalciferol,10000,15.0
202403,Leeds,Colecalciferol,200,163.0
202403,Leeds,Colecalciferol,2000,19.0
202403,Leeds,Colecalciferol,20000,75.0
202403,Leeds,Colecalciferol,2400,3.0
202403,Leeds,Colecalciferol,2500,1.0
202403,Leeds,Colecalciferol,25000,28.0
202403,Leeds,Colecalciferol,2740,2.0
202403,Leeds,Colecalciferol,3000,1.0
202403,Leeds,Colecalciferol,30000,1.0
202403,Leeds,Colecalciferol,3200,1.0
202403,Leeds,Colecalciferol,400,728.0
202403,Leeds,Colecalciferol,4000,2.0
202403,Leeds,Colecalciferol,40000,12.0
202403,Leeds,Colecalciferol,440,4.0
202403,Leeds,Colecalciferol,50000,29.0
202403,Leeds,Colecalciferol,800,563.0
202403,Leeds,Colecalciferol,880,17.0
202403,Leeds,Colecalciferol,unknown,660.0
202403,London,Colecalciferol,1000,38103.0
202403,London,Colecalciferol,10000,1062.0
202403,London,Colecalciferol,15000,21.0
202403,London,Colecalciferol,200,17073.0
202403,London,Colecalciferol,2000,853.0
202403,London,Colecalciferol,20000,11994.0
202403,London,Colecalciferol,2200,69.0
202403,London,Colecalciferol,2400,121.0
202403,London,Colecalciferol,2500,139.0
202403,London,Colecalciferol,25000,3477.0
202403,London,Colecalciferol,2740,137.0
202403,London,Colecalciferol,3000,227.0
202403,London,Colecalciferol,300000,10.0
202403,London,Colecalciferol,3200,213.0
202403,London,Colecalciferol,400,44733.0
202403,London,Colecalciferol,4000,393.0
202403,London,Colecalciferol,40000,1507.0
202403,London,Colecalciferol,440,257.0
202403,London,Colecalciferol,5000,224.0
202403,London,Colecalciferol,50000,266.0
202403,London,Colecalciferol,5600,48.0
202403,London,Colecalciferol,600,60.0
202403,London,Colecalciferol,800,24409.0
202403,London,Colecalciferol,880,1792.0
202403,London,Colecalciferol,unknown,40487.0
202403,Manchester,Colecalciferol,1000,813.0
202403,Manchester,Colecalciferol,10000,113.0
202403,Manchester,Colecalciferol,200,2871.0
202403,Manchester,Colecalciferol,2000,48.0
202403,Manchester,Colecalciferol,20000,1810.0
202403,Manchester,Colecalciferol,2200,1.0
202403,Manchester,Colecalciferol,2400,10.0
202403,Manchester,Colecalciferol,2500,5.0
202403,Manchester,Colecalciferol,25000,75.0
202403,Manchester,Colecalciferol,2740,15.0
202403,Manchester,Colecalciferol,3000,3.0
202403,Manchester,Colecalciferol,3200,46.0
202403,Manchester,Colecalciferol,400,2808.0
202403,Manchester,Colecalciferol,4000,24.0
202403,Manchester,Colecalciferol,40000,44.0
202403,Manchester,Colecalciferol,440,37.0
202403,Manchester,Colecalciferol,5000,3.0
202403,Manchester,Colecalciferol,50000,97.0
202403,Manchester,Colecalciferol,5600,9.0
202403,Manchester,Colecalciferol,600,6.0
202403,Manchester,Colecalciferol,800,2130.0
202403,Manchester,Colecalciferol,880,570.0
202403,Manchester,Colecalciferol,unknown,5393.0
202403,Middlesbrough,Colecalciferol,1000,121.0
202403,Middlesbrough,Colecalciferol,10000,4.0
202403,Middlesbrough,Colecalciferol,200,69.0
202403,Middlesbrough,Colecalciferol,2000,6.0
202403,Middlesbrough,Colecalciferol,20000,55.0
202403,Middlesbrough,Colecalciferol,25000,2.0
202403,Middlesbrough,Colecalciferol,3000,1.0
202403,Middlesbrough,Colecalciferol,3200,1.0
202403,Middlesbrough,Colecalciferol,400,169.0
202403,Middlesbrough,Colecalciferol,50000,1.0
202403,Middlesbrough,Colecalciferol,600,8.0
202403,Middlesbrough,Colecalciferol,800,260.0
202403,Middlesbrough,Colecalciferol,880,47.0
202403,Middlesbrough,Colecalciferol,unknown,138.0
202403,Newcastle upon Tyne,Colecalciferol,1000,28.0
202403,Newcastle upon Tyne,Colecalciferol,10000,3.0
202403,Newcastle upon Tyne,Colecalciferol,200,195.0
202403,Newcastle upon Tyne,Colecalciferol,2000,3.0
202403,Newcastle upon Tyne,Colecalciferol,20000,121.0
202403,Newcastle upon Tyne,Colecalciferol,25000,3.0
202403,Newcastle upon Tyne,Colecalciferol,2740,21.0
202403,Newcastle upon Tyne,Colecalciferol,30000,1.0
202403,Newcastle upon Tyne,Colecalciferol,3200,5.0
202403,Newcastle upon Tyne,Colecalciferol,400,1246.0
202403,Newcastle upon Tyne,Colecalciferol,440,4.0
202403,Newcastle upon Tyne,Colecalciferol,800,3675.0
202403,Newcastle upon Tyne,Colecalciferol,880,10.0
202403,Newcastle upon Tyne,Colecalciferol,unknown,810.0
202403,Nottingham,Colecalciferol,1000,3652.0
202403,Nottingham,Colecalciferol,10000,8.0
202403,Nottingham,Colecalciferol,200,504.0
202403,Nottingham,Colecalciferol,2000,7.0
202403,Nottingham,Colecalciferol,20000,138.0
202403,Nottingham,Colecalciferol,2200,4.0
202403,Nottingham,Colecalciferol,2400,10.0
202403,Nottingham,Colecalciferol,2500,1.0
202403,Nottingham,Colecalciferol,25000,167.0
202403,Nottingham,Colecalciferol,2740,47.0
202403,Nottingham,Colecalciferol,3000,1.0
202403,Nottingham,Colecalciferol,30000,1.0
202403,Nottingham,Colecalciferol,3200,6.0
202403,Nottingham,Colecalciferol,400,437.0
202403,Nottingham,Colecalciferol,4000,6.0
202403,Nottingham,Colecalciferol,40000,1.0
202403,Nottingham,Colecalciferol,440,1.0
202403,Nottingham,Colecalciferol,5000,4.0
202403,Nottingham,Colecalciferol,50000,276.0
202403,Nottingham,Colecalciferol,5600,2.0
202403,Nottingham,Colecalciferol,800,1610.0
202403,Nottingham,Colecalciferol,unknown,840.0
202403,Peterborough,Colecalciferol,1000,7.0
202403,Peterborough,Colecalciferol,200,6.0
202403,Peterborough,Colecalciferol,25000,6.0
202403,Peterborough,Colecalciferol,400,78.0
202403,Peterborough,Colecalciferol,440,1.0
202403,Peterborough,Colecalciferol,50000,3.0
202403,Peterborough,Colecalciferol,600,1.0
202403,Peterborough,Colecalciferol,800,25.0
202403,Peterborough,Colecalciferol,880,11.0
202403,Peterborough,Colecalciferol,unknown,23.0
202403,Plymouth,Colecalciferol,1000,82.0
202403,Plymouth,Colecalciferol,10000,1.0
202403,Plymouth,Colecalciferol,200,37.0
202403,Plymouth,Colecalciferol,2500,3.0
202403,Plymouth,Colecalciferol,25000,18.0
202403,Plymouth,Colecalciferol,400,49.0
202403,Plymouth,Colecalciferol,50000,1.0
202403,Plymouth,Colecalciferol,800,15.0
202403,Plymouth,Colecalciferol,880,37.0
202403,Plymouth,Colecalciferol,unknown,92.0
202403,Sunderland,Colecalciferol,1000,66.0
202403,Sunderland,Colecalciferol,10000,4.0
202403,Sunderland,Colecalciferol,200,83.0
202403,Sunderland,Colecalciferol,2000,1.0
202403,Sunderland,Colecalciferol,20000,30.0
202403,Sunderland,Colecalciferol,25000,1.0
202403,Sunderland,Colecalciferol,2740,1.0
202403,Sunderland,Colecalciferol,400,143.0
202403,Sunderland,Colecalciferol,50000,5.0
202403,Sunderland,Colecalciferol,800,362.0
202403,Sunderland,Colecalciferol,880,16.0
202403,Sunderland,Colecalciferol,unknown,456.0
202403,York,Colecalciferol,1000,305.0
202403,York,Colecalciferol,10000,8.0
202403,York,Colecalciferol,200,404.0
202403,York,Colecalciferol,2000,3.0
202403,York,Colecalciferol,20000,13.0
202403,York,Colecalciferol,2200,2.0
202403,York,Colecalciferol,2400,1.0
202403,York,Colecalciferol,25000,50.0
202403,York,Colecalciferol,2740,1.0
202403,York,Colecalciferol,3000,4.0
202403,York,Colecalciferol,3200,3.0
202403,York,Colecalciferol,400,394.0
202403,York,Colecalciferol,4000,7.0
202403,York,Colecalciferol,40000,2.0
202403,York,Colecalciferol,5000,1.0
202403,York,Colecalciferol,50000,30.0
202403,York,Colecalciferol,5600,1.0
202403,York,Colecalciferol,800,555.0
202403,York,Colecalciferol,880,46.0
202403,York,Colecalciferol,unknown,951.0
202404,Birmingham,Colecalciferol,1000,1171.0
202404,Birmingham,Colecalciferol,10000,98.0
202404,Birmingham,Colecalciferol,15000,1.0
202404,Birmingham,Colecalciferol,200,2165.0
202404,Birmingham,Colecalciferol,2000,51.0
202404,Birmingham,Colecalciferol,20000,433.0
202404,Birmingham,Colecalciferol,2200,6.0
202404,Birmingham,Colecalciferol,2400,26.0
202404,Birmingham,Colecalciferol,2500,4.0
202404,Birmingham,Colecalciferol,25000,431.0
202404,Birmingham,Colecalciferol,2740,16.0
202404,Birmingham,Colecalciferol,3000,8.0
202404,Birmingham,Colecalciferol,30000,1.0
202404,Birmingham,Colecalciferol,3200,136.0
202404,Birmingham,Colecalciferol,400,1264.0
202404,Birmingham,Colecalciferol,4000,29.0
202404,Birmingham,Colecalciferol,40000,12.0
202404,Birmingham,Colecalciferol,440,4.0
202404,Birmingham,Colecalciferol,5000,4.0
202404,Birmingham,Colecalciferol,50000,1026.0
202404,Birmingham,Colecalciferol,5600,15.0
202404,Birmingham,Colecalciferol,600,5.0
202404,Birmingham,Colecalciferol,800,4307.0
202404,Birmingham,Colecalciferol,880,133.0
202404,Birmingham,Colecalciferol,unknown,1878.0
202404,Brighton,Colecalciferol,1000,5.0
202404,Brighton,Colecalciferol,10000,1.0
202404,Brighton,Colecalciferol,200,14.0
202404,Brighton,Colecalciferol,3200,4.0
202404,Brighton,Colecalciferol,400,153.0
202404,Brighton,Colecalciferol,50000,4.0
202404,Brighton,Colecalciferol,800,71.0
202404,Brighton,Colecalciferol,880,3.0
202404,Brighton,Colecalciferol,unknown,66.0
202404,Bristol,Colecalciferol,1000,498.0
202404,Bristol,Colecalciferol,10000,23.0
202404,Bristol,Colecalciferol,15000,1.0
202404,Bristol,Colecalciferol,200,616.0
202404,Bristol,Colecalciferol,2000,6.0
202404,Bristol,Colecalciferol,20000,59.0
202404,Bristol,Colecalciferol,2200,1.0
202404,Bristol,Colecalciferol,25000,105.0
202404,Bristol,Colecalciferol,3000,1.0
202404,Bristol,Colecalciferol,3200,10.0
202404,Bristol,Colecalciferol,400,1874.0
202404,Bristol,Colecalciferol,4000,9.0
202404,Bristol,Colecalciferol,40000,2.0
202404,Bristol,Colecalciferol,440,6.0
202404,Bristol,Colecalciferol,50000,25.0
202404,Bristol,Colecalciferol,800,2018.0
202404,Bristol,Colecalciferol,880,255.0
202404,Bristol,Colecalciferol,unknown,1208.0
202404,Canterbury,Colecalciferol,1000,199.0
202404,Canterbury,Colecalciferol,10000,15.0
202404,Canterbury,Colecalciferol,200,339.0
202404,Canterbury,Colecalciferol,20000,17.0
202404,Canterbury,Colecalciferol,2200,1.0
202404,Canterbury,Colecalciferol,2500,1.0
202404,Canterbury,Colecalciferol,25000,3.0
202404,Canterbury,Colecalciferol,2740,1.0
202404,Canterbury,Colecalciferol,3000,2.0
202404,Canterbury,Colecalciferol,3200,4.0
202404,Canterbury,Colecalciferol,400,710.0
202404,Canterbury,Colecalciferol,4000,6.0
202404,Canterbury,Colecalciferol,40000,5.0
202404,Canterbury,Colecalciferol,440,4.0
202404,Canterbury,Colecalciferol,50000,6.0
202404,Canterbury,Colecalciferol,600,2.0
202404,Canterbury,Colecalciferol,800,322.0
202404,Canterbury,Colecalciferol,880,38.0
202404,Canterbury,Colecalciferol,unknown,597.0
202404,Exeter,Colecalciferol,1000,66.0
202404,Exeter,Colecalciferol,200,11.0
202404,Exeter,Colecalciferol,400,11.0
202404,Exeter,Colecalciferol,800,9.0
202404,Exeter,Colecalciferol,880,180.0
202404,Exeter,Colecalciferol,unknown,49.0
202404,Leeds,Colecalciferol,1000,759.0
202404,Leeds,Colecalciferol,10000,13.0
202404,Leeds,Colecalciferol,200,152.0
202404,Leeds,Colecalciferol,2000,18.0
202404,Leeds,Colecalciferol,20000,77.0
202404,Leeds,Colecalciferol,2400,3.0
202404,Leeds,Colecalciferol,2500,2.0
202404,Leeds,Colecalciferol,25000,20.0
202404,Leeds,Colecalciferol,2740,4.0
202404,Leeds,Colecalciferol,3200,1.0
202404,Leeds,Colecalciferol,400,724.0
202404,Leeds,Colecalciferol,4000,1.0
202404,Leeds,Colecalciferol,40000,14.0
202404,Leeds,Colecalciferol,440,2.0
202404,Leeds,Colecalciferol,50000,33.0
202404,Leeds,Colecalciferol,600,1.0
202404,Leeds,Colecalciferol,800,567.0
202404,Leeds,Colecalciferol,880,16.0
202404,Leeds,Colecalciferol,unknown,680.0
202404,London,Colecalciferol,1000,39220.0
202404,London,Colecalciferol,10000,1068.0
202404,London,Colecalciferol,15000,24.0
202404,London,Colecalciferol,200,17699.0
202404,London,Colecalciferol,2000,747.0
202404,London,Colecalciferol,20000,11893.0
202404,London,Colecalciferol,2200,81.0
202404,London,Colecalciferol,2400,128.0
202404,London,Colecalciferol,2500,108.0
202404,London,Colecalciferol,25000,3415.0
202404,London,Colecalciferol,2740,133.0
202404,London,Colecalciferol,3000,233.0
202404,London,Colecalciferol,30000,4.0
202404,London,Colecalciferol,300000,2.0
202404,London,Colecalciferol,3200,247.0
202404,London,Colecalciferol,400,47147.0
202404,London,Colecalciferol,4000,408.0
202404,London,Colecalciferol,40000,1575.0
202404,London,Colecalciferol,440,255.0
202404,London,Colecalciferol,5000,138.0
202404,London,Colecalciferol,50000,275.0
202404,London,Colecalciferol,5600,34.0
202404,London,Colecalciferol,600,69.0
202404,London,Colecalciferol,800,25134.0
202404,London,Colecalciferol,880,2056.0
202404,London,Colecalciferol,unknown,41098.0
202404,Manchester,Colecalciferol,1000,857.0
202404,Manchester,Colecalciferol,10000,103.0
202404,Manchester,Colecalciferol,200,2971.0
202404,Manchester,Colecalciferol,2000,44.0
202404,Manchester,Colecalciferol,20000,1984.0
202404,Manchester,Colecalciferol,2200,1.0
202404,Manchester,Colecalciferol,2400,6.0
202404,Manchester,Colecalciferol,2500,8.0
202404,Manchester,Colecalciferol,25000,91.0
202404,Manchester,Colecalciferol,2740,21.0
202404,Manchester,Colecalciferol,3000,3.0
202404,Manchester,Colecalciferol,3200,71.0
202404,Manchester,Colecalciferol,400,2906.0
202404,Manchester,Colecalciferol,4000,25.0
202404,Manchester,Colecalciferol,40000,38.0
202404,Manchester,Colecalciferol,440,34.0
202404,Manchester,Colecalciferol,5000,4.0
202404,Manchester,Colecalciferol,50000,127.0
202404,Manchester,Colecalciferol,5600,10.0
202404,Manchester,Colecalciferol,600,10.0
202404,Manchester,Colecalciferol,800,2117.0
202404,Manchester,Colecalciferol,880,584.0
202404,Manchester,Colecalciferol,unknown,5453.0
202404,Middlesbrough,Colecalciferol,1000,135.0
202404,Middlesbrough,Colecalciferol,10000,3.0
202404,Middlesbrough,Colecalciferol,200,77.0
202404,Middlesbrough,Colecalciferol,2000,5.0
202404,Middlesbrough,Colecalciferol,20000,52.0
202404,Middlesbrough,Colecalciferol,2400,2.0
202404,Middlesbrough,Colecalciferol,25000,1.0
202404,Middlesbrough,Colecalciferol,2740,1.0
202404,Middlesbrough,Colecalciferol,400,194.0
202404,Middlesbrough,Colecalciferol,40000,1.0
202404,Middlesbrough,Colecalciferol,50000,4.0
202404,Middlesbrough,Colecalciferol,600,3.0
202404,Middlesbrough,Colecalciferol,800,322.0
202404,Middlesbrough,Colecalciferol,880,49.0
202404,Middlesbrough,Colecalciferol,unknown,155.0
202404,Newcastle upon Tyne,Colecalciferol,1000,23.0
202404,Newcastle upon Tyne,Colecalciferol,10000,3.0
202404,Newcastle upon Tyne,Colecalciferol,15000,1.0
202404,Newcastle upon Tyne,Colecalciferol,200,220.0
202404,Newcastle upon Tyne,Colecalciferol,2000,4.0
202404,Newcastle upon Tyne,Colecalciferol,20000,120.0
202404,Newcastle upon Tyne,Colecalciferol,2400,1.0
202404,Newcastle upon Tyne,Colecalciferol,25000,3.0
202404,Newcastle upon Tyne,Colecalciferol,2740,25.0
202404,Newcastle upon Tyne,Colecalciferol,3200,6.0
202404,Newcastle upon Tyne,Colecalciferol,400,1345.0
202404,Newcastle upon Tyne,Colecalciferol,440,3.0
202404,Newcastle upon Tyne,Colecalciferol,5000,1.0
202404,Newcastle upon Tyne,Colecalciferol,50000,1.0
202404,Newcastle upon Tyne,Colecalciferol,800,3814.0
202404,Newcastle upon Tyne,Colecalciferol,880,21.0
202404,Newcastle upon Tyne,Colecalciferol,unknown,796.0
202404,Nottingham,Colecalciferol,1000,3830.0
202404,Nottingham,Colecalciferol,10000,10.0
202404,Nottingham,Colecalciferol,200,482.0
202404,Nottingham,Colecalciferol,2000,9.0
202404,Nottingham,Colecalciferol,20000,111.0
202404,Nottingham,Colecalciferol,2200,7.0
202404,Nottingham,Colecalciferol,2400,10.0
202404,Nottingham,Colecalciferol,2500,1.0
202404,Nottingham,Colecalciferol,25000,174.0
202404,Nottingham,Colecalciferol,2740,55.0
202404,Nottingham,Colecalciferol,3200,12.0
202404,Nottingham,Colecalciferol,400,451.0
202404,Nottingham,Colecalciferol,4000,4.0
202404,Nottingham,Colecalciferol,40000,1.0
202404,Nottingham,Colecalciferol,440,2.0
202404,Nottingham,Colecalciferol,5000,1.0
202404,Nottingham,Colecalciferol,50000,257.0
202404,Nottingham,Colecalciferol,5600,5.0
202404,Nottingham,Colecalciferol,800,1597.0
202404,Nottingham,Colecalciferol,880,2.0
202404,Nottingham,Colecalciferol,unknown,847.0
202404,Peterborough,Colecalciferol,1000,6.0
202404,Peterborough,Colecalciferol,10000,1.0
202404,Peterborough,Colecalciferol,200,4.0
202404,Peterborough,Colecalciferol,25000,2.0
202404,Peterborough,Colecalciferol,400,83.0
202404,Peterborough,Colecalciferol,440,1.0
202404,Peterborough,Colecalciferol,50000,1.0
202404,Peterborough,Colecalciferol,800,17.0
202404,Peterborough,Colecalciferol,880,11.0
202404,Peterborough,Colecalciferol,unknown,23.0
202404,Plymouth,Colecalciferol,1000,90.0
202404,Plymouth,Colecalciferol,200,31.0
202404,Plymouth,Colecalciferol,2500,3.0
202404,Plymouth,Colecalciferol,25000,19.0
202404,Plymouth,Colecalciferol,400,60.0
202404,Plymouth,Colecalciferol,4000,1.0
202404,Plymouth,Colecalciferol,50000,1.0
202404,Plymouth,Colecalciferol,800,13.0
202404,Plymouth,Colecalciferol,880,32.0
202404,Plymouth,Colecalciferol,unknown,84.0
202404,Sunderland,Colecalciferol,1000,64.0
202404,Sunderland,Colecalciferol,10000,2.0
202404,Sunderland,Colecalciferol,200,102.0
202404,Sunderland,Colecalciferol,20000,43.0
202404,Sunderland,Colecalciferol,25000,1.0
202404,Sunderland,Colecalciferol,2740,1.0
202404,Sunderland,Colecalciferol,400,146.0
202404,Sunderland,Colecalciferol,50000,4.0
202404,Sunderland,Colecalciferol,800,359.0
202404,Sunderland,Colecalciferol,880,14.0
202404,Sunderland,Colecalciferol,unknown,459.0
202404,York,Colecalciferol,1000,300.0
202404,York,Colecalciferol,10000,7.0
202404,York,Colecalciferol,200,399.0
202404,York,Colecalciferol,2000,3.0
202404,York,Colecalciferol,20000,11.0
202404,York,Colecalciferol,2200,1.0
202404,York,Colecalciferol,2400,1.0
202404,York,Colecalciferol,25000,54.0
202404,York,Colecalciferol,2740,2.0
202404,York,Colecalciferol,3000,2.0
202404,York,Colecalciferol,3200,1.0
202404,York,Colecalciferol,400,407.0
202404,York,Colecalciferol,4000,1.0
202404,York,Colecalciferol,5000,1.0
202404,York,Colecalciferol,50000,39.0
202404,York,Colecalciferol,5600,1.0
202404,York,Colecalciferol,800,609.0
202404,York,Colecalciferol,880,51.0
202404,York,Colecalciferol,unknown,969.0
202405,Birmingham,Colecalciferol,1000,1154.0
202405,Birmingham,Colecalciferol,10000,94.0
202405,Birmingham,Colecalciferol,15000,1.0
202405,Birmingham,Colecalciferol,200,2232.0
202405,Birmingham,Colecalciferol,2000,53.0
202405,Birmingham,Colecalciferol,20000,448.0
202405,Birmingham,Colecalciferol,2200,5.0
202405,Birmingham,Colecalciferol,2400,19.0
202405,Birmingham,Colecalciferol,2500,1.0
202405,Birmingham,Colecalciferol,25000,411.0
202405,Birmingham,Colecalciferol,2740,17.0
202405,Birmingham,Colecalciferol,3000,6.0
202405,Birmingham,Colecalciferol,3200,117.0
202405,Birmingham,Colecalciferol,400,1243.0
202405,Birmingham,Colecalciferol,4000,20.0
202405,Birmingham,Colecalciferol,40000,8.0
202405,Birmingham,Colecalciferol,440,5.0
202405,Birmingham,Colecalciferol,5000,1.0
202405,Birmingham,Colecalciferol,50000,1040.0
202405,Birmingham,Colecalciferol,5600,12.0
202405,Birmingham,Colecalciferol,600,10.0
202405,Birmingham,Colecalciferol,800,4424.0
202405,Birmingham,Colecalciferol,880,130.0
202405,Birmingham,Colecalciferol,unknown,1892.0
202405,Brighton,Colecalciferol,1000,4.0
202405,Brighton,Colecalciferol,10000,1.0
202405,Brighton,Colecalciferol,200,26.0
202405,Brighton,Colecalciferol,2000,1.0
202405,Brighton,Colecalciferol,20000,5.0
202405,Brighton,Colecalciferol,25000,1.0
202405,Brighton,Colecalciferol,3200,2.0
202405,Brighton,Colecalciferol,400,106.0
202405,Brighton,Colecalciferol,800,73.0
202405,Brighton,Colecalciferol,880,1.0
202405,Brighton,Colecalciferol,unknown,62.0
202405,Bristol,Colecalciferol,1000,450.0
202405,Bristol,Colecalciferol,10000,27.0
202405,Bristol,Colecalciferol,200,626.0
202405,Bristol,Colecalciferol,2000,2.0
202405,Bristol,Colecalciferol,20000,68.0
202405,Bristol,Colecalciferol,2200,1.0
202405,Bristol,Colecalciferol,25000,89.0
202405,Bristol,Colecalciferol,2740,3.0
202405,Bristol,Colecalciferol,3000,4.0
202405,Bristol,Colecalciferol,3200,23.0
202405,Bristol,Colecalciferol,400,1849.0
202405,Bristol,Colecalciferol,4000,6.0
202405,Bristol,Colecalciferol,440,5.0
202405,Bristol,Colecalciferol,50000,12.0
202405,Bristol,Colecalciferol,600,1.0
202405,Bristol,Colecalciferol,800,1999.0
202405,Bristol,Colecalciferol,880,255.0
202405,Bristol,Colecalciferol,unknown,1105.0
202405,Canterbury,Colecalciferol,1000,198.0
202405,Canterbury,Colecalciferol,10000,6.0
202405,Canterbury,Colecalciferol,200,332.0
202405,Canterbury,Colecalciferol,2000,1.0
202405,Canterbury,Colecalciferol,20000,27.0
202405,Canterbury,Colecalciferol,25000,3.0
202405,Canterbury,Colecalciferol,2740,1.0
202405,Canterbury,Colecalciferol,3000,1.0
202405,Canterbury,Colecalciferol,3200,8.0
202405,Canterbury,Colecalciferol,400,743.0
202405,Canterbury,Colecalciferol,4000,1.0
202405,Canterbury,Colecalciferol,40000,2.0
202405,Canterbury,Colecalciferol,440,4.0
202405,Canterbury,Colecalciferol,50000,3.0
202405,Canterbury,Colecalciferol,600,1.0
202405,Canterbury,Colecalciferol,800,300.0
202405,Canterbury,Colecalciferol,880,33.0
202405,Canterbury,Colecalciferol,unknown,665.0
202405,Exeter,Colecalciferol,1000,57.0
202405,Exeter,Colecalciferol,200,14.0
202405,Exeter,Colecalciferol,25000,1.0
202405,Exeter,Colecalciferol,400,15.0
202405,Exeter,Colecalciferol,800,15.0
202405,Exeter,Colecalciferol,880,157.0
202405,Exeter,Colecalciferol,unknown,61.0
202405,Leeds,Colecalciferol,1000,756.0
202405,Leeds,Colecalciferol,10000,10.0
202405,Leeds,Colecalciferol,200,181.0
202405,Leeds,Colecalciferol,2000,19.0
202405,Leeds,Colecalciferol,20000,59.0
202405,Leeds,Colecalciferol,2400,2.0
202405,Leeds,Colecalciferol,2500,1.0
202405,Leeds,Colecalciferol,25000,16.0
202405,Leeds,Colecalciferol,2740,2.0
202405,Leeds,Colecalciferol,3200,2.0
202405,Leeds,Colecalciferol,400,821.0
202405,Leeds,Colecalciferol,4000,2.0
202405,Leeds,Colecalciferol,40000,7.0
202405,Leeds,Colecalciferol,440,1.0
202405,Leeds,Colecalciferol,50000,25.0
202405,Leeds,Colecalciferol,800,580.0
202405,Leeds,Colecalciferol,880,19.0
202405,Leeds,Colecalciferol,unknown,744.0
202405,London,Colecalciferol,1000,40867.0
202405,London,Colecalciferol,10000,1041.0
202405,London,Colecalciferol,15000,26.0
202405,London,Colecalciferol,200,17895.0
202405,London,Colecalciferol,2000,738.0
202405,London,Colecalciferol,20000,12102.0
202405,London,Colecalciferol,2200,81.0
202405,London,Colecalciferol,2400,129.0
202405,London,Colecalciferol,2500,111.0
202405,London,Colecalciferol,25000,3228.0
202405,London,Colecalciferol,2740,125.0
202405,London,Colecalciferol,3000,204.0
202405,London,Colecalciferol,30000,5.0
202405,London,Colecalciferol,300000,2.0
202405,London,Colecalciferol,3200,238.0
202405,London,Colecalciferol,400,47484.0
202405,London,Colecalciferol,4000,390.0
202405,London,Colecalciferol,40000,1468.0
202405,London,Colecalciferol,440,229.0
202405,London,Colecalciferol,5000,201.0
202405,London,Colecalciferol,50000,302.0
202405,London,Colecalciferol,5600,27.0
202405,London,Colecalciferol,600,54.0
202405,London,Colecalciferol,800,25424.0
202405,London,Colecalciferol,880,2176.0
202405,London,Colecalciferol,unknown,42442.0
202405,Manchester,Colecalciferol,1000,911.0
202405,Manchester,Colecalciferol,10000,105.0
202405,Manchester,Colecalciferol,200,3103.0
202405,Manchester,Colecalciferol,2000,45.0
202405,Manchester,Colecalciferol,20000,1977.0
202405,Manchester,Colecalciferol,2200,2.0
202405,Manchester,Colecalciferol,2400,10.0
202405,Manchester,Colecalciferol,2500,4.0
202405,Manchester,Colecalciferol,25000,100.0
202405,Manchester,Colecalciferol,2740,21.0
202405,Manchester,Colecalciferol,3000,8.0
202405,Manchester,Colecalciferol,3200,55.0
202405,Manchester,Colecalciferol,400,2972.0
202405,Manchester,Colecalciferol,4000,28.0
202405,Manchester,Colecalciferol,40000,43.0
202405,Manchester,Colecalciferol,440,43.0
202405,Manchester,Colecalciferol,5000,4.0
202405,Manchester,Colecalciferol,50000,107.0
202405,Manchester,Colecalciferol,5600,11.0
202405,Manchester,Colecalciferol,600,3.0
202405,Manchester,Colecalciferol,800,2279.0
202405,Manchester,Colecalciferol,880,662.0
202405,Manchester,Colecalciferol,unknown,5540.0
202405,Middlesbrough,Colecalciferol,1000,144.0
202405,Middlesbrough,Colecalciferol,10000,4.0
202405,Middlesbrough,Colecalciferol,200,80.0
202405,Middlesbrough,Colecalciferol,2000,2.0
202405,Middlesbrough,Colecalciferol,20000,53.0
202405,Middlesbrough,Colecalciferol,2400,1.0
202405,Middlesbrough,Colecalciferol,2740,1.0
202405,Middlesbrough,Colecalciferol,3000,1.0
202405,Middlesbrough,Colecalciferol,3200,1.0
202405,Middlesbrough,Colecalciferol,400,194.0
202405,Middlesbrough,Colecalciferol,4000,2.0
202405,Middlesbrough,Colecalciferol,50000,2.0
202405,Middlesbrough,Colecalciferol,600,6.0
202405,Middlesbrough,Colecalciferol,800,297.0
202405,Middlesbrough,Colecalciferol,880,47.0
202405,Middlesbrough,Colecalciferol,unknown,137.0
202405,Newcastle upon Tyne,Colecalciferol,1000,24.0
202405,Newcastle upon Tyne,Colecalciferol,10000,1.0
202405,Newcastle upon Tyne,Colecalciferol,200,226.0
202405,Newcastle upon Tyne,Colecalciferol,2000,6.0
202405,Newcastle upon Tyne,Colecalciferol,20000,126.0
202405,Newcastle upon Tyne,Colecalciferol,2400,1.0
202405,Newcastle upon Tyne,Colecalciferol,25000,2.0
202405,Newcastle upon Tyne,Colecalciferol,2740,19.0
202405,Newcastle upon Tyne,Colecalciferol,3000,1.0
202405,Newcastle upon Tyne,Colecalciferol,3200,5.0
202405,Newcastle upon Tyne,Colecalciferol,400,1384.0
202405,Newcastle upon Tyne,Colecalciferol,440,3.0
202405,Newcastle upon Tyne,Colecalciferol,5000,1.0
202405,Newcastle upon Tyne,Colecalciferol,50000,2.0
202405,Newcastle upon Tyne,Colecalciferol,600,1.0
202405,Newcastle upon Tyne,Colecalciferol,800,3824.0
202405,Newcastle upon Tyne,Colecalciferol,880,19.0
202405,Newcastle upon Tyne,Colecalciferol,unknown,837.0
202405,Nottingham,Colecalciferol,1000,4087.0
202405,Nottingham,Colecalciferol,10000,9.0
202405,Nottingham,Colecalciferol,200,548.0
202405,Nottingham,Colecalciferol,2000,5.0
202405,Nottingham,Colecalciferol,20000,106.0
202405,Nottingham,Colecalciferol,2200,4.0
202405,Nottingham,Colecalciferol,2400,9.0
202405,Nottingham,Colecalciferol,25000,137.0
202405,Nottingham,Colecalciferol,2740,52.0
202405,Nottingham,Colecalciferol,3000,1.0
202405,Nottingham,Colecalciferol,3200,10.0
202405,Nottingham,Colecalciferol,400,451.0
202405,Nottingham,Colecalciferol,4000,8.0
202405,Nottingham,Colecalciferol,40000,1.0
202405,Nottingham,Colecalciferol,440,1.0
202405,Nottingham,Colecalciferol,5000,2.0
202405,Nottingham,Colecalciferol,50000,246.0
202405,Nottingham,Colecalciferol,5600,2.0
202405,Nottingham,Colecalciferol,800,1643.0
202405,Nottingham,Colecalciferol,880,1.0
202405,Nottingham,Colecalciferol,unknown,835.0
202405,Peterborough,Colecalciferol,1000,6.0
202405,Peterborough,Colecalciferol,10000,1.0
202405,Peterborough,Colecalciferol,200,7.0
202405,Peterborough,Colecalciferol,25000,1.0
202405,Peterborough,Colecalciferol,400,80.0
202405,Peterborough,Colecalciferol,440,1.0
202405,Peterborough,Colecalciferol,50000,2.0
202405,Peterborough,Colecalciferol,800,24.0
202405,Peterborough,Colecalciferol,880,10.0
202405,Peterborough,Colecalciferol,unknown,18.0
202405,Plymouth,Colecalciferol,1000,96.0
202405,Plymouth,Colecalciferol,10000,1.0
202405,Plymouth,Colecalciferol,200,43.0
202405,Plymouth,Colecalciferol,2000,10.0
202405,Plymouth,Colecalciferol,2400,1.0
202405,Plymouth,Colecalciferol,2500,1.0
202405,Plymouth,Colecalciferol,25000,16.0
202405,Plymouth,Colecalciferol,400,54.0
202405,Plymouth,Colecalciferol,800,15.0
202405,Plymouth,Colecalciferol,880,39.0
202405,Plymouth,Colecalciferol,unknown,87.0
202405,Sunderland,Colecalciferol,1000,59.0
202405,Sunderland,Colecalciferol,200,104.0
202405,Sunderland,Colecalciferol,2000,2.0
202405,Sunderland,Colecalciferol,20000,29.0
202405,Sunderland,Colecalciferol,2500,1.0
202405,Sunderland,Colecalciferol,25000,2.0
202405,Sunderland,Colecalciferol,2740,1.0
202405,Sunderland,Colecalciferol,400,138.0
202405,Sunderland,Colecalciferol,50000,6.0
202405,Sunderland,Colecalciferol,800,343.0
202405,Sunderland,Colecalciferol,880,22.0
202405,Sunderland,Colecalciferol,unknown,447.0
202405,York,Colecalciferol,1000,283.0
202405,York,Colecalciferol,10000,9.0
202405,York,Colecalciferol,200,420.0
202405,York,Colecalciferol,2000,4.0
202405,York,Colecalciferol,20000,17.0
202405,York,Colecalciferol,2400,4.0
202405,York,Colecalciferol,25000,43.0
202405,York,Colecalciferol,3000,2.0
202405,York,Colecalciferol,3200,1.0
202405,York,Colecalciferol,400,400.0
202405,York,Colecalciferol,4000,1.0
202405,York,Colecalciferol,40000,2.0
202405,York,Colecalciferol,50000,35.0
202405,York,Colecalciferol,5600,2.0
202405,York,Colecalciferol,800,597.0
202405,York,Colecalciferol,880,47.0
202405,York,Colecalciferol,unknown,988.0
202406,Birmingham,Colecalciferol,1000,1023.0
202406,Birmingham,Colecalciferol,10000,75.0
202406,Birmingham,Colecalciferol,15000,1.0
202406,Birmingham,Colecalciferol,200,2056.0
202406,Birmingham,Colecalciferol,2000,55.0
202406,Birmingham,Colecalciferol,20000,368.0
202406,Birmingham,Colecalciferol,2200,8.0
202406,Birmingham,Colecalciferol,2400,17.0
202406,Birmingham,Colecalciferol,2500,3.0
202406,Birmingham,Colecalciferol,25000,321.0
202406,Birmingham,Colecalciferol,2740,15.0
202406,Birmingham,Colecalciferol,3000,8.0
202406,Birmingham,Colecalciferol,3200,89.0
202406,Birmingham,Colecalciferol,400,1185.0
202406,Birmingham,Colecalciferol,4000,27.0
202406,Birmingham,Colecalciferol,40000,11.0
202406,Birmingham,Colecalciferol,440,3.0
202406,Birmingham,Colecalciferol,5000,2.0
202406,Birmingham,Colecalciferol,50000,910.0
202406,Birmingham,Colecalciferol,5600,10.0
202406,Birmingham,Colecalciferol,600,3.0
202406,Birmingham,Colecalciferol,800,4202.0
202406,Birmingham,Colecalciferol,880,122.0
202406,Birmingham,Colecalciferol,unknown,1750.0
202406,Brighton,Colecalciferol,1000,5.0
202406,Brighton,Colecalciferol,10000,1.0
202406,Brighton,Colecalciferol,200,19.0
202406,Brighton,Colecalciferol,2000,1.0
202406,Brighton,Colecalciferol,20000,9.0
202406,Brighton,Colecalciferol,3200,3.0
202406,Brighton,Colecalciferol,400,104.0
202406,Brighton,Colecalciferol,40000,1.0
202406,Brighton,Colecalciferol,50000,1.0
202406,Brighton,Colecalciferol,800,72.0
202406,Brighton,Colecalciferol,880,2.0
202406,Brighton,Colecalciferol,unknown,65.0
202406,Bristol,Colecalciferol,1000,498.0
202406,Bristol,Colecalciferol,10000,38.0
202406,Bristol,Colecalciferol,200,618.0
202406,Bristol,Colecalciferol,2000,4.0
202406,Bristol,Colecalciferol,20000,40.0
202406,Bristol,Colecalciferol,25000,82.0
202406,Bristol,Colecalciferol,2740,2.0
202406,Bristol,Colecalciferol,3000,8.0
202406,Bristol,Colecalciferol,3200,12.0
202406,Bristol,Colecalciferol,400,1682.0
202406,Bristol,Colecalciferol,4000,8.0
202406,Bristol,Colecalciferol,440,10.0
202406,Bristol,Colecalciferol,5000,1.0
202406,Bristol,Colecalciferol,50000,19.0
202406,Bristol,Colecalciferol,5600,2.0
202406,Bristol,Colecalciferol,600,1.0
202406,Bristol,Colecalciferol,800,1991.0
202406,Bristol,Colecalciferol,880,221.0
202406,Bristol,Colecalciferol,unknown,1063.0
202406,Canterbury,Colecalciferol,1000,177.0
202406,Canterbury,Colecalciferol,10000,8.0
202406,Canterbury,Colecalciferol,200,316.0
202406,Canterbury,Colecalciferol,20000,24.0
202406,Canterbury,Colecalciferol,2500,1.0
202406,Canterbury,Colecalciferol,25000,2.0
202406,Canterbury,Colecalciferol,2740,2.0
202406,Canterbury,Colecalciferol,3200,5.0
202406,Canterbury,Colecalciferol,400,685.0
202406,Canterbury,Colecalciferol,4000,3.0
202406,Canterbury,Colecalciferol,40000,3.0
202406,Canterbury,Colecalciferol,440,3.0
202406,Canterbury,Colecalciferol,5000,1.0
202406,Canterbury,Colecalciferol,50000,5.0
202406,Canterbury,Colecalciferol,800,267.0
202406,Canterbury,Colecalciferol,880,24.0
202406,Canterbury,Colecalciferol,unknown,593.0
202406,Exeter,Colecalciferol,1000,49.0
202406,Exeter,Colecalciferol,200,14.0
202406,Exeter,Colecalciferol,400,8.0
202406,Exeter,Colecalciferol,800,16.0
202406,Exeter,Colecalciferol,880,176.0
202406,Exeter,Colecalciferol,unknown,49.0
202406,Leeds,Colecalciferol,1000,665.0
202406,Leeds,Colecalciferol,10000,8.0
202406,Leeds,Colecalciferol,200,159.0
202406,Leeds,Colecalciferol,2000,19.0
202406,Leeds,Colecalciferol,20000,41.0
202406,Leeds,Colecalciferol,2400,3.0
202406,Leeds,Colecalciferol,2500,1.0
202406,Leeds,Colecalciferol,25000,13.0
202406,Leeds,Colecalciferol,2740,4.0
202406,Leeds,Colecalciferol,3000,2.0
202406,Leeds,Colecalciferol,400,710.0
202406,Leeds,Colecalciferol,4000,2.0
202406,Leeds,Colecalciferol,40000,10.0
202406,Leeds,Colecalciferol,50000,27.0
202406,Leeds,Colecalciferol,600,1.0
202406,Leeds,Colecalciferol,800,551.0
202406,Leeds,Colecalciferol,880,16.0
202406,Leeds,Colecalciferol,unknown,708.0
202406,London,Colecalciferol,1000,38454.0
202406,London,Colecalciferol,10000,913.0
202406,London,Colecalciferol,15000,24.0
202406,London,Colecalciferol,200,16924.0
202406,London,Colecalciferol,2000,693.0
202406,London,Colecalciferol,20000,11241.0
202406,London,Colecalciferol,2200,70.0
202406,London,Colecalciferol,2400,100.0
202406,London,Colecalciferol,2500,113.0
202406,London,Colecalciferol,25000,3004.0
202406,London,Colecalciferol,2740,116.0
202406,London,Colecalciferol,3000,203.0
202406,London,Colecalciferol,30000,2.0
202406,London,Colecalciferol,300000,3.0
202406,London,Colecalciferol,3200,211.0
202406,London,Colecalciferol,400,45091.0
202406,London,Colecalciferol,4000,364.0
202406,London,Colecalciferol,40000,1024.0
202406,London,Colecalciferol,440,225.0
202406,London,Colecalciferol,5000,175.0
202406,London,Colecalciferol,50000,340.0
202406,London,Colecalciferol,5600,33.0
202406,London,Colecalciferol,600,31.0
202406,London,Colecalciferol,800,24260.0
202406,London,Colecalciferol,880,2137.0
202406,London,Colecalciferol,unknown,39655.0
202406,Manchester,Colecalciferol,1000,864.0
202406,Manchester,Colecalciferol,10000,86.0
202406,Manchester,Colecalciferol,200,2801.0
202406,Manchester,Colecalciferol,2000,28.0
202406,Manchester,Colecalciferol,20000,1562.0
202406,Manchester,Colecalciferol,2200,3.0
202406,Manchester,Colecalciferol,2400,10.0
202406,Manchester,Colecalciferol,2500,6.0
202406,Manchester,Colecalciferol,25000,73.0
202406,Manchester,Colecalciferol,2740,17.0
202406,Manchester,Colecalciferol,3000,2.0
202406,Manchester,Colecalciferol,3200,51.0
202406,Manchester,Colecalciferol,400,2826.0
202406,Manchester,Colecalciferol,4000,29.0
202406,Manchester,Colecalciferol,40000,24.0
202406,Manchester,Colecalciferol,440,38.0
202406,Manchester,Colecalciferol,5000,3.0
202406,Manchester,Colecalciferol,50000,87.0
202406,Manchester,Colecalciferol,5600,11.0
202406,Manchester,Colecalciferol,600,2.0
202406,Manchester,Colecalciferol,800,2101.0
202406,Manchester,Colecalciferol,880,586.0
202406,Manchester,Colecalciferol,unknown,5104.0
202406,Middlesbrough,Colecalciferol,1000,119.0
202406,Middlesbrough,Colecalciferol,10000,2.0
202406,Middlesbrough,Colecalciferol,200,63.0
202406,Middlesbrough,Colecalciferol,2000,4.0
202406,Middlesbrough,Colecalciferol,20000,41.0
202406,Middlesbrough,Colecalciferol,2400,1.0
202406,Middlesbrough,Colecalciferol,25000,1.0
202406,Middlesbrough,Colecalciferol,2740,2.0
202406,Middlesbrough,Colecalciferol,400,165.0
202406,Middlesbrough,Colecalciferol,4000,3.0
202406,Middlesbrough,Colecalciferol,600,2.0
202406,Middlesbrough,Colecalciferol,800,274.0
202406,Middlesbrough,Colecalciferol,880,38.0
202406,Middlesbrough,Colecalciferol,unknown,144.0
202406,Newcastle upon Tyne,Colecalciferol,1000,26.0
202406,Newcastle upon Tyne,Colecalciferol,10000,5.0
202406,Newcastle upon Tyne,Colecalciferol,15000,1.0
202406,Newcastle upon Tyne,Colecalciferol,200,209.0
202406,Newcastle upon Tyne,Colecalciferol,2000,1.0
202406,Newcastle upon Tyne,Colecalciferol,20000,94.0
202406,Newcastle upon Tyne,Colecalciferol,25000,2.0
202406,Newcastle upon Tyne,Colecalciferol,2740,21.0
202406,Newcastle upon Tyne,Colecalciferol,3200,5.0
202406,Newcastle upon Tyne,Colecalciferol,400,1200.0
202406,Newcastle upon Tyne,Colecalciferol,40000,2.0
202406,Newcastle upon Tyne,Colecalciferol,440,4.0
202406,Newcastle upon Tyne,Colecalciferol,5000,1.0
202406,Newcastle upon Tyne,Colecalciferol,50000,8.0
202406,Newcastle upon Tyne,Colecalciferol,800,3629.0
202406,Newcastle upon Tyne,Colecalciferol,880,17.0
202406,Newcastle upon Tyne,Colecalciferol,unknown,779.0
202406,Nottingham,Colecalciferol,1000,3510.0
202406,Nottingham,Colecalciferol,10000,4.0
202406,Nottingham,Colecalciferol,200,465.0
202406,Nottingham,Colecalciferol,2000,7.0
202406,Nottingham,Colecalciferol,20000,85.0
202406,Nottingham,Colecalciferol,2200,7.0
202406,Nottingham,Colecalciferol,2400,11.0
202406,Nottingham,Colecalciferol,2500,1.0
202406,Nottingham,Colecalciferol,25000,106.0
202406,Nottingham,Colecalciferol,2740,46.0
202406,Nottingham,Colecalciferol,3200,14.0
202406,Nottingham,Colecalciferol,400,413.0
202406,Nottingham,Colecalciferol,4000,9.0
202406,Nottingham,Colecalciferol,40000,1.0
202406,Nottingham,Colecalciferol,440,2.0
202406,Nottingham,Colecalciferol,5000,1.0
202406,Nottingham,Colecalciferol,50000,183.0
202406,Nottingham,Colecalciferol,5600,1.0
202406,Nottingham,Colecalciferol,800,1474.0
202406,Nottingham,Colecalciferol,unknown,731.0
202406,Peterborough,Colecalciferol,1000,6.0
202406,Peterborough,Colecalciferol,200,8.0
202406,Peterborough,Colecalciferol,25000,1.0
202406,Peterborough,Colecalciferol,400,84.0
202406,Peterborough,Colecalciferol,440,1.0
202406,Peterborough,Colecalciferol,50000,2.0
202406,Peterborough,Colecalciferol,800,14.0
202406,Peterborough,Colecalciferol,880,9.0
202406,Peterborough,Colecalciferol,unknown,19.0
202406,Plymouth,Colecalciferol,1000,57.0
202406,Plymouth,Colecalciferol,200,26.0
202406,Plymouth,Colecalciferol,2400,1.0
202406,Plymouth,Colecalciferol,2500,1.0
202406,Plymouth,Colecalciferol,25000,8.0
202406,Plymouth,Colecalciferol,400,32.0
202406,Plymouth,Colecalciferol,800,9.0
202406,Plymouth,Colecalciferol,880,33.0
202406,Plymouth,Colecalciferol,unknown,57.0
202406,Sunderland,Colecalciferol,1000,71.0
202406,Sunderland,Colecalciferol,10000,1.0
202406,Sunderland,Colecalciferol,200,84.0
202406,Sunderland,Colecalciferol,2000,1.0
202406,Sunderland,Colecalciferol,20000,26.0
202406,Sunderland,Colecalciferol,2500,1.0
202406,Sunderland,Colecalciferol,25000,1.0
202406,Sunderland,Colecalciferol,2740,1.0
202406,Sunderland,Colecalciferol,400,126.0
202406,Sunderland,Colecalciferol,4000,1.0
202406,Sunderland,Colecalciferol,50000,1.0
202406,Sunderland,Colecalciferol,800,351.0
202406,Sunderland,Colecalciferol,880,12.0
202406,Sunderland,Colecalciferol,unknown,430.0
202406,York,Colecalciferol,1000,302.0
202406,York,Colecalciferol,10000,11.0
202406,York,Colecalciferol,200,371.0
202406,York,Colecalciferol,2000,6.0
202406,York,Colecalciferol,20000,3.0
202406,York,Colecalciferol,2200,1.0
202406,York,Colecalciferol,2400,3.0
202406,York,Colecalciferol,25000,44.0
202406,York,Colecalciferol,2740,1.0
202406,York,Colecalciferol,3000,2.0
202406,York,Colecalciferol,3200,2.0
202406,York,Colecalciferol,400,382.0
202406,York,Colecalciferol,5000,1.0
202406,York,Colecalciferol,50000,34.0
202406,York,Colecalciferol,5600,1.0
202406,York,Colecalciferol,800,577.0
202406,York,Colecalciferol,880,47.0
202406,York,Colecalciferol,unknown,923.0
202407,Birmingham,Colecalciferol,1000,1223.0
202407,Birmingham,Colecalciferol,10000,71.0
202407,Birmingham,Colecalciferol,15000,2.0
202407,Birmingham,Colecalciferol,200,2322.0
202407,Birmingham,Colecalciferol,2000,45.0
202407,Birmingham,Colecalciferol,20000,363.0
202407,Birmingham,Colecalciferol,2200,6.0
202407,Birmingham,Colecalciferol,2400,18.0
202407,Birmingham,Colecalciferol,2500,4.0
202407,Birmingham,Colecalciferol,25000,350.0
202407,Birmingham,Colecalciferol,2740,22.0
202407,Birmingham,Colecalciferol,3000,5.0
202407,Birmingham,Colecalciferol,3200,87.0
202407,Birmingham,Colecalciferol,400,1354.0
202407,Birmingham,Colecalciferol,4000,24.0
202407,Birmingham,Colecalciferol,40000,12.0
202407,Birmingham,Colecalciferol,440,7.0
202407,Birmingham,Colecalciferol,5000,3.0
202407,Birmingham,Colecalciferol,50000,873.0
202407,Birmingham,Colecalciferol,5600,11.0
202407,Birmingham,Colecalciferol,600,3.0
202407,Birmingham,Colecalciferol,800,4665.0
202407,Birmingham,Colecalciferol,880,133.0
202407,Birmingham,Colecalciferol,unknown,2008.0
202407,Brighton,Colecalciferol,1000,2.0
202407,Brighton,Colecalciferol,200,21.0
202407,Brighton,Colecalciferol,20000,2.0
202407,Brighton,Colecalciferol,25000,1.0
202407,Brighton,Colecalciferol,3200,2.0
202407,Brighton,Colecalciferol,400,114.0
202407,Brighton,Colecalciferol,50000,1.0
202407,Brighton,Colecalciferol,800,75.0
202407,Brighton,Colecalciferol,880,2.0
202407,Brighton,Colecalciferol,unknown,58.0
202407,Bristol,Colecalciferol,1000,505.0
202407,Bristol,Colecalciferol,10000,29.0
202407,Bristol,Colecalciferol,200,602.0
202407,Bristol,Colecalciferol,2000,3.0
202407,Bristol,Colecalciferol,20000,44.0
202407,Bristol,Colecalciferol,25000,85.0
202407,Bristol,Colecalciferol,2740,1.0
202407,Bristol,Colecalciferol,3000,3.0
202407,Bristol,Colecalciferol,300000,9.0
202407,Bristol,Colecalciferol,3200,13.0
202407,Bristol,Colecalciferol,400,1890.0
202407,Bristol,Colecalciferol,4000,10.0
202407,Bristol,Colecalciferol,440,10.0
202407,Bristol,Colecalciferol,50000,18.0
202407,Bristol,Colecalciferol,5600,1.0
202407,Bristol,Colecalciferol,600,1.0
202407,Bristol,Colecalciferol,800,2053.0
202407,Bristol,Colecalciferol,880,246.0
202407,Bristol,Colecalciferol,unknown,1141.0
202407,Canterbury,Colecalciferol,1000,220.0
202407,Canterbury,Colecalciferol,10000,10.0
202407,Canterbury,Colecalciferol,200,341.0
202407,Canterbury,Colecalciferol,2000,2.0
202407,Canterbury,Colecalciferol,20000,21.0
202407,Canterbury,Colecalciferol,2200,1.0
202407,Canterbury,Colecalciferol,2400,2.0
202407,Canterbury,Colecalciferol,25000,2.0
202407,Canterbury,Colecalciferol,3200,5.0
202407,Canterbury,Colecalciferol,400,731.0
202407,Canterbury,Colecalciferol,4000,8.0
202407,Canterbury,Colecalciferol,40000,3.0
202407,Canterbury,Colecalciferol,440,3.0
202407,Canterbury,Colecalciferol,5000,1.0
202407,Canterbury,Colecalciferol,50000,7.0
202407,Canterbury,Colecalciferol,800,335.0
202407,Canterbury,Colecalciferol,880,29.0
202407,Canterbury,Colecalciferol,unknown,643.0
202407,Exeter,Colecalciferol,1000,57.0
202407,Exeter,Colecalciferol,200,16.0
202407,Exeter,Colecalciferol,2400,1.0
202407,Exeter,Colecalciferol,25000,1.0
202407,Exeter,Colecalciferol,400,14.0
202407,Exeter,Colecalciferol,800,13.0
202407,Exeter,Colecalciferol,880,186.0
202407,Exeter,Colecalciferol,unknown,53.0
202407,Leeds,Colecalciferol,1000,779.0
202407,Leeds,Colecalciferol,10000,15.0
202407,Leeds,Colecalciferol,200,175.0
202407,Leeds,Colecalciferol,2000,13.0
202407,Leeds,Colecalciferol,20000,55.0
202407,Leeds,Colecalciferol,2400,4.0
202407,Leeds,Colecalciferol,2500,1.0
202407,Leeds,Colecalciferol,25000,22.0
202407,Leeds,Colecalciferol,2740,2.0
202407,Leeds,Colecalciferol,30000,2.0
202407,Leeds,Colecalciferol,3200,1.0
202407,Leeds,Colecalciferol,400,739.0
202407,Leeds,Colecalciferol,4000,1.0
202407,Leeds,Colecalciferol,40000,8.0
202407,Leeds,Colecalciferol,440,1.0
202407,Leeds,Colecalciferol,50000,17.0
202407,Leeds,Colecalciferol,600,1.0
202407,Leeds,Colecalciferol,800,577.0
202407,Leeds,Colecalciferol,880,18.0
202407,Leeds,Colecalciferol,unknown,762.0
202407,London,Colecalciferol,1000,42217.0
202407,London,Colecalciferol,10000,899.0
202407,London,Colecalciferol,15000,17.0
202407,London,Colecalciferol,200,18343.0
202407,London,Colecalciferol,2000,757.0
202407,London,Colecalciferol,20000,11662.0
202407,London,Colecalciferol,2200,71.0
202407,London,Colecalciferol,2400,132.0
202407,London,Colecalciferol,2500,114.0
202407,London,Colecalciferol,25000,3059.0
202407,London,Colecalciferol,2740,114.0
202407,London,Colecalciferol,3000,182.0
202407,London,Colecalciferol,30000,3.0
202407,London,Colecalciferol,300000,5.0
202407,London,Colecalciferol,3200,236.0
202407,London,Colecalciferol,400,49216.0
202407,London,Colecalciferol,4000,342.0
202407,London,Colecalciferol,40000,765.0
202407,London,Colecalciferol,440,274.0
202407,London,Colecalciferol,5000,177.0
202407,London,Colecalciferol,50000,239.0
202407,London,Colecalciferol,5600,21.0
202407,London,Colecalciferol,600,56.0
202407,London,Colecalciferol,800,26608.0
202407,London,Colecalciferol,880,2346.0
202407,London,Colecalciferol,unknown,43004.0
202407,Manchester,Colecalciferol,1000,997.0
202407,Manchester,Colecalciferol,10000,79.0
202407,Manchester,Colecalciferol,200,3153.0
202407,Manchester,Colecalciferol,2000,34.0
202407,Manchester,Colecalciferol,20000,1544.0
202407,Manchester,Colecalciferol,2200,3.0
202407,Manchester,Colecalciferol,2400,10.0
202407,Manchester,Colecalciferol,2500,8.0
202407,Manchester,Colecalciferol,25000,75.0
202407,Manchester,Colecalciferol,2740,16.0
202407,Manchester,Colecalciferol,3000,2.0
202407,Manchester,Colecalciferol,3200,41.0
202407,Manchester,Colecalciferol,400,3657.0
202407,Manchester,Colecalciferol,4000,26.0
202407,Manchester,Colecalciferol,40000,24.0
202407,Manchester,Colecalciferol,440,38.0
202407,Manchester,Colecalciferol,5000,3.0
202407,Manchester,Colecalciferol,50000,98.0
202407,Manchester,Colecalciferol,5600,9.0
202407,Manchester,Colecalciferol,600,3.0
202407,Manchester,Colecalciferol,800,2300.0
202407,Manchester,Colecalciferol,880,610.0
202407,Manchester,Colecalciferol,unknown,5154.0
202407,Middlesbrough,Colecalciferol,1000,139.0
202407,Middlesbrough,Colecalciferol,10000,2.0
202407,Middlesbrough,Colecalciferol,200,83.0
202407,Middlesbrough,Colecalciferol,2000,1.0
202407,Middlesbrough,Colecalciferol,20000,31.0
202407,Middlesbrough,Colecalciferol,2400,1.0
202407,Middlesbrough,Colecalciferol,25000,1.0
202407,Middlesbrough,Colecalciferol,2740,3.0
202407,Middlesbrough,Colecalciferol,3200,1.0
202407,Middlesbrough,Colecalciferol,400,183.0
202407,Middlesbrough,Colecalciferol,5000,1.0
202407,Middlesbrough,Colecalciferol,50000,2.0
202407,Middlesbrough,Colecalciferol,800,294.0
202407,Middlesbrough,Colecalciferol,880,50.0
202407,Middlesbrough,Colecalciferol,unknown,147.0
202407,Newcastle upon Tyne,Colecalciferol,1000,30.0
202407,Newcastle upon Tyne,Colecalciferol,200,220.0
202407,Newcastle upon Tyne,Colecalciferol,2000,5.0
202407,Newcastle upon Tyne,Colecalciferol,20000,125.0
202407,Newcastle upon Tyne,Colecalciferol,2400,1.0
202407,Newcastle upon Tyne,Colecalciferol,25000,3.0
202407,Newcastle upon Tyne,Colecalciferol,2740,16.0
202407,Newcastle upon Tyne,Colecalciferol,3000,1.0
202407,Newcastle upon Tyne,Colecalciferol,3200,5.0
202407,Newcastle upon Tyne,Colecalciferol,400,1364.0
202407,Newcastle upon Tyne,Colecalciferol,440,7.0
202407,Newcastle upon Tyne,Colecalciferol,50000,4.0
202407,Newcastle upon Tyne,Colecalciferol,800,3907.0
202407,Newcastle upon Tyne,Colecalciferol,880,24.0
202407,Newcastle upon Tyne,Colecalciferol,unknown,840.0
202407,Nottingham,Colecalciferol,1000,3919.0
202407,Nottingham,Colecalciferol,10000,6.0
202407,Nottingham,Colecalciferol,200,506.0
202407,Nottingham,Colecalciferol,2000,10.0
202407,Nottingham,Colecalciferol,20000,91.0
202407,Nottingham,Colecalciferol,2200,4.0
202407,Nottingham,Colecalciferol,2400,7.0
202407,Nottingham,Colecalciferol,2500,1.0
202407,Nottingham,Colecalciferol,25000,112.0
202407,Nottingham,Colecalciferol,2740,36.0
202407,Nottingham,Colecalciferol,3200,14.0
202407,Nottingham,Colecalciferol,400,436.0
202407,Nottingham,Colecalciferol,4000,12.0
202407,Nottingham,Colecalciferol,40000,2.0
202407,Nottingham,Colecalciferol,440,1.0
202407,Nottingham,Colecalciferol,50000,210.0
202407,Nottingham,Colecalciferol,5600,3.0
202407,Nottingham,Colecalciferol,800,1589.0
202407,Nottingham,Colecalciferol,unknown,779.0
202407,Peterborough,Colecalciferol,1000,5.0
202407,Peterborough,Colecalciferol,200,6.0
202407,Peterborough,Colecalciferol,400,93.0
202407,Peterborough,Colecalciferol,440,1.0
202407,Peterborough,Colecalciferol,50000,4.0
202407,Peterborough,Colecalciferol,800,19.0
202407,Peterborough,Colecalciferol,880,7.0
202407,Peterborough,Colecalciferol,unknown,27.0
202407,Plymouth,Colecalciferol,1000,100.0
202407,Plymouth,Colecalciferol,200,39.0
202407,Plymouth,Colecalciferol,2400,1.0
202407,Plymouth,Colecalciferol,2500,1.0
202407,Plymouth,Colecalciferol,25000,10.0
202407,Plymouth,Colecalciferol,400,63.0
202407,Plymouth,Colecalciferol,800,16.0
202407,Plymouth,Colecalciferol,880,36.0
202407,Plymouth,Colecalciferol,unknown,90.0
202407,Sunderland,Colecalciferol,1000,80.0
202407,Sunderland,Colecalciferol,10000,2.0
202407,Sunderland,Colecalciferol,200,100.0
202407,Sunderland,Colecalciferol,2000,2.0
202407,Sunderland,Colecalciferol,20000,27.0
202407,Sunderland,Colecalciferol,2500,1.0
202407,Sunderland,Colecalciferol,25000,1.0
202407,Sunderland,Colecalciferol,400,142.0
202407,Sunderland,Colecalciferol,50000,2.0
202407,Sunderland,Colecalciferol,800,353.0
202407,Sunderland,Colecalciferol,880,12.0
202407,Sunderland,Colecalciferol,unknown,440.0
202407,York,Colecalciferol,1000,327.0
202407,York,Colecalciferol,10000,6.0
202407,York,Colecalciferol,200,425.0
202407,York,Colecalciferol,2000,5.0
202407,York,Colecalciferol,20000,12.0
202407,York,Colecalciferol,2200,2.0
202407,York,Colecalciferol,2400,1.0
202407,York,Colecalciferol,25000,41.0
202407,York,Colecalciferol,3000,3.0
202407,York,Colecalciferol,3200,2.0
202407,York,Colecalciferol,400,415.0
202407,York,Colecalciferol,4000,2.0
202407,York,Colecalciferol,40000,2.0
202407,York,Colecalciferol,50000,30.0
202407,York,Colecalciferol,5600,2.0
202407,York,Colecalciferol,800,604.0
202407,York,Colecalciferol,880,67.0
202407,York,Colecalciferol,unknown,1042.0
202408,Birmingham,Colecalciferol,1000,1139.0
202408,Birmingham,Colecalciferol,10000,50.0
202408,Birmingham,Colecalciferol,15000,1.0
202408,Birmingham,Colecalciferol,200,2225.0
202408,Birmingham,Colecalciferol,2000,46.0
202408,Birmingham,Colecalciferol,20000,330.0
202408,Birmingham,Colecalciferol,2200,5.0
202408,Birmingham,Colecalciferol,2400,20.0
202408,Birmingham,Colecalciferol,2500,2.0
202408,Birmingham,Colecalciferol,25000,314.0
202408,Birmingham,Colecalciferol,2740,13.0
202408,Birmingham,Colecalciferol,3000,4.0
202408,Birmingham,Colecalciferol,3200,66.0
202408,Birmingham,Colecalciferol,400,1234.0
202408,Birmingham,Colecalciferol,4000,18.0
202408,Birmingham,Colecalciferol,40000,5.0
202408,Birmingham,Colecalciferol,440,6.0
202408,Birmingham,Colecalciferol,50000,739.0
202408,Birmingham,Colecalciferol,5600,9.0
202408,Birmingham,Colecalciferol,600,5.0
202408,Birmingham,Colecalciferol,800,4372.0
202408,Birmingham,Colecalciferol,880,154.0
202408,Birmingham,Colecalciferol,unknown,1908.0
202408,Brighton,Colecalciferol,1000,5.0
202408,Brighton,Colecalciferol,200,25.0
202408,Brighton,Colecalciferol,20000,7.0
202408,Brighton,Colecalciferol,3200,1.0
202408,Brighton,Colecalciferol,400,107.0
202408,Brighton,Colecalciferol,40000,2.0
202408,Brighton,Colecalciferol,50000,1.0
202408,Brighton,Colecalciferol,800,83.0
202408,Brighton,Colecalciferol,880,2.0
202408,Brighton,Colecalciferol,unknown,56.0
202408,Bristol,Colecalciferol,1000,475.0
202408,Bristol,Colecalciferol,10000,40.0
202408,Bristol,Colecalciferol,200,637.0
202408,Bristol,Colecalciferol,2000,5.0
202408,Bristol,Colecalciferol,20000,43.0
202408,Bristol,Colecalciferol,2200,1.0
202408,Bristol,Colecalciferol,25000,84.0
202408,Bristol,Colecalciferol,2740,1.0
202408,Bristol,Colecalciferol,3000,5.0
202408,Bristol,Colecalciferol,3200,12.0
202408,Bristol,Colecalciferol,400,1779.0
202408,Bristol,Colecalciferol,4000,9.0
202408,Bristol,Colecalciferol,40000,1.0
202408,Bristol,Colecalciferol,440,10.0
202408,Bristol,Colecalciferol,50000,11.0
202408,Bristol,Colecalciferol,5600,1.0
202408,Bristol,Colecalciferol,600,1.0
202408,Bristol,Colecalciferol,800,2142.0
202408,Bristol,Colecalciferol,880,228.0
202408,Bristol,Colecalciferol,unknown,1116.0
202408,Canterbury,Colecalciferol,1000,182.0
202408,Canterbury,Colecalciferol,10000,8.0
202408,Canterbury,Colecalciferol,200,307.0
202408,Canterbury,Colecalciferol,2000,2.0
202408,Canterbury,Colecalciferol,20000,15.0
202408,Canterbury,Colecalciferol,2400,1.0
202408,Canterbury,Colecalciferol,2500,3.0
202408,Canterbury,Colecalciferol,25000,2.0
202408,Canterbury,Colecalciferol,2740,1.0
202408,Canterbury,Colecalciferol,3000,1.0
202408,Canterbury,Colecalciferol,3200,6.0
202408,Canterbury,Colecalciferol,400,774.0
202408,Canterbury,Colecalciferol,4000,4.0
202408,Canterbury,Colecalciferol,40000,1.0
202408,Canterbury,Colecalciferol,440,6.0
202408,Canterbury,Colecalciferol,5000,1.0
202408,Canterbury,Colecalciferol,50000,3.0
202408,Canterbury,Colecalciferol,600,3.0
202408,Canterbury,Colecalciferol,800,307.0
202408,Canterbury,Colecalciferol,880,27.0
202408,Canterbury,Colecalciferol,unknown,630.0
202408,Exeter,Colecalciferol,1000,55.0
202408,Exeter,Colecalciferol,200,17.0
202408,Exeter,Colecalciferol,400,11.0
202408,Exeter,Colecalciferol,800,16.0
202408,Exeter,Colecalciferol,880,183.0
202408,Exeter,Colecalciferol,unknown,50.0
202408,Leeds,Colecalciferol,1000,716.0
202408,Leeds,Colecalciferol,10000,6.0
202408,Leeds,Colecalciferol,200,170.0
202408,Leeds,Colecalciferol,2000,14.0
202408,Leeds,Colecalciferol,20000,50.0
202408,Leeds,Colecalciferol,2500,1.0
202408,Leeds,Colecalciferol,25000,20.0
202408,Leeds,Colecalciferol,2740,3.0
202408,Leeds,Colecalciferol,3000,1.0
202408,Leeds,Colecalciferol,30000,3.0
202408,Leeds,Colecalciferol,400,754.0
202408,Leeds,Colecalciferol,4000,2.0
202408,Leeds,Colecalciferol,40000,4.0
202408,Leeds,Colecalciferol,440,2.0
202408,Leeds,Colecalciferol,50000,18.0
202408,Leeds,Colecalciferol,800,569.0
202408,Leeds,Colecalciferol,880,20.0
202408,Leeds,Colecalciferol,unknown,729.0
202408,London,Colecalciferol,1000,41663.0
202408,London,Colecalciferol,10000,840.0
202408,London,Colecalciferol,15000,19.0
202408,London,Colecalciferol,200,17711.0
202408,London,Colecalciferol,2000,692.0
202408,London,Colecalciferol,20000,11046.0
202408,London,Colecalciferol,2200,78.0
202408,London,Colecalciferol,2400,131.0
202408,London,Colecalciferol,2500,94.0
202408,London,Colecalciferol,25000,2775.0
202408,London,Colecalciferol,2740,106.0
202408,London,Colecalciferol,3000,199.0
202408,London,Colecalciferol,30000,6.0
202408,London,Colecalciferol,300000,4.0
202408,London,Colecalciferol,3200,231.0
202408,London,Colecalciferol,400,47367.0
202408,London,Colecalciferol,4000,322.0
202408,London,Colecalciferol,40000,751.0
202408,London,Colecalciferol,440,250.0
202408,London,Colecalciferol,5000,186.0
202408,London,Colecalciferol,50000,279.0
202408,London,Colecalciferol,5600,53.0
202408,London,Colecalciferol,600,54.0
202408,London,Colecalciferol,800,25218.0
202408,London,Colecalciferol,880,2472.0
202408,London,Colecalciferol,unknown,41161.0
202408,Manchester,Colecalciferol,1000,945.0
202408,Manchester,Colecalciferol,10000,65.0
202408,Manchester,Colecalciferol,200,2970.0
202408,Manchester,Colecalciferol,2000,25.0
202408,Manchester,Colecalciferol,20000,1270.0
202408,Manchester,Colecalciferol,2200,3.0
202408,Manchester,Colecalciferol,2400,8.0
202408,Manchester,Colecalciferol,2500,6.0
202408,Manchester,Colecalciferol,25000,63.0
202408,Manchester,Colecalciferol,2740,14.0
202408,Manchester,Colecalciferol,3000,3.0
202408,Manchester,Colecalciferol,3200,58.0
202408,Manchester,Colecalciferol,400,3825.0
202408,Manchester,Colecalciferol,4000,14.0
202408,Manchester,Colecalciferol,40000,21.0
202408,Manchester,Colecalciferol,440,37.0
202408,Manchester,Colecalciferol,5000,5.0
202408,Manchester,Colecalciferol,50000,72.0
202408,Manchester,Colecalciferol,5600,16.0
202408,Manchester,Colecalciferol,600,5.0
202408,Manchester,Colecalciferol,800,2255.0
202408,Manchester,Colecalciferol,880,603.0
202408,Manchester,Colecalciferol,unknown,4641.0
202408,Middlesbrough,Colecalciferol,1000,125.0
202408,Middlesbrough,Colecalciferol,200,87.0
202408,Middlesbrough,Colecalciferol,2000,4.0
202408,Middlesbrough,Colecalciferol,20000,24.0
202408,Middlesbrough,Colecalciferol,25000,2.0
202408,Middlesbrough,Colecalciferol,3000,1.0
202408,Middlesbrough,Colecalciferol,400,148.0
202408,Middlesbrough,Colecalciferol,800,303.0
202408,Middlesbrough,Colecalciferol,880,40.0
202408,Middlesbrough,Colecalciferol,unknown,143.0
202408,Newcastle upon Tyne,Colecalciferol,1000,33.0
202408,Newcastle upon Tyne,Colecalciferol,10000,5.0
202408,Newcastle upon Tyne,Colecalciferol,200,211.0
202408,Newcastle upon Tyne,Colecalciferol,2000,4.0
202408,Newcastle upon Tyne,Colecalciferol,20000,87.0
202408,Newcastle upon Tyne,Colecalciferol,2400,1.0
202408,Newcastle upon Tyne,Colecalciferol,25000,3.0
202408,Newcastle upon Tyne,Colecalciferol,2740,10.0
202408,Newcastle upon Tyne,Colecalciferol,3200,4.0
202408,Newcastle upon Tyne,Colecalciferol,400,1318.0
202408,Newcastle upon Tyne,Colecalciferol,440,7.0
202408,Newcastle upon Tyne,Colecalciferol,50000,2.0
202408,Newcastle upon Tyne,Colecalciferol,600,1.0
202408,Newcastle upon Tyne,Colecalciferol,800,3751.0
202408,Newcastle upon Tyne,Colecalciferol,880,17.0
202408,Newcastle upon Tyne,Colecalciferol,unknown,789.0
202408,Nottingham,Colecalciferol,1000,3779.0
202408,Nottingham,Colecalciferol,10000,2.0
202408,Nottingham,Colecalciferol,200,494.0
202408,Nottingham,Colecalciferol,2000,5.0
202408,Nottingham,Colecalciferol,20000,80.0
202408,Nottingham,Colecalciferol,2200,5.0
202408,Nottingham,Colecalciferol,2400,11.0
202408,Nottingham,Colecalciferol,25000,64.0
202408,Nottingham,Colecalciferol,2740,47.0
202408,Nottingham,Colecalciferol,3200,16.0
202408,Nottingham,Colecalciferol,400,432.0
202408,Nottingham,Colecalciferol,4000,5.0
202408,Nottingham,Colecalciferol,40000,1.0
202408,Nottingham,Colecalciferol,5000,1.0
202408,Nottingham,Colecalciferol,50000,189.0
202408,Nottingham,Colecalciferol,5600,1.0
202408,Nottingham,Colecalciferol,600,1.0
202408,Nottingham,Colecalciferol,800,1458.0
202408,Nottingham,Colecalciferol,unknown,741.0
202408,Peterborough,Colecalciferol,1000,6.0
202408,Peterborough,Colecalciferol,10000,1.0
202408,Peterborough,Colecalciferol,200,4.0
202408,Peterborough,Colecalciferol,25000,3.0
202408,Peterborough,Colecalciferol,400,89.0
202408,Peterborough,Colecalciferol,440,1.0
202408,Peterborough,Colecalciferol,50000,1.0
202408,Peterborough,Colecalciferol,800,23.0
202408,Peterborough,Colecalciferol,880,7.0
202408,Peterborough,Colecalciferol,unknown,22.0
202408,Plymouth,Colecalciferol,1000,74.0
202408,Plymouth,Colecalciferol,200,35.0
202408,Plymouth,Colecalciferol,2000,12.0
202408,Plymouth,Colecalciferol,20000,1.0
202408,Plymouth,Colecalciferol,2400,2.0
202408,Plymouth,Colecalciferol,2500,2.0
202408,Plymouth,Colecalciferol,25000,6.0
202408,Plymouth,Colecalciferol,400,45.0
202408,Plymouth,Colecalciferol,5000,1.0
202408,Plymouth,Colecalciferol,800,15.0
202408,Plymouth,Colecalciferol,880,46.0
202408,Plymouth,Colecalciferol,unknown,77.0
202408,Sunderland,Colecalciferol,1000,66.0
202408,Sunderland,Colecalciferol,200,77.0
202408,Sunderland,Colecalciferol,2000,1.0
202408,Sunderland,Colecalciferol,20000,27.0
202408,Sunderland,Colecalciferol,2500,2.0
202408,Sunderland,Colecalciferol,25000,1.0
202408,Sunderland,Colecalciferol,400,147.0
202408,Sunderland,Colecalciferol,4000,1.0
202408,Sunderland,Colecalciferol,50000,1.0
202408,Sunderland,Colecalciferol,800,351.0
202408,Sunderland,Colecalciferol,880,12.0
202408,Sunderland,Colecalciferol,unknown,402.0
202408,York,Colecalciferol,1000,308.0
202408,York,Colecalciferol,10000,7.0
202408,York,Colecalciferol,200,405.0
202408,York,Colecalciferol,2000,5.0
202408,York,Colecalciferol,20000,6.0
202408,York,Colecalciferol,2400,3.0
202408,York,Colecalciferol,25000,35.0
202408,York,Colecalciferol,3000,2.0
202408,York,Colecalciferol,3200,2.0
202408,York,Colecalciferol,400,391.0
202408,York,Colecalciferol,40000,1.0
202408,York,Colecalciferol,50000,21.0
202408,York,Colecalciferol,800,610.0
202408,York,Colecalciferol,880,41.0
202408,York,Colecalciferol,unknown,995.0
202409,Birmingham,Colecalciferol,1000,1105.0
202409,Birmingham,Colecalciferol,10000,69.0
202409,Birmingham,Colecalciferol,200,2119.0
202409,Birmingham,Colecalciferol,2000,41.0
202409,Birmingham,Colecalciferol,20000,319.0
202409,Birmingham,Colecalciferol,2200,5.0
202409,Birmingham,Colecalciferol,2400,19.0
202409,Birmingham,Colecalciferol,2500,4.0
202409,Birmingham,Colecalciferol,25000,294.0
202409,Birmingham,Colecalciferol,2740,12.0
202409,Birmingham,Colecalciferol,3000,4.0
202409,Birmingham,Colecalciferol,3200,60.0
202409,Birmingham,Colecalciferol,400,1157.0
202409,Birmingham,Colecalciferol,4000,15.0
202409,Birmingham,Colecalciferol,40000,11.0
202409,Birmingham,Colecalciferol,440,6.0
202409,Birmingham,Colecalciferol,5000,3.0
202409,Birmingham,Colecalciferol,50000,688.0
202409,Birmingham,Colecalciferol,5600,11.0
202409,Birmingham,Colecalciferol,600,7.0
202409,Birmingham,Colecalciferol,800,4392.0
202409,Birmingham,Colecalciferol,880,164.0
202409,Birmingham,Colecalciferol,unknown,1782.0
202409,Brighton,Colecalciferol,1000,2.0
202409,Brighton,Colecalciferol,10000,2.0
202409,Brighton,Colecalciferol,200,14.0
202409,Brighton,Colecalciferol,20000,6.0
202409,Brighton,Colecalciferol,3200,2.0
202409,Brighton,Colecalciferol,400,100.0
202409,Brighton,Colecalciferol,800,68.0
202409,Brighton,Colecalciferol,880,2.0
202409,Brighton,Colecalciferol,unknown,47.0
202409,Bristol,Colecalciferol,1000,437.0
202409,Bristol,Colecalciferol,10000,23.0
202409,Bristol,Colecalciferol,15000,1.0
202409,Bristol,Colecalciferol,200,597.0
202409,Bristol,Colecalciferol,2000,1.0
202409,Bristol,Colecalciferol,20000,32.0
202409,Bristol,Colecalciferol,25000,98.0
202409,Bristol,Colecalciferol,3000,4.0
202409,Bristol,Colecalciferol,3200,9.0
202409,Bristol,Colecalciferol,400,1735.0
202409,Bristol,Colecalciferol,4000,3.0
202409,Bristol,Colecalciferol,40000,2.0
202409,Bristol,Colecalciferol,440,10.0
202409,Bristol,Colecalciferol,50000,10.0
202409,Bristol,Colecalciferol,5600,1.0
202409,Bristol,Colecalciferol,800,2040.0
202409,Bristol,Colecalciferol,880,250.0
202409,Bristol,Colecalciferol,unknown,1068.0
202409,Canterbury,Colecalciferol,1000,185.0
202409,Canterbury,Colecalciferol,10000,2.0
202409,Canterbury,Colecalciferol,200,304.0
202409,Canterbury,Colecalciferol,20000,15.0
202409,Canterbury,Colecalciferol,2400,3.0
202409,Canterbury,Colecalciferol,25000,1.0
202409,Canterbury,Colecalciferol,2740,1.0
202409,Canterbury,Colecalciferol,3000,1.0
202409,Canterbury,Colecalciferol,3200,6.0
202409,Canterbury,Colecalciferol,400,692.0
202409,Canterbury,Colecalciferol,4000,2.0
202409,Canterbury,Colecalciferol,40000,1.0
202409,Canterbury,Colecalciferol,440,2.0
202409,Canterbury,Colecalciferol,50000,4.0
202409,Canterbury,Colecalciferol,600,1.0
202409,Canterbury,Colecalciferol,800,277.0
202409,Canterbury,Colecalciferol,880,31.0
202409,Canterbury,Colecalciferol,unknown,614.0
202409,Exeter,Colecalciferol,1000,58.0
202409,Exeter,Colecalciferol,200,25.0
202409,Exeter,Colecalciferol,25000,1.0
202409,Exeter,Colecalciferol,400,8.0
202409,Exeter,Colecalciferol,800,15.0
202409,Exeter,Colecalciferol,880,170.0
202409,Exeter,Colecalciferol,unknown,53.0
202409,Leeds,Colecalciferol,1000,680.0
202409,Leeds,Colecalciferol,10000,10.0
202409,Leeds,Colecalciferol,200,163.0
202409,Leeds,Colecalciferol,2000,11.0
202409,Leeds,Colecalciferol,20000,53.0
202409,Leeds,Colecalciferol,2400,3.0
202409,Leeds,Colecalciferol,2500,1.0
202409,Leeds,Colecalciferol,25000,15.0
202409,Leeds,Colecalciferol,2740,1.0
202409,Leeds,Colecalciferol,3200,1.0
202409,Leeds,Colecalciferol,400,729.0
202409,Leeds,Colecalciferol,4000,2.0
202409,Leeds,Colecalciferol,40000,8.0
202409,Leeds,Colecalciferol,50000,20.0
202409,Leeds,Colecalciferol,600,1.0
202409,Leeds,Colecalciferol,800,565.0
202409,Leeds,Colecalciferol,880,17.0
202409,Leeds,Colecalciferol,unknown,722.0
202409,London,Colecalciferol,1000,41053.0
202409,London,Colecalciferol,10000,892.0
202409,London,Colecalciferol,15000,15.0
202409,London,Colecalciferol,200,17051.0
202409,London,Colecalciferol,2000,716.0
202409,London,Colecalciferol,20000,10551.0
202409,London,Colecalciferol,2200,93.0
202409,London,Colecalciferol,2400,128.0
202409,London,Colecalciferol,2500,111.0
202409,London,Colecalciferol,25000,2588.0
202409,London,Colecalciferol,2740,85.0
202409,London,Colecalciferol,3000,179.0
202409,London,Colecalciferol,30000,3.0
202409,London,Colecalciferol,300000,5.0
202409,London,Colecalciferol,3200,242.0
202409,London,Colecalciferol,400,46137.0
202409,London,Colecalciferol,4000,354.0
202409,London,Colecalciferol,40000,859.0
202409,London,Colecalciferol,440,245.0
202409,London,Colecalciferol,5000,156.0
202409,London,Colecalciferol,50000,257.0
202409,London,Colecalciferol,5600,21.0
202409,London,Colecalciferol,600,50.0
202409,London,Colecalciferol,800,24759.0
202409,London,Colecalciferol,880,2457.0
202409,London,Colecalciferol,unknown,40925.0
202409,Manchester,Colecalciferol,1000,968.0
202409,Manchester,Colecalciferol,10000,79.0
202409,Manchester,Colecalciferol,200,2880.0
202409,Manchester,Colecalciferol,2000,27.0
202409,Manchester,Colecalciferol,20000,1143.0
202409,Manchester,Colecalciferol,2200,1.0
202409,Manchester,Colecalciferol,2400,13.0
202409,Manchester,Colecalciferol,2500,5.0
202409,Manchester,Colecalciferol,25000,38.0
202409,Manchester,Colecalciferol,2740,12.0
202409,Manchester,Colecalciferol,3000,2.0
202409,Manchester,Colecalciferol,3200,75.0
202409,Manchester,Colecalciferol,400,3845.0
202409,Manchester,Colecalciferol,4000,21.0
202409,Manchester,Colecalciferol,40000,13.0
202409,Manchester,Colecalciferol,440,35.0
202409,Manchester,Colecalciferol,5000,3.0
202409,Manchester,Colecalciferol,50000,43.0
202409,Manchester,Colecalciferol,5600,4.0
202409,Manchester,Colecalciferol,600,6.0
202409,Manchester,Colecalciferol,800,2227.0
202409,Manchester,Colecalciferol,880,611.0
202409,Manchester,Colecalciferol,unknown,4521.0
202409,Middlesbrough,Colecalciferol,1000,130.0
202409,Middlesbrough,Colecalciferol,10000,1.0
202409,Middlesbrough,Colecalciferol,200,63.0
202409,Middlesbrough,Colecalciferol,2000,5.0
202409,Middlesbrough,Colecalciferol,20000,39.0
202409,Middlesbrough,Colecalciferol,2400,1.0
202409,Middlesbrough,Colecalciferol,25000,3.0
202409,Middlesbrough,Colecalciferol,2740,1.0
202409,Middlesbrough,Colecalciferol,3200,1.0
202409,Middlesbrough,Colecalciferol,400,183.0
202409,Middlesbrough,Colecalciferol,5000,2.0
202409,Middlesbrough,Colecalciferol,50000,6.0
202409,Middlesbrough,Colecalciferol,600,4.0
202409,Middlesbrough,Colecalciferol,800,287.0
202409,Middlesbrough,Colecalciferol,880,37.0
202409,Middlesbrough,Colecalciferol,unknown,133.0
202409,Newcastle upon Tyne,Colecalciferol,1000,30.0
202409,Newcastle upon Tyne,Colecalciferol,10000,3.0
202409,Newcastle upon Tyne,Colecalciferol,15000,1.0
202409,Newcastle upon Tyne,Colecalciferol,200,205.0
202409,Newcastle upon Tyne,Colecalciferol,2000,5.0
202409,Newcastle upon Tyne,Colecalciferol,20000,100.0
202409,Newcastle upon Tyne,Colecalciferol,2400,3.0
202409,Newcastle upon Tyne,Colecalciferol,25000,2.0
202409,Newcastle upon Tyne,Colecalciferol,2740,8.0
202409,Newcastle upon Tyne,Colecalciferol,3200,8.0
202409,Newcastle upon Tyne,Colecalciferol,400,1209.0
202409,Newcastle upon Tyne,Colecalciferol,40000,1.0
202409,Newcastle upon Tyne,Colecalciferol,440,7.0
202409,Newcastle upon Tyne,Colecalciferol,5000,1.0
202409,Newcastle upon Tyne,Colecalciferol,50000,3.0
202409,Newcastle upon Tyne,Colecalciferol,800,3692.0
202409,Newcastle upon Tyne,Colecalciferol,880,27.0
202409,Newcastle upon Tyne,Colecalciferol,unknown,773.0
202409,Nottingham,Colecalciferol,1000,3646.0
202409,Nottingham,Colecalciferol,10000,2.0
202409,Nottingham,Colecalciferol,200,491.0
202409,Nottingham,Colecalciferol,2000,8.0
202409,Nottingham,Colecalciferol,20000,84.0
202409,Nottingham,Colecalciferol,2200,5.0
202409,Nottingham,Colecalciferol,2400,9.0
202409,Nottingham,Colecalciferol,2500,1.0
202409,Nottingham,Colecalciferol,25000,67.0
202409,Nottingham,Colecalciferol,2740,37.0
202409,Nottingham,Colecalciferol,3000,1.0
202409,Nottingham,Colecalciferol,3200,11.0
202409,Nottingham,Colecalciferol,400,408.0
202409,Nottingham,Colecalciferol,4000,2.0
202409,Nottingham,Colecalciferol,40000,1.0
202409,Nottingham,Colecalciferol,50000,154.0
202409,Nottingham,Colecalciferol,5600,4.0
202409,Nottingham,Colecalciferol,800,1453.0
202409,Nottingham,Colecalciferol,unknown,746.0
202409,Peterborough,Colecalciferol,1000,6.0
202409,Peterborough,Colecalciferol,200,7.0
202409,Peterborough,Colecalciferol,400,83.0
202409,Peterborough,Colecalciferol,440,1.0
202409,Peterborough,Colecalciferol,50000,4.0
202409,Peterborough,Colecalciferol,800,25.0
202409,Peterborough,Colecalciferol,880,7.0
202409,Peterborough,Colecalciferol,unknown,22.0
202409,Plymouth,Colecalciferol,1000,85.0
202409,Plymouth,Colecalciferol,10000,1.0
202409,Plymouth,Colecalciferol,200,35.0
202409,Plymouth,Colecalciferol,2000,2.0
202409,Plymouth,Colecalciferol,2400,1.0
202409,Plymouth,Colecalciferol,2500,1.0
202409,Plymouth,Colecalciferol,25000,13.0
202409,Plymouth,Colecalciferol,400,42.0
202409,Plymouth,Colecalciferol,5000,1.0
202409,Plymouth,Colecalciferol,50000,1.0
202409,Plymouth,Colecalciferol,800,12.0
202409,Plymouth,Colecalciferol,880,39.0
202409,Plymouth,Colecalciferol,unknown,101.0
202409,Sunderland,Colecalciferol,1000,82.0
202409,Sunderland,Colecalciferol,200,96.0
202409,Sunderland,Colecalciferol,20000,19.0
202409,Sunderland,Colecalciferol,25000,1.0
202409,Sunderland,Colecalciferol,400,139.0
202409,Sunderland,Colecalciferol,50000,1.0
202409,Sunderland,Colecalciferol,800,355.0
202409,Sunderland,Colecalciferol,880,13.0
202409,Sunderland,Colecalciferol,unknown,448.0
202409,York,Colecalciferol,1000,293.0
202409,York,Colecalciferol,10000,9.0
202409,York,Colecalciferol,200,390.0
202409,York,Colecalciferol,2000,7.0
202409,York,Colecalciferol,20000,8.0
202409,York,Colecalciferol,2200,1.0
202409,York,Colecalciferol,2400,2.0
202409,York,Colecalciferol,25000,39.0
202409,York,Colecalciferol,3000,2.0
202409,York,Colecalciferol,3200,4.0
202409,York,Colecalciferol,400,371.0
202409,York,Colecalciferol,40000,1.0
202409,York,Colecalciferol,50000,10.0
202409,York,Colecalciferol,5600,2.0
202409,York,Colecalciferol,800,590.0
202409,York,Colecalciferol,880,61.0
202409,York,Colecalciferol,unknown,954.0
202410,Birmingham,Colecalciferol,1000,1220.0
202410,Birmingham,Colecalciferol,10000,68.0
202410,Birmingham,Colecalciferol,15000,1.0
202410,Birmingham,Colecalciferol,200,2302.0
202410,Birmingham,Colecalciferol,2000,54.0
202410,Birmingham,Colecalciferol,20000,331.0
202410,Birmingham,Colecalciferol,2200,6.0
202410,Birmingham,Colecalciferol,2400,26.0
202410,Birmingham,Colecalciferol,2500,3.0
202410,Birmingham,Colecalciferol,25000,307.0
202410,Birmingham,Colecalciferol,2740,9.0
202410,Birmingham,Colecalciferol,3000,6.0
202410,Birmingham,Colecalciferol,3200,62.0
202410,Birmingham,Colecalciferol,400,1279.0
202410,Birmingham,Colecalciferol,4000,34.0
202410,Birmingham,Colecalciferol,40000,3.0
202410,Birmingham,Colecalciferol,440,3.0
202410,Birmingham,Colecalciferol,5000,1.0
202410,Birmingham,Colecalciferol,50000,786.0
202410,Birmingham,Colecalciferol,5600,14.0
202410,Birmingham,Colecalciferol,600,8.0
202410,Birmingham,Colecalciferol,800,4733.0
202410,Birmingham,Colecalciferol,880,198.0
202410,Birmingham,Colecalciferol,unknown,1942.0
202410,Brighton,Colecalciferol,1000,4.0
202410,Brighton,Colecalciferol,200,19.0
202410,Brighton,Colecalciferol,20000,5.0
202410,Brighton,Colecalciferol,25000,2.0
202410,Brighton,Colecalciferol,3200,4.0
202410,Brighton,Colecalciferol,400,106.0
202410,Brighton,Colecalciferol,4000,1.0
202410,Brighton,Colecalciferol,800,88.0
202410,Brighton,Colecalciferol,880,1.0
202410,Brighton,Colecalciferol,unknown,53.0
202410,Bristol,Colecalciferol,1000,482.0
202410,Bristol,Colecalciferol,10000,32.0
202410,Bristol,Colecalciferol,15000,1.0
202410,Bristol,Colecalciferol,200,638.0
202410,Bristol,Colecalciferol,2000,15.0
202410,Bristol,Colecalciferol,20000,37.0
202410,Bristol,Colecalciferol,25000,77.0
202410,Bristol,Colecalciferol,3000,3.0
202410,Bristol,Colecalciferol,3200,13.0
202410,Bristol,Colecalciferol,400,1777.0
202410,Bristol,Colecalciferol,4000,5.0
202410,Bristol,Colecalciferol,440,12.0
202410,Bristol,Colecalciferol,50000,9.0
202410,Bristol,Colecalciferol,800,2157.0
202410,Bristol,Colecalciferol,880,250.0
202410,Bristol,Colecalciferol,unknown,1020.0
202410,Canterbury,Colecalciferol,1000,203.0
202410,Canterbury,Colecalciferol,10000,7.0
202410,Canterbury,Colecalciferol,200,313.0
202410,Canterbury,Colecalciferol,2000,2.0
202410,Canterbury,Colecalciferol,20000,13.0
202410,Canterbury,Colecalciferol,2400,1.0
202410,Canterbury,Colecalciferol,2500,1.0
202410,Canterbury,Colecalciferol,25000,5.0
202410,Canterbury,Colecalciferol,2740,1.0
202410,Canterbury,Colecalciferol,3200,2.0
202410,Canterbury,Colecalciferol,400,820.0
202410,Canterbury,Colecalciferol,4000,3.0
202410,Canterbury,Colecalciferol,440,4.0
202410,Canterbury,Colecalciferol,5000,1.0
202410,Canterbury,Colecalciferol,50000,4.0
202410,Canterbury,Colecalciferol,600,1.0
202410,Canterbury,Colecalciferol,800,298.0
202410,Canterbury,Colecalciferol,880,28.0
202410,Canterbury,Colecalciferol,unknown,691.0
202410,Exeter,Colecalciferol,1000,57.0
202410,Exeter,Colecalciferol,200,17.0
202410,Exeter,Colecalciferol,400,13.0
202410,Exeter,Colecalciferol,800,18.0
202410,Exeter,Colecalciferol,880,192.0
202410,Exeter,Colecalciferol,unknown,46.0
202410,Leeds,Colecalciferol,1000,767.0
202410,Leeds,Colecalciferol,10000,7.0
202410,Leeds,Colecalciferol,200,181.0
202410,Leeds,Colecalciferol,2000,16.0
202410,Leeds,Colecalciferol,20000,55.0
202410,Leeds,Colecalciferol,2400,2.0
202410,Leeds,Colecalciferol,2500,1.0
202410,Leeds,Colecalciferol,25000,16.0
202410,Leeds,Colecalciferol,3000,2.0
202410,Leeds,Colecalciferol,3200,1.0
202410,Leeds,Colecalciferol,400,739.0
202410,Leeds,Colecalciferol,40000,8.0
202410,Leeds,Colecalciferol,440,1.0
202410,Leeds,Colecalciferol,50000,11.0
202410,Leeds,Colecalciferol,800,585.0
202410,Leeds,Colecalciferol,880,17.0
202410,Leeds,Colecalciferol,unknown,733.0
202410,London,Colecalciferol,1000,43933.0
202410,London,Colecalciferol,10000,983.0
202410,London,Colecalciferol,15000,18.0
202410,London,Colecalciferol,200,17906.0
202410,London,Colecalciferol,2000,716.0
202410,London,Colecalciferol,20000,11754.0
202410,London,Colecalciferol,2200,74.0
202410,London,Colecalciferol,2400,129.0
202410,London,Colecalciferol,2500,147.0
202410,London,Colecalciferol,25000,2804.0
202410,London,Colecalciferol,2740,116.0
202410,London,Colecalciferol,3000,197.0
202410,London,Colecalciferol,30000,1.0
202410,London,Colecalciferol,300000,3.0
202410,London,Colecalciferol,3200,259.0
202410,London,Colecalciferol,400,49034.0
202410,London,Colecalciferol,4000,370.0
202410,London,Colecalciferol,40000,1032.0
202410,London,Colecalciferol,440,239.0
202410,London,Colecalciferol,5000,190.0
202410,London,Colecalciferol,50000,317.0
202410,London,Colecalciferol,5600,39.0
202410,London,Colecalciferol,600,60.0
202410,London,Colecalciferol,800,26589.0
202410,London,Colecalciferol,880,2755.0
202410,London,Colecalciferol,unknown,43535.0
202410,Manchester,Colecalciferol,1000,1044.0
202410,Manchester,Colecalciferol,10000,78.0
202410,Manchester,Colecalciferol,15000,1.0
202410,Manchester,Colecalciferol,200,3182.0
202410,Manchester,Colecalciferol,2000,28.0
202410,Manchester,Colecalciferol,20000,1318.0
202410,Manchester,Colecalciferol,2200,1.0
202410,Manchester,Colecalciferol,2400,11.0
202410,Manchester,Colecalciferol,2500,6.0
202410,Manchester,Colecalciferol,25000,52.0
202410,Manchester,Colecalciferol,2740,11.0
202410,Manchester,Colecalciferol,3000,1.0
202410,Manchester,Colecalciferol,3200,35.0
202410,Manchester,Colecalciferol,400,4262.0
202410,Manchester,Colecalciferol,4000,17.0
202410,Manchester,Colecalciferol,40000,21.0
202410,Manchester,Colecalciferol,440,29.0
202410,Manchester,Colecalciferol,5000,5.0
202410,Manchester,Colecalciferol,50000,67.0
202410,Manchester,Colecalciferol,5600,9.0
202410,Manchester,Colecalciferol,600,3.0
202410,Manchester,Colecalciferol,800,2348.0
202410,Manchester,Colecalciferol,880,648.0
202410,Manchester,Colecalciferol,unknown,4868.0
202410,Middlesbrough,Colecalciferol,1000,146.0
202410,Middlesbrough,Colecalciferol,10000,1.0
202410,Middlesbrough,Colecalciferol,200,92.0
202410,Middlesbrough,Colecalciferol,2000,3.0
202410,Middlesbrough,Colecalciferol,20000,25.0
202410,Middlesbrough,Colecalciferol,2400,2.0
202410,Middlesbrough,Colecalciferol,2500,1.0
202410,Middlesbrough,Colecalciferol,2740,3.0
202410,Middlesbrough,Colecalciferol,3000,1.0
202410,Middlesbrough,Colecalciferol,400,156.0
202410,Middlesbrough,Colecalciferol,4000,1.0
202410,Middlesbrough,Colecalciferol,50000,1.0
202410,Middlesbrough,Colecalciferol,800,288.0
202410,Middlesbrough,Colecalciferol,880,48.0
202410,Middlesbrough,Colecalciferol,unknown,162.0
202410,Newcastle upon Tyne,Colecalciferol,1000,26.0
202410,Newcastle upon Tyne,Colecalciferol,10000,4.0
202410,Newcastle upon Tyne,Colecalciferol,200,242.0
202410,Newcastle upon Tyne,Colecalciferol,2000,2.0
202410,Newcastle upon Tyne,Colecalciferol,20000,84.0
202410,Newcastle upon Tyne,Colecalciferol,2400,3.0
202410,Newcastle upon Tyne,Colecalciferol,25000,4.0
202410,Newcastle upon Tyne,Colecalciferol,2740,25.0
202410,Newcastle upon Tyne,Colecalciferol,3200,2.0
202410,Newcastle upon Tyne,Colecalciferol,400,1268.0
202410,Newcastle upon Tyne,Colecalciferol,440,9.0
202410,Newcastle upon Tyne,Colecalciferol,5000,1.0
202410,Newcastle upon Tyne,Colecalciferol,50000,2.0
202410,Newcastle upon Tyne,Colecalciferol,600,1.0
202410,Newcastle upon Tyne,Colecalciferol,800,3846.0
202410,Newcastle upon Tyne,Colecalciferol,880,25.0
202410,Newcastle upon Tyne,Colecalciferol,unknown,808.0
202410,Nottingham,Colecalciferol,1000,3991.0
202410,Nottingham,Colecalciferol,10000,9.0
202410,Nottingham,Colecalciferol,200,509.0
202410,Nottingham,Colecalciferol,2000,14.0
202410,Nottingham,Colecalciferol,20000,99.0
202410,Nottingham,Colecalciferol,2200,5.0
202410,Nottingham,Colecalciferol,2400,11.0
202410,Nottingham,Colecalciferol,25000,64.0
202410,Nottingham,Colecalciferol,2740,43.0
202410,Nottingham,Colecalciferol,3200,15.0
202410,Nottingham,Colecalciferol,400,445.0
202410,Nottingham,Colecalciferol,4000,11.0
202410,Nottingham,Colecalciferol,40000,1.0
202410,Nottingham,Colecalciferol,50000,222.0
202410,Nottingham,Colecalciferol,5600,1.0
202410,Nottingham,Colecalciferol,800,1490.0
202410,Nottingham,Colecalciferol,unknown,765.0
202410,Peterborough,Colecalciferol,1000,7.0
202410,Peterborough,Colecalciferol,200,7.0
202410,Peterborough,Colecalciferol,25000,3.0
202410,Peterborough,Colecalciferol,400,103.0
202410,Peterborough,Colecalciferol,440,1.0
202410,Peterborough,Colecalciferol,50000,1.0
202410,Peterborough,Colecalciferol,800,21.0
202410,Peterborough,Colecalciferol,880,11.0
202410,Peterborough,Colecalciferol,unknown,29.0
202410,Plymouth,Colecalciferol,1000,96.0
202410,Plymouth,Colecalciferol,200,41.0
202410,Plymouth,Colecalciferol,2000,5.0
202410,Plymouth,Colecalciferol,2400,1.0
202410,Plymouth,Colecalciferol,2500,1.0
202410,Plymouth,Colecalciferol,25000,11.0
202410,Plymouth,Colecalciferol,400,47.0
202410,Plymouth,Colecalciferol,800,13.0
202410,Plymouth,Colecalciferol,880,40.0
202410,Plymouth,Colecalciferol,unknown,73.0
202410,Sunderland,Colecalciferol,1000,96.0
202410,Sunderland,Colecalciferol,10000,1.0
202410,Sunderland,Colecalciferol,200,82.0
202410,Sunderland,Colecalciferol,20000,35.0
202410,Sunderland,Colecalciferol,2500,1.0
202410,Sunderland,Colecalciferol,25000,1.0
202410,Sunderland,Colecalciferol,400,137.0
202410,Sunderland,Colecalciferol,50000,1.0
202410,Sunderland,Colecalciferol,800,383.0
202410,Sunderland,Colecalciferol,880,13.0
202410,Sunderland,Colecalciferol,unknown,441.0
202410,York,Colecalciferol,1000,334.0
202410,York,Colecalciferol,10000,6.0
202410,York,Colecalciferol,200,419.0
202410,York,Colecalciferol,2000,10.0
202410,York,Colecalciferol,20000,6.0
202410,York,Colecalciferol,2400,2.0
202410,York,Colecalciferol,25000,54.0
202410,York,Colecalciferol,3000,2.0
202410,York,Colecalciferol,30000,1.0
202410,York,Colecalciferol,3200,3.0
202410,York,Colecalciferol,400,392.0
202410,York,Colecalciferol,40000,1.0
202410,York,Colecalciferol,50000,31.0
202410,York,Colecalciferol,5600,1.0
202410,York,Colecalciferol,800,610.0
202410,York,Colecalciferol,880,56.0
202410,York,Colecalciferol,unknown,1026.0
202411,Birmingham,Colecalciferol,1000,1138.0
202411,Birmingham,Colecalciferol,10000,87.0
202411,Birmingham,Colecalciferol,200,2247.0
202411,Birmingham,Colecalciferol,2000,68.0
202411,Birmingham,Colecalciferol,20000,357.0
202411,Birmingham,Colecalciferol,2200,5.0
202411,Birmingham,Colecalciferol,2400,23.0
202411,Birmingham,Colecalciferol,2500,3.0
202411,Birmingham,Colecalciferol,25000,367.0
202411,Birmingham,Colecalciferol,2740,18.0
202411,Birmingham,Colecalciferol,3000,5.0
202411,Birmingham,Colecalciferol,3200,85.0
202411,Birmingham,Colecalciferol,400,1211.0
202411,Birmingham,Colecalciferol,4000,30.0
202411,Birmingham,Colecalciferol,40000,10.0
202411,Birmingham,Colecalciferol,440,5.0
202411,Birmingham,Colecalciferol,5000,6.0
202411,Birmingham,Colecalciferol,50000,806.0
202411,Birmingham,Colecalciferol,5600,9.0
202411,Birmingham,Colecalciferol,600,6.0
202411,Birmingham,Colecalciferol,800,4440.0
202411,Birmingham,Colecalciferol,880,173.0
202411,Birmingham,Colecalciferol,unknown,1871.0
202411,Brighton,Colecalciferol,1000,3.0
202411,Brighton,Colecalciferol,10000,1.0
202411,Brighton,Colecalciferol,200,22.0
202411,Brighton,Colecalciferol,20000,1.0
202411,Brighton,Colecalciferol,3200,4.0
202411,Brighton,Colecalciferol,400,103.0
202411,Brighton,Colecalciferol,800,68.0
202411,Brighton,Colecalciferol,880,2.0
202411,Brighton,Colecalciferol,unknown,51.0
202411,Bristol,Colecalciferol,1000,479.0
202411,Bristol,Colecalciferol,10000,14.0
202411,Bristol,Colecalciferol,200,586.0
202411,Bristol,Colecalciferol,2000,2.0
202411,Bristol,Colecalciferol,20000,56.0
202411,Bristol,Colecalciferol,2200,1.0
202411,Bristol,Colecalciferol,25000,93.0
202411,Bristol,Colecalciferol,3000,5.0
202411,Bristol,Colecalciferol,3200,7.0
202411,Bristol,Colecalciferol,400,1770.0
202411,Bristol,Colecalciferol,4000,7.0
202411,Bristol,Colecalciferol,40000,1.0
202411,Bristol,Colecalciferol,440,12.0
202411,Bristol,Colecalciferol,50000,13.0
202411,Bristol,Colecalciferol,800,2090.0
202411,Bristol,Colecalciferol,880,245.0
202411,Bristol,Colecalciferol,unknown,1059.0
202411,Canterbury,Colecalciferol,1000,205.0
202411,Canterbury,Colecalciferol,10000,5.0
202411,Canterbury,Colecalciferol,200,301.0
202411,Canterbury,Colecalciferol,2000,2.0
202411,Canterbury,Colecalciferol,20000,12.0
202411,Canterbury,Colecalciferol,2200,1.0
202411,Canterbury,Colecalciferol,2400,1.0
202411,Canterbury,Colecalciferol,2500,1.0
202411,Canterbury,Colecalciferol,25000,3.0
202411,Canterbury,Colecalciferol,3200,8.0
202411,Canterbury,Colecalciferol,400,755.0
202411,Canterbury,Colecalciferol,4000,2.0
202411,Canterbury,Colecalciferol,40000,2.0
202411,Canterbury,Colecalciferol,440,3.0
202411,Canterbury,Colecalciferol,5000,1.0
202411,Canterbury,Colecalciferol,50000,6.0
202411,Canterbury,Colecalciferol,600,1.0
202411,Canterbury,Colecalciferol,800,292.0
202411,Canterbury,Colecalciferol,880,26.0
202411,Canterbury,Colecalciferol,unknown,618.0
202411,Exeter,Colecalciferol,1000,72.0
202411,Exeter,Colecalciferol,10000,1.0
202411,Exeter,Colecalciferol,200,21.0
202411,Exeter,Colecalciferol,400,10.0
202411,Exeter,Colecalciferol,800,12.0
202411,Exeter,Colecalciferol,880,170.0
202411,Exeter,Colecalciferol,unknown,46.0
202411,Leeds,Colecalciferol,1000,780.0
202411,Leeds,Colecalciferol,10000,10.0
202411,Leeds,Colecalciferol,200,174.0
202411,Leeds,Colecalciferol,2000,12.0
202411,Leeds,Colecalciferol,20000,63.0
202411,Leeds,Colecalciferol,2400,1.0
202411,Leeds,Colecalciferol,2500,2.0
202411,Leeds,Colecalciferol,25000,20.0
202411,Leeds,Colecalciferol,3000,2.0
202411,Leeds,Colecalciferol,400,665.0
202411,Leeds,Colecalciferol,4000,2.0
202411,Leeds,Colecalciferol,40000,4.0
202411,Leeds,Colecalciferol,440,2.0
202411,Leeds,Colecalciferol,50000,18.0
202411,Leeds,Colecalciferol,800,540.0
202411,Leeds,Colecalciferol,880,16.0
202411,Leeds,Colecalciferol,unknown,744.0
202411,London,Colecalciferol,1000,43887.0
202411,London,Colecalciferol,10000,1183.0
202411,London,Colecalciferol,15000,22.0
202411,London,Colecalciferol,200,17481.0
202411,London,Colecalciferol,2000,695.0
202411,London,Colecalciferol,20000,11790.0
202411,London,Colecalciferol,2200,60.0
202411,London,Colecalciferol,2400,127.0
202411,London,Colecalciferol,2500,118.0
202411,London,Colecalciferol,25000,2927.0
202411,London,Colecalciferol,2740,92.0
202411,London,Colecalciferol,3000,181.0
202411,London,Colecalciferol,30000,5.0
202411,London,Colecalciferol,300000,3.0
202411,London,Colecalciferol,3200,245.0
202411,London,Colecalciferol,400,47479.0
202411,London,Colecalciferol,4000,349.0
202411,London,Colecalciferol,40000,1212.0
202411,London,Colecalciferol,440,275.0
202411,London,Colecalciferol,5000,188.0
202411,London,Colecalciferol,50000,420.0
202411,London,Colecalciferol,5600,39.0
202411,London,Colecalciferol,600,55.0
202411,London,Colecalciferol,800,25723.0
202411,London,Colecalciferol,880,2915.0
202411,London,Colecalciferol,unknown,42292.0
202411,Manchester,Colecalciferol,1000,973.0
202411,Manchester,Colecalciferol,10000,75.0
202411,Manchester,Colecalciferol,200,2961.0
202411,Manchester,Colecalciferol,2000,31.0
202411,Manchester,Colecalciferol,20000,1337.0
202411,Manchester,Colecalciferol,2200,4.0
202411,Manchester,Colecalciferol,2400,13.0
202411,Manchester,Colecalciferol,2500,11.0
202411,Manchester,Colecalciferol,25000,56.0
202411,Manchester,Colecalciferol,2740,10.0
202411,Manchester,Colecalciferol,3200,33.0
202411,Manchester,Colecalciferol,400,4193.0
202411,Manchester,Colecalciferol,4000,21.0
202411,Manchester,Colecalciferol,40000,21.0
202411,Manchester,Colecalciferol,440,39.0
202411,Manchester,Colecalciferol,5000,4.0
202411,Manchester,Colecalciferol,50000,63.0
202411,Manchester,Colecalciferol,5600,8.0
202411,Manchester,Colecalciferol,600,6.0
202411,Manchester,Colecalciferol,800,2174.0
202411,Manchester,Colecalciferol,880,643.0
202411,Manchester,Colecalciferol,unknown,4535.0
202411,Middlesbrough,Colecalciferol,1000,128.0
202411,Middlesbrough,Colecalciferol,10000,4.0
202411,Middlesbrough,Colecalciferol,200,82.0
202411,Middlesbrough,Colecalciferol,2000,4.0
202411,Middlesbrough,Colecalciferol,20000,46.0
202411,Middlesbrough,Colecalciferol,25000,1.0
202411,Middlesbrough,Colecalciferol,2740,1.0
202411,Middlesbrough,Colecalciferol,3200,1.0
202411,Middlesbrough,Colecalciferol,400,162.0
202411,Middlesbrough,Colecalciferol,4000,2.0
202411,Middlesbrough,Colecalciferol,600,4.0
202411,Middlesbrough,Colecalciferol,800,301.0
202411,Middlesbrough,Colecalciferol,880,48.0
202411,Middlesbrough,Colecalciferol,unknown,152.0
202411,Newcastle upon Tyne,Colecalciferol,1000,27.0
202411,Newcastle upon Tyne,Colecalciferol,10000,4.0
202411,Newcastle upon Tyne,Colecalciferol,200,196.0
202411,Newcastle upon Tyne,Colecalciferol,2000,2.0
202411,Newcastle upon Tyne,Colecalciferol,20000,110.0
202411,Newcastle upon Tyne,Colecalciferol,2400,1.0
202411,Newcastle upon Tyne,Colecalciferol,25000,2.0
202411,Newcastle upon Tyne,Colecalciferol,2740,12.0
202411,Newcastle upon Tyne,Colecalciferol,3000,1.0
202411,Newcastle upon Tyne,Colecalciferol,3200,6.0
202411,Newcastle upon Tyne,Colecalciferol,400,1276.0
202411,Newcastle upon Tyne,Colecalciferol,440,3.0
202411,Newcastle upon Tyne,Colecalciferol,5000,1.0
202411,Newcastle upon Tyne,Colecalciferol,50000,3.0
202411,Newcastle upon Tyne,Colecalciferol,800,3721.0
202411,Newcastle upon Tyne,Colecalciferol,880,26.0
202411,Newcastle upon Tyne,Colecalciferol,unknown,778.0
202411,Nottingham,Colecalciferol,1000,3875.0
202411,Nottingham,Colecalciferol,10000,9.0
202411,Nottingham,Colecalciferol,200,501.0
202411,Nottingham,Colecalciferol,2000,15.0
202411,Nottingham,Colecalciferol,20000,100.0
202411,Nottingham,Colecalciferol,2200,4.0
202411,Nottingham,Colecalciferol,2400,9.0
202411,Nottingham,Colecalciferol,2500,1.0
202411,Nottingham,Colecalciferol,25000,78.0
202411,Nottingham,Colecalciferol,2740,45.0
202411,Nottingham,Colecalciferol,3000,1.0
202411,Nottingham,Colecalciferol,3200,13.0
202411,Nottingham,Colecalciferol,400,406.0
202411,Nottingham,Colecalciferol,4000,7.0
202411,Nottingham,Colecalciferol,40000,1.0
202411,Nottingham,Colecalciferol,5000,1.0
202411,Nottingham,Colecalciferol,50000,228.0
202411,Nottingham,Colecalciferol,800,1391.0
202411,Nottingham,Colecalciferol,unknown,711.0
202411,Peterborough,Colecalciferol,1000,7.0
202411,Peterborough,Colecalciferol,200,7.0
202411,Peterborough,Colecalciferol,20000,1.0
202411,Peterborough,Colecalciferol,25000,6.0
202411,Peterborough,Colecalciferol,400,79.0
202411,Peterborough,Colecalciferol,50000,1.0
202411,Peterborough,Colecalciferol,800,23.0
202411,Peterborough,Colecalciferol,880,10.0
202411,Peterborough,Colecalciferol,unknown,21.0
202411,Plymouth,Colecalciferol,1000,103.0
202411,Plymouth,Colecalciferol,200,45.0
202411,Plymouth,Colecalciferol,2000,5.0
202411,Plymouth,Colecalciferol,2400,1.0
202411,Plymouth,Colecalciferol,2500,1.0
202411,Plymouth,Colecalciferol,25000,8.0
202411,Plymouth,Colecalciferol,400,52.0
202411,Plymouth,Colecalciferol,440,1.0
202411,Plymouth,Colecalciferol,5000,1.0
202411,Plymouth,Colecalciferol,800,14.0
202411,Plymouth,Colecalciferol,880,43.0
202411,Plymouth,Colecalciferol,unknown,104.0
202411,Sunderland,Colecalciferol,1000,63.0
202411,Sunderland,Colecalciferol,10000,3.0
202411,Sunderland,Colecalciferol,200,86.0
202411,Sunderland,Colecalciferol,20000,26.0
202411,Sunderland,Colecalciferol,2500,1.0
202411,Sunderland,Colecalciferol,25000,1.0
202411,Sunderland,Colecalciferol,400,136.0
202411,Sunderland,Colecalciferol,4000,1.0
202411,Sunderland,Colecalciferol,800,339.0
202411,Sunderland,Colecalciferol,880,18.0
202411,Sunderland,Colecalciferol,unknown,404.0
202411,York,Colecalciferol,1000,302.0
202411,York,Colecalciferol,10000,6.0
202411,York,Colecalciferol,200,436.0
202411,York,Colecalciferol,2000,4.0
202411,York,Colecalciferol,20000,12.0
202411,York,Colecalciferol,2200,3.0
202411,York,Colecalciferol,2400,2.0
202411,York,Colecalciferol,25000,33.0
202411,York,Colecalciferol,2740,1.0
202411,York,Colecalciferol,3000,1.0
202411,York,Colecalciferol,3200,2.0
202411,York,Colecalciferol,400,389.0
202411,York,Colecalciferol,4000,1.0
202411,York,Colecalciferol,40000,2.0
202411,York,Colecalciferol,50000,29.0
202411,York,Colecalciferol,5600,1.0
202411,York,Colecalciferol,800,624.0
202411,York,Colecalciferol,880,58.0
202411,York,Colecalciferol,unknown,1000.0
202412,Birmingham,Colecalciferol,1000,1077.0
202412,Birmingham,Colecalciferol,10000,70.0
202412,Birmingham,Colecalciferol,200,2081.0
202412,Birmingham,Colecalciferol,2000,61.0
202412,Birmingham,Colecalciferol,20000,369.0
202412,Birmingham,Colecalciferol,2200,7.0
202412,Birmingham,Colecalciferol,2400,23.0
202412,Birmingham,Colecalciferol,2500,3.0
202412,Birmingham,Colecalciferol,25000,346.0
202412,Birmingham,Colecalciferol,2740,10.0
202412,Birmingham,Colecalciferol,3000,5.0
202412,Birmingham,Colecalciferol,3200,84.0
202412,Birmingham,Colecalciferol,400,1241.0
202412,Birmingham,Colecalciferol,4000,25.0
202412,Birmingham,Colecalciferol,40000,3.0
202412,Birmingham,Colecalciferol,440,2.0
202412,Birmingham,Colecalciferol,5000,3.0
202412,Birmingham,Colecalciferol,50000,848.0
202412,Birmingham,Colecalciferol,5600,9.0
202412,Birmingham,Colecalciferol,600,4.0
202412,Birmingham,Colecalciferol,800,4463.0
202412,Birmingham,Colecalciferol,880,186.0
202412,Birmingham,Colecalciferol,unknown,1871.0
202412,Brighton,Colecalciferol,1000,3.0
202412,Brighton,Colecalciferol,10000,1.0
202412,Brighton,Colecalciferol,200,19.0
202412,Brighton,Colecalciferol,20000,3.0
202412,Brighton,Colecalciferol,25000,3.0
202412,Brighton,Colecalciferol,3200,2.0
202412,Brighton,Colecalciferol,400,108.0
202412,Brighton,Colecalciferol,800,75.0
202412,Brighton,Colecalciferol,880,2.0
202412,Brighton,Colecalciferol,unknown,43.0
202412,Bristol,Colecalciferol,1000,524.0
202412,Bristol,Colecalciferol,10000,15.0
202412,Bristol,Colecalciferol,200,652.0
202412,Bristol,Colecalciferol,2000,3.0
202412,Bristol,Colecalciferol,20000,46.0
202412,Bristol,Colecalciferol,25000,83.0
202412,Bristol,Colecalciferol,2740,1.0
202412,Bristol,Colecalciferol,3000,5.0
202412,Bristol,Colecalciferol,3200,7.0
202412,Bristol,Colecalciferol,400,1803.0
202412,Bristol,Colecalciferol,4000,6.0
202412,Bristol,Colecalciferol,40000,1.0
202412,Bristol,Colecalciferol,440,12.0
202412,Bristol,Colecalciferol,50000,10.0
202412,Bristol,Colecalciferol,800,2062.0
202412,Bristol,Colecalciferol,880,312.0
202412,Bristol,Colecalciferol,unknown,1171.0
202412,Canterbury,Colecalciferol,1000,211.0
202412,Canterbury,Colecalciferol,10000,5.0
202412,Canterbury,Colecalciferol,200,320.0
202412,Canterbury,Colecalciferol,2000,1.0
202412,Canterbury,Colecalciferol,20000,19.0
202412,Canterbury,Colecalciferol,2400,1.0
202412,Canterbury,Colecalciferol,2500,1.0
202412,Canterbury,Colecalciferol,25000,2.0
202412,Canterbury,Colecalciferol,3200,2.0
202412,Canterbury,Colecalciferol,400,802.0
202412,Canterbury,Colecalciferol,4000,3.0
202412,Canterbury,Colecalciferol,40000,2.0
202412,Canterbury,Colecalciferol,440,3.0
202412,Canterbury,Colecalciferol,50000,11.0
202412,Canterbury,Colecalciferol,600,1.0
202412,Canterbury,Colecalciferol,800,305.0
202412,Canterbury,Colecalciferol,880,34.0
202412,Canterbury,Colecalciferol,unknown,637.0
202412,Exeter,Colecalciferol,1000,68.0
202412,Exeter,Colecalciferol,200,22.0
202412,Exeter,Colecalciferol,2000,1.0
202412,Exeter,Colecalciferol,400,16.0
202412,Exeter,Colecalciferol,800,18.0
202412,Exeter,Colecalciferol,880,193.0
202412,Exeter,Colecalciferol,unknown,48.0
202412,Leeds,Colecalciferol,1000,755.0
202412,Leeds,Colecalciferol,10000,14.0
202412,Leeds,Colecalciferol,200,188.0
202412,Leeds,Colecalciferol,2000,9.0
202412,Leeds,Colecalciferol,20000,68.0
202412,Leeds,Colecalciferol,2200,1.0
202412,Leeds,Colecalciferol,2400,1.0
202412,Leeds,Colecalciferol,25000,15.0
202412,Leeds,Colecalciferol,2740,1.0
202412,Leeds,Colecalciferol,3000,1.0
202412,Leeds,Colecalciferol,3200,1.0
202412,Leeds,Colecalciferol,400,718.0
202412,Leeds,Colecalciferol,40000,7.0
202412,Leeds,Colecalciferol,440,1.0
202412,Leeds,Colecalciferol,50000,28.0
202412,Leeds,Colecalciferol,600,2.0
202412,Leeds,Colecalciferol,800,508.0
202412,Leeds,Colecalciferol,880,18.0
202412,Leeds,Colecalciferol,unknown,662.0
202412,London,Colecalciferol,1000,43683.0
202412,London,Colecalciferol,10000,1092.0
202412,London,Colecalciferol,15000,23.0
202412,London,Colecalciferol,200,17235.0
202412,London,Colecalciferol,2000,730.0
202412,London,Colecalciferol,20000,12000.0
202412,London,Colecalciferol,2200,87.0
202412,London,Colecalciferol,2400,138.0
202412,London,Colecalciferol,2500,106.0
202412,London,Colecalciferol,25000,2978.0
202412,London,Colecalciferol,2740,70.0
202412,London,Colecalciferol,3000,210.0
202412,London,Colecalciferol,30000,5.0
202412,London,Colecalciferol,300000,3.0
202412,London,Colecalciferol,3200,239.0
202412,London,Colecalciferol,400,47199.0
202412,London,Colecalciferol,4000,412.0
202412,London,Colecalciferol,40000,1179.0
202412,London,Colecalciferol,440,232.0
202412,London,Colecalciferol,5000,196.0
202412,London,Colecalciferol,50000,446.0
202412,London,Colecalciferol,5600,29.0
202412,London,Colecalciferol,600,65.0
202412,London,Colecalciferol,800,25527.0
202412,London,Colecalciferol,880,2953.0
202412,London,Colecalciferol,unknown,42578.0
202412,Manchester,Colecalciferol,1000,1062.0
202412,Manchester,Colecalciferol,10000,83.0
202412,Manchester,Colecalciferol,15000,1.0
202412,Manchester,Colecalciferol,200,3047.0
202412,Manchester,Colecalciferol,2000,27.0
202412,Manchester,Colecalciferol,20000,1322.0
202412,Manchester,Colecalciferol,2200,2.0
202412,Manchester,Colecalciferol,2400,12.0
202412,Manchester,Colecalciferol,2500,11.0
202412,Manchester,Colecalciferol,25000,58.0
202412,Manchester,Colecalciferol,2740,9.0
202412,Manchester,Colecalciferol,3000,3.0
202412,Manchester,Colecalciferol,3200,33.0
202412,Manchester,Colecalciferol,400,4375.0
202412,Manchester,Colecalciferol,4000,26.0
202412,Manchester,Colecalciferol,40000,27.0
202412,Manchester,Colecalciferol,440,41.0
202412,Manchester,Colecalciferol,5000,5.0
202412,Manchester,Colecalciferol,50000,64.0
202412,Manchester,Colecalciferol,5600,8.0
202412,Manchester,Colecalciferol,600,2.0
202412,Manchester,Colecalciferol,800,2282.0
202412,Manchester,Colecalciferol,880,617.0
202412,Manchester,Colecalciferol,unknown,4599.0
202412,Middlesbrough,Colecalciferol,1000,159.0
202412,Middlesbrough,Colecalciferol,10000,5.0
202412,Middlesbrough,Colecalciferol,200,83.0
202412,Middlesbrough,Colecalciferol,2000,6.0
202412,Middlesbrough,Colecalciferol,20000,41.0
202412,Middlesbrough,Colecalciferol,25000,1.0
202412,Middlesbrough,Colecalciferol,2740,2.0
202412,Middlesbrough,Colecalciferol,400,153.0
202412,Middlesbrough,Colecalciferol,5000,1.0
202412,Middlesbrough,Colecalciferol,50000,11.0
202412,Middlesbrough,Colecalciferol,600,6.0
202412,Middlesbrough,Colecalciferol,800,288.0
202412,Middlesbrough,Colecalciferol,880,46.0
202412,Middlesbrough,Colecalciferol,unknown,158.0
202412,Newcastle upon Tyne,Colecalciferol,1000,32.0
202412,Newcastle upon Tyne,Colecalciferol,10000,7.0
202412,Newcastle upon Tyne,Colecalciferol,15000,1.0
202412,Newcastle upon Tyne,Colecalciferol,200,238.0
202412,Newcastle upon Tyne,Colecalciferol,2000,4.0
202412,Newcastle upon Tyne,Colecalciferol,20000,95.0
202412,Newcastle upon Tyne,Colecalciferol,2400,2.0
202412,Newcastle upon Tyne,Colecalciferol,25000,5.0
202412,Newcastle upon Tyne,Colecalciferol,2740,11.0
202412,Newcastle upon Tyne,Colecalciferol,3200,4.0
202412,Newcastle upon Tyne,Colecalciferol,400,1275.0
202412,Newcastle upon Tyne,Colecalciferol,40000,1.0
202412,Newcastle upon Tyne,Colecalciferol,440,7.0
202412,Newcastle upon Tyne,Colecalciferol,5000,1.0
202412,Newcastle upon Tyne,Colecalciferol,50000,9.0
202412,Newcastle upon Tyne,Colecalciferol,600,2.0
202412,Newcastle upon Tyne,Colecalciferol,800,3838.0
202412,Newcastle upon Tyne,Colecalciferol,880,30.0
202412,Newcastle upon Tyne,Colecalciferol,unknown,811.0
202412,Nottingham,Colecalciferol,1000,4163.0
202412,Nottingham,Colecalciferol,10000,3.0
202412,Nottingham,Colecalciferol,200,498.0
202412,Nottingham,Colecalciferol,2000,9.0
202412,Nottingham,Colecalciferol,20000,102.0
202412,Nottingham,Colecalciferol,2200,5.0
202412,Nottingham,Colecalciferol,2400,9.0
202412,Nottingham,Colecalciferol,25000,66.0
202412,Nottingham,Colecalciferol,2740,33.0
202412,Nottingham,Colecalciferol,3200,14.0
202412,Nottingham,Colecalciferol,400,438.0
202412,Nottingham,Colecalciferol,4000,13.0
202412,Nottingham,Colecalciferol,40000,1.0
202412,Nottingham,Colecalciferol,5000,4.0
202412,Nottingham,Colecalciferol,50000,258.0
202412,Nottingham,Colecalciferol,5600,1.0
202412,Nottingham,Colecalciferol,800,1387.0
202412,Nottingham,Colecalciferol,unknown,741.0
202412,Peterborough,Colecalciferol,1000,7.0
202412,Peterborough,Colecalciferol,200,4.0
202412,Peterborough,Colecalciferol,20000,4.0
202412,Peterborough,Colecalciferol,25000,3.0
202412,Peterborough,Colecalciferol,3200,1.0
202412,Peterborough,Colecalciferol,400,92.0
202412,Peterborough,Colecalciferol,50000,3.0
202412,Peterborough,Colecalciferol,800,25.0
202412,Peterborough,Colecalciferol,880,18.0
202412,Peterborough,Colecalciferol,unknown,23.0
202412,Plymouth,Colecalciferol,1000,103.0
202412,Plymouth,Colecalciferol,200,45.0
202412,Plymouth,Colecalciferol,2000,3.0
202412,Plymouth,Colecalciferol,20000,1.0
202412,Plymouth,Colecalciferol,2400,1.0
202412,Plymouth,Colecalciferol,2500,1.0
202412,Plymouth,Colecalciferol,25000,9.0
202412,Plymouth,Colecalciferol,400,47.0
202412,Plymouth,Colecalciferol,50000,2.0
202412,Plymouth,Colecalciferol,800,13.0
202412,Plymouth,Colecalciferol,880,41.0
202412,Plymouth,Colecalciferol,unknown,78.0
202412,Sunderland,Colecalciferol,1000,82.0
202412,Sunderland,Colecalciferol,10000,1.0
202412,Sunderland,Colecalciferol,200,86.0
202412,Sunderland,Colecalciferol,20000,34.0
202412,Sunderland,Colecalciferol,25000,1.0
202412,Sunderland,Colecalciferol,400,134.0
202412,Sunderland,Colecalciferol,4000,2.0
202412,Sunderland,Colecalciferol,50000,1.0
202412,Sunderland,Colecalciferol,800,381.0
202412,Sunderland,Colecalciferol,880,22.0
202412,Sunderland,Colecalciferol,unknown,419.0
202412,York,Colecalciferol,1000,318.0
202412,York,Colecalciferol,10000,5.0
202412,York,Colecalciferol,200,418.0
202412,York,Colecalciferol,2000,7.0
202412,York,Colecalciferol,20000,14.0
202412,York,Colecalciferol,2200,2.0
202412,York,Colecalciferol,2400,3.0
202412,York,Colecalciferol,25000,46.0
202412,York,Colecalciferol,3000,3.0
202412,York,Colecalciferol,3200,2.0
202412,York,Colecalciferol,400,410.0
202412,York,Colecalciferol,4000,4.0
202412,York,Colecalciferol,5000,1.0
202412,York,Colecalciferol,50000,24.0
202412,York,Colecalciferol,5600,1.0
202412,York,Colecalciferol,800,671.0
202412,York,Colecalciferol,880,57.0
202412,York,Colecalciferol,unknown,1014.0
202501,Birmingham,Colecalciferol,1000,1223.0
202501,Birmingham,Colecalciferol,10000,85.0
202501,Birmingham,Colecalciferol,200,2468.0
202501,Birmingham,Colecalciferol,2000,63.0
202501,Birmingham,Colecalciferol,20000,463.0
202501,Birmingham,Colecalciferol,2200,4.0
202501,Birmingham,Colecalciferol,2400,35.0
202501,Birmingham,Colecalciferol,2500,1.0
202501,Birmingham,Colecalciferol,25000,363.0
202501,Birmingham,Colecalciferol,2740,15.0
202501,Birmingham,Colecalciferol,3000,18.0
202501,Birmingham,Colecalciferol,3200,110.0
202501,Birmingham,Colecalciferol,400,1347.0
202501,Birmingham,Colecalciferol,4000,27.0
202501,Birmingham,Colecalciferol,40000,8.0
202501,Birmingham,Colecalciferol,440,4.0
202501,Birmingham,Colecalciferol,5000,7.0
202501,Birmingham,Colecalciferol,50000,966.0
202501,Birmingham,Colecalciferol,5600,13.0
202501,Birmingham,Colecalciferol,600,8.0
202501,Birmingham,Colecalciferol,800,4675.0
202501,Birmingham,Colecalciferol,880,171.0
202501,Birmingham,Colecalciferol,unknown,1986.0
202501,Brighton,Colecalciferol,1000,4.0
202501,Brighton,Colecalciferol,200,22.0
202501,Brighton,Colecalciferol,20000,6.0
202501,Brighton,Colecalciferol,25000,4.0
202501,Brighton,Colecalciferol,3200,6.0
202501,Brighton,Colecalciferol,400,106.0
202501,Brighton,Colecalciferol,800,87.0
202501,Brighton,Colecalciferol,880,2.0
202501,Brighton,Colecalciferol,unknown,59.0
202501,Bristol,Colecalciferol,1000,536.0
202501,Bristol,Colecalciferol,10000,12.0
202501,Bristol,Colecalciferol,15000,1.0
202501,Bristol,Colecalciferol,200,482.0
202501,Bristol,Colecalciferol,2000,16.0
202501,Bristol,Colecalciferol,20000,54.0
202501,Bristol,Colecalciferol,2400,1.0
202501,Bristol,Colecalciferol,25000,75.0
202501,Bristol,Colecalciferol,3000,3.0
202501,Bristol,Colecalciferol,3200,10.0
202501,Bristol,Colecalciferol,400,1379.0
202501,Bristol,Colecalciferol,440,17.0
202501,Bristol,Colecalciferol,50000,17.0
202501,Bristol,Colecalciferol,800,1815.0
202501,Bristol,Colecalciferol,880,270.0
202501,Bristol,Colecalciferol,unknown,1140.0
202501,Canterbury,Colecalciferol,1000,213.0
202501,Canterbury,Colecalciferol,10000,3.0
202501,Canterbury,Colecalciferol,200,298.0
202501,Canterbury,Colecalciferol,20000,23.0
202501,Canterbury,Colecalciferol,2400,1.0
202501,Canterbury,Colecalciferol,25000,6.0
202501,Canterbury,Colecalciferol,3200,5.0
202501,Canterbury,Colecalciferol,400,821.0
202501,Canterbury,Colecalciferol,4000,5.0
202501,Canterbury,Colecalciferol,40000,1.0
202501,Canterbury,Colecalciferol,440,4.0
202501,Canterbury,Colecalciferol,50000,14.0
202501,Canterbury,Colecalciferol,600,1.0
202501,Canterbury,Colecalciferol,800,314.0
202501,Canterbury,Colecalciferol,880,36.0
202501,Canterbury,Colecalciferol,unknown,644.0
202501,Exeter,Colecalciferol,1000,48.0
202501,Exeter,Colecalciferol,200,25.0
202501,Exeter,Colecalciferol,400,12.0
202501,Exeter,Colecalciferol,800,20.0
202501,Exeter,Colecalciferol,880,170.0
202501,Exeter,Colecalciferol,unknown,51.0
202501,Leeds,Colecalciferol,1000,758.0
202501,Leeds,Colecalciferol,10000,5.0
202501,Leeds,Colecalciferol,200,161.0
202501,Leeds,Colecalciferol,2000,11.0
202501,Leeds,Colecalciferol,20000,75.0
202501,Leeds,Colecalciferol,2200,1.0
202501,Leeds,Colecalciferol,2400,4.0
202501,Leeds,Colecalciferol,2500,2.0
202501,Leeds,Colecalciferol,25000,25.0
202501,Leeds,Colecalciferol,2740,1.0
202501,Leeds,Colecalciferol,30000,2.0
202501,Leeds,Colecalciferol,3200,1.0
202501,Leeds,Colecalciferol,400,718.0
202501,Leeds,Colecalciferol,4000,1.0
202501,Leeds,Colecalciferol,40000,5.0
202501,Leeds,Colecalciferol,440,2.0
202501,Leeds,Colecalciferol,50000,29.0
202501,Leeds,Colecalciferol,800,500.0
202501,Leeds,Colecalciferol,880,22.0
202501,Leeds,Colecalciferol,unknown,740.0
202501,London,Colecalciferol,1000,45872.0
202501,London,Colecalciferol,10000,1309.0
202501,London,Colecalciferol,15000,24.0
202501,London,Colecalciferol,200,17541.0
202501,London,Colecalciferol,2000,817.0
202501,London,Colecalciferol,20000,13012.0
202501,London,Colecalciferol,2200,71.0
202501,London,Colecalciferol,2400,167.0
202501,London,Colecalciferol,2500,132.0
202501,London,Colecalciferol,25000,3301.0
202501,London,Colecalciferol,2740,83.0
202501,London,Colecalciferol,3000,206.0
202501,London,Colecalciferol,30000,6.0
202501,London,Colecalciferol,300000,4.0
202501,London,Colecalciferol,3200,251.0
202501,London,Colecalciferol,400,48823.0
202501,London,Colecalciferol,4000,401.0
202501,London,Colecalciferol,40000,1379.0
202501,London,Colecalciferol,440,255.0
202501,London,Colecalciferol,5000,201.0
202501,London,Colecalciferol,50000,522.0
202501,London,Colecalciferol,5600,47.0
202501,London,Colecalciferol,600,105.0
202501,London,Colecalciferol,800,26474.0
202501,London,Colecalciferol,880,3170.0
202501,London,Colecalciferol,unknown,43533.0
202501,Manchester,Colecalciferol,1000,1072.0
202501,Manchester,Colecalciferol,10000,95.0
202501,Manchester,Colecalciferol,15000,1.0
202501,Manchester,Colecalciferol,200,3140.0
202501,Manchester,Colecalciferol,2000,44.0
202501,Manchester,Colecalciferol,20000,1507.0
202501,Manchester,Colecalciferol,2200,3.0
202501,Manchester,Colecalciferol,2400,14.0
202501,Manchester,Colecalciferol,2500,11.0
202501,Manchester,Colecalciferol,25000,74.0
202501,Manchester,Colecalciferol,2740,9.0
202501,Manchester,Colecalciferol,3000,1.0
202501,Manchester,Colecalciferol,3200,59.0
202501,Manchester,Colecalciferol,400,4487.0
202501,Manchester,Colecalciferol,4000,27.0
202501,Manchester,Colecalciferol,40000,32.0
202501,Manchester,Colecalciferol,440,45.0
202501,Manchester,Colecalciferol,5000,3.0
202501,Manchester,Colecalciferol,50000,83.0
202501,Manchester,Colecalciferol,5600,10.0
202501,Manchester,Colecalciferol,600,4.0
202501,Manchester,Colecalciferol,800,2367.0
202501,Manchester,Colecalciferol,880,638.0
202501,Manchester,Colecalciferol,unknown,4629.0
202501,Middlesbrough,Colecalciferol,1000,129.0
202501,Middlesbrough,Colecalciferol,10000,2.0
202501,Middlesbrough,Colecalciferol,200,66.0
202501,Middlesbrough,Colecalciferol,20000,30.0
202501,Middlesbrough,Colecalciferol,25000,1.0
202501,Middlesbrough,Colecalciferol,2740,1.0
202501,Middlesbrough,Colecalciferol,3000,1.0
202501,Middlesbrough,Colecalciferol,3200,1.0
202501,Middlesbrough,Colecalciferol,400,66.0
202501,Middlesbrough,Colecalciferol,4000,2.0
202501,Middlesbrough,Colecalciferol,50000,1.0
202501,Middlesbrough,Colecalciferol,800,164.0
202501,Middlesbrough,Colecalciferol,880,40.0
202501,Middlesbrough,Colecalciferol,unknown,115.0
202501,Newcastle upon Tyne,Colecalciferol,1000,35.0
202501,Newcastle upon Tyne,Colecalciferol,10000,4.0
202501,Newcastle upon Tyne,Colecalciferol,200,192.0
202501,Newcastle upon Tyne,Colecalciferol,2000,4.0
202501,Newcastle upon Tyne,Colecalciferol,20000,141.0
202501,Newcastle upon Tyne,Colecalciferol,2400,2.0
202501,Newcastle upon Tyne,Colecalciferol,25000,4.0
202501,Newcastle upon Tyne,Colecalciferol,2740,9.0
202501,Newcastle upon Tyne,Colecalciferol,3000,1.0
202501,Newcastle upon Tyne,Colecalciferol,3200,4.0
202501,Newcastle upon Tyne,Colecalciferol,400,1375.0
202501,Newcastle upon Tyne,Colecalciferol,40000,3.0
202501,Newcastle upon Tyne,Colecalciferol,440,6.0
202501,Newcastle upon Tyne,Colecalciferol,5000,2.0
202501,Newcastle upon Tyne,Colecalciferol,50000,8.0
202501,Newcastle upon Tyne,Colecalciferol,600,1.0
202501,Newcastle upon Tyne,Colecalciferol,800,3925.0
202501,Newcastle upon Tyne,Colecalciferol,880,42.0
202501,Newcastle upon Tyne,Colecalciferol,unknown,837.0
202501,Nottingham,Colecalciferol,1000,4232.0
202501,Nottingham,Colecalciferol,10000,5.0
202501,Nottingham,Colecalciferol,200,531.0
202501,Nottingham,Colecalciferol,2000,13.0
202501,Nottingham,Colecalciferol,20000,133.0
202501,Nottingham,Colecalciferol,2200,5.0
202501,Nottingham,Colecalciferol,2400,15.0
202501,Nottingham,Colecalciferol,2500,1.0
202501,Nottingham,Colecalciferol,25000,101.0
202501,Nottingham,Colecalciferol,2740,33.0
202501,Nottingham,Colecalciferol,3000,1.0
202501,Nottingham,Colecalciferol,3200,15.0
202501,Nottingham,Colecalciferol,400,440.0
202501,Nottingham,Colecalciferol,4000,5.0
202501,Nottingham,Colecalciferol,40000,2.0
202501,Nottingham,Colecalciferol,5000,3.0
202501,Nottingham,Colecalciferol,50000,275.0
202501,Nottingham,Colecalciferol,800,1435.0
202501,Nottingham,Colecalciferol,unknown,757.0
202501,Peterborough,Colecalciferol,1000,9.0
202501,Peterborough,Colecalciferol,200,7.0
202501,Peterborough,Colecalciferol,20000,4.0
202501,Peterborough,Colecalciferol,25000,6.0
202501,Peterborough,Colecalciferol,400,89.0
202501,Peterborough,Colecalciferol,50000,6.0
202501,Peterborough,Colecalciferol,800,22.0
202501,Peterborough,Colecalciferol,880,13.0
202501,Peterborough,Colecalciferol,unknown,21.0
202501,Plymouth,Colecalciferol,1000,104.0
202501,Plymouth,Colecalciferol,200,45.0
202501,Plymouth,Colecalciferol,2000,4.0
202501,Plymouth,Colecalciferol,20000,1.0
202501,Plymouth,Colecalciferol,2400,1.0
202501,Plymouth,Colecalciferol,2500,1.0
202501,Plymouth,Colecalciferol,25000,12.0
202501,Plymouth,Colecalciferol,400,49.0
202501,Plymouth,Colecalciferol,440,1.0
202501,Plymouth,Colecalciferol,5000,1.0
202501,Plymouth,Colecalciferol,50000,1.0
202501,Plymouth,Colecalciferol,800,14.0
202501,Plymouth,Colecalciferol,880,42.0
202501,Plymouth,Colecalciferol,unknown,89.0
202501,Sunderland,Colecalciferol,1000,79.0
202501,Sunderland,Colecalciferol,10000,1.0
202501,Sunderland,Colecalciferol,200,84.0
202501,Sunderland,Colecalciferol,20000,28.0
202501,Sunderland,Colecalciferol,2500,1.0
202501,Sunderland,Colecalciferol,25000,1.0
202501,Sunderland,Colecalciferol,400,161.0
202501,Sunderland,Colecalciferol,4000,1.0
202501,Sunderland,Colecalciferol,800,388.0
202501,Sunderland,Colecalciferol,880,17.0
202501,Sunderland,Colecalciferol,unknown,460.0
202501,York,Colecalciferol,1000,284.0
202501,York,Colecalciferol,10000,6.0
202501,York,Colecalciferol,200,381.0
202501,York,Colecalciferol,2000,8.0
202501,York,Colecalciferol,20000,14.0
202501,York,Colecalciferol,2200,1.0
202501,York,Colecalciferol,25000,51.0
202501,York,Colecalciferol,3000,2.0
202501,York,Colecalciferol,30000,1.0
202501,York,Colecalciferol,3200,2.0
202501,York,Colecalciferol,400,381.0
202501,York,Colecalciferol,40000,2.0
202501,York,Colecalciferol,50000,22.0
202501,York,Colecalciferol,5600,2.0
202501,York,Colecalciferol,800,606.0
202501,York,Colecalciferol,880,63.0
202501,York,Colecalciferol,unknown,945.0
202502,Birmingham,Colecalciferol,1000,1031.0
202502,Birmingham,Colecalciferol,10000,85.0
202502,Birmingham,Colecalciferol,200,2047.0
202502,Birmingham,Colecalciferol,2000,53.0
202502,Birmingham,Colecalciferol,20000,473.0
202502,Birmingham,Colecalciferol,2200,7.0
202502,Birmingham,Colecalciferol,2400,27.0
202502,Birmingham,Colecalciferol,2500,3.0
202502,Birmingham,Colecalciferol,25000,362.0
202502,Birmingham,Colecalciferol,2740,7.0
202502,Birmingham,Colecalciferol,3000,10.0
202502,Birmingham,Colecalciferol,3200,107.0
202502,Birmingham,Colecalciferol,400,1152.0
202502,Birmingham,Colecalciferol,4000,22.0
202502,Birmingham,Colecalciferol,40000,3.0
202502,Birmingham,Colecalciferol,440,5.0
202502,Birmingham,Colecalciferol,5000,5.0
202502,Birmingham,Colecalciferol,50000,880.0
202502,Birmingham,Colecalciferol,5600,8.0
202502,Birmingham,Colecalciferol,600,6.0
202502,Birmingham,Colecalciferol,800,4054.0
202502,Birmingham,Colecalciferol,880,156.0
202502,Birmingham,Colecalciferol,unknown,1680.0
202502,Brighton,Colecalciferol,1000,3.0
202502,Brighton,Colecalciferol,200,20.0
202502,Brighton,Colecalciferol,20000,3.0
202502,Brighton,Colecalciferol,25000,1.0
202502,Brighton,Colecalciferol,3200,6.0
202502,Brighton,Colecalciferol,400,96.0
202502,Brighton,Colecalciferol,50000,1.0
202502,Brighton,Colecalciferol,800,72.0
202502,Brighton,Colecalciferol,880,2.0
202502,Brighton,Colecalciferol,unknown,47.0
202502,Bristol,Colecalciferol,1000,486.0
202502,Bristol,Colecalciferol,10000,13.0
202502,Bristol,Colecalciferol,15000,1.0
202502,Bristol,Colecalciferol,200,422.0
202502,Bristol,Colecalciferol,20000,48.0
202502,Bristol,Colecalciferol,2400,1.0
202502,Bristol,Colecalciferol,25000,45.0
202502,Bristol,Colecalciferol,2740,1.0
202502,Bristol,Colecalciferol,3000,7.0
202502,Bristol,Colecalciferol,3200,6.0
202502,Bristol,Colecalciferol,400,1214.0
202502,Bristol,Colecalciferol,4000,1.0
202502,Bristol,Colecalciferol,40000,1.0
202502,Bristol,Colecalciferol,440,9.0
202502,Bristol,Colecalciferol,50000,12.0
202502,Bristol,Colecalciferol,800,1618.0
202502,Bristol,Colecalciferol,880,212.0
202502,Bristol,Colecalciferol,unknown,932.0
202502,Canterbury,Colecalciferol,1000,204.0
202502,Canterbury,Colecalciferol,10000,5.0
202502,Canterbury,Colecalciferol,200,275.0
202502,Canterbury,Colecalciferol,20000,19.0
202502,Canterbury,Colecalciferol,2400,1.0
202502,Canterbury,Colecalciferol,2500,1.0
202502,Canterbury,Colecalciferol,25000,3.0
202502,Canterbury,Colecalciferol,3200,4.0
202502,Canterbury,Colecalciferol,400,738.0
202502,Canterbury,Colecalciferol,4000,1.0
202502,Canterbury,Colecalciferol,40000,1.0
202502,Canterbury,Colecalciferol,440,1.0
202502,Canterbury,Colecalciferol,50000,15.0
202502,Canterbury,Colecalciferol,600,1.0
202502,Canterbury,Colecalciferol,800,276.0
202502,Canterbury,Colecalciferol,880,23.0
202502,Canterbury,Colecalciferol,unknown,563.0
202502,Exeter,Colecalciferol,1000,44.0
202502,Exeter,Colecalciferol,200,16.0
202502,Exeter,Colecalciferol,400,7.0
202502,Exeter,Colecalciferol,800,16.0
202502,Exeter,Colecalciferol,880,146.0
202502,Exeter,Colecalciferol,unknown,41.0
202502,Leeds,Colecalciferol,1000,685.0
202502,Leeds,Colecalciferol,10000,5.0
202502,Leeds,Colecalciferol,200,162.0
202502,Leeds,Colecalciferol,2000,9.0
202502,Leeds,Colecalciferol,20000,79.0
202502,Leeds,Colecalciferol,2400,2.0
202502,Leeds,Colecalciferol,2500,1.0
202502,Leeds,Colecalciferol,25000,15.0
202502,Leeds,Colecalciferol,3000,2.0
202502,Leeds,Colecalciferol,30000,2.0
202502,Leeds,Colecalciferol,3200,1.0
202502,Leeds,Colecalciferol,400,637.0
202502,Leeds,Colecalciferol,4000,1.0
202502,Leeds,Colecalciferol,40000,3.0
202502,Leeds,Colecalciferol,440,1.0
202502,Leeds,Colecalciferol,50000,19.0
202502,Leeds,Colecalciferol,800,480.0
202502,Leeds,Colecalciferol,880,14.0
202502,Leeds,Colecalciferol,unknown,595.0
202502,London,Colecalciferol,1000,41867.0
202502,London,Colecalciferol,10000,1267.0
202502,London,Colecalciferol,15000,23.0
202502,London,Colecalciferol,200,16093.0
202502,London,Colecalciferol,2000,730.0
202502,London,Colecalciferol,20000,12405.0
202502,London,Colecalciferol,2200,57.0
202502,London,Colecalciferol,2400,123.0
202502,London,Colecalciferol,2500,99.0
202502,London,Colecalciferol,25000,3111.0
202502,London,Colecalciferol,2740,77.0
202502,London,Colecalciferol,3000,186.0
202502,London,Colecalciferol,30000,6.0
202502,London,Colecalciferol,300000,6.0
202502,London,Colecalciferol,3200,213.0
202502,London,Colecalciferol,400,44800.0
202502,London,Colecalciferol,4000,409.0
202502,London,Colecalciferol,40000,1384.0
202502,London,Colecalciferol,440,217.0
202502,London,Colecalciferol,5000,189.0
202502,London,Colecalciferol,50000,607.0
202502,London,Colecalciferol,5600,26.0
202502,London,Colecalciferol,600,38.0
202502,London,Colecalciferol,800,23959.0
202502,London,Colecalciferol,880,3016.0
202502,London,Colecalciferol,unknown,39611.0
202502,Manchester,Colecalciferol,1000,937.0
202502,Manchester,Colecalciferol,10000,90.0
202502,Manchester,Colecalciferol,200,2852.0
202502,Manchester,Colecalciferol,2000,31.0
202502,Manchester,Colecalciferol,20000,1493.0
202502,Manchester,Colecalciferol,2200,2.0
202502,Manchester,Colecalciferol,2400,19.0
202502,Manchester,Colecalciferol,2500,11.0
202502,Manchester,Colecalciferol,25000,57.0
202502,Manchester,Colecalciferol,2740,4.0
202502,Manchester,Colecalciferol,3000,6.0
202502,Manchester,Colecalciferol,3200,53.0
202502,Manchester,Colecalciferol,400,4157.0
202502,Manchester,Colecalciferol,4000,23.0
202502,Manchester,Colecalciferol,40000,16.0
202502,Manchester,Colecalciferol,440,40.0
202502,Manchester,Colecalciferol,5000,4.0
202502,Manchester,Colecalciferol,50000,89.0
202502,Manchester,Colecalciferol,5600,15.0
202502,Manchester,Colecalciferol,600,4.0
202502,Manchester,Colecalciferol,800,2106.0
202502,Manchester,Colecalciferol,880,577.0
202502,Manchester,Colecalciferol,unknown,4038.0
202502,Middlesbrough,Colecalciferol,1000,105.0
202502,Middlesbrough,Colecalciferol,10000,4.0
202502,Middlesbrough,Colecalciferol,200,55.0
202502,Middlesbrough,Colecalciferol,2000,3.0
202502,Middlesbrough,Colecalciferol,20000,33.0
202502,Middlesbrough,Colecalciferol,25000,2.0
202502,Middlesbrough,Colecalciferol,400,81.0
202502,Middlesbrough,Colecalciferol,4000,3.0
202502,Middlesbrough,Colecalciferol,5000,1.0
202502,Middlesbrough,Colecalciferol,50000,4.0
202502,Middlesbrough,Colecalciferol,800,134.0
202502,Middlesbrough,Colecalciferol,880,42.0
202502,Middlesbrough,Colecalciferol,unknown,116.0
202502,Newcastle upon Tyne,Colecalciferol,1000,21.0
202502,Newcastle upon Tyne,Colecalciferol,10000,5.0
202502,Newcastle upon Tyne,Colecalciferol,200,194.0
202502,Newcastle upon Tyne,Colecalciferol,2000,7.0
202502,Newcastle upon Tyne,Colecalciferol,20000,145.0
202502,Newcastle upon Tyne,Colecalciferol,2400,2.0
202502,Newcastle upon Tyne,Colecalciferol,25000,4.0
202502,Newcastle upon Tyne,Colecalciferol,2740,4.0
202502,Newcastle upon Tyne,Colecalciferol,3200,4.0
202502,Newcastle upon Tyne,Colecalciferol,400,1192.0
202502,Newcastle upon Tyne,Colecalciferol,4000,1.0
202502,Newcastle upon Tyne,Colecalciferol,40000,3.0
202502,Newcastle upon Tyne,Colecalciferol,440,5.0
202502,Newcastle upon Tyne,Colecalciferol,50000,2.0
202502,Newcastle upon Tyne,Colecalciferol,600,1.0
202502,Newcastle upon Tyne,Colecalciferol,800,3693.0
202502,Newcastle upon Tyne,Colecalciferol,880,20.0
202502,Newcastle upon Tyne,Colecalciferol,unknown,734.0
202502,Nottingham,Colecalciferol,1000,3744.0
202502,Nottingham,Colecalciferol,10000,5.0
202502,Nottingham,Colecalciferol,200,472.0
202502,Nottingham,Colecalciferol,2000,16.0
202502,Nottingham,Colecalciferol,20000,102.0
202502,Nottingham,Colecalciferol,2200,3.0
202502,Nottingham,Colecalciferol,2400,19.0
202502,Nottingham,Colecalciferol,25000,108.0
202502,Nottingham,Colecalciferol,2740,35.0
202502,Nottingham,Colecalciferol,3200,15.0
202502,Nottingham,Colecalciferol,400,367.0
202502,Nottingham,Colecalciferol,4000,7.0
202502,Nottingham,Colecalciferol,40000,1.0
202502,Nottingham,Colecalciferol,440,1.0
202502,Nottingham,Colecalciferol,5000,3.0
202502,Nottingham,Colecalciferol,50000,364.0
202502,Nottingham,Colecalciferol,5600,1.0
202502,Nottingham,Colecalciferol,800,1221.0
202502,Nottingham,Colecalciferol,unknown,715.0
202502,Peterborough,Colecalciferol,1000,7.0
202502,Peterborough,Colecalciferol,10000,3.0
202502,Peterborough,Colecalciferol,200,6.0
202502,Peterborough,Colecalciferol,20000,3.0
202502,Peterborough,Colecalciferol,25000,3.0
202502,Peterborough,Colecalciferol,400,89.0
202502,Peterborough,Colecalciferol,50000,3.0
202502,Peterborough,Colecalciferol,800,22.0
202502,Peterborough,Colecalciferol,880,13.0
202502,Peterborough,Colecalciferol,unknown,24.0
202502,Plymouth,Colecalciferol,1000,86.0
202502,Plymouth,Colecalciferol,200,35.0
202502,Plymouth,Colecalciferol,2000,13.0
202502,Plymouth,Colecalciferol,2400,1.0
202502,Plymouth,Colecalciferol,2500,1.0
202502,Plymouth,Colecalciferol,25000,9.0
202502,Plymouth,Colecalciferol,400,41.0
202502,Plymouth,Colecalciferol,5000,1.0
202502,Plymouth,Colecalciferol,50000,2.0
202502,Plymouth,Colecalciferol,800,8.0
202502,Plymouth,Colecalciferol,880,46.0
202502,Plymouth,Colecalciferol,unknown,74.0
202502,Sunderland,Colecalciferol,1000,70.0
202502,Sunderland,Colecalciferol,10000,6.0
202502,Sunderland,Colecalciferol,200,65.0
202502,Sunderland,Colecalciferol,20000,32.0
202502,Sunderland,Colecalciferol,2500,1.0
202502,Sunderland,Colecalciferol,25000,1.0
202502,Sunderland,Colecalciferol,400,152.0
202502,Sunderland,Colecalciferol,4000,1.0
202502,Sunderland,Colecalciferol,800,368.0
202502,Sunderland,Colecalciferol,880,21.0
202502,Sunderland,Colecalciferol,unknown,391.0
202502,York,Colecalciferol,1000,284.0
202502,York,Colecalciferol,10000,6.0
202502,York,Colecalciferol,200,391.0
202502,York,Colecalciferol,2000,11.0
202502,York,Colecalciferol,20000,14.0
202502,York,Colecalciferol,2200,2.0
202502,York,Colecalciferol,2400,3.0
202502,York,Colecalciferol,2500,1.0
202502,York,Colecalciferol,25000,33.0
202502,York,Colecalciferol,3000,5.0
202502,York,Colecalciferol,3200,1.0
202502,York,Colecalciferol,400,336.0
202502,York,Colecalciferol,4000,1.0
202502,York,Colecalciferol,5000,1.0
202502,York,Colecalciferol,50000,44.0
202502,York,Colecalciferol,5600,1.0
202502,York,Colecalciferol,600,1.0
202502,York,Colecalciferol,800,616.0
202502,York,Colecalciferol,880,37.0
202502,York,Colecalciferol,unknown,913.0
202503,Birmingham,Colecalciferol,1000,1079.0
202503,Birmingham,Colecalciferol,10000,118.0
202503,Birmingham,Colecalciferol,15000,1.0
202503,Birmingham,Colecalciferol,200,2112.0
202503,Birmingham,Colecalciferol,2000,75.0
202503,Birmingham,Colecalciferol,20000,421.0
202503,Birmingham,Colecalciferol,2200,4.0
202503,Birmingham,Colecalciferol,2400,46.0
202503,Birmingham,Colecalciferol,2500,3.0
202503,Birmingham,Colecalciferol,25000,336.0
202503,Birmingham,Colecalciferol,2740,11.0
202503,Birmingham,Colecalciferol,3000,8.0
202503,Birmingham,Colecalciferol,30000,2.0
202503,Birmingham,Colecalciferol,3200,116.0
202503,Birmingham,Colecalciferol,400,1250.0
202503,Birmingham,Colecalciferol,4000,23.0
202503,Birmingham,Colecalciferol,40000,5.0
202503,Birmingham,Colecalciferol,440,5.0
202503,Birmingham,Colecalciferol,5000,3.0
202503,Birmingham,Colecalciferol,50000,894.0
202503,Birmingham,Colecalciferol,5600,11.0
202503,Birmingham,Colecalciferol,600,4.0
202503,Birmingham,Colecalciferol,800,4389.0
202503,Birmingham,Colecalciferol,880,160.0
202503,Birmingham,Colecalciferol,unknown,1760.0
202503,Brighton,Colecalciferol,1000,3.0
202503,Brighton,Colecalciferol,15000,1.0
202503,Brighton,Colecalciferol,200,21.0
202503,Brighton,Colecalciferol,2000,1.0
202503,Brighton,Colecalciferol,20000,4.0
202503,Brighton,Colecalciferol,25000,1.0
202503,Brighton,Colecalciferol,3200,4.0
202503,Brighton,Colecalciferol,400,117.0
202503,Brighton,Colecalciferol,800,71.0
202503,Brighton,Colecalciferol,880,1.0
202503,Brighton,Colecalciferol,unknown,52.0
202503,Bristol,Colecalciferol,1000,476.0
202503,Bristol,Colecalciferol,10000,12.0
202503,Bristol,Colecalciferol,200,503.0
202503,Bristol,Colecalciferol,2000,11.0
202503,Bristol,Colecalciferol,20000,66.0
202503,Bristol,Colecalciferol,2200,3.0
202503,Bristol,Colecalciferol,25000,58.0
202503,Bristol,Colecalciferol,3000,4.0
202503,Bristol,Colecalciferol,3200,4.0
202503,Bristol,Colecalciferol,400,1211.0
202503,Bristol,Colecalciferol,440,15.0
202503,Bristol,Colecalciferol,50000,15.0
202503,Bristol,Colecalciferol,800,1721.0
202503,Bristol,Colecalciferol,880,260.0
202503,Bristol,Colecalciferol,unknown,1018.0
202503,Canterbury,Colecalciferol,1000,209.0
202503,Canterbury,Colecalciferol,10000,7.0
202503,Canterbury,Colecalciferol,200,315.0
202503,Canterbury,Colecalciferol,2000,3.0
202503,Canterbury,Colecalciferol,20000,25.0
202503,Canterbury,Colecalciferol,2200,1.0
202503,Canterbury,Colecalciferol,2400,1.0
202503,Canterbury,Colecalciferol,25000,3.0
202503,Canterbury,Colecalciferol,3200,6.0
202503,Canterbury,Colecalciferol,400,815.0
202503,Canterbury,Colecalciferol,4000,6.0
202503,Canterbury,Colecalciferol,40000,5.0
202503,Canterbury,Colecalciferol,440,3.0
202503,Canterbury,Colecalciferol,50000,14.0
202503,Canterbury,Colecalciferol,600,1.0
202503,Canterbury,Colecalciferol,800,307.0
202503,Canterbury,Colecalciferol,880,36.0
202503,Canterbury,Colecalciferol,unknown,594.0
202503,Exeter,Colecalciferol,1000,54.0
202503,Exeter,Colecalciferol,200,22.0
202503,Exeter,Colecalciferol,2400,1.0
202503,Exeter,Colecalciferol,25000,1.0
202503,Exeter,Colecalciferol,400,9.0
202503,Exeter,Colecalciferol,800,13.0
202503,Exeter,Colecalciferol,880,173.0
202503,Exeter,Colecalciferol,unknown,55.0
202503,Leeds,Colecalciferol,1000,732.0
202503,Leeds,Colecalciferol,10000,9.0
202503,Leeds,Colecalciferol,200,199.0
202503,Leeds,Colecalciferol,2000,10.0
202503,Leeds,Colecalciferol,20000,70.0
202503,Leeds,Colecalciferol,2400,2.0
202503,Leeds,Colecalciferol,2500,2.0
202503,Leeds,Colecalciferol,25000,14.0
202503,Leeds,Colecalciferol,3000,1.0
202503,Leeds,Colecalciferol,400,678.0
202503,Leeds,Colecalciferol,4000,1.0
202503,Leeds,Colecalciferol,40000,5.0
202503,Leeds,Colecalciferol,440,1.0
202503,Leeds,Colecalciferol,50000,31.0
202503,Leeds,Colecalciferol,800,542.0
202503,Leeds,Colecalciferol,880,20.0
202503,Leeds,Colecalciferol,unknown,726.0
202503,London,Colecalciferol,1000,43960.0
202503,London,Colecalciferol,10000,1374.0
202503,London,Colecalciferol,15000,28.0
202503,London,Colecalciferol,200,16670.0
202503,London,Colecalciferol,2000,727.0
202503,London,Colecalciferol,20000,12960.0
202503,London,Colecalciferol,2200,80.0
202503,London,Colecalciferol,2400,145.0
202503,London,Colecalciferol,2500,152.0
202503,London,Colecalciferol,25000,3238.0
202503,London,Colecalciferol,2740,83.0
202503,London,Colecalciferol,3000,214.0
202503,London,Colecalciferol,30000,12.0
202503,London,Colecalciferol,300000,3.0
202503,London,Colecalciferol,3200,233.0
202503,London,Colecalciferol,400,46894.0
202503,London,Colecalciferol,4000,441.0
202503,London,Colecalciferol,40000,1386.0
202503,London,Colecalciferol,440,244.0
202503,London,Colecalciferol,5000,207.0
202503,London,Colecalciferol,50000,898.0
202503,London,Colecalciferol,5600,26.0
202503,London,Colecalciferol,600,68.0
202503,London,Colecalciferol,800,24680.0
202503,London,Colecalciferol,880,3135.0
202503,London,Colecalciferol,unknown,41192.0
202503,Manchester,Colecalciferol,1000,1010.0
202503,Manchester,Colecalciferol,10000,109.0
202503,Manchester,Colecalciferol,200,3039.0
202503,Manchester,Colecalciferol,2000,43.0
202503,Manchester,Colecalciferol,20000,1606.0
202503,Manchester,Colecalciferol,2200,1.0
202503,Manchester,Colecalciferol,2400,17.0
202503,Manchester,Colecalciferol,2500,7.0
202503,Manchester,Colecalciferol,25000,58.0
202503,Manchester,Colecalciferol,2740,11.0
202503,Manchester,Colecalciferol,3000,4.0
202503,Manchester,Colecalciferol,3200,29.0
202503,Manchester,Colecalciferol,400,4461.0
202503,Manchester,Colecalciferol,4000,20.0
202503,Manchester,Colecalciferol,40000,24.0
202503,Manchester,Colecalciferol,440,42.0
202503,Manchester,Colecalciferol,5000,3.0
202503,Manchester,Colecalciferol,50000,78.0
202503,Manchester,Colecalciferol,5600,14.0
202503,Manchester,Colecalciferol,600,6.0
202503,Manchester,Colecalciferol,800,2275.0
202503,Manchester,Colecalciferol,880,625.0
202503,Manchester,Colecalciferol,unknown,4305.0
202503,Middlesbrough,Colecalciferol,1000,126.0
202503,Middlesbrough,Colecalciferol,10000,5.0
202503,Middlesbrough,Colecalciferol,200,59.0
202503,Middlesbrough,Colecalciferol,2000,4.0
202503,Middlesbrough,Colecalciferol,20000,33.0
202503,Middlesbrough,Colecalciferol,3200,2.0
202503,Middlesbrough,Colecalciferol,400,72.0
202503,Middlesbrough,Colecalciferol,4000,4.0
202503,Middlesbrough,Colecalciferol,50000,3.0
202503,Middlesbrough,Colecalciferol,800,147.0
202503,Middlesbrough,Colecalciferol,880,35.0
202503,Middlesbrough,Colecalciferol,unknown,104.0
202503,Newcastle upon Tyne,Colecalciferol,1000,30.0
202503,Newcastle upon Tyne,Colecalciferol,10000,3.0
202503,Newcastle upon Tyne,Colecalciferol,15000,2.0
202503,Newcastle upon Tyne,Colecalciferol,200,182.0
202503,Newcastle upon Tyne,Colecalciferol,2000,6.0
202503,Newcastle upon Tyne,Colecalciferol,20000,143.0
202503,Newcastle upon Tyne,Colecalciferol,2400,6.0
202503,Newcastle upon Tyne,Colecalciferol,25000,2.0
202503,Newcastle upon Tyne,Colecalciferol,2740,6.0
202503,Newcastle upon Tyne,Colecalciferol,3200,7.0
202503,Newcastle upon Tyne,Colecalciferol,400,1275.0
202503,Newcastle upon Tyne,Colecalciferol,40000,1.0
202503,Newcastle upon Tyne,Colecalciferol,440,6.0
202503,Newcastle upon Tyne,Colecalciferol,5000,1.0
202503,Newcastle upon Tyne,Colecalciferol,50000,3.0
202503,Newcastle upon Tyne,Colecalciferol,600,1.0
202503,Newcastle upon Tyne,Colecalciferol,800,3651.0
202503,Newcastle upon Tyne,Colecalciferol,880,33.0
202503,Newcastle upon Tyne,Colecalciferol,unknown,781.0
202503,Nottingham,Colecalciferol,1000,4003.0
202503,Nottingham,Colecalciferol,10000,8.0
202503,Nottingham,Colecalciferol,200,503.0
202503,Nottingham,Colecalciferol,2000,5.0
202503,Nottingham,Colecalciferol,20000,140.0
202503,Nottingham,Colecalciferol,2200,6.0
202503,Nottingham,Colecalciferol,2400,17.0
202503,Nottingham,Colecalciferol,2500,1.0
202503,Nottingham,Colecalciferol,25000,127.0
202503,Nottingham,Colecalciferol,2740,26.0
202503,Nottingham,Colecalciferol,3000,1.0
202503,Nottingham,Colecalciferol,3200,8.0
202503,Nottingham,Colecalciferol,400,418.0
202503,Nottingham,Colecalciferol,4000,8.0
202503,Nottingham,Colecalciferol,40000,1.0
202503,Nottingham,Colecalciferol,440,1.0
202503,Nottingham,Colecalciferol,5000,5.0
202503,Nottingham,Colecalciferol,50000,338.0
202503,Nottingham,Colecalciferol,800,1299.0
202503,Nottingham,Colecalciferol,unknown,717.0
202503,Peterborough,Colecalciferol,1000,8.0
202503,Peterborough,Colecalciferol,200,4.0
202503,Peterborough,Colecalciferol,20000,1.0
202503,Peterborough,Colecalciferol,25000,2.0
202503,Peterborough,Colecalciferol,400,84.0
202503,Peterborough,Colecalciferol,50000,4.0
202503,Peterborough,Colecalciferol,800,15.0
202503,Peterborough,Colecalciferol,880,7.0
202503,Peterborough,Colecalciferol,unknown,22.0
202503,Plymouth,Colecalciferol,1000,91.0
202503,Plymouth,Colecalciferol,10000,1.0
202503,Plymouth,Colecalciferol,200,37.0
202503,Plymouth,Colecalciferol,2000,4.0
202503,Plymouth,Colecalciferol,2400,1.0
202503,Plymouth,Colecalciferol,2500,1.0
202503,Plymouth,Colecalciferol,25000,7.0
202503,Plymouth,Colecalciferol,400,49.0
202503,Plymouth,Colecalciferol,800,14.0
202503,Plymouth,Colecalciferol,880,53.0
202503,Plymouth,Colecalciferol,unknown,95.0
202503,Sunderland,Colecalciferol,1000,72.0
202503,Sunderland,Colecalciferol,10000,6.0
202503,Sunderland,Colecalciferol,200,88.0
202503,Sunderland,Colecalciferol,20000,32.0
202503,Sunderland,Colecalciferol,2500,1.0
202503,Sunderland,Colecalciferol,25000,1.0
202503,Sunderland,Colecalciferol,2740,1.0
202503,Sunderland,Colecalciferol,400,147.0
202503,Sunderland,Colecalciferol,4000,1.0
202503,Sunderland,Colecalciferol,800,349.0
202503,Sunderland,Colecalciferol,880,24.0
202503,Sunderland,Colecalciferol,unknown,434.0
202503,York,Colecalciferol,1000,296.0
202503,York,Colecalciferol,10000,7.0
202503,York,Colecalciferol,200,380.0
202503,York,Colecalciferol,2000,9.0
202503,York,Colecalciferol,20000,19.0
202503,York,Colecalciferol,2400,3.0
202503,York,Colecalciferol,2500,1.0
202503,York,Colecalciferol,25000,50.0
202503,York,Colecalciferol,3000,4.0
202503,York,Colecalciferol,3200,2.0
202503,York,Colecalciferol,400,343.0
202503,York,Colecalciferol,4000,1.0
202503,York,Colecalciferol,40000,1.0
202503,York,Colecalciferol,50000,34.0
202503,York,Colecalciferol,5600,2.0
202503,York,Colecalciferol,800,585.0
202503,York,Colecalciferol,880,50.0
202503,York,Colecalciferol,unknown,928.0
202504,Birmingham,Colecalciferol,1000,1055.0
202504,Birmingham,Colecalciferol,10000,88.0
202504,Birmingham,Colecalciferol,15000,1.0
202504,Birmingham,Colecalciferol,200,2230.0
202504,Birmingham,Colecalciferol,2000,62.0
202504,Birmingham,Colecalciferol,20000,335.0
202504,Birmingham,Colecalciferol,2200,4.0
202504,Birmingham,Colecalciferol,2400,34.0
202504,Birmingham,Colecalciferol,2500,1.0
202504,Birmingham,Colecalciferol,25000,317.0
202504,Birmingham,Colecalciferol,2740,7.0
202504,Birmingham,Colecalciferol,3000,5.0
202504,Birmingham,Colecalciferol,30000,3.0
202504,Birmingham,Colecalciferol,3200,102.0
202504,Birmingham,Colecalciferol,400,1316.0
202504,Birmingham,Colecalciferol,4000,25.0
202504,Birmingham,Colecalciferol,40000,2.0
202504,Birmingham,Colecalciferol,440,5.0
202504,Birmingham,Colecalciferol,5000,3.0
202504,Birmingham,Colecalciferol,50000,898.0
202504,Birmingham,Colecalciferol,5600,14.0
202504,Birmingham,Colecalciferol,600,3.0
202504,Birmingham,Colecalciferol,800,4461.0
202504,Birmingham,Colecalciferol,880,148.0
202504,Birmingham,Colecalciferol,unknown,1860.0
202504,Brighton,Colecalciferol,1000,5.0
202504,Brighton,Colecalciferol,200,25.0
202504,Brighton,Colecalciferol,2000,1.0
202504,Brighton,Colecalciferol,20000,6.0
202504,Brighton,Colecalciferol,25000,3.0
202504,Brighton,Colecalciferol,3200,1.0
202504,Brighton,Colecalciferol,400,100.0
202504,Brighton,Colecalciferol,4000,3.0
202504,Brighton,Colecalciferol,50000,3.0
202504,Brighton,Colecalciferol,800,72.0
202504,Brighton,Colecalciferol,880,2.0
202504,Brighton,Colecalciferol,unknown,59.0
202504,Bristol,Colecalciferol,1000,466.0
202504,Bristol,Colecalciferol,10000,9.0
202504,Bristol,Colecalciferol,200,435.0
202504,Bristol,Colecalciferol,2000,6.0
202504,Bristol,Colecalciferol,20000,50.0
202504,Bristol,Colecalciferol,2400,1.0
202504,Bristol,Colecalciferol,25000,62.0
202504,Bristol,Colecalciferol,2740,1.0
202504,Bristol,Colecalciferol,3000,4.0
202504,Bristol,Colecalciferol,3200,6.0
202504,Bristol,Colecalciferol,400,1316.0
202504,Bristol,Colecalciferol,4000,1.0
202504,Bristol,Colecalciferol,40000,1.0
202504,Bristol,Colecalciferol,440,10.0
202504,Bristol,Colecalciferol,50000,20.0
202504,Bristol,Colecalciferol,800,1753.0
202504,Bristol,Colecalciferol,880,234.0
202504,Bristol,Colecalciferol,unknown,1016.0
202504,Canterbury,Colecalciferol,1000,214.0
202504,Canterbury,Colecalciferol,10000,3.0
202504,Canterbury,Colecalciferol,200,272.0
202504,Canterbury,Colecalciferol,20000,31.0
202504,Canterbury,Colecalciferol,2400,3.0
202504,Canterbury,Colecalciferol,2500,1.0
202504,Canterbury,Colecalciferol,25000,3.0
202504,Canterbury,Colecalciferol,3200,7.0
202504,Canterbury,Colecalciferol,400,713.0
202504,Canterbury,Colecalciferol,4000,2.0
202504,Canterbury,Colecalciferol,40000,5.0
202504,Canterbury,Colecalciferol,440,2.0
202504,Canterbury,Colecalciferol,50000,18.0
202504,Canterbury,Colecalciferol,600,1.0
202504,Canterbury,Colecalciferol,800,274.0
202504,Canterbury,Colecalciferol,880,28.0
202504,Canterbury,Colecalciferol,unknown,602.0
202504,Exeter,Colecalciferol,1000,48.0
202504,Exeter,Colecalciferol,200,19.0
202504,Exeter,Colecalciferol,25000,1.0
202504,Exeter,Colecalciferol,400,12.0
202504,Exeter,Colecalciferol,800,23.0
202504,Exeter,Colecalciferol,880,179.0
202504,Exeter,Colecalciferol,unknown,45.0
202504,Leeds,Colecalciferol,1000,760.0
202504,Leeds,Colecalciferol,10000,12.0
202504,Leeds,Colecalciferol,200,187.0
202504,Leeds,Colecalciferol,2000,8.0
202504,Leeds,Colecalciferol,20000,49.0
202504,Leeds,Colecalciferol,2400,1.0
202504,Leeds,Colecalciferol,25000,19.0
202504,Leeds,Colecalciferol,3000,1.0
202504,Leeds,Colecalciferol,30000,1.0
202504,Leeds,Colecalciferol,400,643.0
202504,Leeds,Colecalciferol,4000,2.0
202504,Leeds,Colecalciferol,40000,8.0
202504,Leeds,Colecalciferol,440,1.0
202504,Leeds,Colecalciferol,50000,26.0
202504,Leeds,Colecalciferol,800,504.0
202504,Leeds,Colecalciferol,880,21.0
202504,Leeds,Colecalciferol,unknown,653.0
202504,London,Colecalciferol,1000,44749.0
202504,London,Colecalciferol,10000,1438.0
202504,London,Colecalciferol,15000,16.0
202504,London,Colecalciferol,200,16876.0
202504,London,Colecalciferol,2000,751.0
202504,London,Colecalciferol,20000,12739.0
202504,London,Colecalciferol,2200,72.0
202504,London,Colecalciferol,2400,151.0
202504,London,Colecalciferol,2500,99.0
202504,London,Colecalciferol,25000,3033.0
202504,London,Colecalciferol,2740,81.0
202504,London,Colecalciferol,3000,215.0
202504,London,Colecalciferol,30000,3.0
202504,London,Colecalciferol,300000,2.0
202504,London,Colecalciferol,3200,209.0
202504,London,Colecalciferol,400,47201.0
202504,London,Colecalciferol,4000,380.0
202504,London,Colecalciferol,40000,1223.0
202504,London,Colecalciferol,440,245.0
202504,London,Colecalciferol,5000,193.0
202504,London,Colecalciferol,50000,933.0
202504,London,Colecalciferol,5600,30.0
202504,London,Colecalciferol,600,58.0
202504,London,Colecalciferol,800,25464.0
202504,London,Colecalciferol,880,3576.0
202504,London,Colecalciferol,unknown,41637.0
202504,Manchester,Colecalciferol,1000,1075.0
202504,Manchester,Colecalciferol,10000,83.0
202504,Manchester,Colecalciferol,15000,2.0
202504,Manchester,Colecalciferol,200,3033.0
202504,Manchester,Colecalciferol,2000,33.0
202504,Manchester,Colecalciferol,20000,1511.0
202504,Manchester,Colecalciferol,2200,2.0
202504,Manchester,Colecalciferol,2400,13.0
202504,Manchester,Colecalciferol,2500,8.0
202504,Manchester,Colecalciferol,25000,63.0
202504,Manchester,Colecalciferol,2740,7.0
202504,Manchester,Colecalciferol,3000,8.0
202504,Manchester,Colecalciferol,3200,35.0
202504,Manchester,Colecalciferol,400,4667.0
202504,Manchester,Colecalciferol,4000,33.0
202504,Manchester,Colecalciferol,40000,25.0
202504,Manchester,Colecalciferol,440,38.0
202504,Manchester,Colecalciferol,5000,6.0
202504,Manchester,Colecalciferol,50000,83.0
202504,Manchester,Colecalciferol,5600,8.0
202504,Manchester,Colecalciferol,600,4.0
202504,Manchester,Colecalciferol,800,2338.0
202504,Manchester,Colecalciferol,880,682.0
202504,Manchester,Colecalciferol,unknown,4330.0
202504,Middlesbrough,Colecalciferol,1000,115.0
202504,Middlesbrough,Colecalciferol,10000,2.0
202504,Middlesbrough,Colecalciferol,200,54.0
202504,Middlesbrough,Colecalciferol,2000,1.0
202504,Middlesbrough,Colecalciferol,20000,26.0
202504,Middlesbrough,Colecalciferol,25000,1.0
202504,Middlesbrough,Colecalciferol,3000,2.0
202504,Middlesbrough,Colecalciferol,400,71.0
202504,Middlesbrough,Colecalciferol,4000,3.0
202504,Middlesbrough,Colecalciferol,5000,2.0
202504,Middlesbrough,Colecalciferol,800,139.0
202504,Middlesbrough,Colecalciferol,880,45.0
202504,Middlesbrough,Colecalciferol,unknown,111.0
202504,Newcastle upon Tyne,Colecalciferol,1000,40.0
202504,Newcastle upon Tyne,Colecalciferol,10000,4.0
202504,Newcastle upon Tyne,Colecalciferol,200,179.0
202504,Newcastle upon Tyne,Colecalciferol,2000,4.0
202504,Newcastle upon Tyne,Colecalciferol,20000,135.0
202504,Newcastle upon Tyne,Colecalciferol,2400,9.0
202504,Newcastle upon Tyne,Colecalciferol,25000,5.0
202504,Newcastle upon Tyne,Colecalciferol,2740,13.0
202504,Newcastle upon Tyne,Colecalciferol,3200,4.0
202504,Newcastle upon Tyne,Colecalciferol,400,1312.0
202504,Newcastle upon Tyne,Colecalciferol,440,5.0
202504,Newcastle upon Tyne,Colecalciferol,50000,2.0
202504,Newcastle upon Tyne,Colecalciferol,800,3738.0
202504,Newcastle upon Tyne,Colecalciferol,880,26.0
202504,Newcastle upon Tyne,Colecalciferol,unknown,769.0
202504,Nottingham,Colecalciferol,1000,4629.0
202504,Nottingham,Colecalciferol,10000,2.0
202504,Nottingham,Colecalciferol,200,576.0
202504,Nottingham,Colecalciferol,2000,12.0
202504,Nottingham,Colecalciferol,20000,100.0
202504,Nottingham,Colecalciferol,2200,4.0
202504,Nottingham,Colecalciferol,2400,18.0
202504,Nottingham,Colecalciferol,2500,1.0
202504,Nottingham,Colecalciferol,25000,109.0
202504,Nottingham,Colecalciferol,2740,22.0
202504,Nottingham,Colecalciferol,3200,17.0
202504,Nottingham,Colecalciferol,400,477.0
202504,Nottingham,Colecalciferol,4000,8.0
202504,Nottingham,Colecalciferol,40000,1.0
202504,Nottingham,Colecalciferol,440,2.0
202504,Nottingham,Colecalciferol,50000,368.0
202504,Nottingham,Colecalciferol,800,1470.0
202504,Nottingham,Colecalciferol,880,1.0
202504,Nottingham,Colecalciferol,unknown,816.0
202504,Peterborough,Colecalciferol,1000,6.0
202504,Peterborough,Colecalciferol,200,5.0
202504,Peterborough,Colecalciferol,20000,4.0
202504,Peterborough,Colecalciferol,25000,2.0
202504,Peterborough,Colecalciferol,400,87.0
202504,Peterborough,Colecalciferol,50000,9.0
202504,Peterborough,Colecalciferol,800,18.0
202504,Peterborough,Colecalciferol,880,12.0
202504,Peterborough,Colecalciferol,unknown,21.0
202504,Plymouth,Colecalciferol,1000,107.0
202504,Plymouth,Colecalciferol,200,45.0
202504,Plymouth,Colecalciferol,2000,4.0
202504,Plymouth,Colecalciferol,20000,1.0
202504,Plymouth,Colecalciferol,2500,1.0
202504,Plymouth,Colecalciferol,25000,11.0
202504,Plymouth,Colecalciferol,400,52.0
202504,Plymouth,Colecalciferol,50000,3.0
202504,Plymouth,Colecalciferol,800,16.0
202504,Plymouth,Colecalciferol,880,35.0
202504,Plymouth,Colecalciferol,unknown,84.0
202504,Sunderland,Colecalciferol,1000,77.0
202504,Sunderland,Colecalciferol,10000,5.0
202504,Sunderland,Colecalciferol,200,72.0
202504,Sunderland,Colecalciferol,2000,1.0
202504,Sunderland,Colecalciferol,20000,24.0
202504,Sunderland,Colecalciferol,25000,1.0
202504,Sunderland,Colecalciferol,2740,2.0
202504,Sunderland,Colecalciferol,400,173.0
202504,Sunderland,Colecalciferol,4000,1.0
202504,Sunderland,Colecalciferol,800,371.0
202504,Sunderland,Colecalciferol,880,21.0
202504,Sunderland,Colecalciferol,unknown,381.0
202504,York,Colecalciferol,1000,332.0
202504,York,Colecalciferol,10000,5.0
202504,York,Colecalciferol,200,402.0
202504,York,Colecalciferol,2000,13.0
202504,York,Colecalciferol,20000,11.0
202504,York,Colecalciferol,2400,1.0
202504,York,Colecalciferol,2500,1.0
202504,York,Colecalciferol,25000,47.0
202504,York,Colecalciferol,3000,3.0
202504,York,Colecalciferol,3200,1.0
202504,York,Colecalciferol,400,388.0
202504,York,Colecalciferol,5000,1.0
202504,York,Colecalciferol,50000,37.0
202504,York,Colecalciferol,5600,1.0
202504,York,Colecalciferol,800,659.0
202504,York,Colecalciferol,880,52.0
202504,York,Colecalciferol,unknown,976.0
202505,Birmingham,Colecalciferol,1000,1111.0
202505,Birmingham,Colecalciferol,10000,70.0
202505,Birmingham,Colecalciferol,15000,3.0
202505,Birmingham,Colecalciferol,200,2244.0
202505,Birmingham,Colecalciferol,2000,58.0
202505,Birmingham,Colecalciferol,20000,369.0
202505,Birmingham,Colecalciferol,2200,6.0
202505,Birmingham,Colecalciferol,2400,32.0
202505,Birmingham,Colecalciferol,2500,1.0
202505,Birmingham,Colecalciferol,25000,309.0
202505,Birmingham,Colecalciferol,2740,8.0
202505,Birmingham,Colecalciferol,3000,9.0
202505,Birmingham,Colecalciferol,30000,5.0
202505,Birmingham,Colecalciferol,3200,98.0
202505,Birmingham,Colecalciferol,400,1402.0
202505,Birmingham,Colecalciferol,4000,35.0
202505,Birmingham,Colecalciferol,40000,4.0
202505,Birmingham,Colecalciferol,440,5.0
202505,Birmingham,Colecalciferol,5000,8.0
202505,Birmingham,Colecalciferol,50000,784.0
202505,Birmingham,Colecalciferol,5600,16.0
202505,Birmingham,Colecalciferol,600,4.0
202505,Birmingham,Colecalciferol,800,4565.0
202505,Birmingham,Colecalciferol,880,156.0
202505,Birmingham,Colecalciferol,unknown,1890.0
202505,Brighton,Colecalciferol,1000,3.0
202505,Brighton,Colecalciferol,15000,1.0
202505,Brighton,Colecalciferol,200,32.0
202505,Brighton,Colecalciferol,2000,1.0
202505,Brighton,Colecalciferol,20000,5.0
202505,Brighton,Colecalciferol,25000,2.0
202505,Brighton,Colecalciferol,3200,1.0
202505,Brighton,Colecalciferol,400,105.0
202505,Brighton,Colecalciferol,800,68.0
202505,Brighton,Colecalciferol,880,1.0
202505,Brighton,Colecalciferol,unknown,57.0
202505,Bristol,Colecalciferol,1000,509.0
202505,Bristol,Colecalciferol,10000,28.0
202505,Bristol,Colecalciferol,200,492.0
202505,Bristol,Colecalciferol,2000,28.0
202505,Bristol,Colecalciferol,20000,48.0
202505,Bristol,Colecalciferol,2200,1.0
202505,Bristol,Colecalciferol,2400,1.0
202505,Bristol,Colecalciferol,25000,66.0
202505,Bristol,Colecalciferol,3000,7.0
202505,Bristol,Colecalciferol,3200,3.0
202505,Bristol,Colecalciferol,400,1251.0
202505,Bristol,Colecalciferol,4000,1.0
202505,Bristol,Colecalciferol,40000,1.0
202505,Bristol,Colecalciferol,440,17.0
202505,Bristol,Colecalciferol,50000,18.0
202505,Bristol,Colecalciferol,800,1831.0
202505,Bristol,Colecalciferol,880,259.0
202505,Bristol,Colecalciferol,unknown,1050.0
202505,Canterbury,Colecalciferol,1000,225.0
202505,Canterbury,Colecalciferol,10000,8.0
202505,Canterbury,Colecalciferol,200,349.0
202505,Canterbury,Colecalciferol,20000,29.0
202505,Canterbury,Colecalciferol,2400,1.0
202505,Canterbury,Colecalciferol,25000,2.0
202505,Canterbury,Colecalciferol,3200,10.0
202505,Canterbury,Colecalciferol,400,916.0
202505,Canterbury,Colecalciferol,4000,5.0
202505,Canterbury,Colecalciferol,40000,3.0
202505,Canterbury,Colecalciferol,440,5.0
202505,Canterbury,Colecalciferol,50000,9.0
202505,Canterbury,Colecalciferol,600,3.0
202505,Canterbury,Colecalciferol,800,306.0
202505,Canterbury,Colecalciferol,880,34.0
202505,Canterbury,Colecalciferol,unknown,610.0
202505,Exeter,Colecalciferol,1000,63.0
202505,Exeter,Colecalciferol,200,21.0
202505,Exeter,Colecalciferol,400,8.0
202505,Exeter,Colecalciferol,800,14.0
202505,Exeter,Colecalciferol,880,193.0
202505,Exeter,Colecalciferol,unknown,50.0
202505,Leeds,Colecalciferol,1000,852.0
202505,Leeds,Colecalciferol,10000,4.0
202505,Leeds,Colecalciferol,200,203.0
202505,Leeds,Colecalciferol,2000,11.0
202505,Leeds,Colecalciferol,20000,55.0
202505,Leeds,Colecalciferol,2200,1.0
202505,Leeds,Colecalciferol,2400,4.0
202505,Leeds,Colecalciferol,2500,2.0
202505,Leeds,Colecalciferol,25000,13.0
202505,Leeds,Colecalciferol,3000,1.0
202505,Leeds,Colecalciferol,3200,2.0
202505,Leeds,Colecalciferol,400,674.0
202505,Leeds,Colecalciferol,40000,8.0
202505,Leeds,Colecalciferol,440,1.0
202505,Leeds,Colecalciferol,50000,21.0
202505,Leeds,Colecalciferol,800,522.0
202505,Leeds,Colecalciferol,880,21.0
202505,Leeds,Colecalciferol,unknown,741.0
202505,London,Colecalciferol,1000,46033.0
202505,London,Colecalciferol,10000,1349.0
202505,London,Colecalciferol,15000,23.0
202505,London,Colecalciferol,200,17366.0
202505,London,Colecalciferol,2000,756.0
202505,London,Colecalciferol,20000,12652.0
202505,London,Colecalciferol,2200,76.0
202505,London,Colecalciferol,2400,136.0
202505,London,Colecalciferol,2500,135.0
202505,London,Colecalciferol,25000,3015.0
202505,London,Colecalciferol,2740,70.0
202505,London,Colecalciferol,3000,185.0
202505,London,Colecalciferol,30000,5.0
202505,London,Colecalciferol,3200,259.0
202505,London,Colecalciferol,400,49403.0
202505,London,Colecalciferol,4000,406.0
202505,London,Colecalciferol,40000,1067.0
202505,London,Colecalciferol,440,246.0
202505,London,Colecalciferol,5000,189.0
202505,London,Colecalciferol,50000,909.0
202505,London,Colecalciferol,5600,45.0
202505,London,Colecalciferol,600,52.0
202505,London,Colecalciferol,800,25802.0
202505,London,Colecalciferol,880,3687.0
202505,London,Colecalciferol,unknown,42849.0
202505,Manchester,Colecalciferol,1000,1078.0
202505,Manchester,Colecalciferol,10000,83.0
202505,Manchester,Colecalciferol,15000,1.0
202505,Manchester,Colecalciferol,200,3093.0
202505,Manchester,Colecalciferol,2000,42.0
202505,Manchester,Colecalciferol,20000,1390.0
202505,Manchester,Colecalciferol,2200,3.0
202505,Manchester,Colecalciferol,2400,14.0
202505,Manchester,Colecalciferol,2500,5.0
202505,Manchester,Colecalciferol,25000,61.0
202505,Manchester,Colecalciferol,2740,4.0
202505,Manchester,Colecalciferol,3000,3.0
202505,Manchester,Colecalciferol,3200,36.0
202505,Manchester,Colecalciferol,400,4887.0
202505,Manchester,Colecalciferol,4000,28.0
202505,Manchester,Colecalciferol,40000,17.0
202505,Manchester,Colecalciferol,440,42.0
202505,Manchester,Colecalciferol,5000,3.0
202505,Manchester,Colecalciferol,50000,73.0
202505,Manchester,Colecalciferol,5600,12.0
202505,Manchester,Colecalciferol,600,8.0
202505,Manchester,Colecalciferol,800,2301.0
202505,Manchester,Colecalciferol,880,674.0
202505,Manchester,Colecalciferol,unknown,4396.0
202505,Middlesbrough,Colecalciferol,1000,119.0
202505,Middlesbrough,Colecalciferol,10000,1.0
202505,Middlesbrough,Colecalciferol,200,59.0
202505,Middlesbrough,Colecalciferol,2000,3.0
202505,Middlesbrough,Colecalciferol,20000,15.0
202505,Middlesbrough,Colecalciferol,25000,1.0
202505,Middlesbrough,Colecalciferol,3000,2.0
202505,Middlesbrough,Colecalciferol,3200,1.0
202505,Middlesbrough,Colecalciferol,400,66.0
202505,Middlesbrough,Colecalciferol,4000,1.0
202505,Middlesbrough,Colecalciferol,600,1.0
202505,Middlesbrough,Colecalciferol,800,128.0
202505,Middlesbrough,Colecalciferol,880,48.0
202505,Middlesbrough,Colecalciferol,unknown,128.0
202505,Newcastle upon Tyne,Colecalciferol,1000,39.0
202505,Newcastle upon Tyne,Colecalciferol,10000,2.0
202505,Newcastle upon Tyne,Colecalciferol,200,198.0
202505,Newcastle upon Tyne,Colecalciferol,2000,8.0
202505,Newcastle upon Tyne,Colecalciferol,20000,143.0
202505,Newcastle upon Tyne,Colecalciferol,2400,8.0
202505,Newcastle upon Tyne,Colecalciferol,25000,6.0
202505,Newcastle upon Tyne,Colecalciferol,2740,9.0
202505,Newcastle upon Tyne,Colecalciferol,3000,1.0
202505,Newcastle upon Tyne,Colecalciferol,3200,4.0
202505,Newcastle upon Tyne,Colecalciferol,400,1424.0
202505,Newcastle upon Tyne,Colecalciferol,440,3.0
202505,Newcastle upon Tyne,Colecalciferol,50000,4.0
202505,Newcastle upon Tyne,Colecalciferol,600,1.0
202505,Newcastle upon Tyne,Colecalciferol,800,3912.0
202505,Newcastle upon Tyne,Colecalciferol,880,29.0
202505,Newcastle upon Tyne,Colecalciferol,unknown,818.0
202505,Nottingham,Colecalciferol,1000,4717.0
202505,Nottingham,Colecalciferol,10000,9.0
202505,Nottingham,Colecalciferol,200,580.0
202505,Nottingham,Colecalciferol,2000,17.0
202505,Nottingham,Colecalciferol,20000,90.0
202505,Nottingham,Colecalciferol,2200,4.0
202505,Nottingham,Colecalciferol,2400,17.0
202505,Nottingham,Colecalciferol,25000,123.0
202505,Nottingham,Colecalciferol,2740,18.0
202505,Nottingham,Colecalciferol,3200,16.0
202505,Nottingham,Colecalciferol,400,463.0
202505,Nottingham,Colecalciferol,4000,8.0
202505,Nottingham,Colecalciferol,40000,1.0
202505,Nottingham,Colecalciferol,440,3.0
202505,Nottingham,Colecalciferol,5000,5.0
202505,Nottingham,Colecalciferol,50000,306.0
202505,Nottingham,Colecalciferol,800,1440.0
202505,Nottingham,Colecalciferol,880,1.0
202505,Nottingham,Colecalciferol,unknown,800.0
202505,Peterborough,Colecalciferol,1000,5.0
202505,Peterborough,Colecalciferol,10000,1.0
202505,Peterborough,Colecalciferol,200,6.0
202505,Peterborough,Colecalciferol,20000,2.0
202505,Peterborough,Colecalciferol,400,84.0
202505,Peterborough,Colecalciferol,50000,7.0
202505,Peterborough,Colecalciferol,800,14.0
202505,Peterborough,Colecalciferol,880,8.0
202505,Peterborough,Colecalciferol,unknown,31.0
202505,Plymouth,Colecalciferol,1000,99.0
202505,Plymouth,Colecalciferol,10000,1.0
202505,Plymouth,Colecalciferol,200,29.0
202505,Plymouth,Colecalciferol,2000,4.0
202505,Plymouth,Colecalciferol,2500,1.0
202505,Plymouth,Colecalciferol,25000,7.0
202505,Plymouth,Colecalciferol,400,44.0
202505,Plymouth,Colecalciferol,440,1.0
202505,Plymouth,Colecalciferol,50000,3.0
202505,Plymouth,Colecalciferol,800,12.0
202505,Plymouth,Colecalciferol,880,57.0
202505,Plymouth,Colecalciferol,unknown,87.0
202505,Sunderland,Colecalciferol,1000,83.0
202505,Sunderland,Colecalciferol,10000,5.0
202505,Sunderland,Colecalciferol,200,88.0
202505,Sunderland,Colecalciferol,20000,28.0
202505,Sunderland,Colecalciferol,2500,1.0
202505,Sunderland,Colecalciferol,25000,2.0
202505,Sunderland,Colecalciferol,2740,1.0
202505,Sunderland,Colecalciferol,400,161.0
202505,Sunderland,Colecalciferol,800,416.0
202505,Sunderland,Colecalciferol,880,22.0
202505,Sunderland,Colecalciferol,unknown,434.0
202505,York,Colecalciferol,1000,294.0
202505,York,Colecalciferol,10000,3.0
202505,York,Colecalciferol,200,453.0
202505,York,Colecalciferol,2000,10.0
202505,York,Colecalciferol,20000,9.0
202505,York,Colecalciferol,2400,3.0
202505,York,Colecalciferol,2500,1.0
202505,York,Colecalciferol,25000,42.0
202505,York,Colecalciferol,2740,1.0
202505,York,Colecalciferol,3000,1.0
202505,York,Colecalciferol,400,396.0
202505,York,Colecalciferol,40000,2.0
202505,York,Colecalciferol,5000,2.0
202505,York,Colecalciferol,50000,30.0
202505,York,Colecalciferol,5600,2.0
202505,York,Colecalciferol,800,704.0
202505,York,Colecalciferol,880,58.0
202505,York,Colecalciferol,unknown,991.0
202506,Birmingham,Colecalciferol,1000,1088.0
202506,Birmingham,Colecalciferol,10000,63.0
202506,Birmingham,Colecalciferol,15000,2.0
202506,Birmingham,Colecalciferol,200,2202.0
202506,Birmingham,Colecalciferol,2000,53.0
202506,Birmingham,Colecalciferol,20000,338.0
202506,Birmingham,Colecalciferol,2200,5.0
202506,Birmingham,Colecalciferol,2400,32.0
202506,Birmingham,Colecalciferol,2500,2.0
202506,Birmingham,Colecalciferol,25000,281.0
202506,Birmingham,Colecalciferol,2740,4.0
202506,Birmingham,Colecalciferol,3000,10.0
202506,Birmingham,Colecalciferol,3200,81.0
202506,Birmingham,Colecalciferol,400,1338.0
202506,Birmingham,Colecalciferol,4000,35.0
202506,Birmingham,Colecalciferol,40000,3.0
202506,Birmingham,Colecalciferol,440,5.0
202506,Birmingham,Colecalciferol,5000,2.0
202506,Birmingham,Colecalciferol,50000,763.0
202506,Birmingham,Colecalciferol,5600,10.0
202506,Birmingham,Colecalciferol,600,4.0
202506,Birmingham,Colecalciferol,800,4423.0
202506,Birmingham,Colecalciferol,880,173.0
202506,Birmingham,Colecalciferol,unknown,1847.0
202506,Brighton,Colecalciferol,1000,5.0
202506,Brighton,Colecalciferol,200,25.0
202506,Brighton,Colecalciferol,2000,1.0
202506,Brighton,Colecalciferol,20000,5.0
202506,Brighton,Colecalciferol,25000,4.0
202506,Brighton,Colecalciferol,3200,2.0
202506,Brighton,Colecalciferol,400,84.0
202506,Brighton,Colecalciferol,4000,2.0
202506,Brighton,Colecalciferol,800,70.0
202506,Brighton,Colecalciferol,unknown,51.0
202506,Bristol,Colecalciferol,1000,450.0
202506,Bristol,Colecalciferol,10000,29.0
202506,Bristol,Colecalciferol,200,478.0
202506,Bristol,Colecalciferol,2000,3.0
202506,Bristol,Colecalciferol,20000,33.0
202506,Bristol,Colecalciferol,25000,56.0
202506,Bristol,Colecalciferol,2740,2.0
202506,Bristol,Colecalciferol,3000,4.0
202506,Bristol,Colecalciferol,3200,7.0
202506,Bristol,Colecalciferol,400,1281.0
202506,Bristol,Colecalciferol,40000,1.0
202506,Bristol,Colecalciferol,440,12.0
202506,Bristol,Colecalciferol,50000,24.0
202506,Bristol,Colecalciferol,800,1817.0
202506,Bristol,Colecalciferol,880,236.0
202506,Bristol,Colecalciferol,unknown,1002.0
202506,Canterbury,Colecalciferol,1000,218.0
202506,Canterbury,Colecalciferol,10000,8.0
202506,Canterbury,Colecalciferol,200,302.0
202506,Canterbury,Colecalciferol,20000,23.0
202506,Canterbury,Colecalciferol,2500,1.0
202506,Canterbury,Colecalciferol,25000,2.0
202506,Canterbury,Colecalciferol,3200,8.0
202506,Canterbury,Colecalciferol,400,848.0
202506,Canterbury,Colecalciferol,4000,6.0
202506,Canterbury,Colecalciferol,40000,1.0
202506,Canterbury,Colecalciferol,440,4.0
202506,Canterbury,Colecalciferol,50000,7.0
202506,Canterbury,Colecalciferol,600,1.0
202506,Canterbury,Colecalciferol,800,284.0
202506,Canterbury,Colecalciferol,880,26.0
202506,Canterbury,Colecalciferol,unknown,636.0
202506,Exeter,Colecalciferol,1000,48.0
202506,Exeter,Colecalciferol,200,15.0
202506,Exeter,Colecalciferol,2400,1.0
202506,Exeter,Colecalciferol,400,9.0
202506,Exeter,Colecalciferol,800,18.0
202506,Exeter,Colecalciferol,880,188.0
202506,Exeter,Colecalciferol,unknown,48.0
202506,Leeds,Colecalciferol,1000,783.0
202506,Leeds,Colecalciferol,10000,12.0
202506,Leeds,Colecalciferol,200,175.0
202506,Leeds,Colecalciferol,2000,9.0
202506,Leeds,Colecalciferol,20000,61.0
202506,Leeds,Colecalciferol,2200,2.0
202506,Leeds,Colecalciferol,2400,4.0
202506,Leeds,Colecalciferol,2500,1.0
202506,Leeds,Colecalciferol,25000,17.0
202506,Leeds,Colecalciferol,2740,1.0
202506,Leeds,Colecalciferol,3000,3.0
202506,Leeds,Colecalciferol,30000,1.0
202506,Leeds,Colecalciferol,400,690.0
202506,Leeds,Colecalciferol,4000,1.0
202506,Leeds,Colecalciferol,40000,5.0
202506,Leeds,Colecalciferol,440,1.0
202506,Leeds,Colecalciferol,50000,18.0
202506,Leeds,Colecalciferol,600,1.0
202506,Leeds,Colecalciferol,800,514.0
202506,Leeds,Colecalciferol,880,25.0
202506,Leeds,Colecalciferol,unknown,633.0
202506,London,Colecalciferol,1000,46048.0
202506,London,Colecalciferol,10000,1297.0
202506,London,Colecalciferol,15000,13.0
202506,London,Colecalciferol,200,16839.0
202506,London,Colecalciferol,2000,740.0
202506,London,Colecalciferol,20000,11938.0
202506,London,Colecalciferol,2200,60.0
202506,London,Colecalciferol,2400,157.0
202506,London,Colecalciferol,2500,105.0
202506,London,Colecalciferol,25000,2896.0
202506,London,Colecalciferol,2740,65.0
202506,London,Colecalciferol,3000,188.0
202506,London,Colecalciferol,30000,5.0
202506,London,Colecalciferol,300000,2.0
202506,London,Colecalciferol,3200,225.0
202506,London,Colecalciferol,400,47790.0
202506,London,Colecalciferol,4000,388.0
202506,London,Colecalciferol,40000,929.0
202506,London,Colecalciferol,440,215.0
202506,London,Colecalciferol,5000,190.0
202506,London,Colecalciferol,50000,816.0
202506,London,Colecalciferol,5600,36.0
202506,London,Colecalciferol,600,50.0
202506,London,Colecalciferol,800,25060.0
202506,London,Colecalciferol,880,3682.0
202506,London,Colecalciferol,unknown,41671.0
202506,Manchester,Colecalciferol,1000,1062.0
202506,Manchester,Colecalciferol,10000,76.0
202506,Manchester,Colecalciferol,200,2955.0
202506,Manchester,Colecalciferol,2000,30.0
202506,Manchester,Colecalciferol,20000,1263.0
202506,Manchester,Colecalciferol,2200,4.0
202506,Manchester,Colecalciferol,2400,9.0
202506,Manchester,Colecalciferol,2500,8.0
202506,Manchester,Colecalciferol,25000,51.0
202506,Manchester,Colecalciferol,2740,11.0
202506,Manchester,Colecalciferol,3000,9.0
202506,Manchester,Colecalciferol,3200,127.0
202506,Manchester,Colecalciferol,400,4727.0
202506,Manchester,Colecalciferol,4000,22.0
202506,Manchester,Colecalciferol,40000,18.0
202506,Manchester,Colecalciferol,440,33.0
202506,Manchester,Colecalciferol,5000,4.0
202506,Manchester,Colecalciferol,50000,64.0
202506,Manchester,Colecalciferol,5600,7.0
202506,Manchester,Colecalciferol,600,8.0
202506,Manchester,Colecalciferol,800,2326.0
202506,Manchester,Colecalciferol,880,623.0
202506,Manchester,Colecalciferol,unknown,4113.0
202506,Middlesbrough,Colecalciferol,1000,127.0
202506,Middlesbrough,Colecalciferol,10000,2.0
202506,Middlesbrough,Colecalciferol,200,61.0
202506,Middlesbrough,Colecalciferol,2000,2.0
202506,Middlesbrough,Colecalciferol,20000,17.0
202506,Middlesbrough,Colecalciferol,2740,1.0
202506,Middlesbrough,Colecalciferol,400,76.0
202506,Middlesbrough,Colecalciferol,50000,2.0
202506,Middlesbrough,Colecalciferol,800,143.0
202506,Middlesbrough,Colecalciferol,880,41.0
202506,Middlesbrough,Colecalciferol,unknown,106.0
202506,Newcastle upon Tyne,Colecalciferol,1000,36.0
202506,Newcastle upon Tyne,Colecalciferol,10000,3.0
202506,Newcastle upon Tyne,Colecalciferol,15000,1.0
202506,Newcastle upon Tyne,Colecalciferol,200,188.0
202506,Newcastle upon Tyne,Colecalciferol,2000,3.0
202506,Newcastle upon Tyne,Colecalciferol,20000,112.0
202506,Newcastle upon Tyne,Colecalciferol,2400,9.0
202506,Newcastle upon Tyne,Colecalciferol,25000,7.0
202506,Newcastle upon Tyne,Colecalciferol,2740,12.0
202506,Newcastle upon Tyne,Colecalciferol,3200,4.0
202506,Newcastle upon Tyne,Colecalciferol,400,1317.0
202506,Newcastle upon Tyne,Colecalciferol,440,6.0
202506,Newcastle upon Tyne,Colecalciferol,5000,1.0
202506,Newcastle upon Tyne,Colecalciferol,50000,2.0
202506,Newcastle upon Tyne,Colecalciferol,600,2.0
202506,Newcastle upon Tyne,Colecalciferol,800,3718.0
202506,Newcastle upon Tyne,Colecalciferol,880,18.0
202506,Newcastle upon Tyne,Colecalciferol,unknown,762.0
202506,Nottingham,Colecalciferol,1000,4541.0
202506,Nottingham,Colecalciferol,10000,3.0
202506,Nottingham,Colecalciferol,200,582.0
202506,Nottingham,Colecalciferol,2000,19.0
202506,Nottingham,Colecalciferol,20000,90.0
202506,Nottingham,Colecalciferol,2200,4.0
202506,Nottingham,Colecalciferol,2400,12.0
202506,Nottingham,Colecalciferol,2500,1.0
202506,Nottingham,Colecalciferol,25000,121.0
202506,Nottingham,Colecalciferol,2740,22.0
202506,Nottingham,Colecalciferol,3000,1.0
202506,Nottingham,Colecalciferol,3200,12.0
202506,Nottingham,Colecalciferol,400,464.0
202506,Nottingham,Colecalciferol,4000,13.0
202506,Nottingham,Colecalciferol,50000,266.0
202506,Nottingham,Colecalciferol,5600,2.0
202506,Nottingham,Colecalciferol,800,1399.0
202506,Nottingham,Colecalciferol,880,1.0
202506,Nottingham,Colecalciferol,unknown,792.0
202506,Peterborough,Colecalciferol,1000,5.0
202506,Peterborough,Colecalciferol,10000,1.0
202506,Peterborough,Colecalciferol,200,4.0
202506,Peterborough,Colecalciferol,20000,5.0
202506,Peterborough,Colecalciferol,25000,2.0
202506,Peterborough,Colecalciferol,400,85.0
202506,Peterborough,Colecalciferol,50000,4.0
202506,Peterborough,Colecalciferol,800,27.0
202506,Peterborough,Colecalciferol,880,9.0
202506,Peterborough,Colecalciferol,unknown,19.0
202506,Plymouth,Colecalciferol,1000,106.0
202506,Plymouth,Colecalciferol,200,38.0
202506,Plymouth,Colecalciferol,2000,6.0
202506,Plymouth,Colecalciferol,2500,2.0
202506,Plymouth,Colecalciferol,25000,5.0
202506,Plymouth,Colecalciferol,400,46.0
202506,Plymouth,Colecalciferol,4000,1.0
202506,Plymouth,Colecalciferol,5000,1.0
202506,Plymouth,Colecalciferol,50000,1.0
202506,Plymouth,Colecalciferol,800,14.0
202506,Plymouth,Colecalciferol,880,48.0
202506,Plymouth,Colecalciferol,unknown,97.0
202506,Sunderland,Colecalciferol,1000,73.0
202506,Sunderland,Colecalciferol,10000,5.0
202506,Sunderland,Colecalciferol,200,85.0
202506,Sunderland,Colecalciferol,2000,1.0
202506,Sunderland,Colecalciferol,20000,24.0
202506,Sunderland,Colecalciferol,2500,1.0
202506,Sunderland,Colecalciferol,25000,1.0
202506,Sunderland,Colecalciferol,2740,2.0
202506,Sunderland,Colecalciferol,400,140.0
202506,Sunderland,Colecalciferol,4000,1.0
202506,Sunderland,Colecalciferol,800,382.0
202506,Sunderland,Colecalciferol,880,14.0
202506,Sunderland,Colecalciferol,unknown,419.0
202506,York,Colecalciferol,1000,308.0
202506,York,Colecalciferol,10000,2.0
202506,York,Colecalciferol,200,405.0
202506,York,Colecalciferol,2000,9.0
202506,York,Colecalciferol,20000,13.0
202506,York,Colecalciferol,2400,2.0
202506,York,Colecalciferol,2500,1.0
202506,York,Colecalciferol,25000,34.0
202506,York,Colecalciferol,3000,3.0
202506,York,Colecalciferol,3200,4.0
202506,York,Colecalciferol,400,369.0
202506,York,Colecalciferol,4000,1.0
202506,York,Colecalciferol,40000,2.0
202506,York,Colecalciferol,5000,2.0
202506,York,Colecalciferol,50000,26.0
202506,York,Colecalciferol,5600,4.0
202506,York,Colecalciferol,800,597.0
202506,York,Colecalciferol,880,48.0
202506,York,Colecalciferol,unknown,975.0
202507,Birmingham,Colecalciferol,1000,1177.0
202507,Birmingham,Colecalciferol,10000,63.0
202507,Birmingham,Colecalciferol,15000,2.0
202507,Birmingham,Colecalciferol,200,2276.0
202507,Birmingham,Colecalciferol,2000,45.0
202507,Birmingham,Colecalciferol,20000,257.0
202507,Birmingham,Colecalciferol,2200,5.0
202507,Birmingham,Colecalciferol,2400,38.0
202507,Birmingham,Colecalciferol,2500,1.0
202507,Birmingham,Colecalciferol,25000,266.0
202507,Birmingham,Colecalciferol,2740,10.0
202507,Birmingham,Colecalciferol,3000,8.0
202507,Birmingham,Colecalciferol,3200,75.0
202507,Birmingham,Colecalciferol,400,1387.0
202507,Birmingham,Colecalciferol,4000,22.0
202507,Birmingham,Colecalciferol,40000,7.0
202507,Birmingham,Colecalciferol,440,3.0
202507,Birmingham,Colecalciferol,5000,5.0
202507,Birmingham,Colecalciferol,50000,669.0
202507,Birmingham,Colecalciferol,5600,10.0
202507,Birmingham,Colecalciferol,600,5.0
202507,Birmingham,Colecalciferol,800,4714.0
202507,Birmingham,Colecalciferol,880,159.0
202507,Birmingham,Colecalciferol,unknown,1917.0
202507,Brighton,Colecalciferol,1000,4.0
202507,Brighton,Colecalciferol,200,19.0
202507,Brighton,Colecalciferol,2000,3.0
202507,Brighton,Colecalciferol,20000,1.0
202507,Brighton,Colecalciferol,25000,2.0
202507,Brighton,Colecalciferol,3200,1.0
202507,Brighton,Colecalciferol,400,92.0
202507,Brighton,Colecalciferol,4000,2.0
202507,Brighton,Colecalciferol,440,1.0
202507,Brighton,Colecalciferol,50000,2.0
202507,Brighton,Colecalciferol,800,75.0
202507,Brighton,Colecalciferol,880,2.0
202507,Brighton,Colecalciferol,unknown,78.0
202507,Bristol,Colecalciferol,1000,511.0
202507,Bristol,Colecalciferol,10000,27.0
202507,Bristol,Colecalciferol,200,585.0
202507,Bristol,Colecalciferol,2000,13.0
202507,Bristol,Colecalciferol,20000,32.0
202507,Bristol,Colecalciferol,25000,79.0
202507,Bristol,Colecalciferol,2740,1.0
202507,Bristol,Colecalciferol,3000,5.0
202507,Bristol,Colecalciferol,3200,6.0
202507,Bristol,Colecalciferol,400,1370.0
202507,Bristol,Colecalciferol,4000,1.0
202507,Bristol,Colecalciferol,440,13.0
202507,Bristol,Colecalciferol,50000,9.0
202507,Bristol,Colecalciferol,800,1994.0
202507,Bristol,Colecalciferol,880,309.0
202507,Bristol,Colecalciferol,unknown,1079.0
202507,Canterbury,Colecalciferol,1000,234.0
202507,Canterbury,Colecalciferol,10000,3.0
202507,Canterbury,Colecalciferol,15000,1.0
202507,Canterbury,Colecalciferol,200,324.0
202507,Canterbury,Colecalciferol,2000,1.0
202507,Canterbury,Colecalciferol,20000,20.0
202507,Canterbury,Colecalciferol,2200,1.0
202507,Canterbury,Colecalciferol,3000,1.0
202507,Canterbury,Colecalciferol,3200,6.0
202507,Canterbury,Colecalciferol,400,860.0
202507,Canterbury,Colecalciferol,4000,6.0
202507,Canterbury,Colecalciferol,40000,1.0
202507,Canterbury,Colecalciferol,440,5.0
202507,Canterbury,Colecalciferol,50000,9.0
202507,Canterbury,Colecalciferol,600,1.0
202507,Canterbury,Colecalciferol,800,323.0
202507,Canterbury,Colecalciferol,880,28.0
202507,Canterbury,Colecalciferol,unknown,652.0
202507,Exeter,Colecalciferol,1000,61.0
202507,Exeter,Colecalciferol,200,20.0
202507,Exeter,Colecalciferol,2400,1.0
202507,Exeter,Colecalciferol,400,7.0
202507,Exeter,Colecalciferol,800,15.0
202507,Exeter,Colecalciferol,880,214.0
202507,Exeter,Colecalciferol,unknown,50.0
202507,Leeds,Colecalciferol,1000,860.0
202507,Leeds,Colecalciferol,10000,13.0
202507,Leeds,Colecalciferol,200,202.0
202507,Leeds,Colecalciferol,2000,14.0
202507,Leeds,Colecalciferol,20000,45.0
202507,Leeds,Colecalciferol,2400,4.0
202507,Leeds,Colecalciferol,2500,1.0
202507,Leeds,Colecalciferol,25000,17.0
202507,Leeds,Colecalciferol,3000,1.0
202507,Leeds,Colecalciferol,3200,1.0
202507,Leeds,Colecalciferol,400,694.0
202507,Leeds,Colecalciferol,40000,6.0
202507,Leeds,Colecalciferol,440,3.0
202507,Leeds,Colecalciferol,50000,10.0
202507,Leeds,Colecalciferol,800,506.0
202507,Leeds,Colecalciferol,880,19.0
202507,Leeds,Colecalciferol,unknown,706.0
202507,London,Colecalciferol,1000,48768.0
202507,London,Colecalciferol,10000,1241.0
202507,London,Colecalciferol,15000,15.0
202507,London,Colecalciferol,200,17797.0
202507,London,Colecalciferol,2000,685.0
202507,London,Colecalciferol,20000,11998.0
202507,London,Colecalciferol,2200,63.0
202507,London,Colecalciferol,2400,150.0
202507,London,Colecalciferol,2500,122.0
202507,London,Colecalciferol,25000,2853.0
202507,London,Colecalciferol,2740,53.0
202507,London,Colecalciferol,3000,198.0
202507,London,Colecalciferol,30000,4.0
202507,London,Colecalciferol,300000,4.0
202507,London,Colecalciferol,3200,251.0
202507,London,Colecalciferol,400,50953.0
202507,London,Colecalciferol,4000,395.0
202507,London,Colecalciferol,40000,850.0
202507,London,Colecalciferol,440,246.0
202507,London,Colecalciferol,5000,203.0
202507,London,Colecalciferol,50000,772.0
202507,London,Colecalciferol,5600,44.0
202507,London,Colecalciferol,600,52.0
202507,London,Colecalciferol,800,26691.0
202507,London,Colecalciferol,880,4091.0
202507,London,Colecalciferol,unknown,44086.0
202507,Manchester,Colecalciferol,1000,1079.0
202507,Manchester,Colecalciferol,10000,78.0
202507,Manchester,Colecalciferol,15000,3.0
202507,Manchester,Colecalciferol,200,3169.0
202507,Manchester,Colecalciferol,2000,24.0
202507,Manchester,Colecalciferol,20000,1351.0
202507,Manchester,Colecalciferol,2200,2.0
202507,Manchester,Colecalciferol,2400,7.0
202507,Manchester,Colecalciferol,2500,7.0
202507,Manchester,Colecalciferol,25000,49.0
202507,Manchester,Colecalciferol,2740,9.0
202507,Manchester,Colecalciferol,3000,2.0
202507,Manchester,Colecalciferol,3200,43.0
202507,Manchester,Colecalciferol,400,5187.0
202507,Manchester,Colecalciferol,4000,25.0
202507,Manchester,Colecalciferol,40000,25.0
202507,Manchester,Colecalciferol,440,47.0
202507,Manchester,Colecalciferol,5000,6.0
202507,Manchester,Colecalciferol,50000,64.0
202507,Manchester,Colecalciferol,5600,10.0
202507,Manchester,Colecalciferol,600,6.0
202507,Manchester,Colecalciferol,800,2363.0
202507,Manchester,Colecalciferol,880,726.0
202507,Manchester,Colecalciferol,unknown,4355.0
202507,Middlesbrough,Colecalciferol,1000,164.0
202507,Middlesbrough,Colecalciferol,10000,2.0
202507,Middlesbrough,Colecalciferol,200,63.0
202507,Middlesbrough,Colecalciferol,2000,4.0
202507,Middlesbrough,Colecalciferol,20000,15.0
202507,Middlesbrough,Colecalciferol,25000,1.0
202507,Middlesbrough,Colecalciferol,2740,1.0
202507,Middlesbrough,Colecalciferol,3000,1.0
202507,Middlesbrough,Colecalciferol,3200,1.0
202507,Middlesbrough,Colecalciferol,400,69.0
202507,Middlesbrough,Colecalciferol,5000,1.0
202507,Middlesbrough,Colecalciferol,800,146.0
202507,Middlesbrough,Colecalciferol,880,45.0
202507,Middlesbrough,Colecalciferol,unknown,141.0
202507,Newcastle upon Tyne,Colecalciferol,1000,35.0
202507,Newcastle upon Tyne,Colecalciferol,10000,3.0
202507,Newcastle upon Tyne,Colecalciferol,15000,2.0
202507,Newcastle upon Tyne,Colecalciferol,200,230.0
202507,Newcastle upon Tyne,Colecalciferol,2000,1.0
202507,Newcastle upon Tyne,Colecalciferol,20000,93.0
202507,Newcastle upon Tyne,Colecalciferol,2400,12.0
202507,Newcastle upon Tyne,Colecalciferol,25000,4.0
202507,Newcastle upon Tyne,Colecalciferol,2740,13.0
202507,Newcastle upon Tyne,Colecalciferol,3200,4.0
202507,Newcastle upon Tyne,Colecalciferol,400,1452.0
202507,Newcastle upon Tyne,Colecalciferol,40000,2.0
202507,Newcastle upon Tyne,Colecalciferol,440,3.0
202507,Newcastle upon Tyne,Colecalciferol,50000,8.0
202507,Newcastle upon Tyne,Colecalciferol,800,4007.0
202507,Newcastle upon Tyne,Colecalciferol,880,20.0
202507,Newcastle upon Tyne,Colecalciferol,unknown,875.0
202507,Nottingham,Colecalciferol,1000,4807.0
202507,Nottingham,Colecalciferol,10000,4.0
202507,Nottingham,Colecalciferol,200,616.0
202507,Nottingham,Colecalciferol,2000,13.0
202507,Nottingham,Colecalciferol,20000,78.0
202507,Nottingham,Colecalciferol,2200,5.0
202507,Nottingham,Colecalciferol,2400,17.0
202507,Nottingham,Colecalciferol,25000,77.0
202507,Nottingham,Colecalciferol,2740,17.0
202507,Nottingham,Colecalciferol,3000,1.0
202507,Nottingham,Colecalciferol,3200,17.0
202507,Nottingham,Colecalciferol,400,484.0
202507,Nottingham,Colecalciferol,4000,8.0
202507,Nottingham,Colecalciferol,40000,1.0
202507,Nottingham,Colecalciferol,5000,1.0
202507,Nottingham,Colecalciferol,50000,217.0
202507,Nottingham,Colecalciferol,800,1501.0
202507,Nottingham,Colecalciferol,880,1.0
202507,Nottingham,Colecalciferol,unknown,813.0
202507,Peterborough,Colecalciferol,1000,6.0
202507,Peterborough,Colecalciferol,200,6.0
202507,Peterborough,Colecalciferol,20000,2.0
202507,Peterborough,Colecalciferol,400,75.0
202507,Peterborough,Colecalciferol,50000,1.0
202507,Peterborough,Colecalciferol,800,19.0
202507,Peterborough,Colecalciferol,880,10.0
202507,Peterborough,Colecalciferol,unknown,24.0
202507,Plymouth,Colecalciferol,1000,107.0
202507,Plymouth,Colecalciferol,200,29.0
202507,Plymouth,Colecalciferol,2000,4.0
202507,Plymouth,Colecalciferol,2500,1.0
202507,Plymouth,Colecalciferol,25000,7.0
202507,Plymouth,Colecalciferol,400,49.0
202507,Plymouth,Colecalciferol,50000,2.0
202507,Plymouth,Colecalciferol,800,16.0
202507,Plymouth,Colecalciferol,880,48.0
202507,Plymouth,Colecalciferol,unknown,108.0
202507,Sunderland,Colecalciferol,1000,65.0
202507,Sunderland,Colecalciferol,200,89.0
202507,Sunderland,Colecalciferol,20000,27.0
202507,Sunderland,Colecalciferol,2400,2.0
202507,Sunderland,Colecalciferol,2500,1.0
202507,Sunderland,Colecalciferol,25000,1.0
202507,Sunderland,Colecalciferol,2740,1.0
202507,Sunderland,Colecalciferol,400,181.0
202507,Sunderland,Colecalciferol,4000,2.0
202507,Sunderland,Colecalciferol,50000,2.0
202507,Sunderland,Colecalciferol,800,410.0
202507,Sunderland,Colecalciferol,880,24.0
202507,Sunderland,Colecalciferol,unknown,430.0
202507,York,Colecalciferol,1000,323.0
202507,York,Colecalciferol,10000,4.0
202507,York,Colecalciferol,200,454.0
202507,York,Colecalciferol,2000,9.0
202507,York,Colecalciferol,20000,9.0
202507,York,Colecalciferol,2400,1.0
202507,York,Colecalciferol,2500,1.0
202507,York,Colecalciferol,25000,50.0
202507,York,Colecalciferol,2740,1.0
202507,York,Colecalciferol,3000,3.0
202507,York,Colecalciferol,3200,3.0
202507,York,Colecalciferol,400,404.0
202507,York,Colecalciferol,4000,1.0
202507,York,Colecalciferol,5000,1.0
202507,York,Colecalciferol,50000,19.0
202507,York,Colecalciferol,5600,7.0
202507,York,Colecalciferol,800,704.0
202507,York,Colecalciferol,880,68.0
202507,York,Colecalciferol,unknown,1001.0
202508,Birmingham,Colecalciferol,1000,1094.0
202508,Birmingham,Colecalciferol,10000,40.0
202508,Birmingham,Colecalciferol,15000,1.0
202508,Birmingham,Colecalciferol,200,2150.0
202508,Birmingham,Colecalciferol,2000,55.0
202508,Birmingham,Colecalciferol,20000,252.0
202508,Birmingham,Colecalciferol,2200,7.0
202508,Birmingham,Colecalciferol,2400,31.0
202508,Birmingham,Colecalciferol,2500,1.0
202508,Birmingham,Colecalciferol,25000,234.0
202508,Birmingham,Colecalciferol,2740,5.0
202508,Birmingham,Colecalciferol,3000,3.0
202508,Birmingham,Colecalciferol,3200,69.0
202508,Birmingham,Colecalciferol,400,1323.0
202508,Birmingham,Colecalciferol,4000,21.0
202508,Birmingham,Colecalciferol,40000,2.0
202508,Birmingham,Colecalciferol,440,4.0
202508,Birmingham,Colecalciferol,5000,2.0
202508,Birmingham,Colecalciferol,50000,518.0
202508,Birmingham,Colecalciferol,5600,7.0
202508,Birmingham,Colecalciferol,600,4.0
202508,Birmingham,Colecalciferol,800,4294.0
202508,Birmingham,Colecalciferol,880,157.0
202508,Birmingham,Colecalciferol,unknown,1829.0
202508,Brighton,Colecalciferol,1000,6.0
202508,Brighton,Colecalciferol,200,25.0
202508,Brighton,Colecalciferol,2000,2.0
202508,Brighton,Colecalciferol,20000,4.0
202508,Brighton,Colecalciferol,25000,3.0
202508,Brighton,Colecalciferol,400,98.0
202508,Brighton,Colecalciferol,4000,2.0
202508,Brighton,Colecalciferol,800,89.0
202508,Brighton,Colecalciferol,880,2.0
202508,Brighton,Colecalciferol,unknown,50.0
202508,Bristol,Colecalciferol,1000,497.0
202508,Bristol,Colecalciferol,10000,11.0
202508,Bristol,Colecalciferol,200,509.0
202508,Bristol,Colecalciferol,2000,10.0
202508,Bristol,Colecalciferol,20000,35.0
202508,Bristol,Colecalciferol,2500,1.0
202508,Bristol,Colecalciferol,25000,74.0
202508,Bristol,Colecalciferol,2740,1.0
202508,Bristol,Colecalciferol,3000,4.0
202508,Bristol,Colecalciferol,3200,4.0
202508,Bristol,Colecalciferol,400,1210.0
202508,Bristol,Colecalciferol,4000,1.0
202508,Bristol,Colecalciferol,40000,1.0
202508,Bristol,Colecalciferol,440,11.0
202508,Bristol,Colecalciferol,50000,9.0
202508,Bristol,Colecalciferol,800,1818.0
202508,Bristol,Colecalciferol,880,291.0
202508,Bristol,Colecalciferol,unknown,1022.0
202508,Canterbury,Colecalciferol,1000,220.0
202508,Canterbury,Colecalciferol,10000,7.0
202508,Canterbury,Colecalciferol,200,304.0
202508,Canterbury,Colecalciferol,20000,9.0
202508,Canterbury,Colecalciferol,25000,3.0
202508,Canterbury,Colecalciferol,3200,5.0
202508,Canterbury,Colecalciferol,400,789.0
202508,Canterbury,Colecalciferol,4000,2.0
202508,Canterbury,Colecalciferol,40000,3.0
202508,Canterbury,Colecalciferol,440,4.0
202508,Canterbury,Colecalciferol,50000,9.0
202508,Canterbury,Colecalciferol,600,1.0
202508,Canterbury,Colecalciferol,800,276.0
202508,Canterbury,Colecalciferol,880,21.0
202508,Canterbury,Colecalciferol,unknown,620.0
202508,Exeter,Colecalciferol,1000,34.0
202508,Exeter,Colecalciferol,200,17.0
202508,Exeter,Colecalciferol,400,9.0
202508,Exeter,Colecalciferol,800,9.0
202508,Exeter,Colecalciferol,880,161.0
202508,Exeter,Colecalciferol,unknown,44.0
202508,Leeds,Colecalciferol,1000,799.0
202508,Leeds,Colecalciferol,10000,3.0
202508,Leeds,Colecalciferol,200,195.0
202508,Leeds,Colecalciferol,2000,15.0
202508,Leeds,Colecalciferol,20000,31.0
202508,Leeds,Colecalciferol,2200,1.0
202508,Leeds,Colecalciferol,2400,3.0
202508,Leeds,Colecalciferol,2500,2.0
202508,Leeds,Colecalciferol,25000,18.0
202508,Leeds,Colecalciferol,3000,1.0
202508,Leeds,Colecalciferol,400,656.0
202508,Leeds,Colecalciferol,4000,2.0
202508,Leeds,Colecalciferol,40000,5.0
202508,Leeds,Colecalciferol,440,3.0
202508,Leeds,Colecalciferol,5000,1.0
202508,Leeds,Colecalciferol,50000,10.0
202508,Leeds,Colecalciferol,800,470.0
202508,Leeds,Colecalciferol,880,21.0
202508,Leeds,Colecalciferol,unknown,603.0
202508,London,Colecalciferol,1000,45779.0
202508,London,Colecalciferol,10000,1039.0
202508,London,Colecalciferol,15000,12.0
202508,London,Colecalciferol,200,16782.0
202508,London,Colecalciferol,2000,650.0
202508,London,Colecalciferol,20000,10752.0
202508,London,Colecalciferol,2200,66.0
202508,London,Colecalciferol,2400,147.0
202508,London,Colecalciferol,2500,127.0
202508,London,Colecalciferol,25000,2447.0
202508,London,Colecalciferol,2740,60.0
202508,London,Colecalciferol,3000,144.0
202508,London,Colecalciferol,30000,1.0
202508,London,Colecalciferol,300000,3.0
202508,London,Colecalciferol,3200,219.0
202508,London,Colecalciferol,400,48243.0
202508,London,Colecalciferol,4000,354.0
202508,London,Colecalciferol,40000,571.0
202508,London,Colecalciferol,440,214.0
202508,London,Colecalciferol,5000,209.0
202508,London,Colecalciferol,50000,651.0
202508,London,Colecalciferol,5600,47.0
202508,London,Colecalciferol,600,42.0
202508,London,Colecalciferol,800,25075.0
202508,London,Colecalciferol,880,3873.0
202508,London,Colecalciferol,unknown,40929.0
202508,Manchester,Colecalciferol,1000,1024.0
202508,Manchester,Colecalciferol,10000,60.0
202508,Manchester,Colecalciferol,15000,3.0
202508,Manchester,Colecalciferol,200,2878.0
202508,Manchester,Colecalciferol,2000,25.0
202508,Manchester,Colecalciferol,20000,997.0
202508,Manchester,Colecalciferol,2200,4.0
202508,Manchester,Colecalciferol,2400,7.0
202508,Manchester,Colecalciferol,2500,5.0
202508,Manchester,Colecalciferol,25000,36.0
202508,Manchester,Colecalciferol,2740,7.0
202508,Manchester,Colecalciferol,3000,5.0
202508,Manchester,Colecalciferol,3200,32.0
202508,Manchester,Colecalciferol,400,5081.0
202508,Manchester,Colecalciferol,4000,24.0
202508,Manchester,Colecalciferol,40000,17.0
202508,Manchester,Colecalciferol,440,36.0
202508,Manchester,Colecalciferol,5000,4.0
202508,Manchester,Colecalciferol,50000,79.0
202508,Manchester,Colecalciferol,5600,7.0
202508,Manchester,Colecalciferol,600,6.0
202508,Manchester,Colecalciferol,800,2278.0
202508,Manchester,Colecalciferol,880,635.0
202508,Manchester,Colecalciferol,unknown,4000.0
202508,Middlesbrough,Colecalciferol,1000,129.0
202508,Middlesbrough,Colecalciferol,10000,3.0
202508,Middlesbrough,Colecalciferol,200,50.0
202508,Middlesbrough,Colecalciferol,2000,3.0
202508,Middlesbrough,Colecalciferol,20000,5.0
202508,Middlesbrough,Colecalciferol,2740,1.0
202508,Middlesbrough,Colecalciferol,400,71.0
202508,Middlesbrough,Colecalciferol,4000,2.0
202508,Middlesbrough,Colecalciferol,50000,5.0
202508,Middlesbrough,Colecalciferol,800,136.0
202508,Middlesbrough,Colecalciferol,880,29.0
202508,Middlesbrough,Colecalciferol,unknown,115.0
202508,Newcastle upon Tyne,Colecalciferol,1000,28.0
202508,Newcastle upon Tyne,Colecalciferol,10000,3.0
202508,Newcastle upon Tyne,Colecalciferol,15000,1.0
202508,Newcastle upon Tyne,Colecalciferol,200,197.0
202508,Newcastle upon Tyne,Colecalciferol,2000,3.0
202508,Newcastle upon Tyne,Colecalciferol,20000,100.0
202508,Newcastle upon Tyne,Colecalciferol,2400,8.0
202508,Newcastle upon Tyne,Colecalciferol,25000,3.0
202508,Newcastle upon Tyne,Colecalciferol,2740,5.0
202508,Newcastle upon Tyne,Colecalciferol,3000,1.0
202508,Newcastle upon Tyne,Colecalciferol,3200,4.0
202508,Newcastle upon Tyne,Colecalciferol,400,1369.0
202508,Newcastle upon Tyne,Colecalciferol,440,3.0
202508,Newcastle upon Tyne,Colecalciferol,50000,5.0
202508,Newcastle upon Tyne,Colecalciferol,800,3823.0
202508,Newcastle upon Tyne,Colecalciferol,880,32.0
202508,Newcastle upon Tyne,Colecalciferol,unknown,782.0
202508,Nottingham,Colecalciferol,1000,4344.0
202508,Nottingham,Colecalciferol,10000,7.0
202508,Nottingham,Colecalciferol,200,496.0
202508,Nottingham,Colecalciferol,2000,17.0
202508,Nottingham,Colecalciferol,20000,54.0
202508,Nottingham,Colecalciferol,2200,8.0
202508,Nottingham,Colecalciferol,2400,13.0
202508,Nottingham,Colecalciferol,2500,1.0
202508,Nottingham,Colecalciferol,25000,76.0
202508,Nottingham,Colecalciferol,2740,18.0
202508,Nottingham,Colecalciferol,3000,1.0
202508,Nottingham,Colecalciferol,3200,15.0
202508,Nottingham,Colecalciferol,400,438.0
202508,Nottingham,Colecalciferol,4000,5.0
202508,Nottingham,Colecalciferol,440,1.0
202508,Nottingham,Colecalciferol,50000,168.0
202508,Nottingham,Colecalciferol,800,1324.0
202508,Nottingham,Colecalciferol,880,2.0
202508,Nottingham,Colecalciferol,unknown,715.0
202508,Peterborough,Colecalciferol,1000,5.0
202508,Peterborough,Colecalciferol,200,5.0
202508,Peterborough,Colecalciferol,25000,3.0
202508,Peterborough,Colecalciferol,400,95.0
202508,Peterborough,Colecalciferol,50000,3.0
202508,Peterborough,Colecalciferol,800,27.0
202508,Peterborough,Colecalciferol,880,10.0
202508,Peterborough,Colecalciferol,unknown,25.0
202508,Plymouth,Colecalciferol,1000,90.0
202508,Plymouth,Colecalciferol,200,36.0
202508,Plymouth,Colecalciferol,2000,7.0
202508,Plymouth,Colecalciferol,2500,1.0
202508,Plymouth,Colecalciferol,25000,5.0
202508,Plymouth,Colecalciferol,400,48.0
202508,Plymouth,Colecalciferol,50000,1.0
202508,Plymouth,Colecalciferol,800,8.0
202508,Plymouth,Colecalciferol,880,40.0
202508,Plymouth,Colecalciferol,unknown,85.0
202508,Sunderland,Colecalciferol,1000,74.0
202508,Sunderland,Colecalciferol,200,79.0
202508,Sunderland,Colecalciferol,20000,19.0
202508,Sunderland,Colecalciferol,2400,2.0
202508,Sunderland,Colecalciferol,2500,1.0
202508,Sunderland,Colecalciferol,25000,1.0
202508,Sunderland,Colecalciferol,400,139.0
202508,Sunderland,Colecalciferol,4000,1.0
202508,Sunderland,Colecalciferol,50000,1.0
202508,Sunderland,Colecalciferol,800,369.0
202508,Sunderland,Colecalciferol,880,20.0
202508,Sunderland,Colecalciferol,unknown,380.0
202508,York,Colecalciferol,1000,287.0
202508,York,Colecalciferol,10000,4.0
202508,York,Colecalciferol,200,390.0
202508,York,Colecalciferol,2000,12.0
202508,York,Colecalciferol,20000,4.0
202508,York,Colecalciferol,2400,2.0
202508,York,Colecalciferol,25000,50.0
202508,York,Colecalciferol,3000,3.0
202508,York,Colecalciferol,3200,1.0
202508,York,Colecalciferol,400,379.0
202508,York,Colecalciferol,40000,1.0
202508,York,Colecalciferol,5000,1.0
202508,York,Colecalciferol,50000,13.0
202508,York,Colecalciferol,5600,5.0
202508,York,Colecalciferol,800,658.0
202508,York,Colecalciferol,880,57.0
202508,York,Colecalciferol,unknown,952.0
202509,Birmingham,Colecalciferol,1000,1166.0
202509,Birmingham,Colecalciferol,10000,56.0
202509,Birmingham,Colecalciferol,15000,3.0
202509,Birmingham,Colecalciferol,200,2289.0
202509,Birmingham,Colecalciferol,2000,52.0
202509,Birmingham,Colecalciferol,20000,227.0
202509,Birmingham,Colecalciferol,2200,8.0
202509,Birmingham,Colecalciferol,2400,39.0
202509,Birmingham,Colecalciferol,2500,4.0
202509,Birmingham,Colecalciferol,25000,269.0
202509,Birmingham,Colecalciferol,2740,6.0
202509,Birmingham,Colecalciferol,3000,10.0
202509,Birmingham,Colecalciferol,3200,53.0
202509,Birmingham,Colecalciferol,400,1363.0
202509,Birmingham,Colecalciferol,4000,18.0
202509,Birmingham,Colecalciferol,40000,6.0
202509,Birmingham,Colecalciferol,440,4.0
202509,Birmingham,Colecalciferol,5000,3.0
202509,Birmingham,Colecalciferol,50000,576.0
202509,Birmingham,Colecalciferol,5600,7.0
202509,Birmingham,Colecalciferol,600,3.0
202509,Birmingham,Colecalciferol,800,4649.0
202509,Birmingham,Colecalciferol,880,167.0
202509,Birmingham,Colecalciferol,unknown,1849.0
202509,Brighton,Colecalciferol,1000,5.0
202509,Brighton,Colecalciferol,200,21.0
202509,Brighton,Colecalciferol,20000,1.0
202509,Brighton,Colecalciferol,25000,1.0
202509,Brighton,Colecalciferol,3200,2.0
202509,Brighton,Colecalciferol,400,103.0
202509,Brighton,Colecalciferol,440,1.0
202509,Brighton,Colecalciferol,600,1.0
202509,Brighton,Colecalciferol,800,84.0
202509,Brighton,Colecalciferol,880,2.0
202509,Brighton,Colecalciferol,unknown,49.0
202509,Bristol,Colecalciferol,1000,550.0
202509,Bristol,Colecalciferol,10000,18.0
202509,Bristol,Colecalciferol,15000,1.0
202509,Bristol,Colecalciferol,200,529.0
202509,Bristol,Colecalciferol,2000,3.0
202509,Bristol,Colecalciferol,20000,30.0
202509,Bristol,Colecalciferol,2200,1.0
202509,Bristol,Colecalciferol,2400,1.0
202509,Bristol,Colecalciferol,25000,85.0
202509,Bristol,Colecalciferol,3200,7.0
202509,Bristol,Colecalciferol,400,1387.0
202509,Bristol,Colecalciferol,4000,1.0
202509,Bristol,Colecalciferol,40000,3.0
202509,Bristol,Colecalciferol,440,10.0
202509,Bristol,Colecalciferol,50000,15.0
202509,Bristol,Colecalciferol,800,1952.0
202509,Bristol,Colecalciferol,880,271.0
202509,Bristol,Colecalciferol,unknown,1121.0
202509,Canterbury,Colecalciferol,1000,212.0
202509,Canterbury,Colecalciferol,10000,3.0
202509,Canterbury,Colecalciferol,200,321.0
202509,Canterbury,Colecalciferol,20000,17.0
202509,Canterbury,Colecalciferol,2500,1.0
202509,Canterbury,Colecalciferol,25000,1.0
202509,Canterbury,Colecalciferol,3200,8.0
202509,Canterbury,Colecalciferol,400,861.0
202509,Canterbury,Colecalciferol,4000,5.0
202509,Canterbury,Colecalciferol,440,3.0
202509,Canterbury,Colecalciferol,50000,6.0
202509,Canterbury,Colecalciferol,600,1.0
202509,Canterbury,Colecalciferol,800,299.0
202509,Canterbury,Colecalciferol,880,23.0
202509,Canterbury,Colecalciferol,unknown,640.0
202509,Exeter,Colecalciferol,1000,48.0
202509,Exeter,Colecalciferol,10000,1.0
202509,Exeter,Colecalciferol,200,25.0
202509,Exeter,Colecalciferol,25000,2.0
202509,Exeter,Colecalciferol,400,9.0
202509,Exeter,Colecalciferol,800,18.0
202509,Exeter,Colecalciferol,880,179.0
202509,Exeter,Colecalciferol,unknown,47.0
202509,Leeds,Colecalciferol,1000,827.0
202509,Leeds,Colecalciferol,10000,6.0
202509,Leeds,Colecalciferol,200,206.0
202509,Leeds,Colecalciferol,2000,14.0
202509,Leeds,Colecalciferol,20000,29.0
202509,Leeds,Colecalciferol,2400,3.0
202509,Leeds,Colecalciferol,2500,1.0
202509,Leeds,Colecalciferol,25000,9.0
202509,Leeds,Colecalciferol,30000,1.0
202509,Leeds,Colecalciferol,3200,1.0
202509,Leeds,Colecalciferol,400,641.0
202509,Leeds,Colecalciferol,4000,1.0
202509,Leeds,Colecalciferol,40000,1.0
202509,Leeds,Colecalciferol,440,1.0
202509,Leeds,Colecalciferol,50000,5.0
202509,Leeds,Colecalciferol,5600,1.0
202509,Leeds,Colecalciferol,800,469.0
202509,Leeds,Colecalciferol,880,21.0
202509,Leeds,Colecalciferol,unknown,654.0
202509,London,Colecalciferol,1000,47738.0
202509,London,Colecalciferol,10000,1128.0
202509,London,Colecalciferol,15000,12.0
202509,London,Colecalciferol,200,17678.0
202509,London,Colecalciferol,2000,756.0
202509,London,Colecalciferol,20000,11652.0
202509,London,Colecalciferol,2200,109.0
202509,London,Colecalciferol,2400,144.0
202509,London,Colecalciferol,2500,98.0
202509,London,Colecalciferol,25000,2526.0
202509,London,Colecalciferol,2740,56.0
202509,London,Colecalciferol,3000,151.0
202509,London,Colecalciferol,30000,4.0
202509,London,Colecalciferol,300000,4.0
202509,London,Colecalciferol,3200,230.0
202509,London,Colecalciferol,400,50371.0
202509,London,Colecalciferol,4000,392.0
202509,London,Colecalciferol,40000,683.0
202509,London,Colecalciferol,440,215.0
202509,London,Colecalciferol,5000,179.0
202509,London,Colecalciferol,50000,754.0
202509,London,Colecalciferol,5600,54.0
202509,London,Colecalciferol,600,89.0
202509,London,Colecalciferol,800,26151.0
202509,London,Colecalciferol,880,3944.0
202509,London,Colecalciferol,unknown,42601.0
202509,Manchester,Colecalciferol,1000,1021.0
202509,Manchester,Colecalciferol,10000,77.0
202509,Manchester,Colecalciferol,15000,3.0
202509,Manchester,Colecalciferol,200,3080.0
202509,Manchester,Colecalciferol,2000,17.0
202509,Manchester,Colecalciferol,20000,1038.0
202509,Manchester,Colecalciferol,2200,1.0
202509,Manchester,Colecalciferol,2400,11.0
202509,Manchester,Colecalciferol,2500,4.0
202509,Manchester,Colecalciferol,25000,33.0
202509,Manchester,Colecalciferol,2740,8.0
202509,Manchester,Colecalciferol,3000,2.0
202509,Manchester,Colecalciferol,3200,59.0
202509,Manchester,Colecalciferol,400,5371.0
202509,Manchester,Colecalciferol,4000,19.0
202509,Manchester,Colecalciferol,40000,14.0
202509,Manchester,Colecalciferol,440,40.0
202509,Manchester,Colecalciferol,5000,3.0
202509,Manchester,Colecalciferol,50000,38.0
202509,Manchester,Colecalciferol,5600,9.0
202509,Manchester,Colecalciferol,600,6.0
202509,Manchester,Colecalciferol,800,2430.0
202509,Manchester,Colecalciferol,880,683.0
202509,Manchester,Colecalciferol,unknown,4043.0
202509,Middlesbrough,Colecalciferol,1000,115.0
202509,Middlesbrough,Colecalciferol,10000,3.0
202509,Middlesbrough,Colecalciferol,200,70.0
202509,Middlesbrough,Colecalciferol,2000,8.0
202509,Middlesbrough,Colecalciferol,20000,8.0
202509,Middlesbrough,Colecalciferol,3200,1.0
202509,Middlesbrough,Colecalciferol,400,71.0
202509,Middlesbrough,Colecalciferol,5000,1.0
202509,Middlesbrough,Colecalciferol,50000,3.0
202509,Middlesbrough,Colecalciferol,800,126.0
202509,Middlesbrough,Colecalciferol,880,44.0
202509,Middlesbrough,Colecalciferol,unknown,126.0
202509,Newcastle upon Tyne,Colecalciferol,1000,29.0
202509,Newcastle upon Tyne,Colecalciferol,10000,1.0
202509,Newcastle upon Tyne,Colecalciferol,200,201.0
202509,Newcastle upon Tyne,Colecalciferol,2000,5.0
202509,Newcastle upon Tyne,Colecalciferol,20000,94.0
202509,Newcastle upon Tyne,Colecalciferol,2400,12.0
202509,Newcastle upon Tyne,Colecalciferol,25000,6.0
202509,Newcastle upon Tyne,Colecalciferol,2740,13.0
202509,Newcastle upon Tyne,Colecalciferol,3000,1.0
202509,Newcastle upon Tyne,Colecalciferol,3200,4.0
202509,Newcastle upon Tyne,Colecalciferol,400,1342.0
202509,Newcastle upon Tyne,Colecalciferol,440,4.0
202509,Newcastle upon Tyne,Colecalciferol,5000,1.0
202509,Newcastle upon Tyne,Colecalciferol,50000,1.0
202509,Newcastle upon Tyne,Colecalciferol,800,3943.0
202509,Newcastle upon Tyne,Colecalciferol,880,38.0
202509,Newcastle upon Tyne,Colecalciferol,unknown,780.0
202509,Nottingham,Colecalciferol,1000,4539.0
202509,Nottingham,Colecalciferol,10000,6.0
202509,Nottingham,Colecalciferol,200,578.0
202509,Nottingham,Colecalciferol,2000,10.0
202509,Nottingham,Colecalciferol,20000,66.0
202509,Nottingham,Colecalciferol,2200,4.0
202509,Nottingham,Colecalciferol,2400,17.0
202509,Nottingham,Colecalciferol,25000,82.0
202509,Nottingham,Colecalciferol,2740,13.0
202509,Nottingham,Colecalciferol,3000,1.0
202509,Nottingham,Colecalciferol,3200,15.0
202509,Nottingham,Colecalciferol,400,453.0
202509,Nottingham,Colecalciferol,4000,4.0
202509,Nottingham,Colecalciferol,440,1.0
202509,Nottingham,Colecalciferol,5000,1.0
202509,Nottingham,Colecalciferol,50000,171.0
202509,Nottingham,Colecalciferol,5600,1.0
202509,Nottingham,Colecalciferol,600,2.0
202509,Nottingham,Colecalciferol,800,1347.0
202509,Nottingham,Colecalciferol,unknown,712.0
202509,Peterborough,Colecalciferol,1000,7.0
202509,Peterborough,Colecalciferol,200,5.0
202509,Peterborough,Colecalciferol,20000,2.0
202509,Peterborough,Colecalciferol,25000,5.0
202509,Peterborough,Colecalciferol,400,88.0
202509,Peterborough,Colecalciferol,50000,3.0
202509,Peterborough,Colecalciferol,800,22.0
202509,Peterborough,Colecalciferol,880,15.0
202509,Peterborough,Colecalciferol,unknown,27.0
202509,Plymouth,Colecalciferol,1000,106.0
202509,Plymouth,Colecalciferol,200,26.0
202509,Plymouth,Colecalciferol,2000,5.0
202509,Plymouth,Colecalciferol,20000,1.0
202509,Plymouth,Colecalciferol,2500,1.0
202509,Plymouth,Colecalciferol,25000,6.0
202509,Plymouth,Colecalciferol,400,41.0
202509,Plymouth,Colecalciferol,5000,1.0
202509,Plymouth,Colecalciferol,50000,1.0
202509,Plymouth,Colecalciferol,800,14.0
202509,Plymouth,Colecalciferol,880,43.0
202509,Plymouth,Colecalciferol,unknown,78.0
202509,Sunderland,Colecalciferol,1000,73.0
202509,Sunderland,Colecalciferol,10000,2.0
202509,Sunderland,Colecalciferol,200,79.0
202509,Sunderland,Colecalciferol,2000,1.0
202509,Sunderland,Colecalciferol,20000,18.0
202509,Sunderland,Colecalciferol,2400,2.0
202509,Sunderland,Colecalciferol,2500,1.0
202509,Sunderland,Colecalciferol,400,176.0
202509,Sunderland,Colecalciferol,4000,1.0
202509,Sunderland,Colecalciferol,800,392.0
202509,Sunderland,Colecalciferol,880,22.0
202509,Sunderland,Colecalciferol,unknown,413.0
202509,York,Colecalciferol,1000,312.0
202509,York,Colecalciferol,10000,1.0
202509,York,Colecalciferol,200,411.0
202509,York,Colecalciferol,2000,7.0
202509,York,Colecalciferol,20000,4.0
202509,York,Colecalciferol,2400,2.0
202509,York,Colecalciferol,25000,42.0
202509,York,Colecalciferol,3000,3.0
202509,York,Colecalciferol,3200,2.0
202509,York,Colecalciferol,400,381.0
202509,York,Colecalciferol,40000,2.0
202509,York,Colecalciferol,5000,4.0
202509,York,Colecalciferol,50000,18.0
202509,York,Colecalciferol,5600,5.0
202509,York,Colecalciferol,800,642.0
202509,York,Colecalciferol,880,64.0
202509,York,Colecalciferol,unknown,975.0
202510,Birmingham,Colecalciferol,1000,1133.0
202510,Birmingham,Colecalciferol,10000,74.0
202510,Birmingham,Colecalciferol,15000,3.0
202510,Birmingham,Colecalciferol,200,2328.0
202510,Birmingham,Colecalciferol,2000,69.0
202510,Birmingham,Colecalciferol,20000,229.0
202510,Birmingham,Colecalciferol,2200,8.0
202510,Birmingham,Colecalciferol,2400,29.0
202510,Birmingham,Colecalciferol,25000,322.0
202510,Birmingham,Colecalciferol,2740,3.0
202510,Birmingham,Colecalciferol,3000,13.0
202510,Birmingham,Colecalciferol,3200,57.0
202510,Birmingham,Colecalciferol,400,1403.0
202510,Birmingham,Colecalciferol,4000,23.0
202510,Birmingham,Colecalciferol,40000,5.0
202510,Birmingham,Colecalciferol,440,6.0
202510,Birmingham,Colecalciferol,5000,2.0
202510,Birmingham,Colecalciferol,50000,740.0
202510,Birmingham,Colecalciferol,5600,3.0
202510,Birmingham,Colecalciferol,600,4.0
202510,Birmingham,Colecalciferol,800,4784.0
202510,Birmingham,Colecalciferol,880,167.0
202510,Birmingham,Colecalciferol,unknown,1980.0
202510,Brighton,Colecalciferol,1000,6.0
202510,Brighton,Colecalciferol,200,21.0
202510,Brighton,Colecalciferol,2000,3.0
202510,Brighton,Colecalciferol,25000,1.0
202510,Brighton,Colecalciferol,3200,1.0
202510,Brighton,Colecalciferol,400,89.0
202510,Brighton,Colecalciferol,800,72.0
202510,Brighton,Colecalciferol,880,2.0
202510,Brighton,Colecalciferol,unknown,46.0
202510,Bristol,Colecalciferol,1000,558.0
202510,Bristol,Colecalciferol,10000,24.0
202510,Bristol,Colecalciferol,15000,1.0
202510,Bristol,Colecalciferol,200,573.0
202510,Bristol,Colecalciferol,2000,3.0
202510,Bristol,Colecalciferol,20000,38.0
202510,Bristol,Colecalciferol,2500,1.0
202510,Bristol,Colecalciferol,25000,98.0
202510,Bristol,Colecalciferol,3200,10.0
202510,Bristol,Colecalciferol,400,1328.0
202510,Bristol,Colecalciferol,4000,2.0
202510,Bristol,Colecalciferol,40000,2.0
202510,Bristol,Colecalciferol,440,14.0
202510,Bristol,Colecalciferol,50000,13.0
202510,Bristol,Colecalciferol,600,1.0
202510,Bristol,Colecalciferol,800,2049.0
202510,Bristol,Colecalciferol,880,279.0
202510,Bristol,Colecalciferol,unknown,1110.0
202510,Canterbury,Colecalciferol,1000,247.0
202510,Canterbury,Colecalciferol,10000,4.0
202510,Canterbury,Colecalciferol,200,320.0
202510,Canterbury,Colecalciferol,2000,1.0
202510,Canterbury,Colecalciferol,20000,14.0
202510,Canterbury,Colecalciferol,2500,1.0
202510,Canterbury,Colecalciferol,25000,2.0
202510,Canterbury,Colecalciferol,3200,7.0
202510,Canterbury,Colecalciferol,400,916.0
202510,Canterbury,Colecalciferol,4000,4.0
202510,Canterbury,Colecalciferol,40000,1.0
202510,Canterbury,Colecalciferol,440,4.0
202510,Canterbury,Colecalciferol,5000,1.0
202510,Canterbury,Colecalciferol,50000,6.0
202510,Canterbury,Colecalciferol,600,2.0
202510,Canterbury,Colecalciferol,800,321.0
202510,Canterbury,Colecalciferol,880,32.0
202510,Canterbury,Colecalciferol,unknown,684.0
202510,Exeter,Colecalciferol,1000,47.0
202510,Exeter,Colecalciferol,200,19.0
202510,Exeter,Colecalciferol,25000,1.0
202510,Exeter,Colecalciferol,400,8.0
202510,Exeter,Colecalciferol,440,1.0
202510,Exeter,Colecalciferol,800,19.0
202510,Exeter,Colecalciferol,880,205.0
202510,Exeter,Colecalciferol,unknown,51.0
202510,Leeds,Colecalciferol,1000,862.0
202510,Leeds,Colecalciferol,10000,11.0
202510,Leeds,Colecalciferol,200,187.0
202510,Leeds,Colecalciferol,2000,14.0
202510,Leeds,Colecalciferol,20000,35.0
202510,Leeds,Colecalciferol,2400,4.0
202510,Leeds,Colecalciferol,2500,2.0
202510,Leeds,Colecalciferol,25000,18.0
202510,Leeds,Colecalciferol,400,715.0
202510,Leeds,Colecalciferol,4000,3.0
202510,Leeds,Colecalciferol,40000,3.0
202510,Leeds,Colecalciferol,440,2.0
202510,Leeds,Colecalciferol,50000,12.0
202510,Leeds,Colecalciferol,600,5.0
202510,Leeds,Colecalciferol,800,503.0
202510,Leeds,Colecalciferol,880,17.0
202510,Leeds,Colecalciferol,unknown,691.0
202510,London,Colecalciferol,1000,49328.0
202510,London,Colecalciferol,10000,1274.0
202510,London,Colecalciferol,15000,21.0
202510,London,Colecalciferol,200,17928.0
202510,London,Colecalciferol,2000,729.0
202510,London,Colecalciferol,20000,12329.0
202510,London,Colecalciferol,2200,73.0
202510,London,Colecalciferol,2400,161.0
202510,London,Colecalciferol,2500,115.0
202510,London,Colecalciferol,25000,2835.0
202510,London,Colecalciferol,2740,55.0
202510,London,Colecalciferol,3000,180.0
202510,London,Colecalciferol,30000,3.0
202510,London,Colecalciferol,300000,2.0
202510,London,Colecalciferol,3200,250.0
202510,London,Colecalciferol,400,52622.0
202510,London,Colecalciferol,4000,442.0
202510,London,Colecalciferol,40000,729.0
202510,London,Colecalciferol,440,221.0
202510,London,Colecalciferol,5000,194.0
202510,London,Colecalciferol,50000,967.0
202510,London,Colecalciferol,5600,50.0
202510,London,Colecalciferol,600,46.0
202510,London,Colecalciferol,800,26509.0
202510,London,Colecalciferol,880,4305.0
202510,London,Colecalciferol,unknown,43762.0
202510,Manchester,Colecalciferol,1000,1114.0
202510,Manchester,Colecalciferol,10000,79.0
202510,Manchester,Colecalciferol,15000,3.0
202510,Manchester,Colecalciferol,200,3070.0
202510,Manchester,Colecalciferol,2000,35.0
202510,Manchester,Colecalciferol,20000,1220.0
202510,Manchester,Colecalciferol,2200,2.0
202510,Manchester,Colecalciferol,2400,11.0
202510,Manchester,Colecalciferol,2500,9.0
202510,Manchester,Colecalciferol,25000,48.0
202510,Manchester,Colecalciferol,2740,2.0
202510,Manchester,Colecalciferol,3000,2.0
202510,Manchester,Colecalciferol,3200,51.0
202510,Manchester,Colecalciferol,400,5538.0
202510,Manchester,Colecalciferol,4000,36.0
202510,Manchester,Colecalciferol,40000,15.0
202510,Manchester,Colecalciferol,440,39.0
202510,Manchester,Colecalciferol,5000,4.0
202510,Manchester,Colecalciferol,50000,78.0
202510,Manchester,Colecalciferol,5600,13.0
202510,Manchester,Colecalciferol,600,8.0
202510,Manchester,Colecalciferol,800,2460.0
202510,Manchester,Colecalciferol,880,696.0
202510,Manchester,Colecalciferol,unknown,4024.0
202510,Middlesbrough,Colecalciferol,1000,131.0
202510,Middlesbrough,Colecalciferol,10000,3.0
202510,Middlesbrough,Colecalciferol,200,53.0
202510,Middlesbrough,Colecalciferol,2000,3.0
202510,Middlesbrough,Colecalciferol,20000,10.0
202510,Middlesbrough,Colecalciferol,2740,1.0
202510,Middlesbrough,Colecalciferol,400,85.0
202510,Middlesbrough,Colecalciferol,50000,5.0
202510,Middlesbrough,Colecalciferol,600,1.0
202510,Middlesbrough,Colecalciferol,800,139.0
202510,Middlesbrough,Colecalciferol,880,34.0
202510,Middlesbrough,Colecalciferol,unknown,129.0
202510,Newcastle upon Tyne,Colecalciferol,1000,28.0
202510,Newcastle upon Tyne,Colecalciferol,10000,5.0
202510,Newcastle upon Tyne,Colecalciferol,15000,2.0
202510,Newcastle upon Tyne,Colecalciferol,200,219.0
202510,Newcastle upon Tyne,Colecalciferol,2000,1.0
202510,Newcastle upon Tyne,Colecalciferol,20000,117.0
202510,Newcastle upon Tyne,Colecalciferol,2400,8.0
202510,Newcastle upon Tyne,Colecalciferol,25000,3.0
202510,Newcastle upon Tyne,Colecalciferol,2740,10.0
202510,Newcastle upon Tyne,Colecalciferol,3000,1.0
202510,Newcastle upon Tyne,Colecalciferol,3200,4.0
202510,Newcastle upon Tyne,Colecalciferol,400,1429.0
202510,Newcastle upon Tyne,Colecalciferol,440,1.0
202510,Newcastle upon Tyne,Colecalciferol,50000,2.0
202510,Newcastle upon Tyne,Colecalciferol,800,3956.0
202510,Newcastle upon Tyne,Colecalciferol,880,24.0
202510,Newcastle upon Tyne,Colecalciferol,unknown,841.0
202510,Nottingham,Colecalciferol,1000,4782.0
202510,Nottingham,Colecalciferol,10000,5.0
202510,Nottingham,Colecalciferol,200,576.0
202510,Nottingham,Colecalciferol,2000,9.0
202510,Nottingham,Colecalciferol,20000,76.0
202510,Nottingham,Colecalciferol,2200,7.0
202510,Nottingham,Colecalciferol,2400,17.0
202510,Nottingham,Colecalciferol,2500,1.0
202510,Nottingham,Colecalciferol,25000,105.0
202510,Nottingham,Colecalciferol,2740,14.0
202510,Nottingham,Colecalciferol,3000,1.0
202510,Nottingham,Colecalciferol,3200,15.0
202510,Nottingham,Colecalciferol,400,468.0
202510,Nottingham,Colecalciferol,4000,1.0
202510,Nottingham,Colecalciferol,440,1.0
202510,Nottingham,Colecalciferol,50000,185.0
202510,Nottingham,Colecalciferol,600,1.0
202510,Nottingham,Colecalciferol,800,1401.0
202510,Nottingham,Colecalciferol,880,1.0
202510,Nottingham,Colecalciferol,unknown,748.0
202510,Peterborough,Colecalciferol,1000,4.0
202510,Peterborough,Colecalciferol,10000,1.0
202510,Peterborough,Colecalciferol,200,6.0
202510,Peterborough,Colecalciferol,20000,3.0
202510,Peterborough,Colecalciferol,25000,4.0
202510,Peterborough,Colecalciferol,400,105.0
202510,Peterborough,Colecalciferol,50000,1.0
202510,Peterborough,Colecalciferol,800,20.0
202510,Peterborough,Colecalciferol,880,11.0
202510,Peterborough,Colecalciferol,unknown,23.0
202510,Plymouth,Colecalciferol,1000,96.0
202510,Plymouth,Colecalciferol,200,37.0
202510,Plymouth,Colecalciferol,2000,5.0
202510,Plymouth,Colecalciferol,2500,1.0
202510,Plymouth,Colecalciferol,25000,6.0
202510,Plymouth,Colecalciferol,400,56.0
202510,Plymouth,Colecalciferol,50000,1.0
202510,Plymouth,Colecalciferol,800,10.0
202510,Plymouth,Colecalciferol,880,51.0
202510,Plymouth,Colecalciferol,unknown,101.0
202510,Sunderland,Colecalciferol,1000,77.0
202510,Sunderland,Colecalciferol,10000,2.0
202510,Sunderland,Colecalciferol,200,92.0
202510,Sunderland,Colecalciferol,2000,3.0
202510,Sunderland,Colecalciferol,20000,22.0
202510,Sunderland,Colecalciferol,2400,2.0
202510,Sunderland,Colecalciferol,2500,1.0
202510,Sunderland,Colecalciferol,400,172.0
202510,Sunderland,Colecalciferol,4000,1.0
202510,Sunderland,Colecalciferol,50000,1.0
202510,Sunderland,Colecalciferol,800,382.0
202510,Sunderland,Colecalciferol,880,30.0
202510,Sunderland,Colecalciferol,unknown,393.0
202510,York,Colecalciferol,1000,318.0
202510,York,Colecalciferol,10000,3.0
202510,York,Colecalciferol,200,424.0
202510,York,Colecalciferol,2000,8.0
202510,York,Colecalciferol,20000,3.0
202510,York,Colecalciferol,2400,1.0
202510,York,Colecalciferol,25000,42.0
202510,York,Colecalciferol,3000,3.0
202510,York,Colecalciferol,3200,2.0
202510,York,Colecalciferol,400,406.0
202510,York,Colecalciferol,5000,1.0
202510,York,Colecalciferol,50000,20.0
202510,York,Colecalciferol,5600,6.0
202510,York,Colecalciferol,800,714.0
202510,York,Colecalciferol,880,65.0
202510,York,Colecalciferol,unknown,1037.0
202511,Birmingham,Colecalciferol,1000,1031.0
202511,Birmingham,Colecalciferol,10000,91.0
202511,Birmingham,Colecalciferol,15000,1.0
202511,Birmingham,Colecalciferol,200,2071.0
202511,Birmingham,Colecalciferol,2000,56.0
202511,Birmingham,Colecalciferol,20000,257.0
202511,Birmingham,Colecalciferol,2200,5.0
202511,Birmingham,Colecalciferol,2400,33.0
202511,Birmingham,Colecalciferol,2500,3.0
202511,Birmingham,Colecalciferol,25000,299.0
202511,Birmingham,Colecalciferol,2740,5.0
202511,Birmingham,Colecalciferol,3000,10.0
202511,Birmingham,Colecalciferol,3200,54.0
202511,Birmingham,Colecalciferol,400,1298.0
202511,Birmingham,Colecalciferol,4000,28.0
202511,Birmingham,Colecalciferol,40000,11.0
202511,Birmingham,Colecalciferol,440,13.0
202511,Birmingham,Colecalciferol,5000,4.0
202511,Birmingham,Colecalciferol,50000,730.0
202511,Birmingham,Colecalciferol,5600,3.0
202511,Birmingham,Colecalciferol,600,6.0
202511,Birmingham,Colecalciferol,800,4284.0
202511,Birmingham,Colecalciferol,880,144.0
202511,Birmingham,Colecalciferol,unknown,1792.0
202511,Brighton,Colecalciferol,1000,15.0
202511,Brighton,Colecalciferol,200,22.0
202511,Brighton,Colecalciferol,20000,1.0
202511,Brighton,Colecalciferol,3200,1.0
202511,Brighton,Colecalciferol,400,109.0
202511,Brighton,Colecalciferol,4000,2.0
202511,Brighton,Colecalciferol,600,1.0
202511,Brighton,Colecalciferol,800,75.0
202511,Brighton,Colecalciferol,880,2.0
202511,Brighton,Colecalciferol,unknown,43.0
202511,Bristol,Colecalciferol,1000,545.0
202511,Bristol,Colecalciferol,10000,15.0
202511,Bristol,Colecalciferol,200,525.0
202511,Bristol,Colecalciferol,2000,4.0
202511,Bristol,Colecalciferol,20000,50.0
202511,Bristol,Colecalciferol,25000,107.0
202511,Bristol,Colecalciferol,3000,1.0
202511,Bristol,Colecalciferol,3200,3.0
202511,Bristol,Colecalciferol,400,1243.0
202511,Bristol,Colecalciferol,4000,1.0
202511,Bristol,Colecalciferol,440,10.0
202511,Bristol,Colecalciferol,50000,13.0
202511,Bristol,Colecalciferol,800,1847.0
202511,Bristol,Colecalciferol,880,253.0
202511,Bristol,Colecalciferol,unknown,1033.0
202511,Canterbury,Colecalciferol,1000,200.0
202511,Canterbury,Colecalciferol,10000,5.0
202511,Canterbury,Colecalciferol,15000,1.0
202511,Canterbury,Colecalciferol,200,287.0
202511,Canterbury,Colecalciferol,2000,1.0
202511,Canterbury,Colecalciferol,20000,23.0
202511,Canterbury,Colecalciferol,2200,1.0
202511,Canterbury,Colecalciferol,25000,1.0
202511,Canterbury,Colecalciferol,3200,5.0
202511,Canterbury,Colecalciferol,400,802.0
202511,Canterbury,Colecalciferol,4000,6.0
202511,Canterbury,Colecalciferol,440,3.0
202511,Canterbury,Colecalciferol,50000,4.0
202511,Canterbury,Colecalciferol,600,1.0
202511,Canterbury,Colecalciferol,800,289.0
202511,Canterbury,Colecalciferol,880,20.0
202511,Canterbury,Colecalciferol,unknown,608.0
202511,Exeter,Colecalciferol,1000,46.0
202511,Exeter,Colecalciferol,200,21.0
202511,Exeter,Colecalciferol,25000,1.0
202511,Exeter,Colecalciferol,400,12.0
202511,Exeter,Colecalciferol,440,1.0
202511,Exeter,Colecalciferol,800,14.0
202511,Exeter,Colecalciferol,880,192.0
202511,Exeter,Colecalciferol,unknown,54.0
202511,Leeds,Colecalciferol,1000,781.0
202511,Leeds,Colecalciferol,10000,7.0
202511,Leeds,Colecalciferol,200,184.0
202511,Leeds,Colecalciferol,2000,8.0
202511,Leeds,Colecalciferol,20000,48.0
202511,Leeds,Colecalciferol,2400,5.0
202511,Leeds,Colecalciferol,2500,1.0
202511,Leeds,Colecalciferol,25000,20.0
202511,Leeds,Colecalciferol,3200,1.0
202511,Leeds,Colecalciferol,400,631.0
202511,Leeds,Colecalciferol,4000,2.0
202511,Leeds,Colecalciferol,40000,3.0
202511,Leeds,Colecalciferol,440,2.0
202511,Leeds,Colecalciferol,50000,17.0
202511,Leeds,Colecalciferol,600,6.0
202511,Leeds,Colecalciferol,800,426.0
202511,Leeds,Colecalciferol,880,17.0
202511,Leeds,Colecalciferol,unknown,580.0
202511,London,Colecalciferol,1000,46778.0
202511,London,Colecalciferol,10000,1244.0
202511,London,Colecalciferol,15000,20.0
202511,London,Colecalciferol,200,17013.0
202511,London,Colecalciferol,2000,718.0
202511,London,Colecalciferol,20000,12122.0
202511,London,Colecalciferol,2200,65.0
202511,London,Colecalciferol,2400,130.0
202511,London,Colecalciferol,2500,134.0
202511,London,Colecalciferol,25000,2700.0
202511,London,Colecalciferol,2740,43.0
202511,London,Colecalciferol,3000,184.0
202511,London,Colecalciferol,30000,5.0
202511,London,Colecalciferol,3200,203.0
202511,London,Colecalciferol,400,50333.0
202511,London,Colecalciferol,4000,416.0
202511,London,Colecalciferol,40000,696.0
202511,London,Colecalciferol,440,224.0
202511,London,Colecalciferol,5000,200.0
202511,London,Colecalciferol,50000,1058.0
202511,London,Colecalciferol,5600,53.0
202511,London,Colecalciferol,600,84.0
202511,London,Colecalciferol,800,24928.0
202511,London,Colecalciferol,880,4108.0
202511,London,Colecalciferol,unknown,40387.0
202511,Manchester,Colecalciferol,1000,1011.0
202511,Manchester,Colecalciferol,10000,95.0
202511,Manchester,Colecalciferol,15000,3.0
202511,Manchester,Colecalciferol,200,2785.0
202511,Manchester,Colecalciferol,2000,23.0
202511,Manchester,Colecalciferol,20000,1200.0
202511,Manchester,Colecalciferol,2200,1.0
202511,Manchester,Colecalciferol,2400,10.0
202511,Manchester,Colecalciferol,2500,7.0
202511,Manchester,Colecalciferol,25000,44.0
202511,Manchester,Colecalciferol,2740,6.0
202511,Manchester,Colecalciferol,3000,1.0
202511,Manchester,Colecalciferol,3200,52.0
202511,Manchester,Colecalciferol,400,5216.0
202511,Manchester,Colecalciferol,4000,26.0
202511,Manchester,Colecalciferol,40000,18.0
202511,Manchester,Colecalciferol,440,40.0
202511,Manchester,Colecalciferol,5000,3.0
202511,Manchester,Colecalciferol,50000,80.0
202511,Manchester,Colecalciferol,5600,7.0
202511,Manchester,Colecalciferol,600,3.0
202511,Manchester,Colecalciferol,800,2313.0
202511,Manchester,Colecalciferol,880,612.0
202511,Manchester,Colecalciferol,unknown,3732.0
202511,Middlesbrough,Colecalciferol,1000,116.0
202511,Middlesbrough,Colecalciferol,10000,3.0
202511,Middlesbrough,Colecalciferol,200,60.0
202511,Middlesbrough,Colecalciferol,2000,3.0
202511,Middlesbrough,Colecalciferol,20000,11.0
202511,Middlesbrough,Colecalciferol,2740,1.0
202511,Middlesbrough,Colecalciferol,3200,1.0
202511,Middlesbrough,Colecalciferol,400,61.0
202511,Middlesbrough,Colecalciferol,4000,1.0
202511,Middlesbrough,Colecalciferol,50000,2.0
202511,Middlesbrough,Colecalciferol,600,1.0
202511,Middlesbrough,Colecalciferol,800,124.0
202511,Middlesbrough,Colecalciferol,880,44.0
202511,Middlesbrough,Colecalciferol,unknown,133.0
202511,Newcastle upon Tyne,Colecalciferol,1000,34.0
202511,Newcastle upon Tyne,Colecalciferol,10000,6.0
202511,Newcastle upon Tyne,Colecalciferol,200,191.0
202511,Newcastle upon Tyne,Colecalciferol,2000,2.0
202511,Newcastle upon Tyne,Colecalciferol,20000,101.0
202511,Newcastle upon Tyne,Colecalciferol,2400,9.0
202511,Newcastle upon Tyne,Colecalciferol,25000,6.0
202511,Newcastle upon Tyne,Colecalciferol,2740,6.0
202511,Newcastle upon Tyne,Colecalciferol,3000,1.0
202511,Newcastle upon Tyne,Colecalciferol,3200,4.0
202511,Newcastle upon Tyne,Colecalciferol,400,1338.0
202511,Newcastle upon Tyne,Colecalciferol,4000,1.0
202511,Newcastle upon Tyne,Colecalciferol,440,3.0
202511,Newcastle upon Tyne,Colecalciferol,50000,1.0
202511,Newcastle upon Tyne,Colecalciferol,800,3769.0
202511,Newcastle upon Tyne,Colecalciferol,880,21.0
202511,Newcastle upon Tyne,Colecalciferol,unknown,774.0
202511,Nottingham,Colecalciferol,1000,4224.0
202511,Nottingham,Colecalciferol,10000,10.0
202511,Nottingham,Colecalciferol,200,529.0
202511,Nottingham,Colecalciferol,2000,11.0
202511,Nottingham,Colecalciferol,20000,83.0
202511,Nottingham,Colecalciferol,2200,4.0
202511,Nottingham,Colecalciferol,2400,20.0
202511,Nottingham,Colecalciferol,25000,100.0
202511,Nottingham,Colecalciferol,2740,12.0
202511,Nottingham,Colecalciferol,3000,1.0
202511,Nottingham,Colecalciferol,3200,13.0
202511,Nottingham,Colecalciferol,400,420.0
202511,Nottingham,Colecalciferol,4000,3.0
202511,Nottingham,Colecalciferol,40000,1.0
202511,Nottingham,Colecalciferol,440,1.0
202511,Nottingham,Colecalciferol,5000,2.0
202511,Nottingham,Colecalciferol,50000,223.0
202511,Nottingham,Colecalciferol,800,958.0
202511,Nottingham,Colecalciferol,880,1.0
202511,Nottingham,Colecalciferol,unknown,711.0
202511,Peterborough,Colecalciferol,1000,4.0
202511,Peterborough,Colecalciferol,200,5.0
202511,Peterborough,Colecalciferol,20000,2.0
202511,Peterborough,Colecalciferol,25000,2.0
202511,Peterborough,Colecalciferol,400,85.0
202511,Peterborough,Colecalciferol,50000,6.0
202511,Peterborough,Colecalciferol,800,17.0
202511,Peterborough,Colecalciferol,880,11.0
202511,Peterborough,Colecalciferol,unknown,29.0
202511,Plymouth,Colecalciferol,1000,102.0
202511,Plymouth,Colecalciferol,200,25.0
202511,Plymouth,Colecalciferol,2000,1.0
202511,Plymouth,Colecalciferol,2500,1.0
202511,Plymouth,Colecalciferol,25000,6.0
202511,Plymouth,Colecalciferol,400,44.0
202511,Plymouth,Colecalciferol,5000,1.0
202511,Plymouth,Colecalciferol,50000,2.0
202511,Plymouth,Colecalciferol,800,12.0
202511,Plymouth,Colecalciferol,880,44.0
202511,Plymouth,Colecalciferol,unknown,74.0
202511,Sunderland,Colecalciferol,1000,65.0
202511,Sunderland,Colecalciferol,10000,2.0
202511,Sunderland,Colecalciferol,200,89.0
202511,Sunderland,Colecalciferol,20000,16.0
202511,Sunderland,Colecalciferol,2400,2.0
202511,Sunderland,Colecalciferol,400,160.0
202511,Sunderland,Colecalciferol,50000,3.0
202511,Sunderland,Colecalciferol,800,336.0
202511,Sunderland,Colecalciferol,880,25.0
202511,Sunderland,Colecalciferol,unknown,377.0
202511,York,Colecalciferol,1000,296.0
202511,York,Colecalciferol,10000,4.0
202511,York,Colecalciferol,200,405.0
202511,York,Colecalciferol,2000,5.0
202511,York,Colecalciferol,20000,2.0
202511,York,Colecalciferol,2400,1.0
202511,York,Colecalciferol,2500,1.0
202511,York,Colecalciferol,25000,36.0
202511,York,Colecalciferol,3000,3.0
202511,York,Colecalciferol,3200,2.0
202511,York,Colecalciferol,400,371.0
202511,York,Colecalciferol,40000,1.0
202511,York,Colecalciferol,5000,1.0
202511,York,Colecalciferol,50000,18.0
202511,York,Colecalciferol,5600,5.0
202511,York,Colecalciferol,800,615.0
202511,York,Colecalciferol,880,58.0
202511,York,Colecalciferol,unknown,926.0
202512,Birmingham,Colecalciferol,1000,1166.0
202512,Birmingham,Colecalciferol,10000,88.0
202512,Birmingham,Colecalciferol,15000,6.0
202512,Birmingham,Colecalciferol,200,2394.0
202512,Birmingham,Colecalciferol,2000,66.0
202512,Birmingham,Colecalciferol,20000,250.0
202512,Birmingham,Colecalciferol,2200,7.0
202512,Birmingham,Colecalciferol,2400,37.0
202512,Birmingham,Colecalciferol,25000,337.0
202512,Birmingham,Colecalciferol,2740,10.0
202512,Birmingham,Colecalciferol,3000,14.0
202512,Birmingham,Colecalciferol,3200,71.0
202512,Birmingham,Colecalciferol,400,1386.0
202512,Birmingham,Colecalciferol,4000,27.0
202512,Birmingham,Colecalciferol,40000,4.0
202512,Birmingham,Colecalciferol,440,8.0
202512,Birmingham,Colecalciferol,5000,1.0
202512,Birmingham,Colecalciferol,50000,895.0
202512,Birmingham,Colecalciferol,5600,8.0
202512,Birmingham,Colecalciferol,600,3.0
202512,Birmingham,Colecalciferol,800,4843.0
202512,Birmingham,Colecalciferol,880,166.0
202512,Birmingham,Colecalciferol,unknown,1992.0
202512,Brighton,Colecalciferol,1000,19.0
202512,Brighton,Colecalciferol,200,24.0
202512,Brighton,Colecalciferol,2000,1.0
202512,Brighton,Colecalciferol,20000,4.0
202512,Brighton,Colecalciferol,25000,1.0
202512,Brighton,Colecalciferol,3200,1.0
202512,Brighton,Colecalciferol,400,94.0
202512,Brighton,Colecalciferol,800,84.0
202512,Brighton,Colecalciferol,880,2.0
202512,Brighton,Colecalciferol,unknown,49.0
202512,Bristol,Colecalciferol,1000,557.0
202512,Bristol,Colecalciferol,10000,23.0
202512,Bristol,Colecalciferol,15000,1.0
202512,Bristol,Colecalciferol,200,606.0
202512,Bristol,Colecalciferol,2000,3.0
202512,Bristol,Colecalciferol,20000,62.0
202512,Bristol,Colecalciferol,2200,2.0
202512,Bristol,Colecalciferol,2500,1.0
202512,Bristol,Colecalciferol,25000,120.0
202512,Bristol,Colecalciferol,3000,6.0
202512,Bristol,Colecalciferol,3200,9.0
202512,Bristol,Colecalciferol,400,1325.0
202512,Bristol,Colecalciferol,4000,3.0
202512,Bristol,Colecalciferol,440,7.0
202512,Bristol,Colecalciferol,50000,13.0
202512,Bristol,Colecalciferol,800,1902.0
202512,Bristol,Colecalciferol,880,266.0
202512,Bristol,Colecalciferol,unknown,1138.0
202512,Canterbury,Colecalciferol,1000,253.0
202512,Canterbury,Colecalciferol,10000,7.0
202512,Canterbury,Colecalciferol,200,333.0
202512,Canterbury,Colecalciferol,2000,1.0
202512,Canterbury,Colecalciferol,20000,23.0
202512,Canterbury,Colecalciferol,2200,1.0
202512,Canterbury,Colecalciferol,2500,2.0
202512,Canterbury,Colecalciferol,25000,2.0
202512,Canterbury,Colecalciferol,3200,7.0
202512,Canterbury,Colecalciferol,400,909.0
202512,Canterbury,Colecalciferol,4000,9.0
202512,Canterbury,Colecalciferol,40000,1.0
202512,Canterbury,Colecalciferol,440,4.0
202512,Canterbury,Colecalciferol,50000,9.0
202512,Canterbury,Colecalciferol,600,1.0
202512,Canterbury,Colecalciferol,800,305.0
202512,Canterbury,Colecalciferol,880,30.0
202512,Canterbury,Colecalciferol,unknown,692.0
202512,Exeter,Colecalciferol,1000,43.0
202512,Exeter,Colecalciferol,200,25.0
202512,Exeter,Colecalciferol,2400,1.0
202512,Exeter,Colecalciferol,400,8.0
202512,Exeter,Colecalciferol,800,17.0
202512,Exeter,Colecalciferol,880,204.0
202512,Exeter,Colecalciferol,unknown,46.0
202512,Leeds,Colecalciferol,1000,898.0
202512,Leeds,Colecalciferol,10000,11.0
202512,Leeds,Colecalciferol,200,216.0
202512,Leeds,Colecalciferol,2000,10.0
202512,Leeds,Colecalciferol,20000,54.0
202512,Leeds,Colecalciferol,2400,2.0
202512,Leeds,Colecalciferol,25000,12.0
202512,Leeds,Colecalciferol,400,695.0
202512,Leeds,Colecalciferol,4000,4.0
202512,Leeds,Colecalciferol,40000,2.0
202512,Leeds,Colecalciferol,440,5.0
202512,Leeds,Colecalciferol,50000,21.0
202512,Leeds,Colecalciferol,600,5.0
202512,Leeds,Colecalciferol,800,497.0
202512,Leeds,Colecalciferol,880,17.0
202512,Leeds,Colecalciferol,unknown,702.0
202512,London,Colecalciferol,1000,49990.0
202512,London,Colecalciferol,10000,1430.0
202512,London,Colecalciferol,15000,15.0
202512,London,Colecalciferol,200,17605.0
202512,London,Colecalciferol,2000,772.0
202512,London,Colecalciferol,20000,13235.0
202512,London,Colecalciferol,2200,82.0
202512,London,Colecalciferol,2400,154.0
202512,London,Colecalciferol,2500,131.0
202512,London,Colecalciferol,25000,3024.0
202512,London,Colecalciferol,2740,48.0
202512,London,Colecalciferol,3000,202.0
202512,London,Colecalciferol,30000,5.0
202512,London,Colecalciferol,300000,1.0
202512,London,Colecalciferol,3200,238.0
202512,London,Colecalciferol,400,53858.0
202512,London,Colecalciferol,4000,465.0
202512,London,Colecalciferol,40000,744.0
202512,London,Colecalciferol,440,195.0
202512,London,Colecalciferol,5000,195.0
202512,London,Colecalciferol,50000,1258.0
202512,London,Colecalciferol,5600,59.0
202512,London,Colecalciferol,600,83.0
202512,London,Colecalciferol,800,26846.0
202512,London,Colecalciferol,880,4180.0
202512,London,Colecalciferol,unknown,42909.0
202512,Manchester,Colecalciferol,1000,1173.0
202512,Manchester,Colecalciferol,10000,83.0
202512,Manchester,Colecalciferol,15000,5.0
202512,Manchester,Colecalciferol,200,3100.0
202512,Manchester,Colecalciferol,2000,24.0
202512,Manchester,Colecalciferol,20000,1293.0
202512,Manchester,Colecalciferol,2200,2.0
202512,Manchester,Colecalciferol,2400,11.0
202512,Manchester,Colecalciferol,2500,8.0
202512,Manchester,Colecalciferol,25000,63.0
202512,Manchester,Colecalciferol,2740,4.0
202512,Manchester,Colecalciferol,3000,6.0
202512,Manchester,Colecalciferol,3200,38.0
202512,Manchester,Colecalciferol,400,5821.0
202512,Manchester,Colecalciferol,4000,29.0
202512,Manchester,Colecalciferol,40000,14.0
202512,Manchester,Colecalciferol,440,36.0
202512,Manchester,Colecalciferol,5000,2.0
202512,Manchester,Colecalciferol,50000,73.0
202512,Manchester,Colecalciferol,5600,7.0
202512,Manchester,Colecalciferol,600,10.0
202512,Manchester,Colecalciferol,800,2553.0
202512,Manchester,Colecalciferol,880,727.0
202512,Manchester,Colecalciferol,unknown,4016.0
202512,Middlesbrough,Colecalciferol,1000,112.0
202512,Middlesbrough,Colecalciferol,10000,2.0
202512,Middlesbrough,Colecalciferol,200,65.0
202512,Middlesbrough,Colecalciferol,2000,3.0
202512,Middlesbrough,Colecalciferol,20000,11.0
202512,Middlesbrough,Colecalciferol,3000,2.0
202512,Middlesbrough,Colecalciferol,400,77.0
202512,Middlesbrough,Colecalciferol,4000,2.0
202512,Middlesbrough,Colecalciferol,5000,1.0
202512,Middlesbrough,Colecalciferol,50000,1.0
202512,Middlesbrough,Colecalciferol,600,1.0
202512,Middlesbrough,Colecalciferol,800,137.0
202512,Middlesbrough,Colecalciferol,880,32.0
202512,Middlesbrough,Colecalciferol,unknown,121.0
202512,Newcastle upon Tyne,Colecalciferol,1000,33.0
202512,Newcastle upon Tyne,Colecalciferol,10000,7.0
202512,Newcastle upon Tyne,Colecalciferol,200,221.0
202512,Newcastle upon Tyne,Colecalciferol,2000,2.0
202512,Newcastle upon Tyne,Colecalciferol,20000,128.0
202512,Newcastle upon Tyne,Colecalciferol,2400,6.0
202512,Newcastle upon Tyne,Colecalciferol,25000,5.0
202512,Newcastle upon Tyne,Colecalciferol,2740,2.0
202512,Newcastle upon Tyne,Colecalciferol,3000,2.0
202512,Newcastle upon Tyne,Colecalciferol,3200,8.0
202512,Newcastle upon Tyne,Colecalciferol,400,1370.0
202512,Newcastle upon Tyne,Colecalciferol,4000,1.0
202512,Newcastle upon Tyne,Colecalciferol,40000,1.0
202512,Newcastle upon Tyne,Colecalciferol,440,2.0
202512,Newcastle upon Tyne,Colecalciferol,5000,1.0
202512,Newcastle upon Tyne,Colecalciferol,50000,5.0
202512,Newcastle upon Tyne,Colecalciferol,800,3902.0
202512,Newcastle upon Tyne,Colecalciferol,880,26.0
202512,Newcastle upon Tyne,Colecalciferol,unknown,855.0
202512,Nottingham,Colecalciferol,1000,4885.0
202512,Nottingham,Colecalciferol,10000,7.0
202512,Nottingham,Colecalciferol,200,562.0
202512,Nottingham,Colecalciferol,2000,19.0
202512,Nottingham,Colecalciferol,20000,71.0
202512,Nottingham,Colecalciferol,2200,5.0
202512,Nottingham,Colecalciferol,2400,18.0
202512,Nottingham,Colecalciferol,2500,1.0
202512,Nottingham,Colecalciferol,25000,110.0
202512,Nottingham,Colecalciferol,2740,13.0
202512,Nottingham,Colecalciferol,3000,2.0
202512,Nottingham,Colecalciferol,3200,14.0
202512,Nottingham,Colecalciferol,400,431.0
202512,Nottingham,Colecalciferol,4000,5.0
202512,Nottingham,Colecalciferol,40000,1.0
202512,Nottingham,Colecalciferol,440,5.0
202512,Nottingham,Colecalciferol,5000,1.0
202512,Nottingham,Colecalciferol,50000,213.0
202512,Nottingham,Colecalciferol,5600,2.0
202512,Nottingham,Colecalciferol,800,1051.0
202512,Nottingham,Colecalciferol,880,2.0
202512,Nottingham,Colecalciferol,unknown,716.0
202512,Peterborough,Colecalciferol,1000,6.0
202512,Peterborough,Colecalciferol,200,4.0
202512,Peterborough,Colecalciferol,20000,6.0
202512,Peterborough,Colecalciferol,400,95.0
202512,Peterborough,Colecalciferol,50000,9.0
202512,Peterborough,Colecalciferol,800,17.0
202512,Peterborough,Colecalciferol,880,13.0
202512,Peterborough,Colecalciferol,unknown,26.0
202512,Plymouth,Colecalciferol,1000,107.0
202512,Plymouth,Colecalciferol,200,35.0
202512,Plymouth,Colecalciferol,2000,7.0
202512,Plymouth,Colecalciferol,2500,1.0
202512,Plymouth,Colecalciferol,25000,6.0
202512,Plymouth,Colecalciferol,400,67.0
202512,Plymouth,Colecalciferol,440,1.0
202512,Plymouth,Colecalciferol,800,10.0
202512,Plymouth,Colecalciferol,880,50.0
202512,Plymouth,Colecalciferol,unknown,93.0
202512,Sunderland,Colecalciferol,1000,71.0
202512,Sunderland,Colecalciferol,10000,3.0
202512,Sunderland,Colecalciferol,200,85.0
202512,Sunderland,Colecalciferol,2000,1.0
202512,Sunderland,Colecalciferol,20000,26.0
202512,Sunderland,Colecalciferol,2400,1.0
202512,Sunderland,Colecalciferol,2500,1.0
202512,Sunderland,Colecalciferol,400,194.0
202512,Sunderland,Colecalciferol,600,1.0
202512,Sunderland,Colecalciferol,800,343.0
202512,Sunderland,Colecalciferol,880,21.0
202512,Sunderland,Colecalciferol,unknown,401.0
202512,York,Colecalciferol,1000,283.0
202512,York,Colecalciferol,10000,4.0
202512,York,Colecalciferol,200,426.0
202512,York,Colecalciferol,2000,11.0
202512,York,Colecalciferol,20000,5.0
202512,York,Colecalciferol,2400,1.0
202512,York,Colecalciferol,25000,57.0
202512,York,Colecalciferol,3000,3.0
202512,York,Colecalciferol,3200,2.0
202512,York,Colecalciferol,400,373.0
202512,York,Colecalciferol,40000,1.0
202512,York,Colecalciferol,50000,17.0
202512,York,Colecalciferol,5600,5.0
202512,York,Colecalciferol,600,1.0
202512,York,Colecalciferol,800,663.0
202512,York,Colecalciferol,880,57.0
202512,York,Colecalciferol,unknown,1055.0
